C_l_hyaw	C_l_hrol	C_l_hpit	C_l_knee	C_l_apit	C_r_hyaw	C_r_hrol	C_r_hpit	C_r_knee	C_r_apit	P_l_hyaw	P_l_hrol	P_l_hpit	P_l_knee	P_l_apit	P_r_hyaw	P_r_hrol	P_r_hpit	P_r_knee	P_r_apit	V_l_hyaw	V_l_hrol	V_l_hpit	V_l_knee	V_l_apit	V_r_hyaw	V_r_hrol	V_r_hpit	V_r_knee	V_r_apit	T_l_hyaw	T_l_hrol	T_l_hpit	T_l_knee	T_l_apit	T_r_hyaw	T_r_hrol	T_r_hpit	T_r_knee	T_r_apit	rol	pit	yaw	rol_rate	pit_rate	yaw_rate	x_acc	y_acc	z_acc	w_quat	x_quat	y_quat	z_quat	
0.542957	0.255343	-1.332928	1.280633	-1.114443	-0.544306	-0.219495	1.331987	-1.276616	1.135605	0.542941	0.255408	-1.332788	1.281018	-1.114385	-0.544152	-0.219493	1.331895	-1.276836	1.135641	0.000116	-0.009256	-0.070411	-0.015204	0.011790	-0.035085	-0.015252	0.012174	0.005392	-0.040720	0.050781	-0.007812	-0.164062	-0.531250	0.085938	-0.003906	-0.007812	0.183594	0.503906	-0.230469	-0.008798	0.108645	-5.391301	-0.000187	-0.024650	0.012693	-0.199672	1.166947	9.737309	1.000000	0.000000	0.000000	0.000000	
0.533554	0.254506	-1.337742	1.254004	-1.056367	-0.541194	-0.216332	1.311449	-1.276965	1.041428	0.542800	0.255434	-1.330359	1.286806	-1.115092	-0.544132	-0.219461	1.329012	-1.281379	1.138371	-0.031395	-0.010231	0.136034	0.476559	-0.061634	0.010450	-0.010831	-0.291912	-0.474051	0.275099	0.007812	0.000000	-0.105469	-0.238281	0.023438	0.000000	-0.007812	0.136719	0.199219	-0.117188	-0.008674	0.099481	-5.390249	-0.000826	0.015137	-0.005603	-0.171694	1.089469	9.852448	1.000000	0.000000	0.000000	0.000000	
0.524019	0.251817	-1.341504	1.236525	-1.013047	-0.536795	-0.213695	1.295753	-1.279423	0.965646	0.542699	0.255447	-1.327086	1.292761	-1.114942	-0.544104	-0.219470	1.325478	-1.286891	1.139838	0.000350	-0.018471	0.229961	0.571101	-0.041060	0.001045	-0.033653	-0.318831	-0.605746	0.048448	0.000000	0.000000	-0.148438	-0.281250	0.000000	0.000000	0.000000	0.156250	0.281250	-0.050781	-0.008649	0.097648	-5.390038	-0.000890	0.019116	-0.007433	-0.168896	1.081721	9.863963	1.000000	0.000000	0.000000	0.000000	
0.517621	0.250888	-1.340361	1.223708	-0.987841	-0.533038	-0.213419	1.288582	-1.287627	0.922345	0.541661	0.255474	-1.324299	1.299284	-1.109339	-0.543880	-0.219440	1.318980	-1.296670	1.131891	-0.108144	-0.008826	0.298677	0.685244	0.585642	0.007084	-0.023140	-0.541369	-1.173767	-0.986211	-0.023438	-0.003906	-0.218750	-0.546875	0.109375	0.007812	0.023438	0.117188	0.550781	-0.246094	-0.008644	0.097282	-5.389996	-0.000897	0.019514	-0.007616	-0.168617	1.080946	9.865114	1.000000	0.000000	0.000000	0.000000	
0.510739	0.250587	-1.338032	1.214697	-0.971608	-0.528676	-0.213201	1.285905	-1.292745	0.903168	0.539321	0.255463	-1.322118	1.306719	-1.097894	-0.542599	-0.219369	1.307429	-1.310185	1.114914	-0.296964	-0.016004	-0.018987	0.571032	0.948421	0.063522	-0.011620	-0.479872	-1.307342	-1.529371	-0.054688	-0.027344	-0.187500	-0.691406	0.207031	0.000000	0.050781	0.066406	0.667969	-0.429688	-0.008643	0.097208	-5.389987	-0.000897	0.019554	-0.007634	-0.168589	1.080869	9.865230	1.000000	0.000000	0.000000	0.000000	
0.505719	0.252505	-1.341542	1.211842	-0.957910	-0.523825	-0.209659	1.289340	-1.297798	0.900030	0.537011	0.255445	-1.322409	1.315258	-1.086009	-0.539896	-0.219347	1.300612	-1.335570	1.094216	-0.277460	-0.005090	-0.151953	0.119917	0.900947	0.069166	-0.012794	-0.358565	-1.024080	-1.786085	-0.027344	-0.039062	-0.136719	-0.644531	0.335938	0.000000	0.058594	0.023438	0.667969	-0.515625	-0.008643	0.097194	-5.389986	-0.000897	0.019558	-0.007636	-0.168586	1.080861	9.865241	1.000000	0.000000	0.000000	0.000000	
0.500870	0.256000	-1.344341	1.204583	-0.942941	-0.521068	-0.203196	1.292177	-1.302008	0.901923	0.532696	0.255401	-1.323437	1.317015	-1.071103	-0.536665	-0.219294	1.296437	-1.348717	1.060196	-0.334834	-0.019120	-0.151291	-0.022905	0.648436	0.202336	-0.001279	-0.342944	-0.908513	-1.577951	-0.050781	-0.050781	-0.105469	-0.667969	0.402344	-0.007812	0.058594	-0.007812	0.679688	-0.492188	-0.008643	0.097191	-5.389986	-0.000897	0.019558	-0.007636	-0.168586	1.080860	9.865242	1.000000	0.000000	0.000000	0.000000	
0.495538	0.260644	-1.347410	1.198450	-0.926771	-0.518123	-0.196248	1.292586	-1.303668	0.900092	0.527859	0.255408	-1.325629	1.317099	-1.061070	-0.532553	-0.219090	1.294318	-1.359029	1.040015	-0.361509	-0.003075	-0.217528	-0.009270	0.699957	0.236591	0.004525	-0.191328	-0.746902	-1.288436	-0.027344	-0.019531	-0.082031	-0.683594	0.429688	-0.023438	0.085938	0.000000	0.648438	-0.500000	-0.008643	0.097190	-5.389986	-0.000897	0.019558	-0.007636	-0.168586	1.080860	9.865242	1.000000	0.000000	0.000000	0.000000	
0.490628	0.265097	-1.350909	1.196566	-0.909588	-0.514645	-0.191638	1.292088	-1.303769	0.895806	0.522699	0.255539	-1.329824	1.316511	-1.051260	-0.527515	-0.218306	1.292028	-1.366616	1.025462	-0.304853	0.020630	-0.189255	-0.077699	0.799329	0.306319	0.052797	-0.054029	-0.549280	-1.015210	-0.027344	0.027344	-0.074219	-0.726562	0.445312	-0.054688	0.082031	0.007812	0.597656	-0.460938	-0.008643	0.097190	-5.389986	-0.000897	0.019558	-0.007636	-0.168586	1.080860	9.865242	1.000000	0.000000	0.000000	0.000000	
0.485863	0.269256	-1.353467	1.196254	-0.893076	-0.511414	-0.188021	1.292932	-1.305339	0.891894	0.516966	0.255630	-1.332820	1.315230	-1.040986	-0.524326	-0.216662	1.291594	-1.375016	1.013730	-0.396897	0.007879	-0.221324	-0.185741	0.833694	0.330740	0.099500	-0.005403	-0.351547	-0.883199	-0.019531	0.042969	-0.050781	-0.726562	0.476562	-0.054688	0.074219	0.011719	0.582031	-0.445312	-0.008643	0.097190	-5.389986	-0.000897	0.019558	-0.007636	-0.168586	1.080860	9.865242	1.000000	0.000000	0.000000	0.000000	
0.480831	0.272135	-1.354200	1.195912	-0.876216	-0.508100	-0.186113	1.294005	-1.305287	0.886451	0.510778	0.255987	-1.336182	1.313471	-1.024827	-0.519423	-0.214419	1.291605	-1.379168	0.997062	-0.434018	0.026379	-0.357137	-0.140711	0.756868	0.291307	0.142556	-0.000540	-0.289898	-0.705985	0.003906	0.058594	-0.042969	-0.722656	0.468750	-0.074219	0.070312	0.003906	0.574219	-0.421875	-0.008643	0.097190	-5.389986	-0.000897	0.019558	-0.007636	-0.168586	1.080860	9.865242	1.000000	0.000000	0.000000	0.000000	
0.475785	0.275272	-1.355388	1.199124	-0.860749	-0.504624	-0.185330	1.294612	-1.304511	0.879493	0.504355	0.256947	-1.340004	1.312101	-1.012072	-0.514831	-0.211854	1.291849	-1.381961	0.987863	-0.420282	0.050330	-0.311395	-0.017561	0.927157	0.273405	0.145698	-0.020992	-0.199982	-0.562637	0.007812	0.042969	-0.023438	-0.742188	0.417969	-0.066406	0.070312	0.000000	0.578125	-0.437500	-0.008643	0.097190	-5.389986	-0.000897	0.019558	-0.007636	-0.168586	1.080860	9.865242	1.000000	0.000000	0.000000	0.000000	
0.470777	0.278708	-1.357571	1.204977	-0.848704	-0.500910	-0.184688	1.294088	-1.303856	0.872070	0.498418	0.258407	-1.346173	1.311440	-0.998301	-0.511054	-0.209330	1.292455	-1.384022	0.980862	-0.335157	0.060867	-0.237028	0.047099	1.031427	0.198333	0.134381	-0.016058	-0.239845	-0.607626	-0.011719	0.042969	0.007812	-0.761719	0.437500	-0.058594	0.085938	0.000000	0.582031	-0.417969	-0.008643	0.097190	-5.389986	-0.000897	0.019558	-0.007636	-0.168586	1.080860	9.865242	1.000000	0.000000	0.000000	0.000000	
0.465625	0.281606	-1.359734	1.211103	-0.840269	-0.497177	-0.184109	1.294137	-1.303806	0.864250	0.494928	0.260266	-1.350242	1.311186	-0.984738	-0.507778	-0.207945	1.293037	-1.387464	0.973379	-0.372010	0.127061	-0.257508	-0.065083	1.094198	0.222232	0.118127	0.036780	-0.187997	-0.660979	0.000000	0.011719	0.039062	-0.742188	0.449219	-0.039062	0.085938	0.003906	0.585938	-0.402344	-0.008643	0.097190	-5.389986	-0.000897	0.019558	-0.007636	-0.168586	1.080860	9.865242	1.000000	0.000000	0.000000	0.000000	
0.459581	0.284973	-1.360291	1.213544	-0.831566	-0.494199	-0.183809	1.293779	-1.303022	0.852660	0.490110	0.262399	-1.353382	1.311354	-0.963511	-0.504530	-0.205478	1.293468	-1.389267	0.962092	-0.337309	0.113905	-0.259556	-0.016977	1.062090	0.203684	0.167683	-0.020749	-0.168854	-0.449958	-0.023438	0.035156	0.054688	-0.707031	0.410156	-0.027344	0.027344	-0.003906	0.613281	-0.417969	-0.008643	0.097190	-5.389986	-0.000897	0.019558	-0.007636	-0.168586	1.080860	9.865242	1.000000	0.000000	0.000000	0.000000	
0.453548	0.288024	-1.360660	1.215276	-0.822293	-0.491540	-0.184268	1.293708	-1.302189	0.839765	0.484954	0.263706	-1.356240	1.311775	-0.950639	-0.501287	-0.202667	1.293748	-1.390766	0.955303	-0.326860	0.116080	-0.249292	-0.015656	0.936742	0.118078	0.169149	-0.050930	-0.135533	-0.484690	0.000000	0.050781	0.054688	-0.675781	0.429688	-0.023438	0.019531	-0.003906	0.617188	-0.445312	-0.008643	0.097190	-5.389986	-0.000897	0.019558	-0.007636	-0.168586	1.080860	9.865242	1.000000	0.000000	0.000000	0.000000	
0.448525	0.290011	-1.361822	1.217827	-0.815259	-0.488970	-0.185594	1.293658	-1.300897	0.828707	0.479101	0.265785	-1.361561	1.312150	-0.939267	-0.497997	-0.200473	1.294022	-1.392472	0.949002	-0.346753	0.153520	-0.209880	-0.046931	0.836966	0.151393	0.116951	-0.001603	-0.257828	-0.599831	-0.011719	0.042969	0.101562	-0.656250	0.429688	-0.027344	0.042969	0.000000	0.664062	-0.445312	-0.008643	0.097190	-5.389986	-0.000897	0.019558	-0.007636	-0.168586	1.080860	9.865242	1.000000	0.000000	0.000000	0.000000	
0.444375	0.291861	-1.363201	1.220190	-0.809791	-0.486947	-0.186918	1.293748	-1.300887	0.820639	0.472889	0.268342	-1.365412	1.312225	-0.928826	-0.496030	-0.198685	1.294053	-1.396593	0.942095	-0.418535	0.161917	-0.314117	0.012755	0.802561	0.203579	0.122200	-0.045526	-0.165368	-0.590407	0.003906	0.027344	0.156250	-0.644531	0.398438	-0.039062	0.027344	-0.003906	0.699219	-0.476562	-0.008643	0.097190	-5.389986	-0.000897	0.019558	-0.007636	-0.168586	1.080860	9.865242	1.000000	0.000000	0.000000	0.000000	
0.440132	0.293437	-1.365011	1.221402	-0.804093	-0.485148	-0.188368	1.292972	-1.300409	0.813375	0.467067	0.271220	-1.368969	1.312191	-0.911156	-0.492971	-0.196962	1.294083	-1.398944	0.930923	-0.321024	0.144145	-0.293134	-0.054559	0.701411	0.125047	0.092482	0.012896	-0.163101	-0.578996	-0.007812	0.011719	0.183594	-0.625000	0.363281	-0.027344	0.000000	0.000000	0.707031	-0.468750	-0.008643	0.097190	-5.389986	-0.000897	0.019558	-0.007636	-0.168586	1.080860	9.865242	1.000000	0.000000	0.000000	0.000000	
0.436230	0.295557	-1.366502	1.224088	-0.799504	-0.483698	-0.190193	1.291987	-1.298788	0.804828	0.461662	0.273912	-1.372540	1.312258	-0.900740	-0.490033	-0.195907	1.294089	-1.401353	0.923309	-0.314763	0.135388	-0.339891	-0.036863	0.677337	0.106725	0.106958	-0.019648	-0.295481	-0.549938	0.003906	0.035156	0.199219	-0.601562	0.351562	-0.023438	-0.035156	0.003906	0.742188	-0.476562	-0.005204	0.096910	-5.387584	0.081554	0.050957	0.016492	-0.504322	2.573380	10.927332	1.000000	0.000000	0.000000	0.000000	
0.433066	0.297747	-1.369344	1.227219	-0.795130	-0.481973	-0.190797	1.290643	-1.297360	0.795556	0.457721	0.276074	-1.378489	1.312343	-0.892138	-0.487676	-0.193733	1.293921	-1.403895	0.916552	-0.331585	0.147308	-0.309670	-0.003686	0.674930	0.066507	0.086305	-0.033372	-0.256374	-0.588908	-0.007812	0.019531	0.230469	-0.597656	0.351562	-0.019531	-0.066406	0.003906	0.761719	-0.468750	-0.004516	0.096854	-5.387104	0.089799	0.054097	0.018905	-0.537895	2.722632	11.033541	1.000000	0.000000	0.000000	0.000000	
0.430337	0.299351	-1.372133	1.230093	-0.791796	-0.480892	-0.191157	1.289422	-1.296749	0.787534	0.452813	0.278429	-1.382247	1.312433	-0.884359	-0.485557	-0.192725	1.293645	-1.408305	0.909796	-0.354205	0.146174	-0.282221	-0.024796	0.632814	0.072954	0.087729	-0.038233	-0.238505	-0.564888	-0.007812	0.011719	0.246094	-0.574219	0.363281	-0.027344	-0.050781	-0.003906	0.792969	-0.480469	-0.004378	0.096843	-5.387007	0.090624	0.054411	0.019146	-0.541253	2.737557	11.044162	1.000000	0.000000	0.000000	0.000000	
0.427522	0.300638	-1.374114	1.231066	-0.788607	-0.480633	-0.191414	1.288087	-1.295878	0.777808	0.448366	0.280822	-1.385834	1.312548	-0.872455	-0.483994	-0.191505	1.293226	-1.410762	0.900012	-0.314591	0.132102	-0.248069	-0.005969	0.495996	0.084067	0.050648	-0.024761	-0.177394	-0.447328	-0.007812	0.023438	0.250000	-0.566406	0.332031	-0.023438	-0.054688	-0.003906	0.808594	-0.546875	-0.004351	0.096841	-5.386988	0.090706	0.054442	0.019170	-0.541589	2.739050	11.045223	1.000000	0.000000	0.000000	0.000000	
0.424961	0.301507	-1.376036	1.231438	-0.785412	-0.480685	-0.191911	1.286568	-1.295161	0.766929	0.444326	0.282941	-1.388999	1.312789	-0.865204	-0.483003	-0.190437	1.292537	-1.412974	0.894202	-0.185003	0.074860	-0.237674	0.023831	0.436949	0.102627	0.055083	-0.145551	-0.209669	-0.456509	-0.007812	0.050781	0.246094	-0.542969	0.312500	-0.019531	-0.066406	-0.003906	0.832031	-0.550781	-0.004345	0.096840	-5.386984	0.090714	0.054445	0.019173	-0.541622	2.739199	11.045330	1.000000	0.000000	0.000000	0.000000	
0.422688	0.301864	-1.378377	1.232205	-0.782797	-0.480577	-0.192504	1.284641	-1.293791	0.754821	0.441119	0.284948	-1.393243	1.313031	-0.859537	-0.481811	-0.189480	1.290872	-1.414725	0.888581	-0.151106	0.126134	-0.104029	-0.018555	0.413596	0.027711	0.074138	-0.126223	-0.223366	-0.436490	-0.019531	0.027344	0.253906	-0.546875	0.316406	-0.007812	-0.085938	0.000000	0.828125	-0.574219	-0.004344	0.096840	-5.386983	0.090715	0.054446	0.019173	-0.541625	2.739214	11.045341	1.000000	0.000000	0.000000	0.000000	
0.420883	0.301220	-1.380697	1.231750	-0.780900	-0.480780	-0.192607	1.283535	-1.293461	0.745460	0.438563	0.286133	-1.395909	1.313031	-0.854211	-0.481064	-0.188360	1.290030	-1.417377	0.882561	-0.147717	0.112650	-0.261656	-0.015814	0.393813	-0.021656	0.073717	-0.064967	-0.116557	-0.598501	-0.027344	0.027344	0.257812	-0.531250	0.320312	0.000000	-0.117188	-0.007812	0.828125	-0.550781	-0.004344	0.096840	-5.386983	0.090715	0.054446	0.019173	-0.541626	2.739216	11.045341	1.000000	0.000000	0.000000	0.000000	
0.419443	0.300977	-1.382897	1.231155	-0.778357	-0.481403	-0.192940	1.283146	-1.294708	0.736501	0.435847	0.288074	-1.398236	1.312983	-0.846433	-0.480794	-0.187143	1.289498	-1.418223	0.871349	-0.220660	0.131076	-0.197158	-0.036478	0.322042	-0.016124	0.081817	-0.062331	-0.102386	-0.607722	-0.039062	0.007812	0.238281	-0.531250	0.312500	0.000000	-0.132812	-0.027344	0.847656	-0.574219	-0.004344	0.096840	-5.386983	0.090715	0.054446	0.019173	-0.541626	2.739216	11.045341	1.000000	0.000000	0.000000	0.000000	
0.418184	0.300664	-1.384898	1.229355	-0.774310	-0.482347	-0.192778	1.283220	-1.295859	0.725832	0.434431	0.289787	-1.400155	1.312949	-0.842333	-0.480836	-0.185857	1.288980	-1.418683	0.863145	-0.186079	0.093369	-0.183729	-0.010627	0.297416	-0.064426	0.070995	-0.117901	-0.052114	-0.702865	-0.042969	0.019531	0.234375	-0.527344	0.328125	0.000000	-0.136719	-0.027344	0.839844	-0.546875	-0.004344	0.096840	-5.386983	0.090715	0.054446	0.019173	-0.541626	2.739216	11.045341	1.000000	0.000000	0.000000	0.000000	
0.416966	0.300755	-1.386494	1.227413	-0.771291	-0.483644	-0.192828	1.283140	-1.296913	0.715471	0.432161	0.291139	-1.401945	1.312869	-0.839041	-0.480918	-0.184913	1.287980	-1.419162	0.855034	-0.172152	0.058192	-0.130041	-0.095283	0.249589	-0.041339	0.061770	-0.022259	-0.085473	-0.673993	-0.027344	0.027344	0.199219	-0.535156	0.312500	0.000000	-0.117188	-0.027344	0.843750	-0.546875	-0.004344	0.096840	-5.386983	0.090715	0.054446	0.019173	-0.541626	2.739216	11.045341	1.000000	0.000000	0.000000	0.000000	
0.415997	0.301282	-1.387244	1.224020	-0.769701	-0.486057	-0.192854	1.283829	-1.298908	0.707022	0.429647	0.291991	-1.402714	1.312732	-0.835911	-0.480958	-0.184506	1.287780	-1.419937	0.846990	-0.244041	0.011635	-0.054880	-0.044425	0.209909	-0.007624	0.022462	0.018712	-0.071361	-0.604803	-0.007812	0.058594	0.199219	-0.546875	0.312500	-0.007812	-0.117188	-0.027344	0.828125	-0.574219	-0.004344	0.096840	-5.386983	0.090715	0.054446	0.019173	-0.541626	2.739216	11.045341	1.000000	0.000000	0.000000	0.000000	
0.414800	0.302045	-1.387303	1.220754	-0.767736	-0.488472	-0.193129	1.284980	-1.300733	0.696612	0.426697	0.292380	-1.403135	1.312414	-0.831117	-0.481136	-0.184053	1.287691	-1.420213	0.833652	-0.184927	0.011632	0.018939	-0.011422	0.219900	0.016686	-0.001243	-0.022556	-0.055991	-0.653718	0.000000	0.066406	0.175781	-0.550781	0.312500	-0.019531	-0.105469	-0.035156	0.832031	-0.558594	-0.004344	0.096840	-5.386983	0.090715	0.054446	0.019173	-0.541626	2.739216	11.045341	1.000000	0.000000	0.000000	0.000000	
0.413368	0.303074	-1.387343	1.218305	-0.765549	-0.490599	-0.193276	1.285582	-1.301597	0.684327	0.423829	0.292652	-1.403316	1.312205	-0.828195	-0.481244	-0.183874	1.287673	-1.420729	0.824708	-0.116202	0.009306	0.040280	-0.015101	0.179023	0.036565	-0.028041	-0.037152	-0.103309	-0.606265	0.000000	0.066406	0.167969	-0.574219	0.328125	-0.019531	-0.085938	-0.027344	0.824219	-0.562500	-0.004344	0.096840	-5.386983	0.090715	0.054446	0.019173	-0.541626	2.739216	11.045341	1.000000	0.000000	0.000000	0.000000	
0.412036	0.303964	-1.387047	1.215706	-0.763018	-0.492528	-0.193293	1.287173	-1.303192	0.672261	0.421001	0.293029	-1.403304	1.312018	-0.825914	-0.481484	-0.183830	1.287864	-1.421171	0.816158	-0.172143	0.013726	0.004028	0.015938	0.098164	-0.003323	-0.003967	-0.101425	-0.066165	-0.720167	0.023438	0.070312	0.152344	-0.597656	0.328125	-0.039062	-0.089844	-0.035156	0.812500	-0.562500	-0.004344	0.096840	-5.386983	0.090715	0.054446	0.019173	-0.541626	2.739216	11.045341	1.000000	0.000000	0.000000	0.000000	
0.410740	0.304836	-1.386737	1.213770	-0.761205	-0.494211	-0.193412	1.289076	-1.305963	0.663014	0.418425	0.293274	-1.403253	1.311908	-0.824052	-0.481823	-0.183846	1.288435	-1.421671	0.806911	-0.149820	0.008352	-0.010066	-0.047261	0.083099	-0.000332	-0.012029	0.059650	-0.034534	-0.829267	0.019531	0.070312	0.156250	-0.617188	0.335938	-0.042969	-0.089844	-0.039062	0.804688	-0.531250	-0.004344	0.096840	-5.386983	0.090715	0.054446	0.019173	-0.541626	2.739216	11.045341	1.000000	0.000000	0.000000	0.000000	
0.409609	0.305485	-1.386697	1.211629	-0.760077	-0.495923	-0.193076	1.290387	-1.308692	0.657460	0.416164	0.293582	-1.403122	1.311861	-0.821063	-0.482278	-0.183881	1.289397	-1.421626	0.791491	-0.133630	0.029915	-0.032413	-0.008216	0.126957	-0.013992	-0.016325	0.051330	-0.073246	-0.745957	0.000000	0.085938	0.156250	-0.628906	0.339844	-0.058594	-0.085938	-0.054688	0.789062	-0.511719	-0.004344	0.096840	-5.386983	0.090715	0.054446	0.019173	-0.541626	2.739216	11.045341	1.000000	0.000000	0.000000	0.000000	
0.408170	0.306426	-1.386981	1.210452	-0.759531	-0.497195	-0.192540	1.291595	-1.311587	0.654300	0.415155	0.293869	-1.403120	1.311828	-0.819302	-0.482757	-0.183945	1.290899	-1.421762	0.780774	-0.079666	0.016950	-0.038138	-0.007801	0.096447	-0.064213	-0.013265	0.102843	-0.136441	-0.803929	0.000000	0.089844	0.167969	-0.644531	0.339844	-0.058594	-0.085938	-0.066406	0.777344	-0.492188	-0.004344	0.096840	-5.386983	0.090715	0.054446	0.019173	-0.541626	2.739216	11.045341	1.000000	0.000000	0.000000	0.000000	
0.407070	0.307609	-1.386224	1.208150	-0.758475	-0.499047	-0.192576	1.293656	-1.315650	0.651518	0.413717	0.294226	-1.402925	1.311918	-0.818053	-0.483240	-0.183973	1.293186	-1.421959	0.770803	-0.151042	0.020306	0.003165	0.065523	0.093396	-0.030849	0.010306	0.087056	-0.072968	-0.837643	0.007812	0.089844	0.152344	-0.656250	0.367188	-0.066406	-0.074219	-0.070312	0.761719	-0.480469	-0.004344	0.096840	-5.386983	0.090715	0.054446	0.019173	-0.541626	2.739216	11.045341	1.000000	0.000000	0.000000	0.000000	
0.406164	0.309152	-1.384912	1.206123	-0.753961	-0.500750	-0.192019	1.295177	-1.318315	0.643135	0.412436	0.294556	-1.402523	1.312009	-0.817488	-0.484113	-0.184003	1.294710	-1.421660	0.762096	-0.074428	0.005520	0.070109	0.003063	-0.011598	-0.121732	0.008010	0.001726	0.020620	-0.708409	-0.003906	0.105469	0.136719	-0.667969	0.371094	-0.058594	-0.074219	-0.054688	0.714844	-0.484375	-0.004344	0.096840	-5.386983	0.090715	0.054446	0.019173	-0.541626	2.739216	11.045341	1.000000	0.000000	0.000000	0.000000	
0.405605	0.310690	-1.382488	1.203173	-0.745976	-0.502827	-0.190996	1.296949	-1.321130	0.630877	0.411453	0.294751	-1.401788	1.312027	-0.817181	-0.485353	-0.184082	1.295717	-1.421454	0.748601	-0.056298	-0.007590	0.069824	-0.017142	-0.036056	-0.130821	-0.023626	0.007152	0.071855	-0.611734	-0.003906	0.117188	0.132812	-0.679688	0.394531	-0.066406	-0.070312	-0.039062	0.695312	-0.429688	-0.004344	0.096840	-5.386983	0.090715	0.054446	0.019173	-0.541626	2.739216	11.045341	1.000000	0.000000	0.000000	0.000000	
0.405581	0.312537	-1.379691	1.200690	-0.737779	-0.504731	-0.190349	1.298609	-1.324877	0.620869	0.410311	0.294984	-1.400817	1.312104	-0.816853	-0.485941	-0.184162	1.296525	-1.421389	0.740401	-0.082402	-0.000759	0.080265	-0.015673	0.013843	-0.096833	-0.020974	0.049570	0.010675	-0.602066	0.000000	0.121094	0.121094	-0.707031	0.410156	-0.089844	-0.070312	-0.027344	0.683594	-0.433594	-0.004344	0.096840	-5.386983	0.090715	0.054446	0.019173	-0.541626	2.739216	11.045341	1.000000	0.000000	0.000000	0.000000	
0.405726	0.314385	-1.376832	1.199051	-0.732679	-0.506193	-0.190455	1.300264	-1.329803	0.617068	0.409113	0.295466	-1.398345	1.312264	-0.816012	-0.486688	-0.184227	1.297849	-1.421546	0.731976	-0.088502	0.037147	0.109226	0.022860	0.064198	-0.075986	-0.020709	0.116625	-0.093153	-0.670892	0.003906	0.109375	0.121094	-0.726562	0.421875	-0.089844	-0.058594	-0.039062	0.679688	-0.429688	-0.004344	0.096840	-5.386983	0.090715	0.054446	0.019173	-0.541626	2.739216	11.045341	1.000000	0.000000	0.000000	0.000000	
0.405862	0.315734	-1.374404	1.197994	-0.729306	-0.507183	-0.190409	1.301469	-1.336080	0.618505	0.408292	0.295902	-1.397051	1.312732	-0.814099	-0.487565	-0.184240	1.299059	-1.421795	0.723384	-0.012340	0.038611	-0.003036	0.044162	0.072723	0.016829	-0.010213	0.084945	-0.054680	-0.845277	-0.003906	0.105469	0.136719	-0.738281	0.445312	-0.085938	-0.058594	-0.027344	0.644531	-0.410156	-0.004344	0.096840	-5.386983	0.090715	0.054446	0.019173	-0.541626	2.739216	11.045341	1.000000	0.000000	0.000000	0.000000	
0.406482	0.317361	-1.371918	1.196377	-0.722062	-0.508245	-0.189682	1.302086	-1.342528	0.617337	0.407813	0.296846	-1.395774	1.312778	-0.810615	-0.488831	-0.184251	1.300174	-1.421820	0.708265	0.012725	0.073654	0.118344	0.000927	0.237588	-0.071599	-0.008001	0.085266	0.039897	-0.642869	-0.003906	0.093750	0.152344	-0.746094	0.429688	-0.085938	-0.058594	-0.023438	0.609375	-0.398438	-0.004344	0.096840	-5.386983	0.090715	0.054446	0.019173	-0.541626	2.739216	11.045341	1.000000	0.000000	0.000000	0.000000	
0.407675	0.318828	-1.369187	1.192851	-0.710968	-0.509964	-0.188266	1.302414	-1.349691	0.614991	0.407669	0.298028	-1.394331	1.312762	-0.807470	-0.490077	-0.184261	1.301293	-1.421850	0.700370	-0.033624	0.089953	0.057200	-0.041783	0.243606	-0.045546	-0.007779	0.085299	-0.020438	-0.566794	-0.003906	0.089844	0.164062	-0.757812	0.433594	-0.082031	-0.050781	-0.023438	0.566406	-0.363281	-0.004344	0.096840	-5.386983	0.090715	0.054446	0.019173	-0.541626	2.739216	11.045341	1.000000	0.000000	0.000000	0.000000	
0.405314	0.318482	-1.369169	1.200577	-0.737436	-0.509824	-0.191109	1.304015	-1.357262	0.648617	0.407688	0.299258	-1.392153	1.312759	-0.804321	-0.491223	-0.184247	1.302171	-1.422098	0.694138	0.010596	0.063666	0.117388	0.062125	0.254676	-0.095285	-0.010084	0.008530	-0.106733	-0.457987	-0.003906	0.089844	0.156250	-0.761719	0.453125	-0.085938	-0.039062	-0.003906	0.535156	-0.351562	0.006774	0.034725	-5.381057	0.006906	-0.206571	0.123755	0.781950	-0.255509	10.465336	1.000000	0.000000	0.000000	0.000000	
0.403112	0.316705	-1.372309	1.212108	-0.773318	-0.508968	-0.194992	1.302683	-1.360741	0.692227	0.407765	0.300457	-1.390142	1.312807	-0.800056	-0.492131	-0.184236	1.302371	-1.423044	0.688966	-0.033837	0.056385	0.095490	-0.042642	0.336045	-0.061873	-0.004498	0.028770	-0.125831	-0.447106	-0.003906	0.105469	0.167969	-0.781250	0.468750	-0.093750	-0.039062	0.003906	0.511719	-0.335938	0.008998	0.022302	-5.379871	-0.001475	-0.232672	0.134214	0.914307	-0.554981	10.407335	1.000000	0.000000	0.000000	0.000000	
0.401469	0.313103	-1.376225	1.217792	-0.806672	-0.509811	-0.200415	1.300544	-1.358602	0.733244	0.407683	0.301367	-1.388819	1.312817	-0.796610	-0.493015	-0.184306	1.302387	-1.424106	0.684514	0.017554	0.052167	0.103769	-0.067078	-0.057126	-0.072490	-0.016735	0.013346	-0.050969	0.021592	-0.011719	0.125000	0.164062	-0.714844	0.398438	-0.082031	-0.058594	0.023438	0.433594	-0.265625	0.009443	0.019818	-5.379634	-0.002313	-0.235283	0.135259	0.927543	-0.584928	10.401535	1.000000	0.000000	0.000000	0.000000	
0.401643	0.309749	-1.377960	1.213250	-0.821162	-0.512535	-0.202783	1.297419	-1.353040	0.757430	0.407570	0.301889	-1.387876	1.312552	-0.799386	-0.493580	-0.184635	1.302245	-1.424294	0.688980	0.005245	0.015686	0.083659	-0.128845	-0.424469	-0.125897	-0.021448	0.018783	0.061206	0.675658	-0.019531	0.117188	0.109375	-0.625000	0.328125	-0.070312	-0.070312	0.007812	0.394531	-0.218750	0.009532	0.019321	-5.379587	-0.002397	-0.235544	0.135364	0.928867	-0.587923	10.400955	1.000000	0.000000	0.000000	0.000000	
0.402755	0.306477	-1.377811	1.204472	-0.821606	-0.515343	-0.204062	1.293026	-1.347183	0.768891	0.407353	0.302066	-1.385676	1.312087	-0.807187	-0.494590	-0.185234	1.300472	-1.423677	0.700826	-0.069268	0.006221	0.116545	-0.145491	-0.831104	-0.120768	-0.041694	-0.141197	0.100341	1.177269	-0.027344	0.074219	0.070312	-0.585938	0.289062	-0.066406	-0.125000	0.066406	0.371094	-0.222656	0.009549	0.019221	-5.379578	-0.002406	-0.235570	0.135374	0.928999	-0.588223	10.400897	1.000000	0.000000	0.000000	0.000000	
0.403541	0.303330	-1.377095	1.197510	-0.821410	-0.517809	-0.205442	1.288030	-1.344502	0.776700	0.406510	0.302093	-1.384896	1.311655	-0.817569	-0.496003	-0.185758	1.298445	-1.422754	0.716912	-0.184898	0.004112	0.043061	0.058733	-0.941560	-0.158641	-0.044882	-0.146726	-0.007414	1.387953	0.000000	0.074219	0.058594	-0.660156	0.300781	-0.070312	-0.132812	0.042969	0.492188	-0.207031	0.009553	0.019202	-5.379576	-0.002407	-0.235572	0.135375	0.929012	-0.588253	10.400891	1.000000	0.000000	0.000000	0.000000	
0.403586	0.299891	-1.378664	1.196863	-0.830215	-0.518875	-0.206984	1.283360	-1.346591	0.792625	0.405057	0.301905	-1.384789	1.311908	-0.836293	-0.497619	-0.186339	1.296319	-1.423709	0.746471	-0.102241	-0.025179	-0.089914	0.061707	-0.833958	-0.092636	-0.037058	-0.192644	-0.122879	1.272926	0.019531	0.058594	0.070312	-0.726562	0.386719	-0.082031	-0.148438	0.023438	0.574219	-0.332031	0.009554	0.019198	-5.379575	-0.002407	-0.235573	0.135376	0.929014	-0.588256	10.400890	1.000000	0.000000	0.000000	0.000000	
0.402765	0.297084	-1.380795	1.198027	-0.841931	-0.519203	-0.206909	1.279193	-1.350204	0.816054	0.404306	0.301350	-1.385252	1.312394	-0.846678	-0.499493	-0.186868	1.294730	-1.425887	0.765130	-0.093975	-0.030435	-0.113680	-0.007788	-0.568455	-0.197704	-0.058377	-0.141402	-0.141404	1.250954	0.011719	0.074219	0.105469	-0.773438	0.371094	-0.070312	-0.148438	-0.023438	0.593750	-0.367188	0.009554	0.019197	-5.379575	-0.002407	-0.235573	0.135376	0.929014	-0.588256	10.400890	1.000000	0.000000	0.000000	0.000000	
0.402083	0.294831	-1.383415	1.199749	-0.851485	-0.519960	-0.204969	1.274818	-1.353585	0.842808	0.403865	0.300504	-1.388107	1.312831	-0.854499	-0.501249	-0.187700	1.291965	-1.428285	0.781996	-0.093149	-0.062367	-0.248663	-0.025206	-0.559353	-0.110501	-0.059345	-0.160705	-0.174664	1.346467	0.000000	0.066406	0.167969	-0.773438	0.367188	-0.089844	-0.132812	-0.027344	0.597656	-0.378906	0.009554	0.019197	-5.379575	-0.002407	-0.235573	0.135376	0.929014	-0.588256	10.400890	1.000000	0.000000	0.000000	0.000000	
0.401188	0.292566	-1.385772	1.202584	-0.859317	-0.520887	-0.202519	1.270603	-1.355212	0.867736	0.403898	0.299446	-1.390544	1.312773	-0.862170	-0.502424	-0.188141	1.290297	-1.431673	0.799134	-0.002336	-0.058581	-0.174921	-0.033927	-0.582870	-0.098291	-0.041994	-0.148677	-0.279189	1.300184	-0.003906	0.042969	0.152344	-0.746094	0.335938	-0.082031	-0.140625	-0.066406	0.617188	-0.371094	0.009554	0.019197	-5.379575	-0.002407	-0.235573	0.135376	0.929014	-0.588256	10.400890	1.000000	0.000000	0.000000	0.000000	
0.399989	0.290353	-1.387331	1.206766	-0.866623	-0.521317	-0.199869	1.267260	-1.358474	0.889637	0.404002	0.298290	-1.392970	1.312616	-0.872501	-0.504283	-0.188795	1.288195	-1.434847	0.826577	-0.031640	-0.070998	-0.195463	-0.080165	-0.424698	-0.163373	-0.057707	-0.178880	-0.132608	1.288576	-0.011719	0.027344	0.164062	-0.738281	0.296875	-0.054688	-0.109375	-0.066406	0.601562	-0.367188	0.009554	0.019197	-5.379575	-0.002407	-0.235573	0.135376	0.929014	-0.588256	10.400890	1.000000	0.000000	0.000000	0.000000	
0.398474	0.288982	-1.387798	1.210974	-0.871161	-0.521737	-0.197143	1.263476	-1.362456	0.906750	0.403950	0.297000	-1.394789	1.312585	-0.878517	-0.505333	-0.189184	1.285520	-1.437541	0.846436	-0.027591	-0.097830	-0.113766	-0.014996	-0.447267	-0.093109	-0.012750	-0.286590	-0.086543	1.510752	-0.007812	0.039062	0.125000	-0.714844	0.269531	-0.050781	-0.109375	-0.070312	0.597656	-0.367188	0.009554	0.019197	-5.379575	-0.002407	-0.235573	0.135376	0.929014	-0.588256	10.400890	1.000000	0.000000	0.000000	0.000000	
0.396913	0.288189	-1.388056	1.216545	-0.873556	-0.522148	-0.193723	1.258079	-1.364466	0.922201	0.403746	0.295312	-1.396630	1.312651	-0.884106	-0.506828	-0.189295	1.280648	-1.439873	0.864875	-0.009738	-0.133083	-0.074190	0.015949	-0.418117	-0.176813	-0.012907	-0.272933	-0.218032	1.438750	-0.007812	0.070312	0.105469	-0.691406	0.253906	-0.050781	-0.101562	-0.039062	0.601562	-0.355469	0.009554	0.019197	-5.379575	-0.002407	-0.235573	0.135376	0.929014	-0.588256	10.400890	1.000000	0.000000	0.000000	0.000000	
0.395571	0.286653	-1.387393	1.222680	-0.877112	-0.522619	-0.191867	1.254414	-1.367031	0.935087	0.403269	0.294264	-1.397290	1.312834	-0.889005	-0.508483	-0.189252	1.277104	-1.443587	0.883661	-0.063787	-0.106365	-0.021378	0.001595	-0.355879	-0.066536	-0.003617	-0.243651	-0.245140	1.347798	-0.019531	0.050781	0.105469	-0.667969	0.234375	-0.054688	-0.085938	-0.039062	0.609375	-0.335938	0.009554	0.019197	-5.379575	-0.002407	-0.235573	0.135376	0.929014	-0.588256	10.400890	1.000000	0.000000	0.000000	0.000000	
0.394342	0.284867	-1.386285	1.228874	-0.881849	-0.523180	-0.190712	1.252524	-1.369743	0.947368	0.402034	0.292907	-1.397736	1.312919	-0.894201	-0.509736	-0.189009	1.273779	-1.446317	0.910512	-0.135495	-0.103693	-0.044013	-0.062654	-0.217049	-0.090405	-0.002688	-0.254681	-0.195506	0.989740	0.003906	0.039062	0.101562	-0.628906	0.199219	-0.050781	-0.050781	-0.054688	0.597656	-0.281250	0.009554	0.019197	-5.379575	-0.002407	-0.235573	0.135376	0.929014	-0.588256	10.400890	1.000000	0.000000	0.000000	0.000000	
0.393060	0.282917	-1.385445	1.234653	-0.885829	-0.523292	-0.190328	1.250898	-1.371579	0.957546	0.401036	0.291788	-1.398093	1.312985	-0.896743	-0.511004	-0.188589	1.270496	-1.449141	0.924486	-0.146156	-0.055735	-0.088153	-0.058610	-0.154311	-0.082323	0.016016	-0.308128	-0.214970	0.870183	0.000000	-0.003906	0.109375	-0.582031	0.191406	-0.042969	-0.070312	-0.074219	0.601562	-0.238281	0.009554	0.019197	-5.379575	-0.002407	-0.235573	0.135376	0.929014	-0.588256	10.400890	1.000000	0.000000	0.000000	0.000000	
0.391788	0.281873	-1.385027	1.239733	-0.887621	-0.523618	-0.189704	1.248749	-1.372596	0.966172	0.399673	0.290982	-1.398164	1.313022	-0.898536	-0.512469	-0.187713	1.264848	-1.451208	0.935980	-0.126284	-0.030001	0.019102	0.022056	-0.175954	-0.116411	0.043477	-0.264618	-0.164572	0.641870	-0.003906	-0.011719	0.105469	-0.546875	0.156250	-0.039062	-0.085938	-0.035156	0.582031	-0.156250	0.009554	0.019197	-5.379575	-0.002407	-0.235573	0.135376	0.929014	-0.588256	10.400890	1.000000	0.000000	0.000000	0.000000	
0.390789	0.280669	-1.384961	1.243764	-0.888044	-0.523989	-0.189342	1.245861	-1.373797	0.971422	0.398456	0.290514	-1.397960	1.312545	-0.900469	-0.513368	-0.187134	1.261513	-1.454021	0.944725	-0.078931	-0.035570	-0.012048	-0.060608	-0.157181	-0.077944	0.096241	-0.333549	-0.138594	0.615549	-0.007812	-0.054688	0.109375	-0.503906	0.148438	-0.050781	-0.101562	0.000000	0.578125	-0.125000	0.009554	0.019197	-5.379575	-0.002407	-0.235573	0.135376	0.929014	-0.588256	10.400890	1.000000	0.000000	0.000000	0.000000	
0.389857	0.280140	-1.384550	1.246089	-0.887070	-0.524992	-0.188830	1.242581	-1.375132	0.973364	0.397412	0.290154	-1.397531	1.312474	-0.902237	-0.513790	-0.186025	1.257089	-1.455577	0.955828	-0.053258	-0.037290	-0.001205	0.021856	-0.130876	0.027102	0.070111	-0.392787	-0.135997	0.455883	-0.007812	-0.058594	0.105469	-0.468750	0.121094	-0.058594	-0.117188	0.054688	0.585938	-0.093750	0.009554	0.019197	-5.379575	-0.002407	-0.235573	0.135376	0.929014	-0.588256	10.400890	1.000000	0.000000	0.000000	0.000000	
0.389192	0.279396	-1.384699	1.247908	-0.885597	-0.525642	-0.188488	1.239228	-1.376633	0.972833	0.396937	0.289735	-1.397179	1.312483	-0.902954	-0.513826	-0.184923	1.252303	-1.456979	0.962047	-0.033243	-0.036299	-0.028038	-0.046669	-0.041005	0.006200	0.040744	-0.388242	-0.111309	0.310800	-0.027344	-0.058594	0.109375	-0.449219	0.109375	-0.070312	-0.089844	0.074219	0.585938	-0.070312	0.009554	0.019197	-5.379575	-0.002407	-0.235573	0.135376	0.929014	-0.588256	10.400890	1.000000	0.000000	0.000000	0.000000	
0.388690	0.278631	-1.385102	1.248410	-0.884797	-0.526441	-0.187837	1.235089	-1.377651	0.973568	0.396697	0.289352	-1.396697	1.312534	-0.903413	-0.513761	-0.184072	1.244076	-1.458253	0.966781	-0.045200	-0.038526	-0.055148	-0.050032	-0.073893	0.000620	0.021523	-0.352891	-0.164675	0.313740	-0.027344	-0.070312	0.117188	-0.429688	0.121094	-0.070312	-0.082031	0.109375	0.585938	-0.074219	0.009554	0.019197	-5.379575	-0.002407	-0.235573	0.135376	0.929014	-0.588256	10.400890	1.000000	0.000000	0.000000	0.000000	
0.388637	0.286136	-1.384368	1.244916	-0.846171	-0.525140	-0.188155	1.229619	-1.372483	0.932668	0.396334	0.289162	-1.396552	1.312786	-0.903674	-0.513626	-0.183635	1.239014	-1.460882	0.971096	0.005949	-0.042239	0.046830	0.043852	-0.042286	-0.024365	0.006805	-0.328418	-0.152563	0.331482	-0.027344	-0.074219	0.117188	-0.429688	0.121094	-0.085938	-0.066406	0.117188	0.597656	-0.085938	-0.004095	-0.001790	-5.388904	0.198449	0.322892	-0.098317	-0.531224	0.341475	10.053317	1.000000	0.000000	0.000000	0.000000	
0.389678	0.292856	-1.384114	1.242364	-0.810847	-0.523630	-0.187071	1.230286	-1.372436	0.900160	0.395510	0.288874	-1.396547	1.313006	-0.904720	-0.513357	-0.183411	1.235020	-1.462644	0.977678	-0.107584	-0.036794	0.022131	-0.002594	-0.101938	0.008032	-0.010952	-0.298054	-0.158331	0.273933	-0.023438	-0.082031	0.121094	-0.433594	0.164062	-0.085938	-0.042969	0.101562	0.613281	-0.132812	-0.006824	-0.005987	-5.390770	0.218535	0.378739	-0.121686	-0.677248	0.434449	10.018560	1.000000	0.000000	0.000000	0.000000	
0.392152	0.295577	-1.384380	1.243759	-0.789547	-0.520972	-0.186565	1.232441	-1.368401	0.886792	0.394933	0.288953	-1.396546	1.313438	-0.902045	-0.513037	-0.183350	1.230926	-1.464426	0.977759	-0.115447	0.003300	-0.036173	0.093961	0.338769	-0.044562	0.000068	-0.326424	-0.319431	-0.143599	-0.011719	-0.042969	0.117188	-0.496094	0.250000	-0.085938	-0.042969	0.101562	0.695312	-0.230469	-0.007370	-0.006827	-5.391143	0.220543	0.384323	-0.124023	-0.691850	0.443746	10.015084	1.000000	0.000000	0.000000	0.000000	
0.395383	0.296117	-1.385908	1.247697	-0.785251	-0.518479	-0.187821	1.234566	-1.361735	0.890789	0.393751	0.289511	-1.396521	1.314736	-0.895258	-0.512803	-0.183337	1.228071	-1.466794	0.972977	-0.137172	0.035226	0.013831	0.197836	0.700397	0.044399	0.000007	-0.151290	-0.314603	-0.520357	0.000000	0.000000	0.121094	-0.542969	0.316406	-0.070312	-0.039062	0.070312	0.730469	-0.281250	-0.007480	-0.006995	-5.391218	0.220744	0.384882	-0.124257	-0.693310	0.444676	10.014737	1.000000	0.000000	0.000000	0.000000	
0.398480	0.296460	-1.389353	1.252753	-0.789739	-0.515990	-0.189213	1.235983	-1.354609	0.902328	0.393030	0.290026	-1.396565	1.318437	-0.881348	-0.512514	-0.183359	1.226168	-1.470030	0.964823	-0.121896	0.044235	-0.050961	0.222182	0.719111	0.000950	-0.003489	-0.015129	-0.247818	-0.575481	0.003906	0.007812	0.125000	-0.578125	0.347656	-0.054688	-0.027344	0.070312	0.707031	-0.335938	-0.007501	-0.007028	-5.391232	0.220764	0.384938	-0.124280	-0.693456	0.444769	10.014702	1.000000	0.000000	0.000000	0.000000	
0.400160	0.296793	-1.391927	1.256968	-0.791555	-0.514091	-0.190223	1.236525	-1.348746	0.903287	0.392838	0.290711	-1.396477	1.321213	-0.871853	-0.512359	-0.183428	1.226053	-1.470217	0.960187	-0.022658	0.023035	-0.005096	0.147845	0.675618	-0.027822	-0.008491	-0.053857	0.072928	-0.284374	0.019531	0.023438	0.093750	-0.546875	0.339844	-0.035156	-0.039062	0.074219	0.675781	-0.371094	-0.007506	-0.007035	-5.391235	0.220766	0.384943	-0.124282	-0.693471	0.444778	10.014698	1.000000	0.000000	0.000000	0.000000	
0.401752	0.297227	-1.393964	1.257868	-0.790809	-0.512718	-0.190602	1.234892	-1.344200	0.899035	0.392896	0.291106	-1.396459	1.324119	-0.864647	-0.512134	-0.183523	1.226636	-1.468897	0.958606	-0.030183	-0.008165	0.009959	0.196245	0.454911	0.018156	0.004967	0.036490	0.098023	-0.049375	0.039062	0.027344	0.058594	-0.531250	0.316406	-0.023438	-0.050781	0.070312	0.722656	-0.363281	-0.007507	-0.007036	-5.391236	0.220766	0.384944	-0.124283	-0.693472	0.444779	10.014698	1.000000	0.000000	0.000000	0.000000	
0.402792	0.297539	-1.395623	1.258086	-0.789762	-0.511061	-0.191014	1.233068	-1.341944	0.892942	0.393029	0.291468	-1.396456	1.328214	-0.859256	-0.511847	-0.183639	1.227432	-1.467397	0.958459	-0.003018	0.023611	-0.016452	0.159210	0.373517	-0.001674	-0.004156	0.017608	0.124960	-0.004938	0.042969	0.027344	0.042969	-0.519531	0.312500	-0.011719	-0.054688	0.070312	0.742188	-0.363281	-0.007507	-0.007037	-5.391236	0.220766	0.384944	-0.124283	-0.693472	0.444779	10.014698	1.000000	0.000000	0.000000	0.000000	
0.403666	0.297612	-1.396726	1.257151	-0.790543	-0.509653	-0.191446	1.231396	-1.341310	0.890543	0.393225	0.291815	-1.396528	1.330971	-0.852846	-0.511596	-0.183694	1.228197	-1.466055	0.958405	0.048553	0.019809	-0.001645	0.246237	0.253709	0.045198	-0.013211	0.033167	0.068330	0.062320	0.054688	0.039062	0.023438	-0.550781	0.335938	-0.011719	-0.066406	0.066406	0.781250	-0.386719	-0.007507	-0.007037	-5.391236	0.220766	0.384944	-0.124283	-0.693472	0.444779	10.014698	1.000000	0.000000	0.000000	0.000000	
0.404313	0.297084	-1.398028	1.256393	-0.792183	-0.507995	-0.191430	1.230061	-1.341087	0.891463	0.393313	0.291997	-1.396784	1.333219	-0.849722	-0.510673	-0.183738	1.229004	-1.465351	0.957837	0.022303	0.004307	-0.073447	0.181657	0.178915	0.046395	-0.014116	0.003317	0.024281	-0.007727	0.058594	0.042969	0.023438	-0.562500	0.328125	-0.011719	-0.070312	0.035156	0.792969	-0.402344	-0.007507	-0.007037	-5.391236	0.220766	0.384944	-0.124283	-0.693472	0.444779	10.014698	1.000000	0.000000	0.000000	0.000000	
0.404916	0.296089	-1.399318	1.255945	-0.793822	-0.506105	-0.191495	1.229658	-1.340860	0.892926	0.393476	0.292074	-1.397223	1.336965	-0.847522	-0.509955	-0.183746	1.229190	-1.465089	0.957069	0.040616	0.006247	-0.052710	0.122855	0.108622	0.039536	-0.002575	-0.006648	-0.046427	-0.067076	0.066406	0.050781	0.023438	-0.578125	0.335938	-0.023438	-0.074219	0.023438	0.820312	-0.410156	-0.007507	-0.007037	-5.391236	0.220766	0.384944	-0.124283	-0.693472	0.444779	10.014698	1.000000	0.000000	0.000000	0.000000	
0.405445	0.295628	-1.400256	1.255111	-0.793971	-0.504361	-0.191096	1.229626	-1.341001	0.893465	0.393726	0.292082	-1.397893	1.338901	-0.845846	-0.508697	-0.183756	1.229227	-1.465036	0.956116	0.011041	0.007604	-0.043657	0.116974	0.063207	0.010933	-0.017706	-0.004154	-0.039539	-0.052073	0.058594	0.042969	0.019531	-0.574219	0.347656	-0.019531	-0.066406	0.003906	0.820312	-0.417969	-0.007507	-0.007037	-5.391236	0.220766	0.384944	-0.124283	-0.693472	0.444779	10.014698	1.000000	0.000000	0.000000	0.000000	
0.405978	0.295704	-1.400902	1.254224	-0.792815	-0.502916	-0.190805	1.229498	-1.341561	0.893072	0.394213	0.292067	-1.398778	1.339991	-0.845560	-0.507016	-0.183758	1.229186	-1.465026	0.955756	0.025532	-0.012035	-0.053221	0.151283	-0.021596	0.112762	-0.019219	-0.045781	-0.059788	-0.054062	0.058594	0.035156	0.019531	-0.578125	0.347656	-0.035156	-0.074219	0.007812	0.820312	-0.398438	-0.007507	-0.007037	-5.391236	0.220766	0.384944	-0.124283	-0.693472	0.444779	10.014698	1.000000	0.000000	0.000000	0.000000	
0.406341	0.295803	-1.401950	1.253834	-0.791966	-0.501164	-0.190156	1.229007	-1.341705	0.893718	0.394989	0.292056	-1.400821	1.340718	-0.845502	-0.504935	-0.183758	1.229105	-1.465024	0.955514	0.030470	-0.003530	-0.099542	0.057004	-0.002160	0.018255	-0.013554	0.005891	-0.086240	-0.040303	0.050781	0.035156	0.035156	-0.578125	0.332031	-0.035156	-0.070312	0.007812	0.820312	-0.402344	-0.007507	-0.007037	-5.391236	0.220766	0.384944	-0.124283	-0.693472	0.444779	10.014698	1.000000	0.000000	0.000000	0.000000	
0.406748	0.295903	-1.402742	1.253916	-0.791586	-0.499525	-0.190188	1.229319	-1.342218	0.894534	0.395580	0.292046	-1.402078	1.342051	-0.845394	-0.502628	-0.183750	1.229016	-1.464975	0.955272	0.086798	-0.015475	-0.079747	0.037107	-0.049071	0.120473	-0.000192	-0.020349	-0.026072	-0.038927	0.042969	0.027344	0.042969	-0.597656	0.335938	-0.054688	-0.066406	0.007812	0.820312	-0.402344	-0.007507	-0.007037	-5.391236	0.220766	0.384944	-0.124283	-0.693472	0.444779	10.014698	1.000000	0.000000	0.000000	0.000000	
0.404276	0.293194	-1.404401	1.248565	-0.805351	-0.498410	-0.188236	1.229181	-1.350834	0.911292	0.396449	0.292043	-1.403226	1.342923	-0.844742	-0.499986	-0.183741	1.228925	-1.464941	0.954884	0.036597	-0.013180	-0.109174	0.080483	0.016031	0.078350	-0.004672	-0.036931	-0.054952	-0.063216	0.054688	0.039062	0.039062	-0.613281	0.347656	-0.042969	-0.066406	0.003906	0.812500	-0.386719	0.022604	0.017507	-5.399797	0.008326	0.084300	-0.065800	0.456855	0.884895	9.385193	1.000000	0.000000	0.000000	0.000000	
0.401908	0.291032	-1.405825	1.245522	-0.815597	-0.496991	-0.187128	1.225518	-1.354530	0.919762	0.396963	0.292043	-1.404643	1.343583	-0.844224	-0.498488	-0.183731	1.228713	-1.464910	0.954685	0.003660	-0.005971	-0.153992	0.067372	0.005093	0.067159	0.005349	-0.052548	-0.082267	-0.041218	0.058594	0.039062	0.066406	-0.613281	0.328125	-0.058594	-0.054688	0.007812	0.808594	-0.394531	0.028626	0.022416	-5.401509	-0.012918	0.054235	-0.059951	0.571888	0.928906	9.322242	1.000000	0.000000	0.000000	0.000000	
0.399815	0.291706	-1.407336	1.245738	-0.819210	-0.496542	-0.186301	1.220766	-1.357537	0.919011	0.397065	0.291889	-1.406744	1.343714	-0.844969	-0.496444	-0.183680	1.228453	-1.464734	0.955615	-0.051979	-0.020372	-0.106130	-0.049097	-0.034387	0.121874	0.001698	-0.054110	-0.036144	0.044733	0.050781	0.007812	0.058594	-0.625000	0.296875	-0.050781	-0.039062	0.023438	0.750000	-0.320312	0.029831	0.023397	-5.401852	-0.015043	0.051229	-0.059366	0.583391	0.933307	9.315947	1.000000	0.000000	0.000000	0.000000	
0.397586	0.293554	-1.407522	1.245871	-0.816581	-0.496365	-0.185479	1.216388	-1.360950	0.912105	0.397062	0.291786	-1.408400	1.343498	-0.846596	-0.494169	-0.183606	1.227674	-1.464747	0.957134	-0.015667	-0.017159	-0.146709	0.005559	-0.153493	0.141304	0.003659	-0.141507	-0.038511	0.147548	0.039062	0.003906	0.070312	-0.640625	0.253906	-0.070312	-0.027344	0.003906	0.738281	-0.289062	0.030072	0.023594	-5.401920	-0.015255	0.050928	-0.059308	0.584541	0.933748	9.315317	1.000000	0.000000	0.000000	0.000000	
0.395613	0.295135	-1.407506	1.247268	-0.812616	-0.495681	-0.185116	1.213494	-1.363772	0.904184	0.396843	0.291717	-1.409894	1.343431	-0.848763	-0.492114	-0.183566	1.226355	-1.465065	0.959110	0.005413	-0.019164	-0.098422	-0.062257	-0.158424	0.059496	-0.007777	-0.160715	-0.091092	0.053141	0.011719	0.003906	0.058594	-0.632812	0.234375	-0.058594	-0.027344	-0.011719	0.726562	-0.281250	0.030120	0.023633	-5.401934	-0.015276	0.050898	-0.059302	0.584656	0.933792	9.315254	1.000000	0.000000	0.000000	0.000000	
0.394330	0.296062	-1.406873	1.248180	-0.808629	-0.495394	-0.185206	1.211779	-1.365987	0.897085	0.396750	0.291711	-1.410944	1.343466	-0.849439	-0.490371	-0.183502	1.224007	-1.465686	0.959262	-0.013417	-0.018201	-0.065676	0.004243	-0.019332	0.114128	-0.000778	-0.155657	-0.050985	0.019273	0.003906	0.019531	0.066406	-0.640625	0.214844	-0.066406	-0.011719	-0.027344	0.714844	-0.304688	0.030129	0.023641	-5.401937	-0.015278	0.050895	-0.059302	0.584668	0.933796	9.315248	1.000000	0.000000	0.000000	0.000000	
0.393575	0.296564	-1.406904	1.249225	-0.805700	-0.495215	-0.185075	1.209681	-1.366785	0.892528	0.396635	0.291767	-1.412487	1.343521	-0.849162	-0.489295	-0.183449	1.222156	-1.467191	0.958542	-0.004831	-0.001820	-0.003078	0.031831	0.022494	0.084695	-0.000078	-0.186558	-0.155153	-0.036459	0.000000	0.035156	0.070312	-0.644531	0.222656	-0.058594	-0.019531	-0.019531	0.730469	-0.320312	0.030131	0.023643	-5.401937	-0.015279	0.050895	-0.059302	0.584669	0.933796	9.315248	1.000000	0.000000	0.000000	0.000000	
0.393016	0.296246	-1.407019	1.250432	-0.804129	-0.494748	-0.185263	1.208897	-1.366544	0.889570	0.396515	0.291826	-1.413014	1.343242	-0.848283	-0.488740	-0.183422	1.220017	-1.468510	0.957089	-0.056317	-0.008324	0.003182	-0.035203	0.040635	-0.043875	0.004645	-0.109386	-0.081818	-0.188596	-0.003906	0.039062	0.070312	-0.617188	0.230469	-0.042969	-0.019531	-0.011719	0.714844	-0.335938	0.030132	0.023643	-5.401937	-0.015279	0.050895	-0.059301	0.584669	0.933796	9.315248	1.000000	0.000000	0.000000	0.000000	
0.392819	0.295839	-1.407311	1.250883	-0.802873	-0.494718	-0.185714	1.208113	-1.366093	0.887813	0.396321	0.291878	-1.413168	1.343089	-0.846047	-0.488315	-0.183408	1.218014	-1.469743	0.954302	-0.057976	0.007310	-0.034578	-0.027948	0.059898	0.030509	0.000465	-0.157503	-0.154746	-0.158445	-0.007812	0.042969	0.066406	-0.609375	0.238281	-0.042969	-0.019531	-0.019531	0.714844	-0.367188	0.030132	0.023643	-5.401937	-0.015279	0.050895	-0.059301	0.584669	0.933796	9.315248	1.000000	0.000000	0.000000	0.000000	
0.392577	0.295507	-1.407945	1.250741	-0.802025	-0.494769	-0.185452	1.206860	-1.364742	0.886828	0.396137	0.291897	-1.413150	1.343034	-0.845018	-0.488229	-0.183406	1.215674	-1.470887	0.952533	-0.040694	0.000731	-0.048823	-0.006284	0.012969	-0.031845	-0.008096	-0.137887	-0.109695	-0.144961	-0.011719	0.039062	0.058594	-0.628906	0.257812	-0.039062	-0.019531	-0.039062	0.730469	-0.363281	0.030132	0.023643	-5.401937	-0.015279	0.050895	-0.059301	0.584669	0.933796	9.315248	1.000000	0.000000	0.000000	0.000000	
0.392507	0.295495	-1.408653	1.250616	-0.800839	-0.494920	-0.185471	1.206377	-1.364525	0.886021	0.395882	0.291901	-1.412759	1.342878	-0.844279	-0.488164	-0.183397	1.214431	-1.473102	0.950798	-0.091310	-0.011559	0.026524	-0.028546	0.060621	-0.048550	-0.014768	-0.097540	-0.077272	-0.129654	-0.003906	0.035156	0.050781	-0.593750	0.257812	-0.039062	-0.023438	-0.035156	0.742188	-0.371094	0.030132	0.023643	-5.401937	-0.015279	0.050895	-0.059301	0.584669	0.933796	9.315248	1.000000	0.000000	0.000000	0.000000	
0.392481	0.295185	-1.409403	1.250150	-0.801041	-0.495225	-0.185677	1.205325	-1.364256	0.886226	0.395589	0.291901	-1.412656	1.342362	-0.843598	-0.488126	-0.183371	1.213189	-1.474176	0.949555	-0.054496	-0.012788	-0.035734	-0.072647	0.044448	0.023062	-0.002640	-0.069078	-0.136844	-0.086248	-0.007812	0.039062	0.042969	-0.585938	0.250000	-0.042969	-0.019531	-0.027344	0.742188	-0.378906	0.030132	0.023643	-5.401937	-0.015279	0.050895	-0.059301	0.584669	0.933796	9.315248	1.000000	0.000000	0.000000	0.000000	
0.392253	0.295005	-1.409949	1.249661	-0.801866	-0.495365	-0.185997	1.205111	-1.363928	0.885290	0.395337	0.291910	-1.412636	1.341798	-0.842372	-0.488192	-0.183342	1.212407	-1.474972	0.947610	-0.040346	-0.007095	0.010385	-0.115443	0.032362	-0.032590	-0.010733	-0.066232	-0.097436	-0.123783	0.000000	0.035156	0.039062	-0.582031	0.257812	-0.042969	-0.019531	-0.039062	0.750000	-0.371094	0.030132	0.023643	-5.401937	-0.015279	0.050895	-0.059301	0.584669	0.933796	9.315248	1.000000	0.000000	0.000000	0.000000	
0.392090	0.294903	-1.410386	1.248984	-0.802199	-0.495469	-0.186353	1.204940	-1.364060	0.883863	0.395213	0.291919	-1.412729	1.340983	-0.841739	-0.488229	-0.183295	1.211524	-1.475761	0.946615	0.013414	-0.001873	-0.012920	-0.070868	0.006726	-0.027686	-0.016195	-0.069437	-0.090005	-0.085661	-0.011719	0.035156	0.035156	-0.566406	0.253906	-0.054688	-0.019531	-0.039062	0.757812	-0.382812	0.030132	0.023643	-5.401937	-0.015279	0.050895	-0.059301	0.584669	0.933796	9.315248	1.000000	0.000000	0.000000	0.000000	
0.391939	0.295123	-1.411095	1.248356	-0.802446	-0.495647	-0.186380	1.204273	-1.364520	0.882506	0.394995	0.291913	-1.413183	1.340044	-0.841394	-0.488261	-0.183262	1.210911	-1.477010	0.946004	-0.037045	-0.011819	-0.015251	-0.069900	0.066976	0.000721	-0.005109	-0.059288	-0.106710	-0.074869	-0.011719	0.023438	0.042969	-0.562500	0.265625	-0.042969	-0.027344	-0.042969	0.773438	-0.382812	0.030132	0.023643	-5.401937	-0.015279	0.050895	-0.059301	0.584669	0.933796	9.315248	1.000000	0.000000	0.000000	0.000000	
0.391853	0.295269	-1.411418	1.247249	-0.802613	-0.496068	-0.186543	1.203635	-1.365030	0.881722	0.394806	0.291920	-1.413420	1.338790	-0.841277	-0.488267	-0.183255	1.210231	-1.477623	0.945421	-0.080476	-0.003508	0.001965	-0.010480	-0.063095	0.027989	-0.012143	-0.037336	-0.066505	-0.038894	-0.011719	0.027344	0.035156	-0.578125	0.257812	-0.042969	-0.019531	-0.027344	0.761719	-0.382812	0.030132	0.023643	-5.401937	-0.015279	0.050895	-0.059301	0.584669	0.933796	9.315248	1.000000	0.000000	0.000000	0.000000	
0.391773	0.295242	-1.412091	1.246671	-0.802436	-0.496176	-0.186546	1.203153	-1.365256	0.881505	0.394598	0.291921	-1.413612	1.337982	-0.841059	-0.488317	-0.183238	1.209417	-1.478182	0.944311	-0.091799	-0.025941	-0.083555	-0.063861	-0.006310	-0.025118	-0.009357	-0.115402	-0.083422	-0.070192	-0.007812	0.027344	0.027344	-0.566406	0.257812	-0.042969	-0.035156	-0.019531	0.761719	-0.394531	0.030132	0.023643	-5.401937	-0.015279	0.050895	-0.059301	0.584669	0.933796	9.315248	1.000000	0.000000	0.000000	0.000000	
0.391633	0.295009	-1.412792	1.246581	-0.802984	-0.496084	-0.186804	1.202788	-1.364836	0.881604	0.394169	0.291938	-1.413675	1.337142	-0.840992	-0.488327	-0.183210	1.208672	-1.478851	0.943653	-0.058035	-0.020042	-0.015335	-0.125034	-0.049486	-0.040898	-0.003262	-0.046437	-0.133969	-0.013999	0.000000	0.027344	0.027344	-0.562500	0.250000	-0.042969	-0.027344	-0.039062	0.777344	-0.386719	0.030132	0.023643	-5.401937	-0.015279	0.050895	-0.059301	0.584669	0.933796	9.315248	1.000000	0.000000	0.000000	0.000000	
0.391634	0.294631	-1.413189	1.245676	-0.803127	-0.496282	-0.186840	1.203155	-1.364603	0.880815	0.393938	0.291949	-1.413930	1.336319	-0.840881	-0.488329	-0.183180	1.208087	-1.480124	0.943182	-0.040700	-0.005494	-0.036430	-0.085786	-0.060783	-0.038986	0.005490	-0.102353	-0.048293	-0.092130	-0.007812	0.027344	0.019531	-0.566406	0.250000	-0.042969	-0.027344	-0.035156	0.773438	-0.382812	0.030132	0.023643	-5.401937	-0.015279	0.050895	-0.059301	0.584669	0.933796	9.315248	1.000000	0.000000	0.000000	0.000000	
0.391678	0.295095	-1.413561	1.244949	-0.802825	-0.496576	-0.186868	1.202854	-1.365127	0.879402	0.393819	0.291952	-1.414078	1.335428	-0.840689	-0.488305	-0.183174	1.207509	-1.480742	0.942918	-0.087821	-0.008692	-0.003643	-0.057433	-0.006078	0.010060	0.005202	-0.038152	-0.064153	-0.002234	0.000000	0.035156	0.019531	-0.578125	0.246094	-0.042969	-0.027344	-0.027344	0.777344	-0.386719	0.030132	0.023643	-5.401937	-0.015279	0.050895	-0.059301	0.584669	0.933796	9.315248	1.000000	0.000000	0.000000	0.000000	
0.391616	0.295206	-1.413980	1.244553	-0.802844	-0.496880	-0.186883	1.202219	-1.365050	0.878477	0.393747	0.291952	-1.414205	1.335128	-0.840360	-0.488324	-0.183165	1.207103	-1.481059	0.942647	-0.036699	-0.011338	-0.014323	-0.023192	-0.021546	0.014965	-0.009949	-0.028243	-0.041312	-0.014182	-0.007812	0.019531	0.007812	-0.582031	0.234375	-0.054688	-0.039062	-0.023438	0.777344	-0.394531	0.030132	0.023643	-5.401937	-0.015279	0.050895	-0.059301	0.584669	0.933796	9.315248	1.000000	0.000000	0.000000	0.000000	
0.391505	0.295407	-1.414370	1.244448	-0.802885	-0.497008	-0.187045	1.202021	-1.365467	0.876781	0.393635	0.291968	-1.414254	1.334899	-0.840052	-0.488401	-0.183163	1.206489	-1.481389	0.942351	-0.069973	-0.001134	0.012526	-0.079091	0.001335	0.018945	-0.011464	-0.083086	-0.032048	-0.050273	-0.007812	0.035156	0.011719	-0.585938	0.234375	-0.054688	-0.027344	-0.019531	0.781250	-0.410156	0.030132	0.023643	-5.401937	-0.015279	0.050895	-0.059301	0.584669	0.933796	9.315248	1.000000	0.000000	0.000000	0.000000	
0.391274	0.295017	-1.414867	1.244326	-0.803011	-0.496720	-0.187207	1.201908	-1.365353	0.875232	0.393564	0.291980	-1.414458	1.334659	-0.839627	-0.488513	-0.183147	1.206051	-1.481892	0.941976	-0.041894	-0.004766	-0.092967	-0.091660	0.042009	-0.050450	0.004670	-0.064143	-0.041591	-0.116696	-0.007812	0.035156	0.007812	-0.582031	0.218750	-0.050781	-0.039062	-0.027344	0.777344	-0.398438	0.030132	0.023643	-5.401937	-0.015279	0.050895	-0.059301	0.584669	0.933796	9.315248	1.000000	0.000000	0.000000	0.000000	
0.391083	0.294865	-1.415515	1.244452	-0.803917	-0.496737	-0.187485	1.201429	-1.365246	0.875175	0.393478	0.291990	-1.414644	1.334078	-0.839057	-0.488536	-0.183151	1.205624	-1.482186	0.941562	-0.021638	0.005339	-0.054662	-0.068490	0.025139	0.043810	-0.012328	-0.037821	-0.042545	-0.025628	-0.007812	0.035156	0.007812	-0.574219	0.222656	-0.050781	-0.039062	-0.023438	0.777344	-0.402344	0.030132	0.023643	-5.401937	-0.015279	0.050895	-0.059301	0.584669	0.933796	9.315248	1.000000	0.000000	0.000000	0.000000	
0.391143	0.294732	-1.416101	1.243763	-0.805089	-0.497247	-0.187526	1.200848	-1.365052	0.876177	0.393436	0.291984	-1.414875	1.333623	-0.838047	-0.488540	-0.183144	1.205320	-1.482390	0.940001	-0.085915	-0.011098	-0.005466	-0.052214	-0.053320	0.067194	-0.005886	0.010176	-0.056599	-0.103762	-0.003906	0.027344	0.011719	-0.566406	0.222656	-0.042969	-0.039062	-0.019531	0.777344	-0.382812	0.030132	0.023643	-5.401937	-0.015279	0.050895	-0.059301	0.584669	0.933796	9.315248	1.000000	0.000000	0.000000	0.000000	
0.390950	0.294333	-1.416600	1.243902	-0.805608	-0.497030	-0.187764	1.200745	-1.364841	0.875802	0.393379	0.291983	-1.415212	1.333071	-0.837723	-0.488590	-0.183143	1.204945	-1.482528	0.938768	-0.022550	-0.010416	-0.084298	-0.109910	-0.019291	-0.021198	-0.000589	-0.051327	-0.037067	-0.073190	-0.007812	0.035156	0.003906	-0.566406	0.222656	-0.050781	-0.039062	-0.035156	0.777344	-0.382812	0.030132	0.023643	-5.401937	-0.015279	0.050895	-0.059301	0.584669	0.933796	9.315248	1.000000	0.000000	0.000000	0.000000	
0.390715	0.293992	-1.416976	1.243825	-0.805035	-0.496711	-0.187926	1.200941	-1.364497	0.874373	0.393368	0.291982	-1.415837	1.332452	-0.837659	-0.488624	-0.183143	1.204749	-1.482507	0.937843	-0.002255	-0.001042	-0.074733	-0.084273	-0.022867	-0.030037	0.002268	-0.047008	-0.003707	-0.080601	-0.003906	0.019531	0.011719	-0.562500	0.214844	-0.054688	-0.039062	-0.027344	0.781250	-0.382812	0.030132	0.023643	-5.401937	-0.015279	0.050895	-0.059301	0.584669	0.933796	9.315248	1.000000	0.000000	0.000000	0.000000	
0.390721	0.293938	-1.417268	1.243122	-0.803371	-0.496794	-0.187800	1.200833	-1.364281	0.871177	0.393147	0.291974	-1.416301	1.331480	-0.837573	-0.488606	-0.183143	1.204612	-1.482478	0.936907	-0.028143	-0.011736	-0.021432	-0.039834	-0.037183	-0.003004	0.001390	-0.060535	0.024057	-0.119728	0.000000	0.023438	0.007812	-0.562500	0.214844	-0.042969	-0.039062	-0.035156	0.781250	-0.371094	0.030132	0.023643	-5.401937	-0.015279	0.050895	-0.059301	0.584669	0.933796	9.315248	1.000000	0.000000	0.000000	0.000000	
0.390669	0.294038	-1.417527	1.242551	-0.801582	-0.496844	-0.187579	1.200433	-1.364001	0.867133	0.393006	0.291973	-1.416564	1.331067	-0.837289	-0.488578	-0.183159	1.204537	-1.482400	0.935314	-0.058648	-0.004663	0.004836	-0.028411	0.010240	-0.031707	-0.011493	-0.033971	0.005895	-0.120151	-0.007812	0.023438	0.007812	-0.558594	0.203125	-0.050781	-0.039062	-0.023438	0.777344	-0.382812	0.030132	0.023643	-5.401937	-0.015279	0.050895	-0.059301	0.584669	0.933796	9.315248	1.000000	0.000000	0.000000	0.000000	
0.390569	0.293807	-1.417918	1.242261	-0.801548	-0.496943	-0.187834	1.199956	-1.363705	0.865333	0.393002	0.291972	-1.416762	1.330718	-0.836942	-0.488597	-0.183162	1.204473	-1.482360	0.934365	-0.005865	-0.002793	-0.051861	-0.065654	-0.054810	0.052663	-0.011618	-0.010376	0.007569	-0.102746	-0.007812	0.011719	0.000000	-0.566406	0.214844	-0.050781	-0.039062	-0.039062	0.777344	-0.398438	0.030132	0.023643	-5.401937	-0.015279	0.050895	-0.059301	0.584669	0.933796	9.315248	1.000000	0.000000	0.000000	0.000000	
0.390294	0.293657	-1.418324	1.241960	-0.802201	-0.496802	-0.187954	1.200034	-1.363554	0.864527	0.392953	0.291972	-1.416971	1.330430	-0.836339	-0.488577	-0.183163	1.204436	-1.482352	0.933206	-0.004076	-0.000279	-0.022634	-0.069379	0.011967	-0.071506	0.000001	-0.032444	0.014715	-0.149860	-0.011719	0.011719	0.003906	-0.566406	0.214844	-0.050781	-0.042969	-0.035156	0.789062	-0.394531	0.030132	0.023643	-5.401937	-0.015279	0.050895	-0.059301	0.584669	0.933796	9.315248	1.000000	0.000000	0.000000	0.000000	
0.390058	0.293526	-1.418783	1.241988	-0.802790	-0.496545	-0.188195	1.199852	-1.363498	0.864216	0.392919	0.291972	-1.417158	1.329961	-0.835758	-0.488621	-0.183179	1.204356	-1.482326	0.931714	0.010061	-0.000028	-0.016222	-0.010428	0.008176	-0.045537	-0.013958	-0.031161	-0.043894	-0.133634	-0.011719	0.019531	0.000000	-0.566406	0.207031	-0.039062	-0.039062	-0.039062	0.781250	-0.394531	0.030132	0.023643	-5.401937	-0.015279	0.050895	-0.059301	0.584669	0.933796	9.315248	1.000000	0.000000	0.000000	0.000000	
0.389946	0.293520	-1.419501	1.242073	-0.802950	-0.496540	-0.188171	1.199470	-1.363087	0.862801	0.392888	0.291972	-1.417438	1.329527	-0.835060	-0.488606	-0.183182	1.204340	-1.482273	0.929138	0.001006	0.004650	-0.001622	-0.084794	0.056652	0.012895	-0.009538	-0.038012	-0.039286	-0.149459	-0.011719	0.023438	0.000000	-0.558594	0.191406	-0.050781	-0.039062	-0.039062	0.789062	-0.378906	0.030132	0.023643	-5.401937	-0.015279	0.050895	-0.059301	0.584669	0.933796	9.315248	1.000000	0.000000	0.000000	0.000000	
0.389841	0.293403	-1.419852	1.241408	-0.803390	-0.496687	-0.188274	1.199349	-1.362991	0.862543	0.392858	0.291972	-1.417736	1.329053	-0.834315	-0.488603	-0.183191	1.204434	-1.482286	0.927459	-0.003389	0.003955	-0.073445	-0.053845	0.012644	0.004779	-0.012586	0.041564	-0.021377	-0.123125	-0.007812	0.011719	0.007812	-0.558594	0.199219	-0.054688	-0.039062	-0.039062	0.796875	-0.378906	0.030132	0.023643	-5.401937	-0.015279	0.050895	-0.059301	0.584669	0.933796	9.315248	1.000000	0.000000	0.000000	0.000000	
0.389640	0.293799	-1.420168	1.241415	-0.803393	-0.496584	-0.188515	1.199715	-1.363690	0.862750	0.392803	0.291956	-1.417941	1.328619	-0.833972	-0.488651	-0.183193	1.204428	-1.482265	0.926348	-0.038725	-0.017053	-0.024793	-0.064708	-0.016184	-0.083273	-0.010564	0.014625	-0.009117	-0.057678	-0.011719	0.011719	-0.007812	-0.550781	0.199219	-0.042969	-0.042969	-0.042969	0.777344	-0.394531	0.030132	0.023643	-5.401937	-0.015279	0.050895	-0.059301	0.584669	0.933796	9.315248	1.000000	0.000000	0.000000	0.000000	
0.389627	0.293969	-1.420361	1.241143	-0.802840	-0.496726	-0.188796	1.200156	-1.364079	0.862164	0.392744	0.291961	-1.418006	1.327975	-0.833734	-0.488660	-0.183201	1.204379	-1.482260	0.925375	-0.052727	-0.001705	-0.037376	-0.072774	0.040257	-0.011817	-0.016178	0.004952	0.013047	-0.096498	-0.007812	0.007812	-0.011719	-0.562500	0.199219	-0.050781	-0.042969	-0.039062	0.781250	-0.378906	0.030132	0.023643	-5.401937	-0.015279	0.050895	-0.059301	0.584669	0.933796	9.315248	1.000000	0.000000	0.000000	0.000000	
0.389628	0.294436	-1.420168	1.240023	-0.801015	-0.497009	-0.188886	1.200340	-1.364400	0.858203	0.392708	0.291962	-1.418019	1.327604	-0.833395	-0.488662	-0.183203	1.204320	-1.482260	0.923411	-0.036679	-0.000171	-0.003738	-0.000298	0.052881	0.016266	-0.000455	-0.062318	0.043180	-0.110849	-0.011719	0.019531	-0.011719	-0.558594	0.199219	-0.054688	-0.050781	-0.039062	0.781250	-0.371094	0.030132	0.023643	-5.401937	-0.015279	0.050895	-0.059301	0.584669	0.933796	9.315248	1.000000	0.000000	0.000000	0.000000	
0.389414	0.294527	-1.420339	1.239889	-0.799363	-0.496729	-0.188574	1.200010	-1.363724	0.854926	0.392700	0.291962	-1.418022	1.327263	-0.833085	-0.488735	-0.183211	1.204309	-1.482235	0.922243	-0.003668	-0.010486	-0.073656	-0.052374	-0.026119	-0.068166	-0.011678	-0.006232	0.053173	-0.105305	-0.011719	0.019531	-0.023438	-0.550781	0.191406	-0.050781	-0.050781	-0.035156	0.781250	-0.367188	0.030132	0.023643	-5.401937	-0.015279	0.050895	-0.059301	0.584669	0.933796	9.315248	1.000000	0.000000	0.000000	0.000000	
0.389338	0.294424	-1.420603	1.239590	-0.799607	-0.496805	-0.188911	1.200370	-1.364198	0.854855	0.392650	0.291970	-1.418023	1.326880	-0.832514	-0.488750	-0.183213	1.204330	-1.482351	0.920652	-0.063180	0.002441	-0.049241	-0.050603	0.056712	-0.052182	-0.009310	0.027294	-0.043538	-0.226888	-0.011719	0.027344	-0.011719	-0.558594	0.183594	-0.042969	-0.050781	-0.035156	0.781250	-0.347656	0.030132	0.023643	-5.401937	-0.015279	0.050895	-0.059301	0.584669	0.933796	9.315248	1.000000	0.000000	0.000000	0.000000	
0.389200	0.294287	-1.421076	1.239811	-0.801297	-0.496659	-0.189206	1.200279	-1.364183	0.856566	0.392616	0.291972	-1.418023	1.326246	-0.831600	-0.488777	-0.183205	1.204335	-1.482350	0.918589	0.011130	0.000244	-0.060758	-0.039957	0.047547	-0.081990	0.004885	0.020178	-0.049719	-0.162274	-0.011719	0.023438	-0.027344	-0.550781	0.175781	-0.050781	-0.050781	-0.039062	0.781250	-0.367188	0.030132	0.023643	-5.401937	-0.015279	0.050895	-0.059301	0.584669	0.933796	9.315248	1.000000	0.000000	0.000000	0.000000	
0.389161	0.294355	-1.421450	1.239614	-0.801744	-0.496824	-0.189281	1.200662	-1.363911	0.856526	0.392537	0.291972	-1.418023	1.325561	-0.829746	-0.488782	-0.183228	1.204336	-1.482302	0.915462	-0.030294	0.004677	-0.061910	-0.101705	0.046630	-0.008199	-0.011144	-0.001472	0.012476	-0.169771	-0.019531	0.019531	-0.019531	-0.542969	0.175781	-0.054688	-0.050781	-0.035156	0.777344	-0.351562	0.030132	0.023643	-5.401937	-0.015279	0.050895	-0.059301	0.584669	0.933796	9.315248	1.000000	0.000000	0.000000	0.000000	
0.389160	0.294777	-1.421508	1.238732	-0.799892	-0.497047	-0.189292	1.201084	-1.363411	0.851272	0.392497	0.291972	-1.418023	1.324649	-0.829108	-0.488808	-0.183248	1.204287	-1.482244	0.914110	-0.030946	0.001631	0.004278	-0.149756	0.036070	0.016628	-0.003441	-0.038533	0.008227	-0.121666	-0.019531	0.023438	-0.019531	-0.519531	0.183594	-0.042969	-0.054688	-0.035156	0.777344	-0.351562	0.030132	0.023643	-5.401937	-0.015279	0.050895	-0.059301	0.584669	0.933796	9.315248	1.000000	0.000000	0.000000	0.000000	
0.388946	0.295100	-1.421230	1.237377	-0.797943	-0.497079	-0.189228	1.201601	-1.362868	0.844820	0.392489	0.291964	-1.418120	1.323667	-0.828811	-0.488885	-0.183285	1.204278	-1.482135	0.912967	-0.034501	-0.016122	-0.048427	-0.137113	-0.041758	-0.012296	-0.016629	-0.017812	0.018271	-0.137793	-0.023438	0.027344	-0.023438	-0.519531	0.167969	-0.042969	-0.050781	-0.035156	0.781250	-0.320312	0.030132	0.023643	-5.401937	-0.015279	0.050895	-0.059301	0.584669	0.933796	9.315248	1.000000	0.000000	0.000000	0.000000	
0.388760	0.295583	-1.421039	1.236420	-0.797050	-0.497127	-0.189502	1.202350	-1.363123	0.840133	0.392463	0.291971	-1.418236	1.321920	-0.828291	-0.488998	-0.183325	1.204324	-1.482065	0.911018	-0.038346	-0.001612	-0.008332	-0.107931	0.023741	-0.036126	-0.012132	-0.008760	0.015786	-0.160344	-0.027344	0.023438	-0.023438	-0.511719	0.164062	-0.050781	-0.050781	-0.035156	0.789062	-0.332031	0.030132	0.023643	-5.401937	-0.015279	0.050895	-0.059301	0.584669	0.933796	9.315248	1.000000	0.000000	0.000000	0.000000	
0.388730	0.295682	-1.421307	1.235851	-0.797319	-0.497154	-0.189687	1.202395	-1.362847	0.837803	0.392458	0.291972	-1.418405	1.320698	-0.826636	-0.489069	-0.183349	1.204406	-1.482002	0.906993	-0.017793	-0.008304	-0.028750	-0.087565	0.082636	-0.017571	-0.001213	-0.025303	-0.005401	-0.173068	-0.019531	0.027344	-0.019531	-0.515625	0.156250	-0.042969	-0.054688	-0.027344	0.789062	-0.339844	0.030132	0.023643	-5.401937	-0.015279	0.050895	-0.059301	0.584669	0.933796	9.315248	1.000000	0.000000	0.000000	0.000000	
0.388712	0.295608	-1.421898	1.235727	-0.797965	-0.497183	-0.189927	1.202484	-1.362195	0.835337	0.392481	0.291972	-1.418632	1.319654	-0.825384	-0.489107	-0.183386	1.204568	-1.481941	0.904080	-0.036676	-0.006646	-0.020323	-0.162300	0.098994	0.015691	-0.010590	-0.058364	-0.056374	-0.230174	-0.019531	0.039062	-0.007812	-0.519531	0.164062	-0.042969	-0.054688	-0.023438	0.781250	-0.347656	0.030132	0.023643	-5.401937	-0.015279	0.050895	-0.059301	0.584669	0.933796	9.315248	1.000000	0.000000	0.000000	0.000000	
0.388566	0.295344	-1.422123	1.234908	-0.799006	-0.497258	-0.190297	1.202962	-1.361662	0.833232	0.392485	0.291972	-1.418969	1.318645	-0.824504	-0.489188	-0.183442	1.204673	-1.481759	0.901437	0.006801	-0.012297	-0.054377	-0.086023	0.048285	-0.029838	-0.012691	-0.005836	-0.040534	-0.270781	-0.011719	0.035156	-0.011719	-0.515625	0.156250	-0.050781	-0.054688	-0.023438	0.792969	-0.347656	0.030132	0.023643	-5.401937	-0.015279	0.050895	-0.059301	0.584669	0.933796	9.315248	1.000000	0.000000	0.000000	0.000000	
0.388522	0.295241	-1.422906	1.234794	-0.800416	-0.497359	-0.190572	1.202951	-1.361122	0.832599	0.392462	0.291980	-1.419327	1.316699	-0.823698	-0.489179	-0.183461	1.204743	-1.481650	0.898946	-0.002809	0.002260	-0.040334	-0.141208	0.088580	0.010975	-0.014064	0.002906	-0.070356	-0.198070	-0.023438	0.039062	-0.007812	-0.503906	0.140625	-0.042969	-0.058594	-0.019531	0.781250	-0.355469	0.030132	0.023643	-5.401937	-0.015279	0.050895	-0.059301	0.584669	0.933796	9.315248	1.000000	0.000000	0.000000	0.000000	
0.388519	0.294190	-1.424598	1.235245	-0.812382	-0.498530	-0.192210	1.203968	-1.362116	0.848370	0.392433	0.291982	-1.419907	1.315582	-0.821767	-0.489154	-0.183505	1.204878	-1.481604	0.895491	-0.059605	0.004879	-0.129660	-0.115320	0.082140	0.091828	-0.014202	0.021228	-0.087297	-0.145434	-0.019531	0.039062	0.000000	-0.500000	0.125000	-0.050781	-0.066406	-0.019531	0.804688	-0.367188	0.024919	0.013808	-5.371705	0.024829	-0.104021	0.008369	0.096130	-0.111075	9.642375	1.000000	0.000000	0.000000	0.000000	
0.388948	0.292819	-1.427321	1.236842	-0.823169	-0.499187	-0.193658	1.203983	-1.362535	0.864289	0.392427	0.291982	-1.420605	1.314535	-0.820872	-0.489221	-0.183538	1.205002	-1.481523	0.893637	-0.023409	0.003978	-0.100207	-0.130180	0.119882	-0.015245	0.002069	-0.001367	-0.008730	-0.129701	-0.027344	0.035156	0.000000	-0.492188	0.117188	-0.054688	-0.066406	-0.023438	0.796875	-0.351562	0.023876	0.011841	-5.365658	0.028839	-0.119513	0.015137	0.047276	-0.215562	9.675088	1.000000	0.000000	0.000000	0.000000	
0.389661	0.291517	-1.428723	1.236741	-0.829835	-0.500578	-0.194679	1.203744	-1.364236	0.877222	0.392426	0.291966	-1.421665	1.313477	-0.821178	-0.489356	-0.183626	1.205026	-1.481191	0.893315	-0.005830	-0.011234	-0.065855	-0.058383	-0.050825	-0.036421	-0.011425	-0.048992	-0.000873	-0.002501	-0.027344	0.007812	-0.007812	-0.480469	0.082031	-0.054688	-0.074219	-0.003906	0.773438	-0.300781	0.023668	0.011447	-5.364449	0.029240	-0.121062	0.015813	0.042390	-0.226011	9.678359	1.000000	0.000000	0.000000	0.000000	
0.390402	0.291069	-1.429244	1.235853	-0.831442	-0.502386	-0.194559	1.202714	-1.366597	0.884712	0.392426	0.291963	-1.422435	1.311933	-0.822257	-0.489601	-0.183764	1.205007	-1.480955	0.894704	-0.035479	0.004693	-0.055440	-0.023286	-0.113261	-0.083904	-0.013938	0.012549	-0.017535	0.135846	-0.019531	0.007812	-0.023438	-0.480469	0.035156	-0.054688	-0.089844	-0.003906	0.781250	-0.250000	0.023626	0.011369	-5.364207	0.029281	-0.121217	0.015881	0.041902	-0.227056	9.678686	1.000000	0.000000	0.000000	0.000000	
0.391233	0.291074	-1.429376	1.236276	-0.830278	-0.503737	-0.194355	1.202302	-1.369677	0.887566	0.392450	0.291930	-1.423291	1.311261	-0.823030	-0.489892	-0.183865	1.204931	-1.480835	0.897308	-0.003548	-0.004184	-0.061378	-0.096549	-0.042733	-0.071204	-0.020005	-0.037131	0.001736	0.118274	-0.011719	0.000000	-0.023438	-0.480469	0.019531	-0.054688	-0.105469	-0.011719	0.761719	-0.199219	0.023618	0.011353	-5.364159	0.029285	-0.121232	0.015888	0.041853	-0.227160	9.678719	1.000000	0.000000	0.000000	0.000000	
0.391803	0.291573	-1.428517	1.236465	-0.828374	-0.505027	-0.194233	1.202395	-1.373179	0.887283	0.392479	0.291899	-1.424190	1.310835	-0.825317	-0.490338	-0.183893	1.204746	-1.480763	0.899865	-0.000355	0.011214	-0.030565	-0.002676	-0.101983	-0.090872	-0.010143	-0.052568	0.028091	0.109537	-0.011719	0.000000	-0.023438	-0.480469	-0.011719	-0.054688	-0.093750	-0.007812	0.757812	-0.164062	0.023616	0.011350	-5.364149	0.029285	-0.121234	0.015888	0.041848	-0.227171	9.678722	1.000000	0.000000	0.000000	0.000000	
0.392469	0.292295	-1.427756	1.236767	-0.825849	-0.506399	-0.194008	1.201844	-1.375881	0.886322	0.392509	0.291869	-1.425072	1.310411	-0.826041	-0.490936	-0.183898	1.204539	-1.480797	0.902048	-0.052380	-0.015164	-0.030974	-0.003757	-0.073012	-0.012577	-0.002178	-0.085518	0.009788	0.140070	0.000000	-0.007812	-0.023438	-0.476562	-0.011719	-0.066406	-0.093750	-0.011719	0.738281	-0.148438	0.023616	0.011349	-5.364147	0.029285	-0.121234	0.015888	0.041848	-0.227172	9.678722	1.000000	0.000000	0.000000	0.000000	
0.393029	0.292633	-1.427199	1.237651	-0.824662	-0.507487	-0.193691	1.201317	-1.376893	0.886443	0.392612	0.291863	-1.425297	1.309914	-0.826114	-0.491734	-0.183908	1.204377	-1.480876	0.903575	0.012210	-0.013148	-0.017056	-0.035272	-0.007301	-0.081519	-0.016503	-0.050427	-0.058345	0.076820	-0.007812	0.000000	-0.023438	-0.476562	-0.007812	-0.058594	-0.093750	-0.007812	0.707031	-0.132812	0.023615	0.011349	-5.364147	0.029285	-0.121234	0.015888	0.041847	-0.227172	9.678722	1.000000	0.000000	0.000000	0.000000	
0.393550	0.292445	-1.426440	1.238523	-0.825259	-0.508341	-0.194017	1.201911	-1.377920	0.887184	0.392681	0.291870	-1.425318	1.309669	-0.825910	-0.492548	-0.183901	1.203956	-1.480868	0.904269	0.015180	-0.025742	-0.057540	-0.062851	-0.063544	-0.098882	-0.000487	-0.081815	-0.019793	-0.027214	0.000000	0.007812	-0.019531	-0.468750	-0.003906	-0.074219	-0.093750	0.003906	0.695312	-0.117188	0.023615	0.011349	-5.364147	0.029285	-0.121234	0.015888	0.041847	-0.227172	9.678722	1.000000	0.000000	0.000000	0.000000	
0.394202	0.292214	-1.425720	1.238741	-0.826043	-0.509478	-0.194364	1.202433	-1.377921	0.887469	0.392744	0.291879	-1.425152	1.309548	-0.825675	-0.492929	-0.183900	1.202612	-1.480866	0.904383	0.018966	0.000915	-0.002264	-0.041181	0.000625	-0.037805	-0.002375	-0.039588	-0.036876	-0.051576	0.000000	0.003906	-0.023438	-0.464844	0.000000	-0.074219	-0.093750	0.011719	0.683594	-0.117188	0.023615	0.011349	-5.364147	0.029285	-0.121234	0.015888	0.041847	-0.227172	9.678722	1.000000	0.000000	0.000000	0.000000	
0.394995	0.291949	-1.425137	1.238548	-0.825724	-0.510460	-0.194284	1.202713	-1.377669	0.886330	0.392756	0.291873	-1.424804	1.309402	-0.825556	-0.493442	-0.183908	1.201883	-1.480914	0.904430	-0.036489	-0.011541	-0.000226	-0.087869	-0.020875	-0.045656	-0.007217	-0.042345	0.017250	-0.036564	0.007812	0.003906	-0.023438	-0.460938	0.003906	-0.082031	-0.093750	0.019531	0.683594	-0.109375	0.023615	0.011349	-5.364147	0.029285	-0.121234	0.015888	0.041847	-0.227172	9.678722	1.000000	0.000000	0.000000	0.000000	
0.395510	0.291872	-1.424144	1.238486	-0.825016	-0.511366	-0.194588	1.203304	-1.377841	0.884255	0.392759	0.291872	-1.424468	1.309373	-0.825532	-0.493956	-0.183942	1.201543	-1.480948	0.904440	-0.021097	-0.011623	0.024405	-0.015766	-0.040473	-0.042952	-0.001885	-0.049600	-0.001765	-0.056001	0.007812	0.000000	-0.019531	-0.468750	0.003906	-0.089844	-0.093750	0.011719	0.679688	-0.105469	0.023615	0.011349	-5.364147	0.029285	-0.121234	0.015888	0.041847	-0.227172	9.678722	1.000000	0.000000	0.000000	0.000000	
0.395873	0.291952	-1.423520	1.238809	-0.825017	-0.512056	-0.194439	1.203069	-1.378106	0.883765	0.392759	0.291863	-1.424086	1.309392	-0.825503	-0.494544	-0.183973	1.201427	-1.480955	0.904369	-0.054454	-0.022100	0.002440	-0.008556	0.009911	-0.098515	-0.024616	-0.036367	-0.035073	0.011848	0.019531	0.003906	-0.019531	-0.464844	0.000000	-0.085938	-0.093750	0.011719	0.683594	-0.109375	0.023615	0.011349	-5.364147	0.029285	-0.121234	0.015888	0.041847	-0.227172	9.678722	1.000000	0.000000	0.000000	0.000000	
0.396288	0.291558	-1.423125	1.239513	-0.826163	-0.512672	-0.194723	1.203052	-1.378208	0.885192	0.392759	0.291870	-1.423646	1.309420	-0.825521	-0.495315	-0.184011	1.201403	-1.480956	0.904209	-0.050811	0.000116	-0.003246	-0.007835	-0.051353	-0.055217	-0.000135	-0.038533	-0.048873	-0.009284	0.019531	0.003906	-0.011719	-0.468750	0.000000	-0.074219	-0.093750	0.019531	0.683594	-0.125000	0.023615	0.011349	-5.364147	0.029285	-0.121234	0.015888	0.041847	-0.227172	9.678722	1.000000	0.000000	0.000000	0.000000	
0.396566	0.291189	-1.422599	1.239809	-0.828185	-0.513359	-0.194871	1.203410	-1.377820	0.887497	0.392783	0.291863	-1.422855	1.309449	-0.825525	-0.496439	-0.184068	1.201399	-1.480908	0.904080	-0.008571	-0.011620	-0.003814	-0.042659	-0.029563	-0.096252	-0.010482	0.006616	-0.008377	-0.025356	0.011719	0.000000	-0.011719	-0.464844	0.003906	-0.074219	-0.101562	0.023438	0.675781	-0.132812	0.023615	0.011349	-5.364147	0.029285	-0.121234	0.015888	0.041847	-0.227172	9.678722	1.000000	0.000000	0.000000	0.000000	
0.396931	0.290970	-1.421944	1.239780	-0.829770	-0.514135	-0.195110	1.203815	-1.378110	0.889485	0.392764	0.291853	-1.422285	1.309673	-0.825574	-0.497342	-0.184095	1.201349	-1.480899	0.904079	-0.056691	-0.010468	-0.000381	-0.000776	-0.020404	-0.034053	-0.004538	0.007641	-0.046203	-0.030453	0.023438	0.000000	-0.023438	-0.460938	0.000000	-0.085938	-0.101562	0.023438	0.675781	-0.121094	0.023615	0.011349	-5.364147	0.029285	-0.121234	0.015888	0.041847	-0.227172	9.678722	1.000000	0.000000	0.000000	0.000000	
0.397221	0.290819	-1.421344	1.240126	-0.830707	-0.514642	-0.195139	1.204076	-1.378119	0.890747	0.392760	0.291827	-1.421783	1.309791	-0.825826	-0.497959	-0.184141	1.201315	-1.480824	0.904200	-0.044055	-0.009189	-0.000038	-0.027995	-0.061364	-0.101115	-0.009759	0.049619	-0.004620	0.007424	0.023438	-0.003906	-0.011719	-0.460938	-0.003906	-0.089844	-0.101562	0.023438	0.675781	-0.109375	0.023615	0.011349	-5.364147	0.029285	-0.121234	0.015888	0.041847	-0.227172	9.678722	1.000000	0.000000	0.000000	0.000000	
0.397603	0.290610	-1.420673	1.240287	-0.831835	-0.515300	-0.195465	1.204512	-1.378461	0.892380	0.392759	0.291814	-1.421295	1.309863	-0.826046	-0.498180	-0.184207	1.201163	-1.480809	0.904321	-0.046281	-0.007898	-0.017452	-0.027227	-0.075929	0.014316	-0.000976	0.039858	-0.035358	-0.009727	0.027344	0.000000	-0.027344	-0.464844	-0.019531	-0.089844	-0.101562	0.035156	0.675781	-0.101562	0.023615	0.011349	-5.364147	0.029285	-0.121234	0.015888	0.041847	-0.227172	9.678722	1.000000	0.000000	0.000000	0.000000	
0.397790	0.290509	-1.419923	1.240447	-0.832157	-0.515726	-0.195432	1.204751	-1.378462	0.892031	0.392783	0.291787	-1.420543	1.309902	-0.826187	-0.498660	-0.184292	1.201060	-1.480709	0.904466	0.016310	-0.005443	0.001744	-0.006212	-0.035510	-0.040444	-0.021035	0.003986	-0.003536	-0.035869	0.027344	-0.003906	-0.050781	-0.453125	-0.019531	-0.082031	-0.101562	0.027344	0.675781	-0.089844	0.023615	0.011349	-5.364147	0.029285	-0.121234	0.015888	0.041847	-0.227172	9.678722	1.000000	0.000000	0.000000	0.000000	
0.397880	0.290399	-1.419383	1.241243	-0.832120	-0.515790	-0.195349	1.204365	-1.379061	0.891641	0.392788	0.291766	-1.419981	1.309982	-0.826385	-0.499362	-0.184382	1.200991	-1.480689	0.904738	0.005121	-0.021482	-0.017274	0.016827	-0.014020	-0.105244	-0.005593	0.003888	-0.052698	0.024330	0.039062	-0.003906	-0.019531	-0.460938	-0.023438	-0.085938	-0.089844	0.039062	0.683594	-0.089844	0.023615	0.011349	-5.364147	0.029285	-0.121234	0.015888	0.041847	-0.227172	9.678722	1.000000	0.000000	0.000000	0.000000	
0.398033	0.290247	-1.418828	1.241827	-0.832286	-0.516224	-0.195409	1.204115	-1.379337	0.891793	0.392789	0.291745	-1.419335	1.310047	-0.826570	-0.500205	-0.184481	1.200929	-1.480661	0.904889	0.000512	-0.013780	0.026190	0.012152	-0.039788	-0.041931	-0.005212	0.017837	-0.054125	0.016392	0.039062	-0.007812	-0.027344	-0.460938	-0.035156	-0.074219	-0.089844	0.042969	0.667969	-0.082031	0.023615	0.011349	-5.364147	0.029285	-0.121234	0.015888	0.041847	-0.227172	9.678722	1.000000	0.000000	0.000000	0.000000	
0.398263	0.289896	-1.418314	1.241658	-0.831717	-0.516700	-0.195201	1.204213	-1.379059	0.890426	0.392789	0.291741	-1.418600	1.310156	-0.826607	-0.500907	-0.184549	1.200649	-1.480655	0.904871	0.003541	-0.006031	0.051474	-0.075557	0.013469	-0.049558	-0.010990	-0.054050	-0.064736	-0.012319	0.027344	-0.007812	-0.023438	-0.453125	-0.039062	-0.082031	-0.101562	0.050781	0.664062	-0.082031	0.023615	0.011349	-5.364147	0.029285	-0.121234	0.015888	0.041847	-0.227172	9.678722	1.000000	0.000000	0.000000	0.000000	
0.398309	0.289631	-1.417343	1.241107	-0.830770	-0.517085	-0.195190	1.204409	-1.379121	0.887860	0.392789	0.291740	-1.417605	1.310300	-0.826639	-0.501314	-0.184587	1.200400	-1.480654	0.904867	0.000354	0.001723	0.008637	-0.004066	-0.040529	-0.067769	-0.005752	-0.040301	-0.062308	0.016216	0.039062	-0.011719	-0.019531	-0.449219	-0.023438	-0.089844	-0.093750	0.050781	0.675781	-0.082031	0.023615	0.011349	-5.364147	0.029285	-0.121234	0.015888	0.041847	-0.227172	9.678722	1.000000	0.000000	0.000000	0.000000	
0.398447	0.289064	-1.417075	1.241302	-0.830130	-0.517228	-0.195333	1.204426	-1.378855	0.886225	0.392789	0.291732	-1.417091	1.310255	-0.826572	-0.501516	-0.184603	1.200156	-1.480630	0.904745	-0.027882	0.012968	-0.034033	-0.084158	-0.011032	-0.003287	0.005241	-0.070333	-0.041127	0.001622	0.035156	-0.011719	-0.011719	-0.445312	-0.035156	-0.089844	-0.101562	0.050781	0.667969	-0.089844	0.023615	0.011349	-5.364147	0.029285	-0.121234	0.015888	0.041847	-0.227172	9.678722	1.000000	0.000000	0.000000	0.000000	
0.398433	0.288722	-1.416634	1.240677	-0.829121	-0.517483	-0.195228	1.204493	-1.378499	0.884321	0.392814	0.291714	-1.416625	1.310174	-0.826389	-0.501726	-0.184622	1.199962	-1.480625	0.904309	-0.041174	0.001297	0.028003	-0.043312	0.023324	-0.035225	0.005177	-0.101253	-0.039009	0.045527	0.042969	-0.023438	-0.007812	-0.449219	-0.019531	-0.085938	-0.093750	0.042969	0.667969	-0.093750	0.023615	0.011349	-5.364147	0.029285	-0.121234	0.015888	0.041847	-0.227172	9.678722	1.000000	0.000000	0.000000	0.000000	
0.398375	0.288203	-1.416335	1.240627	-0.828663	-0.517545	-0.195283	1.204395	-1.378114	0.883399	0.392867	0.291694	-1.416241	1.310158	-0.826256	-0.501841	-0.184650	1.199729	-1.480624	0.903834	-0.018076	0.015251	0.020249	-0.021779	-0.018605	-0.066336	-0.015767	-0.045022	-0.059735	-0.005916	0.035156	-0.023438	-0.011719	-0.449219	-0.035156	-0.089844	-0.093750	0.042969	0.675781	-0.101562	0.023615	0.011349	-5.364147	0.029285	-0.121234	0.015888	0.041847	-0.227172	9.678722	1.000000	0.000000	0.000000	0.000000	
0.398224	0.287889	-1.415939	1.240475	-0.829573	-0.517733	-0.195569	1.204510	-1.378344	0.883934	0.392902	0.291650	-1.415655	1.310106	-0.826035	-0.501985	-0.184664	1.199586	-1.480624	0.903327	-0.001808	-0.006617	0.005514	0.029229	-0.040246	-0.027571	0.004239	-0.049867	-0.040870	-0.052936	0.042969	-0.027344	-0.019531	-0.449219	-0.023438	-0.089844	-0.101562	0.050781	0.675781	-0.109375	0.023615	0.011349	-5.364147	0.029285	-0.121234	0.015888	0.041847	-0.227172	9.678722	1.000000	0.000000	0.000000	0.000000	
0.398138	0.287614	-1.415770	1.239909	-0.829750	-0.518013	-0.195444	1.204332	-1.378155	0.883792	0.392909	0.291625	-1.415247	1.310023	-0.825870	-0.502038	-0.184675	1.199436	-1.480599	0.902813	-0.049036	-0.012294	0.014510	-0.000567	-0.014494	0.032139	-0.010045	-0.102696	-0.025025	-0.064617	0.027344	-0.027344	-0.011719	-0.453125	-0.019531	-0.093750	-0.101562	0.050781	0.675781	-0.109375	0.023615	0.011349	-5.364147	0.029285	-0.121234	0.015888	0.041847	-0.227172	9.678722	1.000000	0.000000	0.000000	0.000000	
0.398002	0.287258	-1.415528	1.239398	-0.829073	-0.518065	-0.195332	1.204364	-1.377707	0.882475	0.392910	0.291572	-1.414850	1.309958	-0.825667	-0.502194	-0.184701	1.199309	-1.480595	0.902153	-0.060738	-0.014025	0.025878	-0.017505	0.009020	-0.031682	-0.012637	-0.013759	-0.012971	-0.079744	0.027344	-0.027344	-0.023438	-0.453125	-0.027344	-0.089844	-0.101562	0.066406	0.675781	-0.105469	0.023615	0.011349	-5.364147	0.029285	-0.121234	0.015888	0.041847	-0.227172	9.678722	1.000000	0.000000	0.000000	0.000000	
0.397841	0.286901	-1.415338	1.239215	-0.828717	-0.517934	-0.195460	1.204707	-1.377690	0.881650	0.392911	0.291529	-1.414432	1.309848	-0.825554	-0.502395	-0.184706	1.198799	-1.480569	0.901682	-0.058418	-0.013035	-0.011371	-0.057585	-0.033994	-0.038065	-0.007080	-0.053720	-0.022235	-0.067298	0.039062	-0.027344	-0.023438	-0.449219	-0.023438	-0.101562	-0.101562	0.066406	0.675781	-0.101562	0.023615	0.011349	-5.364147	0.029285	-0.121234	0.015888	0.041847	-0.227172	9.678722	1.000000	0.000000	0.000000	0.000000	
0.397610	0.286769	-1.415066	1.238602	-0.828673	-0.518095	-0.195542	1.205140	-1.377170	0.880655	0.392935	0.291464	-1.413718	1.309729	-0.825337	-0.502605	-0.184724	1.198358	-1.480540	0.900934	-0.002352	-0.011772	0.033759	-0.040655	0.007069	0.020621	-0.018156	-0.061206	-0.044099	-0.118398	0.035156	-0.039062	-0.023438	-0.460938	-0.027344	-0.089844	-0.105469	0.070312	0.675781	-0.089844	0.023615	0.011349	-5.364147	0.029285	-0.121234	0.015888	0.041847	-0.227172	9.678722	1.000000	0.000000	0.000000	0.000000	
0.397374	0.286631	-1.414802	1.237684	-0.827798	-0.518231	-0.195292	1.205146	-1.376872	0.878153	0.392940	0.291378	-1.413260	1.309463	-0.825052	-0.502913	-0.184727	1.198051	-1.480461	0.900008	0.006744	-0.018625	0.027803	-0.025003	0.014665	-0.004917	-0.011121	-0.089872	0.020018	-0.092101	0.042969	-0.027344	-0.023438	-0.460938	-0.039062	-0.085938	-0.101562	0.070312	0.675781	-0.101562	0.023615	0.011349	-5.364147	0.029285	-0.121234	0.015888	0.041847	-0.227172	9.678722	1.000000	0.000000	0.000000	0.000000	
0.397168	0.286432	-1.414669	1.237118	-0.826249	-0.518156	-0.195117	1.205109	-1.376676	0.875611	0.392916	0.291280	-1.412902	1.309240	-0.824462	-0.503460	-0.184744	1.197893	-1.480300	0.898878	-0.058649	-0.000699	0.002780	-0.030417	0.025894	-0.045857	-0.012744	-0.047373	0.033408	-0.099941	0.027344	-0.035156	-0.035156	-0.453125	-0.039062	-0.082031	-0.101562	0.082031	0.683594	-0.093750	0.023615	0.011349	-5.364147	0.029285	-0.121234	0.015888	0.041847	-0.227172	9.678722	1.000000	0.000000	0.000000	0.000000	
0.396950	0.285885	-1.414979	1.237588	-0.826417	-0.517889	-0.195367	1.204709	-1.376125	0.875771	0.392936	0.291163	-1.412612	1.309050	-0.823810	-0.503860	-0.184771	1.197667	-1.480123	0.898046	0.029031	0.002256	-0.086963	-0.017000	0.121237	-0.029013	-0.005927	-0.011717	0.024279	-0.090256	0.023438	-0.027344	-0.027344	-0.464844	-0.050781	-0.074219	-0.101562	0.082031	0.679688	-0.109375	0.023615	0.011349	-5.364147	0.029285	-0.121234	0.015888	0.041847	-0.227172	9.678722	1.000000	0.000000	0.000000	0.000000	
0.396719	0.285605	-1.415256	1.237470	-0.827167	-0.517713	-0.195518	1.205225	-1.375635	0.876453	0.392916	0.291019	-1.412167	1.308891	-0.822832	-0.504473	-0.184777	1.197622	-1.479821	0.896838	-0.031993	0.001389	0.047138	-0.078472	0.067958	-0.055246	-0.006409	-0.015130	0.037324	-0.186997	0.027344	-0.039062	-0.019531	-0.476562	-0.050781	-0.082031	-0.085938	0.070312	0.675781	-0.105469	0.023615	0.011349	-5.364147	0.029285	-0.121234	0.015888	0.041847	-0.227172	9.678722	1.000000	0.000000	0.000000	0.000000	
0.396529	0.285480	-1.415034	1.236352	-0.826645	-0.517991	-0.195610	1.205674	-1.375290	0.875121	0.392912	0.290925	-1.412005	1.308810	-0.821764	-0.504862	-0.184818	1.197613	-1.479615	0.895627	-0.013668	-0.014983	0.022162	-0.039254	0.097526	-0.040421	-0.026232	0.001977	0.031649	-0.158285	0.023438	-0.035156	-0.035156	-0.460938	-0.054688	-0.070312	-0.101562	0.074219	0.683594	-0.093750	0.023615	0.011349	-5.364147	0.029285	-0.121234	0.015888	0.041847	-0.227172	9.678722	1.000000	0.000000	0.000000	0.000000	
0.396212	0.285673	-1.414881	1.235492	-0.825621	-0.518243	-0.195481	1.205458	-1.375128	0.873236	0.392911	0.290794	-1.411803	1.308770	-0.821017	-0.505110	-0.184843	1.197612	-1.479356	0.894246	0.009102	-0.030579	-0.011742	-0.003925	0.107462	0.009916	-0.002623	-0.034699	0.031082	-0.064683	0.023438	-0.050781	-0.035156	-0.460938	-0.050781	-0.066406	-0.101562	0.074219	0.675781	-0.101562	0.023615	0.011349	-5.364147	0.029285	-0.121234	0.015888	0.041847	-0.227172	9.678722	1.000000	0.000000	0.000000	0.000000	
0.396008	0.285391	-1.415190	1.235287	-0.826091	-0.518212	-0.195492	1.205281	-1.374323	0.874084	0.392911	0.290743	-1.411423	1.308665	-0.819729	-0.505353	-0.184888	1.197708	-1.478964	0.893170	-0.002579	-0.001895	-0.022112	-0.080654	0.014236	-0.033905	-0.001426	0.080281	0.027536	-0.111157	0.019531	-0.039062	-0.039062	-0.480469	-0.066406	-0.082031	-0.093750	0.070312	0.664062	-0.082031	0.023615	0.011349	-5.364147	0.029285	-0.121234	0.015888	0.041847	-0.227172	9.678722	1.000000	0.000000	0.000000	0.000000	
0.395840	0.285270	-1.415049	1.234649	-0.826485	-0.518352	-0.195963	1.206021	-1.374378	0.874492	0.392911	0.290717	-1.410911	1.308571	-0.818647	-0.505499	-0.184921	1.197727	-1.478086	0.891743	-0.000258	-0.011822	-0.030128	-0.035982	0.046789	-0.003390	-0.007122	0.004538	0.044629	-0.154191	0.023438	-0.050781	-0.042969	-0.476562	-0.074219	-0.074219	-0.093750	0.082031	0.664062	-0.074219	0.023615	0.011349	-5.364147	0.029285	-0.121234	0.015888	0.041847	-0.227172	9.678722	1.000000	0.000000	0.000000	0.000000	
0.395705	0.285228	-1.415051	1.233833	-0.825489	-0.518381	-0.195990	1.206088	-1.373874	0.872764	0.392911	0.290703	-1.410566	1.308432	-0.817874	-0.505576	-0.184936	1.197707	-1.477402	0.890706	-0.000026	-0.002345	-0.003013	-0.055943	-0.016259	0.013619	0.005104	-0.051891	0.004463	-0.109639	0.019531	-0.039062	-0.054688	-0.476562	-0.066406	-0.074219	-0.101562	0.074219	0.660156	-0.085938	0.023615	0.011349	-5.364147	0.029285	-0.121234	0.015888	0.041847	-0.227172	9.678722	1.000000	0.000000	0.000000	0.000000	
0.395480	0.285134	-1.414953	1.232923	-0.823757	-0.518510	-0.195885	1.205923	-1.373213	0.870320	0.392911	0.290693	-1.410231	1.308040	-0.817379	-0.505640	-0.184988	1.197727	-1.476829	0.889190	0.013956	-0.008377	-0.024729	-0.009084	0.019312	-0.009107	0.002837	-0.019148	0.000446	-0.129611	0.019531	-0.042969	-0.054688	-0.476562	-0.070312	-0.089844	-0.105469	0.070312	0.656250	-0.070312	0.023615	0.011349	-5.364147	0.029285	-0.121234	0.015888	0.041847	-0.227172	9.678722	1.000000	0.000000	0.000000	0.000000	
0.395233	0.285307	-1.414871	1.232684	-0.822078	-0.518428	-0.195824	1.206048	-1.373255	0.868123	0.392935	0.290682	-1.409897	1.307647	-0.816723	-0.505702	-0.185038	1.197755	-1.476327	0.888063	0.015354	-0.010143	0.025444	-0.025336	0.043807	-0.074193	-0.018328	-0.008894	0.027962	-0.089733	0.019531	-0.050781	-0.058594	-0.480469	-0.066406	-0.085938	-0.105469	0.085938	0.664062	-0.070312	0.023615	0.011349	-5.364147	0.029285	-0.121234	0.015888	0.041847	-0.227172	9.678722	1.000000	0.000000	0.000000	0.000000	
0.395147	0.285482	-1.414696	1.231764	-0.820727	-0.518631	-0.195838	1.206351	-1.373356	0.866868	0.392891	0.290664	-1.409782	1.307156	-0.816156	-0.505714	-0.185048	1.197858	-1.475717	0.887038	-0.050809	-0.013810	-0.007924	-0.040920	0.032298	-0.021378	-0.001833	0.002600	0.051651	-0.096214	0.011719	-0.054688	-0.050781	-0.480469	-0.058594	-0.074219	-0.101562	0.066406	0.679688	-0.082031	0.023615	0.011349	-5.364147	0.029285	-0.121234	0.015888	0.041847	-0.227172	9.678722	1.000000	0.000000	0.000000	0.000000	
0.395044	0.285380	-1.414951	1.231544	-0.821589	-0.518764	-0.196070	1.206439	-1.372381	0.867816	0.392931	0.290661	-1.409904	1.306670	-0.815364	-0.505692	-0.185059	1.198169	-1.475450	0.886154	0.036795	-0.002544	-0.032199	-0.105291	0.080002	0.022290	-0.007163	0.101459	0.001675	-0.096862	0.019531	-0.050781	-0.035156	-0.468750	-0.070312	-0.085938	-0.093750	0.074219	0.667969	-0.089844	0.023615	0.011349	-5.364147	0.029285	-0.121234	0.015888	0.041847	-0.227172	9.678722	1.000000	0.000000	0.000000	0.000000	
0.394859	0.285604	-1.414943	1.230624	-0.822873	-0.518953	-0.196253	1.206955	-1.372555	0.869264	0.392890	0.290660	-1.410050	1.306113	-0.814479	-0.505712	-0.185061	1.198401	-1.475203	0.884354	-0.052155	0.005562	-0.017178	-0.000060	0.063834	0.009208	-0.010022	0.010146	-0.024260	-0.117865	0.007812	-0.050781	-0.035156	-0.480469	-0.058594	-0.074219	-0.101562	0.082031	0.664062	-0.082031	0.023615	0.011349	-5.364147	0.029285	-0.121234	0.015888	0.041847	-0.227172	9.678722	1.000000	0.000000	0.000000	0.000000	
0.394597	0.285968	-1.414981	1.230615	-0.821770	-0.518820	-0.196439	1.207114	-1.372550	0.867657	0.392907	0.290652	-1.410055	1.305807	-0.813696	-0.505716	-0.185077	1.198496	-1.474887	0.883461	-0.005215	-0.007586	-0.001718	-0.010475	0.023832	0.018369	-0.009145	-0.051330	0.022001	-0.032724	0.007812	-0.054688	-0.042969	-0.476562	-0.054688	-0.082031	-0.109375	0.082031	0.667969	-0.085938	0.023615	0.011349	-5.364147	0.029285	-0.121234	0.015888	0.041847	-0.227172	9.678722	1.000000	0.000000	0.000000	0.000000	
0.394480	0.285937	-1.415186	1.230137	-0.819573	-0.518660	-0.195974	1.207179	-1.371495	0.865572	0.392886	0.290658	-1.409741	1.305310	-0.813539	-0.505789	-0.185088	1.198467	-1.474169	0.883113	-0.028439	-0.004248	-0.021110	-0.168550	-0.004596	-0.067956	-0.005567	-0.001643	0.012669	-0.024210	0.007812	-0.039062	-0.058594	-0.476562	-0.070312	-0.066406	-0.109375	0.082031	0.656250	-0.074219	0.023615	0.011349	-5.364147	0.029285	-0.121234	0.015888	0.041847	-0.227172	9.678722	1.000000	0.000000	0.000000	0.000000	
0.394776	0.285875	-1.415414	1.230508	-0.824311	-0.519236	-0.196755	1.208521	-1.372686	0.872380	0.392881	0.290651	-1.409484	1.304774	-0.813338	-0.505852	-0.185091	1.198388	-1.473638	0.882728	-0.037740	-0.017873	-0.009090	-0.086648	0.020478	-0.097526	0.004096	-0.042040	0.081528	-0.033828	0.019531	-0.039062	-0.066406	-0.476562	-0.058594	-0.074219	-0.105469	0.085938	0.660156	-0.082031	0.028197	-0.043373	-5.367754	0.020017	-0.086400	0.046967	0.530387	-0.604875	9.893938	1.000000	0.000000	0.000000	0.000000	
0.395185	0.284283	-1.417929	1.233853	-0.834685	-0.518589	-0.198335	1.208467	-1.372454	0.891299	0.392856	0.290650	-1.409360	1.303867	-0.812934	-0.505986	-0.185107	1.198397	-1.473217	0.881439	-0.007264	-0.019235	-0.011378	-0.071478	0.103247	-0.072566	-0.007733	-0.004204	-0.012785	-0.118541	0.007812	-0.042969	-0.058594	-0.468750	-0.054688	-0.085938	-0.101562	0.085938	0.667969	-0.066406	0.029113	-0.054318	-5.368475	0.019090	-0.082917	0.050075	0.579241	-0.642646	9.915460	1.000000	0.000000	0.000000	0.000000	
0.395608	0.282238	-1.420476	1.236703	-0.847866	-0.518140	-0.200429	1.208581	-1.374250	0.917359	0.392827	0.290642	-1.409287	1.303395	-0.812320	-0.506255	-0.185135	1.198544	-1.473060	0.880964	-0.014685	-0.027514	-0.004627	-0.045534	-0.035041	-0.091008	-0.017058	-0.042296	-0.046644	-0.011854	0.007812	-0.039062	-0.054688	-0.476562	-0.070312	-0.070312	-0.109375	0.093750	0.656250	-0.050781	0.029297	-0.056506	-5.368619	0.018998	-0.082568	0.050386	0.584126	-0.646423	9.917611	1.000000	0.000000	0.000000	0.000000	
0.396933	0.280289	-1.422036	1.237978	-0.857289	-0.518682	-0.201511	1.208115	-1.376202	0.938372	0.392821	0.290616	-1.409320	1.302937	-0.812876	-0.506430	-0.185229	1.198573	-1.472689	0.882395	-0.036365	-0.007404	-0.049318	-0.119711	-0.104703	-0.043997	-0.027296	-0.000740	-0.025602	0.159338	0.019531	-0.054688	-0.082031	-0.433594	-0.109375	-0.066406	-0.121094	0.101562	0.656250	0.000000	0.029333	-0.056944	-5.368648	0.018988	-0.082533	0.050417	0.584615	-0.646800	9.917827	1.000000	0.000000	0.000000	0.000000	
0.398983	0.278263	-1.421875	1.237958	-0.862628	-0.520222	-0.202058	1.207530	-1.379194	0.950508	0.392844	0.290530	-1.409473	1.302846	-0.816307	-0.506999	-0.185442	1.198482	-1.472324	0.890557	-0.021085	-0.029821	-0.022380	-0.050357	-0.157035	-0.028827	-0.023667	0.013885	0.081191	0.288125	0.019531	-0.066406	-0.093750	-0.433594	-0.140625	-0.058594	-0.125000	0.105469	0.644531	0.054688	0.029341	-0.057032	-5.368654	0.018988	-0.082530	0.050420	0.584664	-0.646838	9.917848	1.000000	0.000000	0.000000	0.000000	
0.401200	0.276232	-1.421194	1.238078	-0.864101	-0.521677	-0.202238	1.205441	-1.382683	0.955723	0.393067	0.290141	-1.410060	1.302852	-0.818641	-0.508033	-0.185719	1.197979	-1.471984	0.897133	0.011850	-0.020430	-0.040624	-0.012015	-0.137841	-0.069186	-0.018652	-0.054446	0.095360	0.573195	0.027344	-0.058594	-0.093750	-0.417969	-0.175781	-0.027344	-0.132812	0.117188	0.601562	0.085938	0.029342	-0.057049	-5.368655	0.018987	-0.082530	0.050421	0.584668	-0.646842	9.917850	1.000000	0.000000	0.000000	0.000000	
0.403261	0.274074	-1.420278	1.239216	-0.864511	-0.523093	-0.202105	1.203125	-1.385220	0.959619	0.393257	0.289393	-1.410566	1.302901	-0.821338	-0.509137	-0.186130	1.197345	-1.471747	0.904168	0.053529	-0.042755	-0.028490	0.009267	-0.205714	-0.097649	-0.039088	-0.096175	-0.021871	0.528420	0.023438	-0.058594	-0.089844	-0.421875	-0.191406	-0.050781	-0.132812	0.121094	0.597656	0.125000	0.029342	-0.057053	-5.368655	0.018987	-0.082530	0.050421	0.584669	-0.646842	9.917850	1.000000	0.000000	0.000000	0.000000	
0.404979	0.271903	-1.418872	1.240506	-0.866436	-0.524455	-0.202427	1.201830	-1.388157	0.964217	0.393877	0.288532	-1.411079	1.303008	-0.823792	-0.509987	-0.186462	1.196661	-1.471312	0.909888	0.043739	-0.068252	-0.058683	0.004416	-0.229949	-0.044661	-0.022520	-0.048003	0.004792	0.377378	0.027344	-0.054688	-0.085938	-0.421875	-0.191406	-0.058594	-0.132812	0.101562	0.585938	0.167969	0.029342	-0.057054	-5.368655	0.018987	-0.082530	0.050421	0.584669	-0.646842	9.917850	1.000000	0.000000	0.000000	0.000000	
0.406412	0.269808	-1.417449	1.241717	-0.869902	-0.525621	-0.202490	1.201022	-1.390571	0.970597	0.394897	0.287601	-1.411496	1.303078	-0.827505	-0.510497	-0.186618	1.195822	-1.471273	0.917115	0.032291	-0.082434	-0.040765	0.017890	-0.183518	-0.060300	-0.018537	-0.011780	-0.069313	0.261074	0.027344	-0.066406	-0.074219	-0.417969	-0.183594	-0.070312	-0.136719	0.093750	0.574219	0.183594	0.029342	-0.057054	-5.368655	0.018987	-0.082530	0.050421	0.584669	-0.646842	9.917850	1.000000	0.000000	0.000000	0.000000	
0.407610	0.268191	-1.416030	1.242650	-0.871214	-0.526828	-0.202075	1.199848	-1.392376	0.974343	0.396192	0.286332	-1.411749	1.303165	-0.829581	-0.511035	-0.186899	1.193352	-1.471241	0.921517	0.059063	-0.094321	0.013372	0.047154	-0.119551	-0.023478	-0.014649	-0.140763	-0.020890	0.350643	0.035156	-0.042969	-0.066406	-0.410156	-0.183594	-0.074219	-0.125000	0.136719	0.550781	0.167969	0.029342	-0.057054	-5.368655	0.018987	-0.082530	0.050421	0.584669	-0.646842	9.917850	1.000000	0.000000	0.000000	0.000000	
0.408808	0.267099	-1.414541	1.243217	-0.869612	-0.528110	-0.200901	1.198615	-1.392998	0.974947	0.397178	0.284818	-1.411509	1.303206	-0.831353	-0.511506	-0.187416	1.191476	-1.471283	0.926081	0.005906	-0.114121	0.046702	-0.033671	-0.200395	-0.065161	-0.036361	-0.157151	-0.036985	0.366579	0.050781	-0.042969	-0.066406	-0.398438	-0.203125	-0.074219	-0.093750	0.140625	0.535156	0.156250	0.029342	-0.057054	-5.368655	0.018987	-0.082530	0.050421	0.584669	-0.646842	9.917850	1.000000	0.000000	0.000000	0.000000	
0.409718	0.265985	-1.412588	1.244325	-0.867532	-0.529290	-0.200406	1.198109	-1.393581	0.973032	0.397908	0.282989	-1.410928	1.303336	-0.833380	-0.512594	-0.187923	1.189550	-1.471388	0.930507	0.056425	-0.123080	0.081442	-0.031284	-0.180563	-0.114695	-0.028064	-0.169259	-0.059533	0.315829	0.050781	-0.027344	-0.066406	-0.414062	-0.187500	-0.066406	-0.117188	0.152344	0.519531	0.171875	0.029342	-0.057054	-5.368655	0.018987	-0.082530	0.050421	0.584669	-0.646842	9.917850	1.000000	0.000000	0.000000	0.000000	
0.410516	0.264685	-1.410546	1.245550	-0.867396	-0.530285	-0.200255	1.197990	-1.393997	0.973768	0.398660	0.281936	-1.410327	1.303531	-0.834997	-0.513466	-0.188267	1.187953	-1.471385	0.936482	0.051008	-0.129792	0.001165	0.042237	-0.175090	-0.095221	-0.017928	-0.160001	0.025453	0.192106	0.042969	-0.035156	-0.054688	-0.394531	-0.199219	-0.074219	-0.093750	0.136719	0.519531	0.167969	0.029342	-0.057054	-5.368655	0.018987	-0.082530	0.050421	0.584669	-0.646842	9.917850	1.000000	0.000000	0.000000	0.000000	
0.411259	0.262913	-1.409566	1.247185	-0.868596	-0.530647	-0.200199	1.197481	-1.392700	0.977108	0.399780	0.280498	-1.409868	1.303813	-0.836677	-0.514197	-0.188691	1.185695	-1.471360	0.939300	0.088852	-0.076956	-0.024311	0.004224	-0.080322	-0.033949	-0.027383	-0.127668	0.051400	0.116920	0.042969	-0.042969	-0.054688	-0.402344	-0.171875	-0.085938	-0.074219	0.152344	0.511719	0.164062	0.029342	-0.057054	-5.368655	0.018987	-0.082530	0.050421	0.584669	-0.646842	9.917850	1.000000	0.000000	0.000000	0.000000	
0.411732	0.261666	-1.408700	1.247823	-0.869555	-0.531008	-0.199889	1.196716	-1.391683	0.981298	0.400658	0.279128	-1.408419	1.304184	-0.837377	-0.514877	-0.189196	1.184565	-1.471428	0.941536	0.026333	-0.076325	0.039444	0.024850	0.009416	-0.031312	-0.046940	-0.110477	-0.033246	0.144298	0.050781	-0.066406	-0.050781	-0.398438	-0.175781	-0.082031	-0.082031	0.152344	0.515625	0.148438	0.029342	-0.057054	-5.368655	0.018987	-0.082530	0.050421	0.584669	-0.646842	9.917850	1.000000	0.000000	0.000000	0.000000	
0.411978	0.260825	-1.407335	1.249028	-0.869727	-0.531507	-0.200079	1.196624	-1.391645	0.983992	0.401342	0.277804	-1.407184	1.305300	-0.838195	-0.515716	-0.189717	1.183709	-1.471393	0.943704	0.006123	-0.100689	0.157488	0.047850	-0.107237	-0.083393	-0.045406	-0.073861	-0.013793	0.160994	0.058594	-0.066406	-0.058594	-0.394531	-0.171875	-0.074219	-0.050781	0.164062	0.519531	0.164062	0.029342	-0.057054	-5.368655	0.018987	-0.082530	0.050421	0.584669	-0.646842	9.917850	1.000000	0.000000	0.000000	0.000000	
0.412125	0.259593	-1.405883	1.250083	-0.871227	-0.531987	-0.200252	1.196179	-1.391055	0.986893	0.401746	0.276343	-1.406089	1.305984	-0.840637	-0.516635	-0.190136	1.182811	-1.471289	0.947481	0.073895	-0.083351	0.019238	0.029212	-0.136350	-0.074642	-0.048743	-0.112075	-0.025807	0.176623	0.054688	-0.066406	-0.050781	-0.398438	-0.132812	-0.074219	-0.042969	0.171875	0.519531	0.156250	0.029342	-0.057054	-5.368655	0.018987	-0.082530	0.050421	0.584669	-0.646842	9.917850	1.000000	0.000000	0.000000	0.000000	
0.412253	0.258791	-1.404243	1.250116	-0.873248	-0.532715	-0.200236	1.195837	-1.390405	0.991294	0.402166	0.275009	-1.404392	1.306581	-0.842482	-0.517158	-0.190745	1.181395	-1.471147	0.950442	-0.010059	-0.075801	0.071717	0.051776	-0.167179	-0.017933	-0.046750	-0.046104	0.000909	0.244488	0.054688	-0.066406	-0.054688	-0.398438	-0.132812	-0.082031	-0.054688	0.171875	0.519531	0.140625	0.029342	-0.057054	-5.368655	0.018987	-0.082530	0.050421	0.584669	-0.646842	9.917850	1.000000	0.000000	0.000000	0.000000	
0.413221	0.259297	-1.402478	1.249393	-0.870592	-0.534228	-0.200498	1.195860	-1.390377	0.992087	0.402613	0.274153	-1.402889	1.307282	-0.844039	-0.517286	-0.191392	1.180676	-1.470974	0.953240	-0.001006	-0.095984	0.111861	0.033095	-0.159793	0.043572	-0.040735	-0.088362	0.003581	0.181482	0.050781	-0.039062	-0.070312	-0.398438	-0.125000	-0.085938	-0.035156	0.167969	0.519531	0.140625	0.028506	-0.096843	-5.375031	0.022583	0.070709	0.069116	0.233868	-1.576574	9.947981	1.000000	0.000000	0.000000	0.000000	
0.414033	0.257724	-1.401808	1.250443	-0.874093	-0.533966	-0.200989	1.196889	-1.389437	0.999028	0.403115	0.272972	-1.401667	1.308804	-0.846458	-0.517530	-0.191836	1.180193	-1.470406	0.956174	-0.021038	-0.092186	0.060041	0.055654	-0.148585	-0.041008	-0.027338	-0.047222	0.010827	0.210078	0.050781	-0.074219	-0.058594	-0.410156	-0.148438	-0.093750	-0.070312	0.171875	0.515625	0.156250	0.028339	-0.104801	-5.376307	0.022942	0.086033	0.070986	0.198787	-1.669547	9.950994	1.000000	0.000000	0.000000	0.000000	
0.414319	0.254758	-1.402119	1.253974	-0.883063	-0.532565	-0.202293	1.199196	-1.387391	1.012168	0.403869	0.272243	-1.400623	1.309641	-0.847306	-0.517724	-0.192143	1.179854	-1.470050	0.960129	0.015344	-0.037136	0.058349	0.040462	-0.025327	-0.077383	-0.050425	-0.039619	-0.019855	0.146635	0.050781	-0.089844	-0.039062	-0.417969	-0.136719	-0.105469	-0.058594	0.167969	0.511719	0.156250	0.028305	-0.106392	-5.376562	0.022978	0.087565	0.071173	0.195279	-1.678844	9.951295	1.000000	0.000000	0.000000	0.000000	
0.414404	0.252417	-1.401461	1.254958	-0.890783	-0.532034	-0.202965	1.201300	-1.386395	1.023855	0.404408	0.271475	-1.398791	1.310536	-0.848372	-0.517884	-0.192520	1.179689	-1.469494	0.963053	-0.005445	-0.059548	0.068648	0.038943	-0.107222	-0.011228	-0.055061	-0.024900	0.067807	0.189145	0.050781	-0.085938	-0.054688	-0.417969	-0.121094	-0.093750	-0.058594	0.167969	0.511719	0.175781	0.028299	-0.106710	-5.376613	0.022982	0.087718	0.071191	0.194929	-1.679774	9.951325	1.000000	0.000000	0.000000	0.000000	
0.414366	0.250475	-1.400541	1.254489	-0.895684	-0.531944	-0.202877	1.201841	-1.385506	1.030806	0.404685	0.270651	-1.397916	1.311805	-0.850378	-0.517892	-0.193007	1.179656	-1.468898	0.966764	0.023883	-0.064115	0.055720	0.017853	-0.227079	-0.015081	-0.019465	-0.002490	0.034698	0.266678	0.058594	-0.093750	-0.054688	-0.394531	-0.148438	-0.089844	-0.070312	0.199219	0.511719	0.187500	0.028297	-0.106774	-5.376623	0.022982	0.087733	0.071193	0.194894	-1.679867	9.951328	1.000000	0.000000	0.000000	0.000000	
0.414134	0.248600	-1.399225	1.253604	-0.899386	-0.531933	-0.202362	1.201588	-1.384929	1.034506	0.404862	0.269678	-1.397304	1.312350	-0.854996	-0.518015	-0.193411	1.179722	-1.467470	0.971480	0.047754	-0.057593	0.047448	0.019233	-0.287920	-0.050363	-0.044985	0.010220	0.076752	0.424486	0.066406	-0.105469	-0.050781	-0.386719	-0.152344	-0.085938	-0.058594	0.214844	0.503906	0.187500	0.028297	-0.106787	-5.376625	0.022982	0.087735	0.071193	0.194890	-1.679876	9.951328	1.000000	0.000000	0.000000	0.000000	
0.414164	0.246514	-1.398206	1.253960	-0.902711	-0.531720	-0.202037	1.201642	-1.384807	1.038017	0.405067	0.268353	-1.397012	1.312629	-0.858343	-0.518258	-0.193654	1.179784	-1.466215	0.981269	0.018734	-0.091837	0.004745	-0.032973	-0.300983	-0.067850	-0.028926	-0.019916	0.070489	0.363495	0.058594	-0.082031	-0.039062	-0.382812	-0.171875	-0.070312	-0.054688	0.222656	0.503906	0.175781	0.028297	-0.106789	-5.376626	0.022982	0.087735	0.071193	0.194890	-1.679877	9.951328	1.000000	0.000000	0.000000	0.000000	
0.414162	0.244572	-1.397252	1.255017	-0.906284	-0.531451	-0.201699	1.201717	-1.384706	1.042951	0.405302	0.266609	-1.396930	1.312781	-0.861266	-0.518670	-0.194066	1.179845	-1.465092	0.986910	0.001873	-0.140627	-0.051870	-0.017256	-0.215049	-0.041681	-0.049421	-0.001992	0.069862	0.336458	0.054688	-0.066406	-0.019531	-0.382812	-0.156250	-0.066406	-0.050781	0.214844	0.496094	0.191406	0.028297	-0.106790	-5.376626	0.022982	0.087735	0.071193	0.194890	-1.679877	9.951328	1.000000	0.000000	0.000000	0.000000	
0.414367	0.242756	-1.396432	1.256436	-0.908949	-0.531258	-0.201686	1.202183	-1.384546	1.047225	0.405737	0.264774	-1.396622	1.312787	-0.864177	-0.518970	-0.194302	1.179784	-1.464043	0.991019	0.021125	-0.126894	0.015751	-0.001726	-0.276248	-0.077450	-0.018901	-0.052544	0.076779	0.222086	0.042969	-0.074219	-0.023438	-0.382812	-0.175781	-0.070312	-0.054688	0.218750	0.492188	0.207031	0.028297	-0.106790	-5.376626	0.022982	0.087735	0.071193	0.194890	-1.679877	9.951328	1.000000	0.000000	0.000000	0.000000	
0.414328	0.241393	-1.395055	1.256668	-0.910908	-0.531503	-0.201416	1.201975	-1.384060	1.050601	0.406357	0.263115	-1.396125	1.312837	-0.868055	-0.519418	-0.194462	1.179675	-1.461604	0.994846	0.037009	-0.101093	0.032982	0.062641	-0.271899	-0.046131	-0.011196	-0.019213	0.087939	0.301379	0.035156	-0.093750	-0.023438	-0.382812	-0.183594	-0.054688	-0.054688	0.222656	0.468750	0.222656	0.028297	-0.106790	-5.376626	0.022982	0.087735	0.071193	0.194890	-1.679877	9.951328	1.000000	0.000000	0.000000	0.000000	
0.414621	0.240168	-1.394183	1.258292	-0.911421	-0.531484	-0.201276	1.202057	-1.382596	1.052336	0.406893	0.262185	-1.395395	1.312968	-0.870721	-0.519895	-0.194559	1.179605	-1.460050	1.000434	0.052556	-0.084555	0.062622	-0.042591	-0.173754	-0.133730	-0.017405	0.015527	0.116973	0.243006	0.023438	-0.105469	-0.035156	-0.371094	-0.175781	-0.066406	-0.058594	0.230469	0.453125	0.230469	0.028297	-0.106790	-5.376626	0.022982	0.087735	0.071193	0.194890	-1.679877	9.951328	1.000000	0.000000	0.000000	0.000000	
0.414923	0.238769	-1.392687	1.258998	-0.911967	-0.531851	-0.201558	1.202621	-1.382293	1.053546	0.407848	0.260965	-1.394013	1.313116	-0.873242	-0.520282	-0.194675	1.179542	-1.458455	1.003878	0.050621	-0.082901	0.013241	-0.004259	-0.174409	-0.041290	-0.018025	-0.008916	0.158262	0.265085	0.023438	-0.121094	-0.023438	-0.371094	-0.171875	-0.066406	-0.054688	0.222656	0.449219	0.214844	0.028297	-0.106790	-5.376626	0.022982	0.087735	0.071193	0.194890	-1.679877	9.951328	1.000000	0.000000	0.000000	0.000000	
0.415127	0.237728	-1.391640	1.259853	-0.912486	-0.532028	-0.201543	1.202800	-1.381439	1.055280	0.408572	0.259776	-1.393422	1.313315	-0.875103	-0.520625	-0.194771	1.179554	-1.456997	1.007038	-0.001917	-0.089715	0.001324	-0.021364	-0.122130	-0.077411	-0.019251	0.006088	0.120515	0.218438	0.027344	-0.105469	-0.007812	-0.367188	-0.199219	-0.054688	-0.066406	0.222656	0.449219	0.222656	0.028297	-0.106790	-5.376626	0.022982	0.087735	0.071193	0.194890	-1.679877	9.951328	1.000000	0.000000	0.000000	0.000000	
0.415547	0.236547	-1.390869	1.261100	-0.913277	-0.532238	-0.202148	1.203474	-1.380596	1.057314	0.409056	0.258416	-1.392916	1.313548	-0.878020	-0.520961	-0.194887	1.179629	-1.454306	1.010094	-0.035088	-0.081091	0.035029	-0.050991	-0.141329	-0.028679	-0.019373	0.025036	0.141168	0.147471	0.027344	-0.117188	-0.003906	-0.367188	-0.171875	-0.058594	-0.054688	0.230469	0.433594	0.218750	0.028297	-0.106790	-5.376626	0.022982	0.087735	0.071193	0.194890	-1.679877	9.951328	1.000000	0.000000	0.000000	0.000000	
0.415601	0.235883	-1.389794	1.261343	-0.915076	-0.532738	-0.202406	1.203927	-1.379460	1.060210	0.409420	0.257069	-1.392330	1.313910	-0.879815	-0.521173	-0.194951	1.179765	-1.452629	1.014267	0.006960	-0.090697	0.059337	-0.019058	-0.199083	-0.023806	-0.011243	0.009483	0.094378	0.126415	0.035156	-0.109375	-0.011719	-0.355469	-0.164062	-0.058594	-0.042969	0.218750	0.429688	0.207031	0.028297	-0.106790	-5.376626	0.022982	0.087735	0.071193	0.194890	-1.679877	9.951328	1.000000	0.000000	0.000000	0.000000	
0.415421	0.235367	-1.388638	1.261364	-0.916926	-0.533126	-0.202456	1.204352	-1.378533	1.063023	0.409662	0.255734	-1.390928	1.314346	-0.881676	-0.521361	-0.195157	1.180035	-1.451179	1.017040	-0.013263	-0.082352	0.072237	0.001584	-0.180431	-0.086132	-0.005777	0.028865	0.089699	0.148737	0.035156	-0.121094	-0.019531	-0.363281	-0.152344	-0.070312	-0.039062	0.222656	0.421875	0.187500	0.028297	-0.106790	-5.376626	0.022982	0.087735	0.071193	0.194890	-1.679877	9.951328	1.000000	0.000000	0.000000	0.000000	
0.415483	0.234419	-1.387695	1.262107	-0.919505	-0.533644	-0.202776	1.204655	-1.377630	1.065868	0.409953	0.254610	-1.390091	1.315427	-0.883236	-0.521399	-0.195449	1.180186	-1.449822	1.019316	-0.001326	-0.061743	0.035141	0.118806	-0.084346	0.036752	-0.014536	0.020335	0.061314	0.126542	0.035156	-0.117188	-0.007812	-0.367188	-0.164062	-0.070312	-0.042969	0.230469	0.433594	0.214844	0.028297	-0.106790	-5.376626	0.022982	0.087735	0.071193	0.194890	-1.679877	9.951328	1.000000	0.000000	0.000000	0.000000	
0.415477	0.233841	-1.386958	1.263162	-0.920989	-0.533942	-0.202553	1.204812	-1.377005	1.068707	0.410205	0.253546	-1.389414	1.315958	-0.886213	-0.521503	-0.195742	1.180313	-1.447903	1.021709	-0.059456	-0.095742	0.055859	0.060735	-0.113124	-0.041690	-0.009596	-0.032863	0.065455	0.159219	0.027344	-0.101562	0.000000	-0.367188	-0.148438	-0.070312	-0.050781	0.234375	0.417969	0.191406	0.028297	-0.106790	-5.376626	0.022982	0.087735	0.071193	0.194890	-1.679877	9.951328	1.000000	0.000000	0.000000	0.000000	
0.415503	0.232954	-1.385925	1.264200	-0.921935	-0.534380	-0.202582	1.205000	-1.376066	1.071043	0.410401	0.252888	-1.388891	1.316428	-0.888505	-0.521621	-0.196042	1.180387	-1.446671	1.026429	-0.005946	-0.080530	0.012565	0.072377	-0.262566	-0.053024	-0.039346	0.000203	0.132172	0.141549	0.035156	-0.109375	0.003906	-0.371094	-0.140625	-0.070312	-0.035156	0.234375	0.429688	0.183594	0.028297	-0.106790	-5.376626	0.022982	0.087735	0.071193	0.194890	-1.679877	9.951328	1.000000	0.000000	0.000000	0.000000	
0.415575	0.232253	-1.385235	1.265102	-0.922762	-0.534676	-0.202334	1.204973	-1.375569	1.072592	0.410755	0.251788	-1.387793	1.316837	-0.890490	-0.521838	-0.196531	1.180377	-1.445746	1.029554	-0.000595	-0.068540	0.008236	-0.048596	-0.110008	-0.054157	-0.037668	-0.101179	0.041134	0.185147	0.027344	-0.093750	-0.019531	-0.363281	-0.148438	-0.070312	-0.011719	0.246094	0.429688	0.175781	0.028297	-0.106790	-5.376626	0.022982	0.087735	0.071193	0.194890	-1.679877	9.951328	1.000000	0.000000	0.000000	0.000000	
0.415470	0.231632	-1.384374	1.265348	-0.924749	-0.535084	-0.202116	1.205087	-1.374967	1.075070	0.411068	0.250461	-1.386943	1.317767	-0.892317	-0.522100	-0.197032	1.180375	-1.444834	1.032675	0.013899	-0.084789	0.000824	-0.011839	-0.192462	-0.033333	-0.025868	-0.013608	0.049479	0.248830	0.023438	-0.070312	-0.003906	-0.367188	-0.132812	-0.074219	-0.019531	0.246094	0.429688	0.152344	0.028297	-0.106790	-5.376626	0.022982	0.087735	0.071193	0.194890	-1.679877	9.951328	1.000000	0.000000	0.000000	0.000000	
0.415639	0.230961	-1.383244	1.265754	-0.926594	-0.535646	-0.202287	1.205708	-1.375237	1.077913	0.411373	0.248951	-1.386216	1.318534	-0.895348	-0.522298	-0.197399	1.180302	-1.442980	1.035747	-0.023038	-0.087577	-0.038304	0.040692	-0.141383	-0.003333	-0.036320	-0.057195	0.151512	0.234261	0.023438	-0.082031	-0.003906	-0.363281	-0.121094	-0.082031	-0.019531	0.246094	0.421875	0.152344	0.028297	-0.106790	-5.376626	0.022982	0.087735	0.071193	0.194890	-1.679877	9.951328	1.000000	0.000000	0.000000	0.000000	
0.415716	0.230281	-1.382809	1.267218	-0.930038	-0.535815	-0.202510	1.205940	-1.374106	1.082852	0.411579	0.247664	-1.385538	1.319269	-0.897869	-0.522410	-0.197642	1.180288	-1.442100	1.040336	-0.019752	-0.099488	0.024087	0.025007	-0.195599	-0.007313	-0.031549	0.018708	0.008172	0.218846	0.019531	-0.089844	-0.003906	-0.371094	-0.109375	-0.074219	-0.011719	0.234375	0.417969	0.156250	0.028297	-0.106790	-5.376626	0.022982	0.087735	0.071193	0.194890	-1.679877	9.951328	1.000000	0.000000	0.000000	0.000000	
0.415561	0.229702	-1.382137	1.268029	-0.934281	-0.536257	-0.202557	1.206461	-1.373622	1.088263	0.411693	0.246534	-1.384384	1.320386	-0.899900	-0.522626	-0.198127	1.180261	-1.441585	1.043507	0.015473	-0.052988	0.065222	0.082762	-0.190552	-0.011200	-0.018277	-0.001619	0.028734	0.224283	0.027344	-0.093750	0.000000	-0.371094	-0.109375	-0.074219	-0.003906	0.246094	0.429688	0.152344	0.028297	-0.106790	-5.376626	0.022982	0.087735	0.071193	0.194890	-1.679877	9.951328	1.000000	0.000000	0.000000	0.000000	
0.415554	0.229192	-1.381135	1.268839	-0.937468	-0.536567	-0.202442	1.207435	-1.373485	1.091849	0.411813	0.245702	-1.383596	1.321239	-0.902245	-0.522985	-0.198547	1.180231	-1.441336	1.046298	-0.012411	-0.047174	0.048398	0.067600	-0.179578	-0.081382	-0.026255	-0.035058	0.002873	0.186441	0.027344	-0.101562	-0.007812	-0.371094	-0.121094	-0.070312	-0.003906	0.257812	0.437500	0.175781	0.028297	-0.106790	-5.376626	0.022982	0.087735	0.071193	0.194890	-1.679877	9.951328	1.000000	0.000000	0.000000	0.000000	
0.415983	0.228380	-1.380027	1.269799	-0.938884	-0.536991	-0.202183	1.208229	-1.373684	1.093258	0.411813	0.245092	-1.383002	1.322137	-0.906082	-0.523420	-0.199100	1.180225	-1.441069	1.049328	-0.078013	-0.036124	-0.009119	0.073063	-0.178481	-0.043034	-0.050317	-0.087257	-0.013671	0.217553	0.023438	-0.125000	-0.003906	-0.394531	-0.117188	-0.074219	0.007812	0.257812	0.437500	0.171875	0.028297	-0.106790	-5.376626	0.022982	0.087735	0.071193	0.194890	-1.679877	9.951328	1.000000	0.000000	0.000000	0.000000	
0.416250	0.227981	-1.379213	1.271391	-0.940683	-0.537353	-0.202001	1.208794	-1.372962	1.095679	0.411837	0.244840	-1.381696	1.323455	-0.909297	-0.523870	-0.199574	1.180248	-1.440870	1.052770	-0.011291	-0.017571	0.030495	0.063140	-0.220247	-0.060138	-0.028296	-0.061070	-0.036263	0.255561	0.011719	-0.125000	-0.011719	-0.398438	-0.085938	-0.070312	0.000000	0.269531	0.433594	0.164062	0.028297	-0.106790	-5.376626	0.022982	0.087735	0.071193	0.194890	-1.679877	9.951328	1.000000	0.000000	0.000000	0.000000	
0.416330	0.227900	-1.377947	1.272824	-0.943599	-0.538158	-0.202171	1.210253	-1.372808	1.101545	0.411842	0.244435	-1.380611	1.326385	-0.912170	-0.524300	-0.199822	1.180350	-1.440757	1.057602	-0.004619	-0.027348	0.086801	0.194754	-0.220934	-0.006014	-0.029583	-0.020066	0.010332	0.165141	0.027344	-0.125000	-0.011719	-0.429688	-0.105469	-0.066406	-0.003906	0.269531	0.437500	0.171875	0.028297	-0.106790	-5.376626	0.022982	0.087735	0.071193	0.194890	-1.679877	9.951328	1.000000	0.000000	0.000000	0.000000	
0.416603	0.227460	-1.376561	1.274528	-0.946353	-0.538735	-0.202119	1.211250	-1.372691	1.108784	0.411819	0.244014	-1.379255	1.328594	-0.914731	-0.524701	-0.199968	1.180467	-1.440735	1.060846	-0.035358	-0.014367	0.057535	0.162550	-0.196575	-0.014560	-0.028549	-0.026434	0.018481	0.299174	0.027344	-0.132812	-0.035156	-0.421875	-0.101562	-0.070312	-0.007812	0.281250	0.449219	0.148438	0.028297	-0.106790	-5.376626	0.022982	0.087735	0.071193	0.194890	-1.679877	9.951328	1.000000	0.000000	0.000000	0.000000	
0.417015	0.226725	-1.375288	1.277591	-0.949211	-0.539198	-0.202435	1.212625	-1.371524	1.118218	0.411790	0.243768	-1.377966	1.330660	-0.918467	-0.525023	-0.200087	1.180587	-1.440730	1.064451	-0.038432	-0.020048	0.040650	0.138392	-0.148774	-0.036352	-0.004018	0.049701	-0.022579	0.302109	0.023438	-0.140625	-0.027344	-0.449219	-0.109375	-0.085938	-0.007812	0.296875	0.445312	0.140625	0.028297	-0.106790	-5.376626	0.022982	0.087735	0.071193	0.194890	-1.679877	9.951328	1.000000	0.000000	0.000000	0.000000	
0.417432	0.226103	-1.373490	1.279584	-0.951402	-0.539814	-0.202738	1.214559	-1.371719	1.125658	0.411808	0.243590	-1.375793	1.332672	-0.920886	-0.525160	-0.200151	1.180587	-1.440681	1.068323	-0.003843	-0.011310	0.098285	0.108059	-0.185869	-0.028063	-0.012034	-0.040395	-0.002258	0.319850	0.035156	-0.152344	-0.050781	-0.421875	-0.101562	-0.082031	-0.007812	0.300781	0.449219	0.148438	0.028297	-0.106790	-5.376626	0.022982	0.087735	0.071193	0.194890	-1.679877	9.951328	1.000000	0.000000	0.000000	0.000000	
0.418180	0.225480	-1.371410	1.281066	-0.952254	-0.540346	-0.202648	1.216303	-1.372447	1.130357	0.411812	0.243361	-1.374293	1.336298	-0.923090	-0.525333	-0.200285	1.180660	-1.440477	1.075253	-0.003874	-0.016253	0.055194	0.073619	-0.196558	-0.044682	-0.001203	-0.056384	0.013733	0.279749	0.035156	-0.140625	-0.050781	-0.433594	-0.105469	-0.085938	-0.007812	0.316406	0.445312	0.156250	0.028297	-0.106790	-5.376626	0.022982	0.087735	0.071193	0.194890	-1.679877	9.951328	1.000000	0.000000	0.000000	0.000000	
0.419153	0.224947	-1.369009	1.282689	-0.952623	-0.540864	-0.202449	1.217733	-1.373108	1.134299	0.411837	0.243088	-1.373072	1.338647	-0.925664	-0.525513	-0.200473	1.180795	-1.440218	1.080080	0.003102	-0.045827	0.050885	0.132989	-0.215075	-0.025406	-0.015242	-0.040535	0.064187	0.390897	0.042969	-0.136719	-0.027344	-0.433594	-0.101562	-0.089844	-0.007812	0.335938	0.445312	0.156250	0.028297	-0.106790	-5.376626	0.022982	0.087735	0.071193	0.194890	-1.679877	9.951328	1.000000	0.000000	0.000000	0.000000	
0.420246	0.224452	-1.366858	1.285327	-0.953412	-0.541244	-0.202470	1.218963	-1.372762	1.140144	0.411915	0.242638	-1.371664	1.340401	-0.929523	-0.525791	-0.200583	1.180944	-1.439318	1.084850	-0.031096	-0.031337	0.081860	0.072623	-0.164582	-0.072333	-0.007340	-0.049419	0.016888	0.395032	0.042969	-0.136719	-0.039062	-0.437500	-0.105469	-0.074219	-0.011719	0.347656	0.410156	0.171875	0.028297	-0.106790	-5.376626	0.022982	0.087735	0.071193	0.194890	-1.679877	9.951328	1.000000	0.000000	0.000000	0.000000	
0.421299	0.223739	-1.364543	1.287262	-0.955085	-0.541604	-0.202519	1.220283	-1.373149	1.144931	0.412124	0.242241	-1.370074	1.342157	-0.931191	-0.526404	-0.200638	1.181095	-1.438435	1.089414	-0.038006	-0.034540	0.025634	0.115441	-0.110678	-0.094474	-0.017019	-0.088693	0.064502	0.315184	0.042969	-0.140625	-0.003906	-0.433594	-0.105469	-0.070312	-0.019531	0.351562	0.410156	0.171875	0.028297	-0.106790	-5.376626	0.022982	0.087735	0.071193	0.194890	-1.679877	9.951328	1.000000	0.000000	0.000000	0.000000	
0.422144	0.223283	-1.362490	1.290252	-0.957997	-0.541719	-0.202821	1.221732	-1.373184	1.151856	0.412408	0.241701	-1.369223	1.344883	-0.932664	-0.527230	-0.200673	1.181391	-1.437580	1.096119	-0.003801	-0.056962	0.026991	0.102275	-0.105288	-0.079240	-0.019150	0.008579	0.051815	0.240896	0.050781	-0.117188	0.007812	-0.433594	-0.085938	-0.070312	-0.019531	0.355469	0.394531	0.183594	0.028297	-0.106790	-5.376626	0.022982	0.087735	0.071193	0.194890	-1.679877	9.951328	1.000000	0.000000	0.000000	0.000000	
0.422695	0.223165	-1.360169	1.292412	-0.961733	-0.542054	-0.202744	1.223081	-1.373582	1.159846	0.412562	0.241004	-1.368350	1.346834	-0.934340	-0.528146	-0.200696	1.181814	-1.436731	1.100368	-0.010849	-0.062694	0.062023	0.139344	-0.143135	-0.123082	-0.033322	0.021796	0.099402	0.191592	0.050781	-0.117188	0.011719	-0.437500	-0.089844	-0.066406	-0.011719	0.378906	0.394531	0.203125	0.028297	-0.106790	-5.376626	0.022982	0.087735	0.071193	0.194890	-1.679877	9.951328	1.000000	0.000000	0.000000	0.000000	
0.423318	0.222714	-1.357728	1.294404	-0.964460	-0.542296	-0.202624	1.223876	-1.373955	1.165089	0.412956	0.240178	-1.367182	1.348630	-0.937680	-0.529129	-0.200717	1.182141	-1.434840	1.104175	-0.008064	-0.040002	0.055057	0.115134	-0.178326	-0.116997	-0.001006	0.005669	0.153015	0.287861	0.050781	-0.109375	0.019531	-0.429688	-0.089844	-0.066406	-0.019531	0.382812	0.371094	0.207031	0.028297	-0.106790	-5.376626	0.022982	0.087735	0.071193	0.194890	-1.679877	9.951328	1.000000	0.000000	0.000000	0.000000	
0.424034	0.222567	-1.355854	1.296057	-0.967153	-0.542772	-0.201930	1.223295	-1.373631	1.167480	0.413374	0.239504	-1.365106	1.350903	-0.939705	-0.529762	-0.200737	1.182449	-1.433735	1.108571	-0.014765	-0.048202	0.103215	0.098754	-0.153928	-0.022169	-0.015222	-0.016881	0.039729	0.300977	0.058594	-0.117188	0.003906	-0.449219	-0.085938	-0.066406	-0.007812	0.398438	0.371094	0.214844	0.028297	-0.106790	-5.376626	0.022982	0.087735	0.071193	0.194890	-1.679877	9.951328	1.000000	0.000000	0.000000	0.000000	
0.424246	0.222736	-1.354281	1.297444	-0.970578	-0.542938	-0.200844	1.222613	-1.375372	1.167815	0.413846	0.238682	-1.363165	1.355017	-0.941830	-0.530179	-0.200733	1.182729	-1.432690	1.116187	0.002013	-0.038553	0.111521	0.142481	-0.203833	-0.047582	0.005457	-0.008667	0.136579	0.379061	0.050781	-0.101562	0.000000	-0.468750	-0.093750	-0.070312	-0.011719	0.398438	0.351562	0.183594	0.028297	-0.106790	-5.376626	0.022982	0.087735	0.071193	0.194890	-1.679877	9.951328	1.000000	0.000000	0.000000	0.000000	
0.424325	0.222852	-1.352777	1.299592	-0.975225	-0.542767	-0.200529	1.222060	-1.376667	1.169289	0.414522	0.238138	-1.361468	1.357706	-0.943903	-0.530408	-0.200740	1.182954	-1.431633	1.121345	0.000201	-0.045731	0.105372	0.181751	-0.208823	-0.050123	-0.011086	-0.000867	0.052044	0.303118	0.039062	-0.085938	0.019531	-0.476562	-0.085938	-0.058594	-0.007812	0.398438	0.347656	0.183594	0.028297	-0.106790	-5.376626	0.022982	0.087735	0.071193	0.194890	-1.679877	9.951328	1.000000	0.000000	0.000000	0.000000	
0.424418	0.223075	-1.351527	1.302025	-0.980505	-0.542752	-0.200041	1.221379	-1.377561	1.172512	0.415166	0.237262	-1.359553	1.360158	-0.946935	-0.530987	-0.200742	1.182999	-1.429653	1.125527	-0.020918	-0.069713	0.146633	0.161250	-0.132551	-0.060846	-0.020883	0.003403	0.019163	0.253648	0.050781	-0.085938	0.000000	-0.464844	-0.109375	-0.058594	0.000000	0.394531	0.335938	0.171875	0.028297	-0.106790	-5.376626	0.022982	0.087735	0.071193	0.194890	-1.679877	9.951328	1.000000	0.000000	0.000000	0.000000	
0.424780	0.223051	-1.349617	1.303964	-0.984901	-0.543068	-0.199772	1.221320	-1.377841	1.175126	0.415658	0.236481	-1.356989	1.362418	-0.949117	-0.531927	-0.200734	1.182984	-1.428627	1.128860	0.018846	-0.055826	0.133311	0.106855	-0.184247	-0.079367	-0.013720	0.007320	0.082178	0.192867	0.050781	-0.074219	0.000000	-0.468750	-0.117188	-0.042969	0.007812	0.386719	0.316406	0.199219	0.028297	-0.106790	-5.376626	0.022982	0.087735	0.071193	0.194890	-1.679877	9.951328	1.000000	0.000000	0.000000	0.000000	
0.425675	0.222957	-1.347433	1.305114	-0.987210	-0.543615	-0.199602	1.221305	-1.378084	1.175400	0.415853	0.235880	-1.355047	1.364251	-0.951443	-0.532866	-0.200724	1.182957	-1.427840	1.133234	-0.022543	-0.027684	0.156406	0.063030	-0.266189	-0.070750	0.003281	-0.048123	0.022176	0.151893	0.050781	-0.089844	-0.011719	-0.460938	-0.117188	-0.042969	0.007812	0.378906	0.304688	0.171875	0.028297	-0.106790	-5.376626	0.022982	0.087735	0.071193	0.194890	-1.679877	9.951328	1.000000	0.000000	0.000000	0.000000	
0.426600	0.222811	-1.345281	1.306746	-0.989072	-0.544172	-0.199578	1.221249	-1.377996	1.177151	0.416111	0.235437	-1.353083	1.367283	-0.954453	-0.533587	-0.200731	1.182854	-1.426883	1.136556	0.008215	-0.033012	0.113350	0.083075	-0.277872	-0.073378	-0.008978	0.016126	0.061541	0.140816	0.054688	-0.085938	-0.011719	-0.453125	-0.105469	-0.042969	0.007812	0.382812	0.296875	0.183594	0.028297	-0.106790	-5.376626	0.022982	0.087735	0.071193	0.194890	-1.679877	9.951328	1.000000	0.000000	0.000000	0.000000	
0.427597	0.222745	-1.342954	1.308538	-0.990442	-0.544868	-0.200169	1.221698	-1.378364	1.180341	0.416622	0.234953	-1.350800	1.369077	-0.958666	-0.534264	-0.200732	1.182810	-1.425116	1.138869	0.035718	-0.035871	0.150920	0.112996	-0.188310	-0.080620	-0.000898	-0.033284	0.041050	0.164136	0.042969	-0.082031	-0.011719	-0.464844	-0.136719	-0.042969	0.019531	0.382812	0.289062	0.187500	0.028297	-0.106790	-5.376626	0.022982	0.087735	0.071193	0.194890	-1.679877	9.951328	1.000000	0.000000	0.000000	0.000000	
0.428681	0.222726	-1.340538	1.309977	-0.991807	-0.545745	-0.200576	1.222220	-1.378576	1.183829	0.416919	0.234589	-1.347242	1.370502	-0.961084	-0.534763	-0.200748	1.182776	-1.423963	1.140688	-0.003407	-0.014056	0.147698	0.067134	-0.140968	-0.056917	-0.007069	0.010630	0.101815	0.117613	0.066406	-0.085938	-0.050781	-0.449219	-0.117188	-0.039062	0.007812	0.382812	0.257812	0.199219	0.028297	-0.106790	-5.376626	0.022982	0.087735	0.071193	0.194890	-1.679877	9.951328	1.000000	0.000000	0.000000	0.000000	
0.429838	0.222571	-1.337840	1.311109	-0.992514	-0.546600	-0.201081	1.222709	-1.379743	1.186174	0.417051	0.234250	-1.344955	1.373090	-0.963264	-0.536172	-0.200776	1.182794	-1.422666	1.144106	-0.035237	-0.011874	0.133417	0.146299	-0.209516	-0.096422	-0.006523	-0.002427	0.114870	0.102492	0.066406	-0.085938	-0.050781	-0.476562	-0.109375	-0.039062	0.007812	0.386719	0.250000	0.175781	0.028297	-0.106790	-5.376626	0.022982	0.087735	0.071193	0.194890	-1.679877	9.951328	1.000000	0.000000	0.000000	0.000000	
0.430442	0.222984	-1.336258	1.312311	-0.995151	-0.547128	-0.201265	1.221849	-1.380424	1.188596	0.417198	0.234012	-1.342292	1.374940	-0.965517	-0.536696	-0.200822	1.182822	-1.421534	1.146607	-0.020972	-0.032594	0.173865	0.049526	-0.195433	-0.041049	-0.022753	-0.000243	0.039404	0.181241	0.070312	-0.082031	-0.039062	-0.460938	-0.105469	-0.039062	0.007812	0.394531	0.250000	0.183594	0.028297	-0.106790	-5.376626	0.022982	0.087735	0.071193	0.194890	-1.679877	9.951328	1.000000	0.000000	0.000000	0.000000	
0.430898	0.223633	-1.334578	1.312748	-0.998915	-0.547715	-0.200924	1.221196	-1.381347	1.189431	0.417664	0.233650	-1.339918	1.376400	-0.968827	-0.537309	-0.200887	1.182876	-1.419708	1.148852	-0.047462	-0.009075	0.226764	0.099173	-0.124232	-0.039001	-0.026703	0.024403	0.087692	0.073958	0.070312	-0.085938	-0.042969	-0.476562	-0.101562	-0.039062	0.007812	0.386719	0.238281	0.199219	0.028297	-0.106790	-5.376626	0.022982	0.087735	0.071193	0.194890	-1.679877	9.951328	1.000000	0.000000	0.000000	0.000000	
0.431227	0.224066	-1.333275	1.312427	-1.003648	-0.547832	-0.200679	1.219816	-1.383327	1.186108	0.418169	0.233408	-1.336486	1.377977	-0.970871	-0.537965	-0.200941	1.182814	-1.418834	1.150828	0.051088	-0.012540	0.200648	0.118096	-0.193884	-0.049265	0.003146	-0.098759	0.015748	0.115574	0.070312	-0.085938	-0.058594	-0.468750	-0.105469	-0.027344	0.000000	0.386719	0.234375	0.183594	0.028297	-0.106790	-5.376626	0.022982	0.087735	0.071193	0.194890	-1.679877	9.951328	1.000000	0.000000	0.000000	0.000000	
0.431092	0.224657	-1.332471	1.312654	-1.009514	-0.547682	-0.199784	1.218212	-1.383872	1.186948	0.418658	0.233335	-1.334273	1.380497	-0.973097	-0.538727	-0.200960	1.182850	-1.418369	1.154034	0.050474	0.010378	0.149181	0.085092	-0.214808	-0.081698	-0.021786	-0.006386	-0.019363	0.147653	0.058594	-0.085938	-0.042969	-0.496094	-0.105469	-0.035156	0.003906	0.382812	0.230469	0.183594	0.028297	-0.106790	-5.376626	0.022982	0.087735	0.071193	0.194890	-1.679877	9.951328	1.000000	0.000000	0.000000	0.000000	
0.431415	0.224927	-1.332054	1.314161	-1.014473	-0.547351	-0.199502	1.217533	-1.384234	1.187827	0.419483	0.233296	-1.332425	1.382165	-0.975481	-0.539678	-0.200971	1.182833	-1.418203	1.155257	0.092288	-0.008268	0.192889	0.029447	-0.237838	-0.057025	-0.027769	-0.087879	-0.040322	-0.009662	0.054688	-0.085938	-0.058594	-0.492188	-0.109375	-0.035156	0.003906	0.363281	0.230469	0.187500	0.028297	-0.106790	-5.376626	0.022982	0.087735	0.071193	0.194890	-1.679877	9.951328	1.000000	0.000000	0.000000	0.000000	
0.432236	0.224899	-1.330034	1.314883	-1.017226	-0.547819	-0.199552	1.217901	-1.385270	1.190791	0.420326	0.233289	-1.330820	1.383395	-0.979544	-0.540402	-0.200958	1.182829	-1.418146	1.155865	-0.018688	-0.010132	0.099550	0.090186	-0.285506	-0.068516	0.000713	-0.047174	0.030864	-0.014925	0.054688	-0.074219	-0.050781	-0.484375	-0.109375	-0.035156	0.007812	0.351562	0.234375	0.183594	0.028297	-0.106790	-5.376626	0.022982	0.087735	0.071193	0.194890	-1.679877	9.951328	1.000000	0.000000	0.000000	0.000000	
0.433353	0.224650	-1.328110	1.316694	-1.018537	-0.548488	-0.200921	1.217969	-1.385268	1.196014	0.421052	0.233279	-1.328584	1.384441	-0.982756	-0.540813	-0.200947	1.182853	-1.418401	1.156374	0.029538	-0.011482	0.149540	0.124176	-0.307721	-0.059196	0.022172	-0.011697	-0.045768	0.022935	0.058594	-0.074219	-0.070312	-0.480469	-0.121094	-0.035156	0.019531	0.339844	0.234375	0.199219	0.028297	-0.106790	-5.376626	0.022982	0.087735	0.071193	0.194890	-1.679877	9.951328	1.000000	0.000000	0.000000	0.000000	
0.434144	0.224571	-1.326458	1.318112	-1.021184	-0.549363	-0.201405	1.217943	-1.385319	1.204317	0.421585	0.233269	-1.326707	1.386080	-0.985700	-0.541114	-0.200953	1.182906	-1.418476	1.157324	0.002954	-0.026739	0.116153	0.050804	-0.233171	-0.033837	0.008033	0.037216	-0.004577	0.030211	0.054688	-0.082031	-0.082031	-0.500000	-0.136719	-0.039062	0.019531	0.339844	0.218750	0.199219	0.028297	-0.106790	-5.376626	0.022982	0.087735	0.071193	0.194890	-1.679877	9.951328	1.000000	0.000000	0.000000	0.000000	
0.436000	0.224643	-1.325668	1.318272	-1.010960	-0.549061	-0.200078	1.214937	-1.388481	1.190489	0.422588	0.233267	-1.324951	1.387062	-0.988034	-0.541319	-0.200962	1.182868	-1.418467	1.158992	0.045661	-0.007327	0.109325	0.001591	-0.215247	-0.083645	0.006619	0.003722	-0.000458	0.167034	0.042969	-0.085938	-0.074219	-0.492188	-0.132812	-0.039062	0.003906	0.347656	0.218750	0.183594	0.031651	-0.084230	-5.368402	-0.005221	0.157723	0.025733	0.203498	-0.807178	9.901829	1.000000	0.000000	0.000000	0.000000	
0.437563	0.225482	-1.325252	1.317086	-0.997619	-0.548430	-0.198607	1.211118	-1.393693	1.165409	0.423952	0.233267	-1.323073	1.388009	-0.991530	-0.541651	-0.200980	1.182691	-1.418489	1.161798	0.053421	0.005083	0.115621	0.031566	-0.220434	-0.060709	0.002988	-0.041503	-0.066349	0.257488	0.035156	-0.085938	-0.066406	-0.480469	-0.125000	-0.039062	0.000000	0.363281	0.222656	0.183594	0.032321	-0.079718	-5.366757	-0.008041	0.164722	0.021187	0.204359	-0.719908	9.896879	1.000000	0.000000	0.000000	0.000000	
0.438538	0.227342	-1.325477	1.317560	-0.987786	-0.547094	-0.197012	1.208393	-1.394859	1.142183	0.425170	0.233258	-1.320831	1.388926	-0.992690	-0.541936	-0.200984	1.182292	-1.418615	1.163280	0.064666	-0.004145	0.109272	0.020605	-0.039492	-0.040967	-0.009007	-0.000661	-0.020593	0.025749	0.050781	-0.074219	-0.070312	-0.496094	-0.117188	-0.035156	0.003906	0.328125	0.207031	0.171875	0.032455	-0.078816	-5.366428	-0.008323	0.165422	0.020733	0.204445	-0.711181	9.896384	1.000000	0.000000	0.000000	0.000000	
0.439569	0.228825	-1.324874	1.318657	-0.987091	-0.546324	-0.197073	1.208736	-1.391659	1.136272	0.425922	0.233257	-1.319704	1.389933	-0.992049	-0.542162	-0.200968	1.181752	-1.419440	1.161662	0.055321	-0.013210	0.017906	0.085812	0.090271	-0.035503	-0.017186	-0.090797	-0.162582	-0.314982	0.039062	-0.074219	-0.066406	-0.503906	-0.070312	-0.039062	0.019531	0.296875	0.218750	0.117188	0.032482	-0.078635	-5.366363	-0.008351	0.165492	0.020687	0.204454	-0.710308	9.896335	1.000000	0.000000	0.000000	0.000000	
0.440979	0.229776	-1.324418	1.321332	-0.989725	-0.545991	-0.198734	1.210939	-1.385072	1.143636	0.427164	0.233313	-1.319164	1.391152	-0.990007	-0.542207	-0.200900	1.181353	-1.420671	1.156104	0.054387	-0.009463	0.015749	0.033009	0.162571	0.010408	-0.008698	-0.023038	-0.204698	-0.558433	0.050781	-0.058594	-0.074219	-0.500000	-0.058594	-0.027344	0.035156	0.269531	0.234375	0.121094	0.032488	-0.078599	-5.366350	-0.008354	0.165499	0.020683	0.204455	-0.710221	9.896330	1.000000	0.000000	0.000000	0.000000	
0.443110	0.230177	-1.322441	1.322387	-0.990237	-0.546826	-0.200499	1.214212	-1.378685	1.153853	0.428405	0.233365	-1.318595	1.391687	-0.986593	-0.542216	-0.200871	1.181152	-1.422371	1.149491	0.078721	-0.004436	0.043451	-0.003678	0.134905	-0.005938	-0.000870	-0.058138	-0.229848	-0.600226	0.042969	-0.042969	-0.074219	-0.492188	-0.039062	-0.023438	0.039062	0.285156	0.234375	0.089844	0.032489	-0.078592	-5.366347	-0.008354	0.165499	0.020682	0.204455	-0.710212	9.896329	1.000000	0.000000	0.000000	0.000000	
0.445633	0.230015	-1.319677	1.321901	-0.984417	-0.548242	-0.201056	1.217154	-1.375417	1.157577	0.429671	0.233456	-1.317342	1.392060	-0.985499	-0.542194	-0.200881	1.180918	-1.424262	1.145212	0.109071	0.012352	0.007835	-0.059692	-0.035364	-0.035490	-0.011719	-0.040710	0.004932	-0.283359	0.039062	-0.039062	-0.093750	-0.476562	-0.039062	-0.023438	0.023438	0.312500	0.257812	0.070312	0.032489	-0.078591	-5.366346	-0.008354	0.165499	0.020682	0.204455	-0.710212	9.896329	1.000000	0.000000	0.000000	0.000000	
0.447893	0.229542	-1.318244	1.320912	-0.974448	-0.549196	-0.200851	1.218231	-1.375207	1.155601	0.431451	0.233563	-1.316244	1.393104	-0.985158	-0.542117	-0.200907	1.180968	-1.424374	1.142393	0.143513	-0.006907	0.032190	0.025438	0.013912	-0.003549	-0.012804	-0.038967	0.003983	-0.063232	0.035156	-0.039062	-0.074219	-0.480469	-0.023438	-0.027344	0.003906	0.328125	0.289062	0.074219	0.032489	-0.078590	-5.366346	-0.008354	0.165499	0.020682	0.204455	-0.710211	9.896329	1.000000	0.000000	0.000000	0.000000	
0.449197	0.229187	-1.318890	1.319999	-0.968285	-0.549105	-0.200207	1.218102	-1.377040	1.152648	0.433358	0.233633	-1.315321	1.393701	-0.984582	-0.542053	-0.200896	1.181293	-1.423863	1.142266	0.122530	-0.013486	0.038115	-0.011415	-0.016057	-0.000355	0.024310	-0.003897	0.014357	-0.023771	0.039062	-0.035156	-0.054688	-0.484375	-0.011719	-0.035156	0.000000	0.351562	0.304688	0.093750	0.032489	-0.078590	-5.366346	-0.008354	0.165499	0.020682	0.204455	-0.710211	9.896329	1.000000	0.000000	0.000000	0.000000	
0.449447	0.229184	-1.319763	1.318960	-0.967189	-0.548620	-0.199851	1.217653	-1.378829	1.152959	0.435678	0.233671	-1.315088	1.394135	-0.982649	-0.542089	-0.200902	1.181504	-1.423397	1.142313	0.127411	-0.002512	-0.034574	0.054693	0.214752	-0.013994	-0.016180	0.010079	0.011905	-0.047742	0.035156	-0.039062	-0.042969	-0.500000	-0.011719	-0.035156	0.000000	0.355469	0.312500	0.085938	0.032489	-0.078590	-5.366346	-0.008354	0.165499	0.020682	0.204455	-0.710211	9.896329	1.000000	0.000000	0.000000	0.000000	
0.449424	0.229324	-1.321049	1.318798	-0.968580	-0.547818	-0.199680	1.217429	-1.379807	1.155619	0.437911	0.233679	-1.315163	1.394440	-0.979839	-0.541926	-0.200879	1.181546	-1.423183	1.142104	0.162795	-0.004904	-0.031375	0.022917	0.199446	-0.022337	-0.001618	-0.012951	-0.019747	-0.032691	0.019531	-0.039062	-0.035156	-0.496094	-0.003906	-0.054688	0.003906	0.363281	0.300781	0.074219	0.032489	-0.078590	-5.366346	-0.008354	0.165499	0.020682	0.204455	-0.710211	9.896329	1.000000	0.000000	0.000000	0.000000	
0.449247	0.229796	-1.322087	1.317782	-0.970394	-0.547300	-0.199061	1.216077	-1.380340	1.159473	0.439303	0.233688	-1.315347	1.394719	-0.977071	-0.541724	-0.200867	1.181506	-1.423213	1.141844	0.103520	-0.003980	-0.083399	0.019740	0.145571	-0.012703	-0.000162	-0.036191	0.015473	0.035117	0.023438	-0.035156	-0.035156	-0.496094	0.003906	-0.042969	0.003906	0.355469	0.304688	0.074219	0.032489	-0.078590	-5.366346	-0.008354	0.165499	0.020682	0.204455	-0.710211	9.896329	1.000000	0.000000	0.000000	0.000000	
0.449432	0.230115	-1.323360	1.317472	-0.970634	-0.546789	-0.198740	1.214711	-1.380421	1.160144	0.440696	0.233698	-1.315530	1.394751	-0.974894	-0.541611	-0.200856	1.181304	-1.423316	1.141792	0.045248	-0.012030	-0.060684	-0.029433	0.112267	-0.015229	-0.000016	-0.007109	-0.054287	0.003512	0.035156	-0.042969	-0.050781	-0.484375	0.003906	-0.039062	0.011719	0.367188	0.296875	0.085938	0.032489	-0.078590	-5.366346	-0.008354	0.165499	0.020682	0.204455	-0.710211	9.896329	1.000000	0.000000	0.000000	0.000000	
0.449727	0.230507	-1.323951	1.316836	-0.969812	-0.546559	-0.198548	1.213775	-1.381495	1.157618	0.441532	0.233708	-1.315615	1.394733	-0.973344	-0.541394	-0.200830	1.181118	-1.423361	1.141976	0.001035	-0.004693	-0.037475	0.014505	0.011227	-0.050378	0.011630	-0.035607	-0.029856	0.028268	0.039062	-0.039062	-0.050781	-0.503906	0.007812	-0.035156	0.019531	0.351562	0.281250	0.093750	0.032489	-0.078590	-5.366346	-0.008354	0.165499	0.020682	0.204455	-0.710211	9.896329	1.000000	0.000000	0.000000	0.000000	
0.450090	0.230892	-1.324375	1.316722	-0.968519	-0.546395	-0.198469	1.213102	-1.381838	1.153851	0.441990	0.233759	-1.315874	1.394705	-0.972913	-0.541278	-0.200816	1.180936	-1.423370	1.142303	0.041979	-0.000469	-0.045623	0.018899	-0.019815	0.008921	-0.018612	-0.024499	0.017952	0.020275	0.035156	-0.035156	-0.066406	-0.500000	0.007812	-0.035156	0.023438	0.332031	0.281250	0.105469	0.032489	-0.078590	-5.366346	-0.008354	0.165499	0.020682	0.204455	-0.710211	9.896329	1.000000	0.000000	0.000000	0.000000	
0.450466	0.231207	-1.324891	1.316795	-0.968153	-0.546071	-0.198306	1.212792	-1.381492	1.151661	0.442348	0.233817	-1.316168	1.394603	-0.972584	-0.541255	-0.200805	1.180875	-1.423492	1.142223	-0.013250	0.002279	-0.042948	-0.033006	0.036404	-0.054942	-0.018146	-0.012919	-0.033101	-0.025890	0.042969	-0.035156	-0.054688	-0.515625	0.003906	-0.027344	0.023438	0.320312	0.289062	0.093750	0.032489	-0.078590	-5.366346	-0.008354	0.165499	0.020682	0.204455	-0.710211	9.896329	1.000000	0.000000	0.000000	0.000000	
0.450897	0.231325	-1.325077	1.317008	-0.968229	-0.545919	-0.198585	1.213047	-1.381025	1.150029	0.442590	0.233894	-1.316566	1.394631	-0.971695	-0.541202	-0.200795	1.180887	-1.423687	1.141868	-0.064138	-0.003262	-0.060129	-0.006790	0.045516	-0.002005	-0.008794	-0.046657	-0.034717	-0.040975	0.042969	-0.023438	-0.054688	-0.515625	-0.003906	-0.035156	0.023438	0.312500	0.285156	0.089844	0.032489	-0.078590	-5.366346	-0.008354	0.165499	0.020682	0.204455	-0.710211	9.896329	1.000000	0.000000	0.000000	0.000000	
0.451294	0.231481	-1.325280	1.317455	-0.968356	-0.545816	-0.198946	1.213413	-1.379588	1.150570	0.442735	0.233965	-1.316985	1.394685	-0.970863	-0.541191	-0.200793	1.180914	-1.424016	1.141240	-0.006414	-0.004979	-0.065337	-0.028596	0.049917	-0.038586	-0.013675	-0.053521	-0.048837	-0.080869	0.042969	-0.035156	-0.058594	-0.511719	-0.003906	-0.023438	0.023438	0.312500	0.289062	0.089844	0.032489	-0.078590	-5.366346	-0.008354	0.165499	0.020682	0.204455	-0.710211	9.896329	1.000000	0.000000	0.000000	0.000000	
0.451792	0.231437	-1.325166	1.317340	-0.967645	-0.545898	-0.199235	1.213993	-1.378739	1.151419	0.442885	0.234036	-1.317844	1.394793	-0.970187	-0.541141	-0.200793	1.180992	-1.424155	1.140121	-0.000641	0.014624	-0.041430	0.004120	0.025929	-0.007348	-0.013000	-0.033269	-0.008373	-0.077880	0.042969	-0.027344	-0.050781	-0.515625	0.000000	-0.027344	0.027344	0.304688	0.285156	0.082031	0.032489	-0.078590	-5.366346	-0.008354	0.165499	0.020682	0.204455	-0.710211	9.896329	1.000000	0.000000	0.000000	0.000000	
0.452431	0.231304	-1.324955	1.317314	-0.966108	-0.545985	-0.199469	1.214445	-1.378301	1.152193	0.442964	0.234083	-1.318162	1.394984	-0.969761	-0.541106	-0.200801	1.181031	-1.424183	1.139703	-0.052409	0.007278	-0.028570	-0.006567	0.009572	-0.035631	-0.019911	-0.024265	-0.025265	-0.074091	0.050781	-0.027344	-0.066406	-0.511719	0.000000	-0.023438	0.007812	0.328125	0.296875	0.070312	0.032489	-0.078590	-5.366346	-0.008354	0.165499	0.020682	0.204455	-0.710211	9.896329	1.000000	0.000000	0.000000	0.000000	
0.452997	0.231301	-1.325126	1.317208	-0.963909	-0.546109	-0.199420	1.214581	-1.378132	1.149506	0.443076	0.234124	-1.318273	1.395143	-0.969385	-0.541027	-0.200802	1.181088	-1.424116	1.139619	-0.029668	-0.010904	0.042508	-0.018105	-0.033939	-0.000073	-0.011297	-0.075709	-0.019975	-0.063243	0.054688	-0.027344	-0.066406	-0.519531	0.003906	-0.035156	0.023438	0.320312	0.289062	0.074219	0.032489	-0.078590	-5.366346	-0.008354	0.165499	0.020682	0.204455	-0.710211	9.896329	1.000000	0.000000	0.000000	0.000000	
0.453147	0.231392	-1.325013	1.316398	-0.964264	-0.546261	-0.199218	1.214471	-1.377764	1.150388	0.443196	0.234181	-1.318369	1.395393	-0.969116	-0.541011	-0.200811	1.181220	-1.423933	1.139675	-0.037863	0.004726	-0.051583	-0.008790	0.014054	-0.020945	-0.010435	0.037794	-0.057832	0.007634	0.054688	-0.023438	-0.066406	-0.515625	0.011719	-0.035156	0.011719	0.328125	0.296875	0.085938	0.032489	-0.078590	-5.366346	-0.008354	0.165499	0.020682	0.204455	-0.710211	9.896329	1.000000	0.000000	0.000000	0.000000	
0.452634	0.230938	-1.324395	1.314341	-0.958309	-0.546429	-0.198084	1.214127	-1.377283	1.140948	0.443341	0.234217	-1.318436	1.395686	-0.968820	-0.540935	-0.200821	1.181295	-1.423847	1.139565	0.010172	-0.009996	-0.057503	0.013080	-0.002084	-0.002095	-0.015002	0.021228	-0.040679	-0.051581	0.058594	-0.023438	-0.066406	-0.531250	0.023438	-0.027344	0.007812	0.332031	0.304688	0.070312	0.020477	0.018287	-5.358554	-0.021058	0.007068	0.084518	0.135586	0.461637	9.837144	1.000000	0.000000	0.000000	0.000000	
0.451953	0.232058	-1.324042	1.308184	-0.937779	-0.546273	-0.196512	1.209338	-1.379375	1.111517	0.443394	0.234272	-1.318450	1.396423	-0.968567	-0.540920	-0.200814	1.181456	-1.423758	1.139567	-0.065286	0.022265	-0.051116	-0.023119	-0.014167	-0.007189	0.000826	0.009102	-0.021516	-0.040054	0.058594	-0.023438	-0.066406	-0.535156	0.019531	-0.035156	0.019531	0.328125	0.300781	0.074219	0.018075	0.037662	-5.356995	-0.022328	-0.008775	0.090902	0.128699	0.578822	9.831225	1.000000	0.000000	0.000000	0.000000	
0.448894	0.236343	-1.324096	1.299165	-0.913435	-0.546112	-0.195728	1.202049	-1.380921	1.066254	0.443429	0.234275	-1.318428	1.396812	-0.967741	-0.540917	-0.200813	1.181609	-1.423740	1.138841	0.000451	-0.009406	-0.008601	-0.026739	0.061397	-0.039105	-0.011549	0.067213	-0.002152	-0.101715	0.054688	-0.035156	-0.058594	-0.546875	0.035156	-0.035156	0.027344	0.320312	0.304688	0.050781	0.017594	0.041537	-5.356684	-0.022455	-0.010359	0.091540	0.128010	0.590541	9.830634	1.000000	0.000000	0.000000	0.000000	
0.445121	0.240400	-1.323928	1.291786	-0.898708	-0.545479	-0.194622	1.197782	-1.379750	1.034209	0.443315	0.234349	-1.318569	1.396914	-0.964716	-0.540868	-0.200789	1.181567	-1.424366	1.134794	-0.006934	-0.009083	-0.109039	-0.013143	0.250414	-0.021359	-0.004645	0.003232	-0.056049	-0.519658	0.042969	-0.023438	-0.039062	-0.593750	0.082031	-0.027344	0.039062	0.273438	0.320312	0.000000	0.017498	0.042312	-5.356621	-0.022468	-0.010518	0.091604	0.127941	0.591713	9.830575	1.000000	0.000000	0.000000	0.000000	
0.441018	0.243849	-1.323919	1.287174	-0.893113	-0.543933	-0.193618	1.196716	-1.375116	1.019363	0.443243	0.234767	-1.318937	1.396789	-0.958610	-0.540713	-0.200768	1.181074	-1.425243	1.123273	-0.028610	0.017703	-0.066738	0.026603	0.555466	0.022292	-0.014423	-0.027594	-0.124252	-0.774320	0.039062	-0.007812	-0.039062	-0.660156	0.093750	-0.039062	0.042969	0.218750	0.332031	-0.105469	0.017479	0.042467	-5.356609	-0.022469	-0.010534	0.091610	0.127934	0.591830	9.830569	1.000000	0.000000	0.000000	0.000000	
0.437278	0.246802	-1.325035	1.284427	-0.889126	-0.542211	-0.192266	1.197738	-1.368628	1.012231	0.442938	0.235110	-1.319252	1.396546	-0.951670	-0.540463	-0.200731	1.180854	-1.426509	1.110258	-0.079633	0.049462	0.014264	-0.000829	0.575502	0.026657	-0.000279	-0.013228	-0.221803	-1.071977	0.019531	0.007812	-0.039062	-0.679688	0.164062	-0.039062	0.054688	0.207031	0.367188	-0.117188	0.017475	0.042498	-5.356606	-0.022469	-0.010535	0.091611	0.127934	0.591842	9.830568	1.000000	0.000000	0.000000	0.000000	
0.433564	0.248588	-1.325749	1.280020	-0.883126	-0.540615	-0.190480	1.199474	-1.361816	1.006869	0.442247	0.236115	-1.319388	1.395746	-0.944514	-0.540050	-0.200667	1.180495	-1.428507	1.097768	-0.081246	0.059617	-0.033470	-0.066386	0.263439	-0.035720	0.008115	0.012636	-0.245517	-0.965647	0.007812	0.019531	-0.039062	-0.679688	0.250000	-0.035156	0.058594	0.167969	0.421875	-0.187500	0.017474	0.042504	-5.356606	-0.022469	-0.010535	0.091611	0.127934	0.591843	9.830568	1.000000	0.000000	0.000000	0.000000	
0.430210	0.250963	-1.326278	1.274539	-0.871908	-0.539428	-0.188329	1.201726	-1.356220	0.998809	0.440946	0.237253	-1.319464	1.394641	-0.940902	-0.539652	-0.200533	1.180447	-1.431378	1.088072	-0.137241	0.051327	0.062956	-0.125286	0.176398	0.006897	-0.005005	-0.019674	-0.111793	-0.703761	0.003906	0.023438	-0.039062	-0.699219	0.269531	-0.035156	0.070312	0.171875	0.445312	-0.269531	0.017474	0.042506	-5.356606	-0.022469	-0.010535	0.091611	0.127934	0.591843	9.830568	1.000000	0.000000	0.000000	0.000000	
0.427632	0.253108	-1.327453	1.269755	-0.859748	-0.538145	-0.186075	1.202222	-1.351824	0.990087	0.439668	0.238434	-1.321054	1.393330	-0.937853	-0.538846	-0.200240	1.180680	-1.432243	1.077554	-0.062579	0.077252	-0.094904	-0.138155	0.199101	0.032096	0.000663	0.022460	-0.042586	-0.366995	-0.011719	0.007812	0.000000	-0.707031	0.281250	-0.023438	0.066406	0.175781	0.480469	-0.332031	0.017474	0.042506	-5.356606	-0.022469	-0.010535	0.091611	0.127934	0.591843	9.830568	1.000000	0.000000	0.000000	0.000000	
0.425502	0.255132	-1.329484	1.267839	-0.851168	-0.536538	-0.185173	1.203384	-1.349456	0.982691	0.438419	0.239987	-1.322560	1.390887	-0.933972	-0.537957	-0.199923	1.180993	-1.432780	1.071646	-0.072561	0.068212	-0.089752	-0.111525	0.326998	0.027637	0.039615	0.012715	-0.098479	-0.392642	-0.019531	0.003906	0.003906	-0.730469	0.285156	-0.019531	0.070312	0.171875	0.531250	-0.351562	0.017474	0.042506	-5.356606	-0.022469	-0.010535	0.091611	0.127934	0.591843	9.830568	1.000000	0.000000	0.000000	0.000000	
0.423547	0.256438	-1.332172	1.267667	-0.847036	-0.534419	-0.185495	1.205136	-1.348403	0.978544	0.436812	0.241792	-1.323927	1.389259	-0.926653	-0.537223	-0.199221	1.182389	-1.433226	1.066490	-0.108455	0.138264	-0.106685	-0.143759	0.367705	0.002764	0.048164	0.067575	-0.097089	-0.444062	-0.011719	-0.019531	0.007812	-0.746094	0.312500	-0.011719	0.089844	0.167969	0.562500	-0.351562	0.017474	0.042506	-5.356606	-0.022469	-0.010535	0.091611	0.127934	0.591843	9.830568	1.000000	0.000000	0.000000	0.000000	
0.421440	0.257780	-1.335001	1.267140	-0.844283	-0.532412	-0.185756	1.206751	-1.347685	0.977073	0.435690	0.243889	-1.325534	1.387649	-0.920657	-0.536833	-0.198273	1.183540	-1.434067	1.061049	-0.108555	0.106883	-0.216557	-0.150472	0.486933	0.007256	0.051345	0.073060	-0.079502	-0.428266	-0.027344	-0.011719	0.035156	-0.746094	0.296875	0.000000	0.058594	0.171875	0.578125	-0.351562	0.017474	0.042506	-5.356606	-0.022469	-0.010535	0.091611	0.127934	0.591843	9.830568	1.000000	0.000000	0.000000	0.000000	
0.419553	0.258836	-1.337837	1.265986	-0.839960	-0.530408	-0.185741	1.208288	-1.347140	0.974452	0.433843	0.245723	-1.329369	1.386115	-0.915169	-0.536561	-0.197260	1.184643	-1.434259	1.051988	-0.185337	0.114214	-0.231034	-0.172081	0.369740	0.014684	0.069111	0.045692	0.012988	-0.409238	-0.019531	0.007812	0.042969	-0.726562	0.296875	0.007812	0.050781	0.183594	0.566406	-0.339844	0.017474	0.042506	-5.356606	-0.022469	-0.010535	0.091611	0.127934	0.591843	9.830568	1.000000	0.000000	0.000000	0.000000	
0.417592	0.259789	-1.340710	1.263737	-0.835357	-0.528731	-0.185432	1.208270	-1.346105	0.971690	0.432019	0.246614	-1.332123	1.382198	-0.910048	-0.536289	-0.196241	1.185397	-1.434322	1.046564	-0.088326	0.053297	-0.295295	-0.195179	0.371979	-0.026449	0.073214	0.067383	-0.002191	-0.365460	-0.039062	0.039062	0.050781	-0.683594	0.304688	0.019531	0.027344	0.171875	0.578125	-0.335938	0.017474	0.042506	-5.356606	-0.022469	-0.010535	0.091611	0.127934	0.591843	9.830568	1.000000	0.000000	0.000000	0.000000	
0.415528	0.260800	-1.343353	1.260942	-0.829791	-0.527092	-0.185182	1.208248	-1.345641	0.965870	0.430661	0.247802	-1.334903	1.379064	-0.901948	-0.536016	-0.195019	1.186905	-1.434334	1.042548	-0.078625	0.073959	-0.193542	-0.253323	0.365223	-0.006134	0.070135	0.017207	0.003271	-0.263372	-0.050781	0.027344	0.035156	-0.660156	0.285156	0.035156	0.007812	0.183594	0.578125	-0.335938	0.017474	0.042506	-5.356606	-0.022469	-0.010535	0.091611	0.127934	0.591843	9.830568	1.000000	0.000000	0.000000	0.000000	
0.413588	0.262021	-1.345472	1.257297	-0.823667	-0.525761	-0.184775	1.208476	-1.345592	0.958728	0.429347	0.249001	-1.337519	1.376038	-0.897105	-0.535768	-0.193967	1.187836	-1.434385	1.038885	-0.116041	0.053924	-0.190346	-0.259138	0.329652	-0.000613	0.033767	0.092451	-0.006652	-0.329935	-0.042969	0.035156	0.074219	-0.656250	0.300781	0.039062	0.027344	0.191406	0.578125	-0.339844	0.017474	0.042506	-5.356606	-0.022469	-0.010535	0.091611	0.127934	0.591843	9.830568	1.000000	0.000000	0.000000	0.000000	
0.411857	0.263110	-1.347523	1.254815	-0.817365	-0.524179	-0.185316	1.209358	-1.345842	0.949110	0.428018	0.250000	-1.342598	1.373179	-0.892356	-0.535258	-0.192957	1.188289	-1.434492	1.032360	-0.140721	0.064716	-0.221433	-0.224823	0.364480	0.017387	0.066190	-0.015182	-0.035562	-0.361019	-0.050781	0.035156	0.070312	-0.664062	0.273438	0.042969	0.023438	0.187500	0.585938	-0.300781	0.017474	0.042506	-5.356606	-0.022469	-0.010535	0.091611	0.127934	0.591843	9.830568	1.000000	0.000000	0.000000	0.000000	
0.410363	0.263743	-1.350099	1.252855	-0.813586	-0.522908	-0.185665	1.209141	-1.344466	0.942305	0.426928	0.251145	-1.346062	1.368075	-0.887504	-0.534308	-0.192472	1.188695	-1.434829	1.026887	-0.122251	0.072775	-0.269907	-0.235350	0.326088	0.099448	0.058963	-0.015477	-0.055901	-0.402513	-0.066406	0.023438	0.093750	-0.648438	0.285156	0.035156	0.035156	0.175781	0.613281	-0.296875	0.017474	0.042506	-5.356606	-0.022469	-0.010535	0.091611	0.127934	0.591843	9.830568	1.000000	0.000000	0.000000	0.000000	
0.408862	0.263859	-1.353110	1.251430	-0.810602	-0.521369	-0.186133	1.209436	-1.342735	0.936392	0.425547	0.252521	-1.349396	1.364995	-0.879118	-0.532954	-0.191762	1.189794	-1.435332	1.020994	-0.123893	0.081723	-0.264286	-0.264320	0.392041	0.044841	0.032650	0.022880	-0.061424	-0.535779	-0.050781	0.007812	0.121094	-0.656250	0.253906	0.035156	0.023438	0.183594	0.617188	-0.289062	0.017474	0.042506	-5.356606	-0.022469	-0.010535	0.091611	0.127934	0.591843	9.830568	1.000000	0.000000	0.000000	0.000000	
0.407154	0.264289	-1.356388	1.250308	-0.808784	-0.519779	-0.186450	1.209408	-1.341637	0.931604	0.424568	0.253927	-1.352219	1.362610	-0.873176	-0.531666	-0.191264	1.190547	-1.436984	1.014702	-0.103120	0.087271	-0.235807	-0.235810	0.381188	0.053339	0.019550	0.040674	-0.149217	-0.472334	-0.054688	0.003906	0.132812	-0.664062	0.250000	0.027344	0.027344	0.164062	0.632812	-0.304688	0.017474	0.042506	-5.356606	-0.022469	-0.010535	0.091611	0.127934	0.591843	9.830568	1.000000	0.000000	0.000000	0.000000	
0.405327	0.265106	-1.360015	1.249206	-0.806033	-0.518260	-0.186290	1.208732	-1.340673	0.924693	0.423258	0.255210	-1.357873	1.360339	-0.867892	-0.529857	-0.190736	1.190964	-1.437872	1.005277	-0.097553	0.065724	-0.260876	-0.215511	0.495261	0.113513	0.035688	-0.065725	-0.084714	-0.490417	-0.066406	0.003906	0.121094	-0.648438	0.230469	0.003906	0.007812	0.183594	0.660156	-0.300781	0.017474	0.042506	-5.356606	-0.022469	-0.010535	0.091611	0.127934	0.591843	9.830568	1.000000	0.000000	0.000000	0.000000	
0.403357	0.266097	-1.363106	1.246704	-0.802382	-0.516780	-0.185505	1.207865	-1.339875	0.916663	0.421493	0.255887	-1.361354	1.356711	-0.862910	-0.528235	-0.190324	1.191217	-1.438607	0.999321	-0.128403	0.054264	-0.228486	-0.244888	0.332186	0.021820	-0.003410	0.014365	-0.092223	-0.387536	-0.042969	0.019531	0.136719	-0.632812	0.230469	0.027344	0.011719	0.183594	0.664062	-0.312500	0.017474	0.042506	-5.356606	-0.022469	-0.010535	0.091611	0.127934	0.591843	9.830568	1.000000	0.000000	0.000000	0.000000	
0.401583	0.266580	-1.365802	1.244273	-0.799117	-0.515533	-0.185665	1.207572	-1.339658	0.910044	0.419444	0.256967	-1.364547	1.354458	-0.855879	-0.526724	-0.189902	1.191486	-1.439141	0.994204	-0.127998	0.062424	-0.326447	-0.160584	0.294941	0.051037	0.036882	0.001437	-0.072036	-0.429592	-0.039062	0.007812	0.140625	-0.632812	0.218750	0.019531	0.003906	0.156250	0.667969	-0.316406	0.017474	0.042506	-5.356606	-0.022469	-0.010535	0.091611	0.127934	0.591843	9.830568	1.000000	0.000000	0.000000	0.000000	
0.400163	0.267472	-1.368617	1.243263	-0.796248	-0.514280	-0.186191	1.207532	-1.339667	0.903600	0.417241	0.258201	-1.367342	1.352093	-0.851541	-0.525573	-0.189188	1.191830	-1.440121	0.989182	-0.155875	0.052771	-0.255981	-0.204499	0.305175	0.067917	0.047890	-0.013815	-0.024652	-0.423329	-0.039062	0.003906	0.152344	-0.644531	0.218750	0.011719	-0.011719	0.136719	0.675781	-0.339844	0.017474	0.042506	-5.356606	-0.022469	-0.010535	0.091611	0.127934	0.591843	9.830568	1.000000	0.000000	0.000000	0.000000	
0.399210	0.267490	-1.372057	1.241817	-0.793206	-0.513280	-0.186064	1.206520	-1.338401	0.897287	0.415346	0.259288	-1.372918	1.349900	-0.847789	-0.524107	-0.188382	1.192263	-1.440729	0.981998	-0.123766	0.069254	-0.311748	-0.282172	0.320157	0.062626	0.051317	-0.004871	-0.065279	-0.324993	-0.054688	0.000000	0.171875	-0.628906	0.222656	0.023438	-0.035156	0.132812	0.695312	-0.355469	0.017474	0.042506	-5.356606	-0.022469	-0.010535	0.091611	0.127934	0.591843	9.830568	1.000000	0.000000	0.000000	0.000000	
0.398223	0.267677	-1.374893	1.239845	-0.791694	-0.512708	-0.186296	1.206032	-1.337585	0.891995	0.413949	0.260475	-1.376553	1.346480	-0.844397	-0.522287	-0.187834	1.192785	-1.441262	0.977023	-0.099617	0.094166	-0.264980	-0.192230	0.220456	0.124910	0.055150	0.023940	-0.093769	-0.374483	-0.054688	-0.007812	0.167969	-0.617188	0.238281	0.007812	-0.027344	0.125000	0.691406	-0.355469	0.017474	0.042506	-5.356606	-0.022469	-0.010535	0.091611	0.127934	0.591843	9.830568	1.000000	0.000000	0.000000	0.000000	
0.397087	0.268594	-1.377548	1.238481	-0.790786	-0.512080	-0.186610	1.205848	-1.338400	0.888312	0.412604	0.261399	-1.379437	1.344512	-0.839866	-0.520663	-0.187158	1.193932	-1.441635	0.972005	-0.118140	0.069904	-0.211449	-0.113443	0.248872	0.071815	0.036922	0.082656	-0.054742	-0.410839	-0.058594	0.007812	0.152344	-0.644531	0.234375	0.023438	-0.042969	0.093750	0.695312	-0.351562	0.017474	0.042506	-5.356606	-0.022469	-0.010535	0.091611	0.127934	0.591843	9.830568	1.000000	0.000000	0.000000	0.000000	
0.396030	0.269898	-1.380000	1.237539	-0.789639	-0.511632	-0.186969	1.205767	-1.339849	0.884367	0.411995	0.262133	-1.381807	1.343270	-0.836997	-0.519393	-0.186288	1.194840	-1.441904	0.967294	-0.088586	0.023275	-0.164220	-0.077647	0.220307	0.066505	0.044405	0.095506	-0.040371	-0.404006	-0.058594	0.027344	0.148438	-0.648438	0.238281	0.019531	-0.042969	0.085938	0.691406	-0.367188	0.017474	0.042506	-5.356606	-0.022469	-0.010535	0.091611	0.127934	0.591843	9.830568	1.000000	0.000000	0.000000	0.000000	
0.395109	0.271421	-1.382195	1.235480	-0.787168	-0.511629	-0.186552	1.205263	-1.340679	0.877823	0.410856	0.262627	-1.385698	1.341883	-0.834945	-0.518097	-0.185549	1.195724	-1.441958	0.960754	-0.190320	0.026755	-0.103663	-0.126412	0.172085	0.041547	0.042826	0.016530	-0.059871	-0.284675	-0.050781	0.035156	0.132812	-0.640625	0.234375	0.011719	-0.054688	0.082031	0.679688	-0.382812	0.017474	0.042506	-5.356606	-0.022469	-0.010535	0.091611	0.127934	0.591843	9.830568	1.000000	0.000000	0.000000	0.000000	
0.394308	0.272965	-1.383631	1.232249	-0.783088	-0.511992	-0.186017	1.205194	-1.340955	0.868428	0.409198	0.262968	-1.388148	1.339400	-0.833274	-0.517038	-0.185126	1.196386	-1.441993	0.957168	-0.144659	0.035245	-0.135993	-0.110351	0.080022	0.046030	-0.012002	-0.054181	-0.061821	-0.251804	-0.050781	0.019531	0.140625	-0.628906	0.246094	0.023438	-0.023438	0.074219	0.679688	-0.398438	0.017474	0.042506	-5.356606	-0.022469	-0.010535	0.091611	0.127934	0.591843	9.830568	1.000000	0.000000	0.000000	0.000000	
0.393530	0.274878	-1.384897	1.229598	-0.780561	-0.512418	-0.185983	1.205581	-1.342656	0.861389	0.407800	0.263570	-1.390165	1.337958	-0.830686	-0.516487	-0.184945	1.197317	-1.442121	0.954052	-0.108686	0.003525	-0.139226	-0.098276	0.112691	0.036010	-0.000037	0.025989	-0.079464	-0.227579	-0.054688	0.039062	0.121094	-0.644531	0.250000	0.027344	-0.019531	0.066406	0.679688	-0.417969	0.017474	0.042506	-5.356606	-0.022469	-0.010535	0.091611	0.127934	0.591843	9.830568	1.000000	0.000000	0.000000	0.000000	
0.393035	0.276310	-1.386383	1.228264	-0.779687	-0.512598	-0.186342	1.206555	-1.344967	0.858184	0.406479	0.264191	-1.391707	1.337064	-0.828957	-0.516304	-0.184828	1.198061	-1.442582	0.950496	-0.087641	0.035249	-0.153508	-0.044724	0.140386	0.007091	-0.001167	0.027026	-0.007946	-0.322866	-0.039062	0.039062	0.140625	-0.667969	0.257812	0.027344	-0.019531	0.050781	0.683594	-0.445312	0.017474	0.042506	-5.356606	-0.022469	-0.010535	0.091611	0.127934	0.591843	9.830568	1.000000	0.000000	0.000000	0.000000	
0.392636	0.277779	-1.387985	1.227486	-0.779076	-0.512782	-0.186672	1.207191	-1.346775	0.856047	0.405100	0.264864	-1.394269	1.336304	-0.827375	-0.516243	-0.184732	1.198913	-1.442942	0.944551	-0.106474	0.003525	-0.071185	-0.060307	0.157113	-0.030698	-0.004770	0.009682	-0.081056	-0.283540	-0.050781	0.066406	0.132812	-0.679688	0.257812	0.023438	-0.023438	0.042969	0.675781	-0.453125	0.017474	0.042506	-5.356606	-0.022469	-0.010535	0.091611	0.127934	0.591843	9.830568	1.000000	0.000000	0.000000	0.000000	
0.392175	0.278873	-1.389349	1.226171	-0.778432	-0.513282	-0.186685	1.207277	-1.347378	0.854458	0.404048	0.265581	-1.395703	1.335304	-0.825774	-0.516207	-0.184688	1.199762	-1.443231	0.941059	-0.076950	0.030596	-0.104828	-0.033948	0.106442	-0.020518	-0.000477	0.021906	-0.067429	-0.206325	-0.039062	0.054688	0.125000	-0.679688	0.269531	0.019531	-0.011719	0.027344	0.656250	-0.460938	0.017474	0.042506	-5.356606	-0.022469	-0.010535	0.091611	0.127934	0.591843	9.830568	1.000000	0.000000	0.000000	0.000000	
0.391920	0.280398	-1.390331	1.225078	-0.776669	-0.513940	-0.186925	1.208376	-1.348320	0.850382	0.402747	0.266459	-1.396837	1.334595	-0.824146	-0.516006	-0.184639	1.200852	-1.443508	0.937913	-0.147280	0.065873	-0.013972	-0.094125	0.059499	0.029355	-0.004701	-0.022237	-0.031170	-0.236990	-0.027344	0.050781	0.105469	-0.679688	0.273438	0.019531	-0.011719	0.042969	0.644531	-0.445312	0.017474	0.042506	-5.356606	-0.022469	-0.010535	0.091611	0.127934	0.591843	9.830568	1.000000	0.000000	0.000000	0.000000	
0.391640	0.282052	-1.390830	1.223868	-0.774060	-0.514447	-0.187229	1.209540	-1.349239	0.843867	0.401930	0.267491	-1.397404	1.333992	-0.823141	-0.515844	-0.184605	1.201361	-1.444047	0.935055	-0.140355	0.050789	-0.015356	-0.128060	0.096680	-0.011023	-0.009776	-0.005713	-0.044993	-0.219118	-0.023438	0.054688	0.101562	-0.691406	0.269531	0.011719	-0.019531	0.050781	0.644531	-0.480469	0.017474	0.042506	-5.356606	-0.022469	-0.010535	0.091611	0.127934	0.591843	9.830568	1.000000	0.000000	0.000000	0.000000	
0.391461	0.280821	-1.393111	1.224808	-0.780727	-0.514355	-0.187800	1.209244	-1.349822	0.851418	0.400773	0.268562	-1.398365	1.333411	-0.822238	-0.515812	-0.184582	1.201681	-1.444422	0.931478	-0.132683	0.067892	-0.078307	-0.054682	-0.004290	-0.035999	-0.024242	-0.028488	-0.081271	-0.164987	-0.027344	0.042969	0.093750	-0.695312	0.273438	0.007812	-0.019531	0.058594	0.648438	-0.476562	0.017971	0.040301	-5.351810	-0.010085	-0.123267	0.013953	-0.249770	1.081458	9.804744	1.000000	0.000000	0.000000	0.000000	
0.391321	0.280329	-1.395142	1.226674	-0.788486	-0.514882	-0.189582	1.209642	-1.350527	0.861805	0.399742	0.269268	-1.398897	1.332350	-0.821209	-0.515781	-0.184569	1.201891	-1.444788	0.928436	-0.117957	0.070766	-0.021789	-0.085730	0.107750	-0.017558	-0.007077	-0.006338	-0.032555	-0.281711	-0.027344	0.035156	0.089844	-0.699219	0.289062	0.007812	-0.039062	0.066406	0.640625	-0.464844	0.018071	0.039860	-5.350852	-0.008847	-0.134540	0.006187	-0.287540	1.130420	9.802161	1.000000	0.000000	0.000000	0.000000	
0.391606	0.280037	-1.396544	1.226707	-0.793450	-0.515723	-0.190405	1.209843	-1.351099	0.871507	0.398639	0.270452	-1.399657	1.331823	-0.820615	-0.515678	-0.184559	1.202732	-1.445103	0.926471	-0.106016	0.066400	-0.092909	-0.074876	-0.006673	-0.047121	0.002782	-0.007613	-0.006745	-0.118902	-0.011719	0.027344	0.085938	-0.679688	0.273438	0.007812	-0.027344	0.050781	0.628906	-0.464844	0.018091	0.039772	-5.350660	-0.008723	-0.135668	0.005411	-0.291317	1.135316	9.801903	1.000000	0.000000	0.000000	0.000000	
0.391621	0.280202	-1.397393	1.226319	-0.795257	-0.516745	-0.190414	1.209675	-1.351344	0.877057	0.397764	0.271448	-1.400730	1.331354	-0.821199	-0.515706	-0.184581	1.203215	-1.445190	0.926199	-0.069925	0.061311	-0.075594	-0.038894	-0.077439	-0.039608	-0.017170	-0.021699	-0.070467	-0.001421	-0.023438	0.042969	0.085938	-0.664062	0.238281	0.000000	-0.042969	0.054688	0.632812	-0.421875	0.018095	0.039754	-5.350621	-0.008711	-0.135780	0.005333	-0.291695	1.135806	9.801877	1.000000	0.000000	0.000000	0.000000	
0.391462	0.280937	-1.397810	1.226185	-0.795759	-0.517490	-0.190128	1.209605	-1.352592	0.880377	0.397201	0.272213	-1.401478	1.330751	-0.822237	-0.515760	-0.184618	1.203627	-1.445208	0.927065	-0.034910	0.044517	-0.045945	-0.045765	-0.088005	-0.091202	-0.005207	0.032726	-0.000067	0.080119	-0.027344	0.027344	0.058594	-0.660156	0.218750	0.000000	-0.058594	0.042969	0.625000	-0.394531	0.018095	0.039751	-5.350614	-0.008710	-0.135792	0.005325	-0.291732	1.135854	9.801874	1.000000	0.000000	0.000000	0.000000	
0.391341	0.281718	-1.397944	1.225929	-0.796475	-0.518182	-0.189987	1.209516	-1.354664	0.883484	0.397016	0.272753	-1.402136	1.330098	-0.823390	-0.515795	-0.184633	1.203976	-1.445260	0.928305	-0.017449	0.019573	-0.105794	-0.022025	-0.120469	-0.037037	-0.002847	-0.010686	-0.048862	0.056867	-0.023438	0.054688	0.058594	-0.664062	0.222656	0.000000	-0.054688	0.050781	0.625000	-0.371094	0.018096	0.039750	-5.350612	-0.008709	-0.135793	0.005325	-0.291736	1.135859	9.801874	1.000000	0.000000	0.000000	0.000000	
0.391084	0.282732	-1.397947	1.225845	-0.796980	-0.518807	-0.189770	1.209288	-1.356235	0.884920	0.396858	0.273265	-1.402680	1.329700	-0.825365	-0.515899	-0.184636	1.204482	-1.445416	0.929983	-0.029662	0.019406	-0.052455	-0.040588	-0.099288	-0.003704	-0.002611	-0.015027	-0.039782	0.134803	-0.027344	0.042969	0.066406	-0.675781	0.214844	-0.007812	-0.050781	0.042969	0.613281	-0.378906	0.018096	0.039750	-5.350612	-0.008709	-0.135793	0.005325	-0.291737	1.135860	9.801874	1.000000	0.000000	0.000000	0.000000	
0.390982	0.283536	-1.397883	1.225374	-0.796757	-0.519399	-0.189477	1.209055	-1.357651	0.886649	0.396778	0.273755	-1.403346	1.329330	-0.826099	-0.515993	-0.184637	1.204656	-1.445616	0.932015	-0.083228	0.019389	-0.123893	-0.018017	-0.065763	-0.000370	-0.009567	-0.011972	-0.021426	0.125149	-0.027344	0.054688	0.082031	-0.667969	0.199219	-0.007812	-0.042969	0.042969	0.601562	-0.371094	0.018096	0.039750	-5.350612	-0.008709	-0.135793	0.005325	-0.291737	1.135860	9.801874	1.000000	0.000000	0.000000	0.000000	
0.390867	0.284185	-1.397978	1.226485	-0.796884	-0.519506	-0.189701	1.209213	-1.358839	0.887573	0.396689	0.274071	-1.404667	1.328941	-0.826392	-0.516133	-0.184629	1.204666	-1.445875	0.934941	-0.043219	0.008918	-0.050775	-0.026229	-0.041473	-0.024464	-0.000957	-0.053542	-0.113811	0.054390	-0.027344	0.066406	0.082031	-0.664062	0.199219	-0.019531	-0.042969	0.042969	0.597656	-0.339844	0.018096	0.039750	-5.350612	-0.008709	-0.135793	0.005325	-0.291737	1.135860	9.801874	1.000000	0.000000	0.000000	0.000000	
0.390762	0.284644	-1.398151	1.227303	-0.796985	-0.519693	-0.189671	1.209215	-1.359335	0.888267	0.396623	0.274240	-1.405319	1.328354	-0.826402	-0.516257	-0.184619	1.204644	-1.446120	0.936036	-0.039218	0.009034	-0.085339	-0.037519	0.037728	0.004533	-0.008238	-0.057699	-0.060236	0.043825	-0.035156	0.074219	0.085938	-0.675781	0.191406	-0.019531	-0.050781	0.042969	0.585938	-0.347656	0.018096	0.039750	-5.350612	-0.008709	-0.135793	0.005325	-0.291737	1.135860	9.801874	1.000000	0.000000	0.000000	0.000000	
0.390849	0.285045	-1.397964	1.227497	-0.795143	-0.519947	-0.189569	1.209911	-1.359389	0.885917	0.396610	0.274540	-1.405692	1.328091	-0.826379	-0.516355	-0.184601	1.204567	-1.446363	0.936594	-0.063246	0.017188	-0.025982	-0.077034	-0.010186	-0.003036	-0.021762	-0.033687	0.039342	0.014851	-0.039062	0.070312	0.089844	-0.667969	0.199219	-0.019531	-0.050781	0.050781	0.593750	-0.328125	0.018096	0.039750	-5.350612	-0.008709	-0.135793	0.005325	-0.291737	1.135860	9.801874	1.000000	0.000000	0.000000	0.000000	
0.390892	0.285186	-1.397946	1.227685	-0.794413	-0.520252	-0.189559	1.210046	-1.359025	0.883858	0.396631	0.275044	-1.405911	1.327966	-0.826351	-0.516399	-0.184565	1.204527	-1.446775	0.937045	-0.037731	0.019167	-0.002598	-0.053069	0.005961	-0.007283	-0.019624	0.000121	-0.086796	-0.005494	-0.035156	0.058594	0.082031	-0.656250	0.187500	-0.019531	-0.050781	0.050781	0.582031	-0.332031	0.018096	0.039750	-5.350612	-0.008709	-0.135793	0.005325	-0.291737	1.135860	9.801874	1.000000	0.000000	0.000000	0.000000	
0.390742	0.285275	-1.398306	1.228796	-0.795618	-0.520156	-0.189676	1.209928	-1.358849	0.883288	0.396635	0.275509	-1.406173	1.327844	-0.826127	-0.516432	-0.184493	1.204447	-1.447052	0.937498	-0.038669	0.015875	-0.038646	-0.061141	0.063409	-0.035625	0.007343	-0.041863	-0.109879	-0.014508	-0.039062	0.066406	0.085938	-0.660156	0.203125	-0.019531	-0.050781	0.058594	0.585938	-0.347656	0.018096	0.039750	-5.350612	-0.008709	-0.135793	0.005325	-0.291737	1.135860	9.801874	1.000000	0.000000	0.000000	0.000000	
0.390672	0.285097	-1.398615	1.229304	-0.796773	-0.520099	-0.189774	1.210016	-1.358606	0.883696	0.396636	0.276086	-1.406274	1.327674	-0.826034	-0.516414	-0.184439	1.204358	-1.447325	0.937516	-0.042253	0.045790	-0.049230	-0.023562	-0.063452	-0.045438	0.000734	-0.087938	-0.066822	0.002039	-0.027344	0.050781	0.082031	-0.656250	0.203125	-0.019531	-0.050781	0.054688	0.601562	-0.347656	0.018096	0.039750	-5.350612	-0.008709	-0.135793	0.005325	-0.291737	1.135860	9.801874	1.000000	0.000000	0.000000	0.000000	
0.390626	0.284787	-1.399248	1.229508	-0.798458	-0.520248	-0.189624	1.209468	-1.357888	0.886161	0.396661	0.276525	-1.406392	1.327543	-0.825894	-0.516435	-0.184339	1.204219	-1.447622	0.937496	-0.004225	0.020864	-0.078205	-0.023294	-0.048221	-0.032461	0.009379	0.001675	-0.066006	0.049059	-0.027344	0.074219	0.089844	-0.648438	0.199219	-0.019531	-0.058594	0.066406	0.593750	-0.351562	0.018096	0.039750	-5.350612	-0.008709	-0.135793	0.005325	-0.291737	1.135860	9.801874	1.000000	0.000000	0.000000	0.000000	
0.390776	0.284577	-1.399719	1.229072	-0.799753	-0.520621	-0.189508	1.209339	-1.358053	0.888788	0.396617	0.276774	-1.406439	1.327396	-0.825890	-0.516439	-0.184190	1.204119	-1.448142	0.937419	-0.094643	-0.001403	-0.074124	-0.037226	-0.092063	0.024671	0.013733	-0.034729	-0.027538	0.004906	-0.027344	0.070312	0.089844	-0.644531	0.187500	-0.019531	-0.058594	0.058594	0.597656	-0.351562	0.018096	0.039750	-5.350612	-0.008709	-0.135793	0.005325	-0.291737	1.135860	9.801874	1.000000	0.000000	0.000000	0.000000	
0.390693	0.284247	-1.400055	1.229043	-0.799669	-0.520580	-0.189509	1.209219	-1.357436	0.887748	0.396657	0.276961	-1.406521	1.327173	-0.825914	-0.516488	-0.184047	1.203977	-1.448464	0.937404	0.007984	0.023124	-0.031840	-0.080494	-0.061551	-0.032429	0.001373	-0.059307	-0.013223	0.056325	-0.027344	0.070312	0.070312	-0.632812	0.183594	-0.019531	-0.054688	0.058594	0.601562	-0.320312	0.018096	0.039750	-5.350612	-0.008709	-0.135793	0.005325	-0.291737	1.135860	9.801874	1.000000	0.000000	0.000000	0.000000	
0.390555	0.283941	-1.400190	1.228333	-0.799554	-0.520510	-0.189267	1.209270	-1.357541	0.886785	0.396641	0.277047	-1.406659	1.326692	-0.825991	-0.516547	-0.183953	1.203876	-1.448746	0.937473	-0.002691	-0.000014	-0.114852	-0.039456	-0.082927	-0.038139	-0.011495	-0.012910	-0.011791	-0.036243	-0.039062	0.070312	0.082031	-0.628906	0.167969	-0.019531	-0.050781	0.058594	0.613281	-0.316406	0.018096	0.039750	-5.350612	-0.008709	-0.135793	0.005325	-0.291737	1.135860	9.801874	1.000000	0.000000	0.000000	0.000000	
0.390312	0.283830	-1.400836	1.228875	-0.800351	-0.520197	-0.189286	1.209066	-1.357691	0.885590	0.396637	0.277161	-1.406808	1.326232	-0.825982	-0.516583	-0.183902	1.203735	-1.448973	0.937463	0.024158	0.015120	-0.042892	-0.108635	-0.008293	-0.038710	-0.001149	-0.022229	-0.060503	0.013824	-0.039062	0.066406	0.082031	-0.617188	0.175781	-0.023438	-0.042969	0.054688	0.609375	-0.328125	0.018096	0.039750	-5.350612	-0.008709	-0.135793	0.005325	-0.291737	1.135860	9.801874	1.000000	0.000000	0.000000	0.000000	
0.390176	0.283737	-1.401204	1.228216	-0.801025	-0.520280	-0.188987	1.209110	-1.357547	0.884737	0.396612	0.277249	-1.407007	1.325680	-0.825981	-0.516614	-0.183884	1.203707	-1.449188	0.937388	0.002416	0.010818	-0.042675	-0.105084	-0.056663	-0.031788	-0.016400	-0.009202	-0.016519	-0.002107	-0.039062	0.058594	0.082031	-0.625000	0.171875	-0.019531	-0.054688	0.050781	0.613281	-0.328125	0.018096	0.039750	-5.350612	-0.008709	-0.135793	0.005325	-0.291737	1.135860	9.801874	1.000000	0.000000	0.000000	0.000000	
0.389930	0.284184	-1.401164	1.227856	-0.800888	-0.520337	-0.189156	1.209658	-1.358068	0.883044	0.396535	0.277299	-1.407750	1.325085	-0.825956	-0.516620	-0.183872	1.203653	-1.449255	0.937131	-0.013717	-0.015203	-0.039164	-0.062853	0.008292	-0.038075	-0.001640	0.006059	0.015796	-0.035107	-0.039062	0.066406	0.085938	-0.617188	0.171875	-0.019531	-0.054688	0.050781	0.609375	-0.320312	0.018096	0.039750	-5.350612	-0.008709	-0.135793	0.005325	-0.291737	1.135860	9.801874	1.000000	0.000000	0.000000	0.000000	
0.389833	0.284235	-1.401577	1.228014	-0.800960	-0.520248	-0.189165	1.209639	-1.357818	0.881137	0.396495	0.277357	-1.408286	1.323778	-0.825975	-0.516622	-0.183870	1.203642	-1.449268	0.936813	-0.004861	-0.018968	-0.042302	-0.121443	0.018277	-0.038704	-0.012959	-0.030801	-0.026337	-0.048876	-0.042969	0.058594	0.082031	-0.609375	0.171875	-0.019531	-0.039062	0.054688	0.601562	-0.335938	0.018096	0.039750	-5.350612	-0.008709	-0.135793	0.005325	-0.291737	1.135860	9.801874	1.000000	0.000000	0.000000	0.000000	
0.389706	0.284233	-1.401774	1.227410	-0.801157	-0.520465	-0.189043	1.209688	-1.356992	0.879401	0.396487	0.277458	-1.408660	1.322960	-0.825979	-0.516622	-0.183878	1.203567	-1.449247	0.936410	0.006493	0.002756	-0.014699	-0.116833	-0.012131	-0.017829	-0.029213	0.031816	0.018304	0.026519	-0.035156	0.058594	0.089844	-0.601562	0.167969	-0.011719	-0.050781	0.058594	0.609375	-0.339844	0.018096	0.039750	-5.350612	-0.008709	-0.135793	0.005325	-0.291737	1.135860	9.801874	1.000000	0.000000	0.000000	0.000000	
0.389729	0.284226	-1.402041	1.226762	-0.801441	-0.520705	-0.189146	1.210026	-1.356804	0.878244	0.396461	0.277526	-1.408953	1.322214	-0.826004	-0.516622	-0.183871	1.203479	-1.449242	0.935796	-0.044716	-0.013683	-0.039856	-0.105903	-0.015172	-0.001783	-0.007574	-0.024735	-0.008638	-0.077610	-0.039062	0.058594	0.082031	-0.601562	0.167969	-0.019531	-0.042969	0.066406	0.597656	-0.347656	0.018096	0.039750	-5.350612	-0.008709	-0.135793	0.005325	-0.291737	1.135860	9.801874	1.000000	0.000000	0.000000	0.000000	
0.389609	0.284442	-1.402066	1.226637	-0.801370	-0.520630	-0.189542	1.210595	-1.356852	0.876182	0.396456	0.277556	-1.409423	1.321387	-0.826033	-0.516646	-0.183870	1.203462	-1.449217	0.935019	-0.046347	-0.013000	0.006483	-0.055956	-0.036413	-0.049033	-0.008900	-0.005963	0.016584	-0.108960	-0.042969	0.058594	0.082031	-0.593750	0.167969	-0.019531	-0.050781	0.058594	0.609375	-0.347656	0.018096	0.039750	-5.350612	-0.008709	-0.135793	0.005325	-0.291737	1.135860	9.801874	1.000000	0.000000	0.000000	0.000000	
0.389628	0.284293	-1.402496	1.226482	-0.801313	-0.520607	-0.189639	1.210482	-1.356522	0.875082	0.396455	0.277570	-1.409687	1.320131	-0.826039	-0.516651	-0.183870	1.203410	-1.449188	0.934524	-0.050000	-0.007116	-0.048207	-0.075388	-0.003641	-0.036310	-0.000890	-0.011065	0.033065	-0.080689	-0.039062	0.058594	0.082031	-0.593750	0.164062	-0.019531	-0.050781	0.066406	0.613281	-0.355469	0.018096	0.039750	-5.350612	-0.008709	-0.135793	0.005325	-0.291737	1.135860	9.801874	1.000000	0.000000	0.000000	0.000000	
0.389557	0.284121	-1.402874	1.226026	-0.801447	-0.520738	-0.189511	1.210060	-1.355819	0.874246	0.396455	0.277605	-1.409788	1.319613	-0.826016	-0.516676	-0.183870	1.203351	-1.449182	0.933965	-0.025938	-0.014670	-0.008310	-0.035456	-0.035260	-0.038527	0.004564	-0.046472	0.003307	-0.032496	-0.027344	0.066406	0.082031	-0.597656	0.156250	-0.023438	-0.050781	0.082031	0.609375	-0.363281	0.018096	0.039750	-5.350612	-0.008709	-0.135793	0.005325	-0.291737	1.135860	9.801874	1.000000	0.000000	0.000000	0.000000	
0.389439	0.284121	-1.403283	1.225772	-0.801557	-0.520891	-0.189461	1.209758	-1.355545	0.873614	0.396431	0.277636	-1.409784	1.319340	-0.825939	-0.516681	-0.183878	1.203363	-1.449205	0.933223	-0.037490	0.010165	0.048024	0.006923	0.003453	-0.038749	-0.010013	-0.022095	-0.006649	-0.100959	-0.039062	0.066406	0.082031	-0.601562	0.156250	-0.023438	-0.054688	0.066406	0.613281	-0.355469	0.018096	0.039750	-5.350612	-0.008709	-0.135793	0.005325	-0.291737	1.135860	9.801874	1.000000	0.000000	0.000000	0.000000	
0.389313	0.284118	-1.403711	1.225563	-0.801822	-0.520855	-0.189303	1.209394	-1.355513	0.873435	0.396401	0.277659	-1.409808	1.319019	-0.825899	-0.516706	-0.183879	1.203366	-1.449210	0.931911	-0.028176	-0.011779	-0.026604	-0.058631	-0.024082	-0.045750	-0.017286	-0.002210	0.016783	-0.034523	-0.039062	0.066406	0.074219	-0.593750	0.164062	-0.023438	-0.054688	0.058594	0.625000	-0.351562	0.018096	0.039750	-5.350612	-0.008709	-0.135793	0.005325	-0.291737	1.135860	9.801874	1.000000	0.000000	0.000000	0.000000	
0.389149	0.283848	-1.404154	1.225463	-0.802320	-0.520925	-0.189454	1.209286	-1.355176	0.872851	0.396371	0.277696	-1.409861	1.318106	-0.825818	-0.516712	-0.183871	1.203342	-1.449211	0.931164	0.014631	-0.011647	-0.051515	-0.082635	0.008061	0.012873	-0.001729	-0.059545	0.001678	-0.052307	-0.039062	0.058594	0.066406	-0.585938	0.164062	-0.019531	-0.054688	0.058594	0.613281	-0.351562	0.018096	0.039750	-5.350612	-0.008709	-0.135793	0.005325	-0.291737	1.135860	9.801874	1.000000	0.000000	0.000000	0.000000	
0.388911	0.283604	-1.404612	1.224661	-0.802848	-0.520863	-0.189287	1.209247	-1.354638	0.872204	0.396317	0.277719	-1.409944	1.317245	-0.825778	-0.516761	-0.183878	1.203265	-1.449211	0.930579	0.001463	-0.018613	-0.040048	-0.088525	-0.044559	-0.044078	-0.016458	-0.040851	-0.003322	-0.061065	-0.042969	0.066406	0.070312	-0.578125	0.156250	-0.027344	-0.050781	0.066406	0.617188	-0.355469	0.018096	0.039750	-5.350612	-0.008709	-0.135793	0.005325	-0.291737	1.135860	9.801874	1.000000	0.000000	0.000000	0.000000	
0.388779	0.283628	-1.405013	1.223710	-0.802464	-0.520932	-0.189563	1.209553	-1.355076	0.870397	0.396258	0.277740	-1.410106	1.316394	-0.825697	-0.516771	-0.183871	1.203055	-1.449211	0.929929	-0.069646	0.001628	0.013443	-0.075156	-0.007946	0.013040	-0.003972	-0.073878	-0.035229	-0.089858	-0.042969	0.058594	0.066406	-0.562500	0.152344	-0.027344	-0.058594	0.070312	0.628906	-0.351562	0.018096	0.039750	-5.350612	-0.008709	-0.135793	0.005325	-0.291737	1.135860	9.801874	1.000000	0.000000	0.000000	0.000000	
0.388710	0.283547	-1.405537	1.222935	-0.802301	-0.520980	-0.189662	1.209490	-1.354885	0.868218	0.396246	0.277744	-1.410260	1.315037	-0.825608	-0.516797	-0.183870	1.202820	-1.449235	0.928320	-0.059309	0.000163	-0.016104	-0.112205	0.009674	0.004794	-0.002724	-0.063222	-0.076805	-0.110185	-0.050781	0.054688	0.058594	-0.574219	0.152344	-0.023438	-0.042969	0.074219	0.628906	-0.339844	0.018096	0.039750	-5.350612	-0.008709	-0.135793	0.005325	-0.291737	1.135860	9.801874	1.000000	0.000000	0.000000	0.000000	
0.388535	0.283531	-1.405899	1.222393	-0.802296	-0.520942	-0.189857	1.209979	-1.354874	0.866540	0.396243	0.277745	-1.410387	1.314038	-0.825518	-0.516827	-0.183878	1.202530	-1.449216	0.927199	-0.030358	-0.009289	-0.050465	-0.133358	0.021905	-0.023948	-0.016557	-0.030750	-0.021639	-0.098259	-0.039062	0.058594	0.054688	-0.566406	0.148438	-0.023438	-0.054688	0.082031	0.617188	-0.347656	0.018096	0.039750	-5.350612	-0.008709	-0.135793	0.005325	-0.291737	1.135860	9.801874	1.000000	0.000000	0.000000	0.000000	
0.388381	0.283733	-1.406223	1.221421	-0.802706	-0.521154	-0.189928	1.210217	-1.355041	0.866534	0.396243	0.277745	-1.410534	1.313160	-0.825209	-0.516857	-0.183879	1.201963	-1.449236	0.926320	-0.037932	-0.017214	-0.025984	-0.065680	-0.032706	-0.030312	-0.013288	-0.048440	-0.051019	-0.062170	-0.042969	0.054688	0.050781	-0.574219	0.140625	-0.023438	-0.054688	0.089844	0.617188	-0.355469	0.018096	0.039750	-5.350612	-0.008709	-0.135793	0.005325	-0.291737	1.135860	9.801874	1.000000	0.000000	0.000000	0.000000	
0.388444	0.283720	-1.406900	1.221036	-0.803987	-0.521506	-0.190059	1.210103	-1.354740	0.868028	0.396243	0.277753	-1.410733	1.312379	-0.824832	-0.516838	-0.183888	1.201680	-1.449240	0.925200	-0.038690	-0.001721	-0.054943	-0.062402	-0.010250	0.024886	-0.035062	0.019583	-0.046977	-0.156271	-0.042969	0.058594	0.042969	-0.578125	0.132812	-0.027344	-0.054688	0.089844	0.617188	-0.339844	0.018096	0.039750	-5.350612	-0.008709	-0.135793	0.005325	-0.291737	1.135860	9.801874	1.000000	0.000000	0.000000	0.000000	
0.388487	0.284045	-1.407301	1.220320	-0.804904	-0.521917	-0.190308	1.210091	-1.355186	0.868521	0.396219	0.277779	-1.410773	1.311495	-0.824442	-0.516835	-0.183873	1.201503	-1.449217	0.922843	-0.080641	0.007970	0.008464	-0.034157	0.023402	0.051343	-0.004669	-0.008511	-0.050063	-0.109847	-0.042969	0.058594	0.050781	-0.582031	0.132812	-0.027344	-0.054688	0.089844	0.617188	-0.332031	0.018096	0.039750	-5.350612	-0.008709	-0.135793	0.005325	-0.291737	1.135860	9.801874	1.000000	0.000000	0.000000	0.000000	
0.388356	0.284127	-1.407873	1.220759	-0.805398	-0.521852	-0.190534	1.209718	-1.355088	0.868096	0.396189	0.277808	-1.410878	1.311003	-0.823928	-0.516883	-0.183862	1.201419	-1.449260	0.921644	-0.042960	0.006613	-0.034050	-0.048781	0.082602	-0.012314	0.014655	-0.000851	-0.085268	-0.129632	-0.039062	0.058594	0.042969	-0.582031	0.121094	-0.023438	-0.058594	0.089844	0.628906	-0.320312	0.018096	0.039750	-5.350612	-0.008709	-0.135793	0.005325	-0.291737	1.135860	9.801874	1.000000	0.000000	0.000000	0.000000	
0.388197	0.284166	-1.408309	1.221712	-0.806139	-0.521621	-0.191060	1.210165	-1.355259	0.867173	0.396208	0.277847	-1.411093	1.310517	-0.822710	-0.516965	-0.183868	1.201378	-1.449293	0.920532	-0.007786	-0.012134	-0.024343	-0.095609	0.060605	-0.050086	0.006118	0.041790	-0.099257	-0.190934	-0.039062	0.058594	0.050781	-0.582031	0.101562	-0.023438	-0.058594	0.089844	0.617188	-0.304688	0.018096	0.039750	-5.350612	-0.008709	-0.135793	0.005325	-0.291737	1.135860	9.801874	1.000000	0.000000	0.000000	0.000000	
0.388075	0.284469	-1.408411	1.221256	-0.805470	-0.521665	-0.191070	1.210888	-1.355754	0.865669	0.396187	0.277903	-1.412032	1.310057	-0.821982	-0.517030	-0.183877	1.201369	-1.449276	0.919438	-0.011247	-0.010519	-0.044310	-0.072374	0.020019	-0.088760	-0.011020	0.004179	0.004033	-0.137741	-0.042969	0.058594	0.066406	-0.574219	0.089844	-0.027344	-0.058594	0.085938	0.628906	-0.304688	0.018096	0.039750	-5.350612	-0.008709	-0.135793	0.005325	-0.291737	1.135860	9.801874	1.000000	0.000000	0.000000	0.000000	
0.388216	0.284415	-1.408876	1.220554	-0.804246	-0.521969	-0.190979	1.210537	-1.355617	0.863584	0.396183	0.277946	-1.412778	1.309213	-0.821424	-0.517043	-0.183887	1.201392	-1.449321	0.917910	-0.001125	0.010580	-0.063755	-0.021196	0.029919	-0.008876	-0.010408	-0.051927	-0.065900	-0.153359	-0.050781	0.058594	0.058594	-0.558594	0.089844	-0.023438	-0.066406	0.085938	0.625000	-0.296875	0.018096	0.039750	-5.350612	-0.008709	-0.135793	0.005325	-0.291737	1.135860	9.801874	1.000000	0.000000	0.000000	0.000000	
0.388348	0.284156	-1.409479	1.219946	-0.803462	-0.522186	-0.190813	1.209816	-1.355187	0.862120	0.396182	0.277995	-1.413242	1.308778	-0.820925	-0.517045	-0.183889	1.201421	-1.449306	0.916684	0.006867	0.024322	-0.090127	-0.005609	-0.031904	0.006092	-0.012673	-0.005193	0.007369	-0.165390	-0.050781	0.058594	0.058594	-0.574219	0.085938	-0.023438	-0.066406	0.085938	0.617188	-0.296875	0.018096	0.039750	-5.350612	-0.008709	-0.135793	0.005325	-0.291737	1.135860	9.801874	1.000000	0.000000	0.000000	0.000000	
0.388369	0.284086	-1.410127	1.219867	-0.803179	-0.522394	-0.191110	1.209287	-1.355511	0.861295	0.396182	0.278021	-1.413577	1.308570	-0.819298	-0.517046	-0.183882	1.201523	-1.449375	0.915348	0.007666	-0.006873	-0.022971	0.002929	0.066602	0.049464	0.003386	-0.024947	-0.072545	-0.208469	-0.050781	0.058594	0.058594	-0.574219	0.070312	-0.035156	-0.066406	0.085938	0.625000	-0.304688	0.018096	0.039750	-5.350612	-0.008709	-0.135793	0.005325	-0.291737	1.135860	9.801874	1.000000	0.000000	0.000000	0.000000	
0.388178	0.284287	-1.410654	1.219709	-0.802572	-0.522429	-0.191130	1.208648	-1.355788	0.859259	0.396182	0.278043	-1.413910	1.308455	-0.817980	-0.517070	-0.183888	1.201520	-1.449389	0.914208	-0.013192	0.002802	0.036089	-0.027624	0.079943	0.018905	-0.004314	-0.012964	-0.077047	-0.136005	-0.050781	0.054688	0.054688	-0.582031	0.066406	-0.035156	-0.066406	0.085938	0.625000	-0.312500	0.018096	0.039750	-5.350612	-0.008709	-0.135793	0.005325	-0.291737	1.135860	9.801874	1.000000	0.000000	0.000000	0.000000	
0.387855	0.284794	-1.410415	1.218535	-0.800150	-0.522493	-0.191099	1.208857	-1.356594	0.856039	0.396182	0.278047	-1.414122	1.308142	-0.817134	-0.517099	-0.183889	1.201495	-1.449368	0.911969	-0.001319	-0.017168	-0.006860	0.007706	0.039401	-0.033006	-0.003921	-0.036193	0.002764	-0.086883	-0.050781	0.058594	0.042969	-0.566406	0.082031	-0.027344	-0.066406	0.082031	0.625000	-0.285156	0.018096	0.039750	-5.350612	-0.008709	-0.135793	0.005325	-0.291737	1.135860	9.801874	1.000000	0.000000	0.000000	0.000000	
0.387788	0.285100	-1.410412	1.217996	-0.798211	-0.522593	-0.191200	1.209099	-1.357112	0.853616	0.396182	0.278080	-1.414262	1.307934	-0.816529	-0.517081	-0.183898	1.201490	-1.449388	0.910382	-0.000132	-0.022655	-0.032093	-0.034126	0.028368	0.010658	-0.005045	-0.017578	-0.024151	-0.134315	-0.054688	0.058594	0.042969	-0.578125	0.074219	-0.023438	-0.070312	0.082031	0.617188	-0.296875	0.018096	0.039750	-5.350612	-0.008709	-0.135793	0.005325	-0.291737	1.135860	9.801874	1.000000	0.000000	0.000000	0.000000	
0.387856	0.284910	-1.410778	1.217489	-0.797241	-0.522577	-0.191243	1.209285	-1.357067	0.852174	0.396182	0.278135	-1.414314	1.307674	-0.814857	-0.517101	-0.183899	1.201489	-1.449440	0.908562	-0.006992	-0.011571	-0.052064	-0.055757	0.079609	-0.033831	-0.012137	-0.026185	-0.058249	-0.229789	-0.050781	0.054688	0.039062	-0.582031	0.066406	-0.023438	-0.066406	0.082031	0.617188	-0.285156	0.018096	0.039750	-5.350612	-0.008709	-0.135793	0.005325	-0.291737	1.135860	9.801874	1.000000	0.000000	0.000000	0.000000	
0.387936	0.285011	-1.411002	1.216841	-0.795808	-0.522516	-0.191469	1.209898	-1.357589	0.850238	0.396158	0.278195	-1.414349	1.307404	-0.813699	-0.517106	-0.183908	1.201488	-1.449475	0.906914	-0.053044	0.008149	-0.029634	-0.075368	0.067285	-0.031300	-0.009356	-0.058453	-0.023273	-0.173033	-0.050781	0.058594	0.035156	-0.582031	0.074219	-0.035156	-0.066406	0.074219	0.613281	-0.316406	0.018096	0.039750	-5.350612	-0.008709	-0.135793	0.005325	-0.291737	1.135860	9.801874	1.000000	0.000000	0.000000	0.000000	
0.387962	0.285230	-1.411077	1.215843	-0.794800	-0.523030	-0.191620	1.209635	-1.357442	0.849231	0.396177	0.278287	-1.414404	1.306744	-0.812764	-0.517106	-0.183918	1.201513	-1.449506	0.904767	0.001675	0.013610	-0.020412	0.048297	0.045114	0.042235	-0.012568	-0.040742	-0.082589	-0.128972	-0.054688	0.058594	0.039062	-0.574219	0.074219	-0.035156	-0.066406	0.082031	0.613281	-0.312500	0.018096	0.039750	-5.350612	-0.008709	-0.135793	0.005325	-0.291737	1.135860	9.801874	1.000000	0.000000	0.000000	0.000000	
0.387994	0.285559	-1.411434	1.215271	-0.793546	-0.523229	-0.191383	1.209443	-1.357453	0.848174	0.396157	0.278395	-1.414488	1.306224	-0.811899	-0.517131	-0.183928	1.201518	-1.449488	0.903295	-0.055667	0.007177	-0.033448	-0.064963	0.070814	0.018182	-0.014052	-0.038970	0.016169	-0.110607	-0.050781	0.054688	0.039062	-0.574219	0.066406	-0.027344	-0.070312	0.082031	0.609375	-0.316406	0.018096	0.039750	-5.350612	-0.008709	-0.135793	0.005325	-0.291737	1.135860	9.801874	1.000000	0.000000	0.000000	0.000000	
0.387996	0.285396	-1.411680	1.214796	-0.792946	-0.523221	-0.191581	1.209513	-1.357206	0.847963	0.396177	0.278578	-1.414626	1.305805	-0.809884	-0.517184	-0.183930	1.201591	-1.449509	0.902225	0.004902	-0.003935	-0.094075	-0.076289	0.062916	-0.029588	-0.001405	-0.000407	-0.036769	-0.077364	-0.050781	0.042969	0.035156	-0.582031	0.074219	-0.027344	-0.066406	0.082031	0.609375	-0.320312	0.018096	0.039750	-5.350612	-0.008709	-0.135793	0.005325	-0.291737	1.135860	9.801874	1.000000	0.000000	0.000000	0.000000	
0.387876	0.285874	-1.411594	1.214327	-0.792066	-0.523281	-0.191863	1.210447	-1.358002	0.847274	0.396157	0.278825	-1.414774	1.305455	-0.808899	-0.517243	-0.183938	1.201582	-1.449464	0.900994	-0.037896	-0.012026	-0.044304	-0.025077	0.062126	-0.055303	-0.014099	-0.034937	0.017261	-0.122894	-0.054688	0.058594	0.039062	-0.582031	0.074219	-0.035156	-0.070312	0.085938	0.601562	-0.304688	0.018096	0.039750	-5.350612	-0.008709	-0.135793	0.005325	-0.291737	1.135860	9.801874	1.000000	0.000000	0.000000	0.000000	
0.387989	0.286403	-1.411572	1.213434	-0.789889	-0.523528	-0.191782	1.210828	-1.358360	0.845018	0.396153	0.278955	-1.414804	1.305143	-0.808000	-0.517255	-0.183948	1.201556	-1.449455	0.899221	-0.042176	-0.004692	0.013018	-0.058342	0.044599	-0.022978	-0.023511	-0.059328	0.008705	-0.078592	-0.042969	0.066406	0.035156	-0.585938	0.070312	-0.035156	-0.070312	0.082031	0.613281	-0.304688	0.018096	0.039750	-5.350612	-0.008709	-0.135793	0.005325	-0.291737	1.135860	9.801874	1.000000	0.000000	0.000000	0.000000	
0.387986	0.286683	-1.411430	1.212305	-0.787557	-0.523809	-0.191483	1.210631	-1.357955	0.841293	0.396176	0.279069	-1.414834	1.304765	-0.806996	-0.517282	-0.183958	1.201526	-1.449454	0.898357	0.013231	0.014653	-0.019636	-0.002345	0.074253	-0.030215	-0.023289	-0.068746	0.007850	-0.091610	-0.050781	0.066406	0.035156	-0.585938	0.066406	-0.027344	-0.074219	0.082031	0.601562	-0.316406	0.018096	0.039750	-5.350612	-0.008709	-0.135793	0.005325	-0.291737	1.135860	9.801874	1.000000	0.000000	0.000000	0.000000	
0.388097	0.286841	-1.411646	1.212475	-0.787382	-0.523913	-0.191815	1.210781	-1.357759	0.839617	0.396181	0.279157	-1.414889	1.304569	-0.805583	-0.517311	-0.183952	1.201593	-1.449477	0.897433	0.001323	-0.009004	-0.005453	-0.080496	0.038832	0.031875	0.003487	0.024532	-0.013174	-0.166195	-0.050781	0.066406	0.039062	-0.597656	0.085938	-0.039062	-0.070312	0.089844	0.601562	-0.316406	0.018096	0.039750	-5.350612	-0.008709	-0.135793	0.005325	-0.291737	1.135860	9.801874	1.000000	0.000000	0.000000	0.000000	
0.388133	0.286947	-1.411656	1.211817	-0.788077	-0.524151	-0.192061	1.211271	-1.358019	0.839512	0.396158	0.279215	-1.414973	1.304408	-0.804671	-0.517414	-0.183959	1.201630	-1.449482	0.896158	-0.034764	0.001426	-0.042421	-0.042946	0.024821	-0.024730	-0.015936	0.012922	0.009152	-0.159694	-0.050781	0.074219	0.027344	-0.601562	0.089844	-0.035156	-0.066406	0.089844	0.613281	-0.316406	0.018096	0.039750	-5.350612	-0.008709	-0.135793	0.005325	-0.291737	1.135860	9.801874	1.000000	0.000000	0.000000	0.000000	
0.388241	0.286973	-1.411874	1.211709	-0.787936	-0.524081	-0.192478	1.211623	-1.358106	0.838744	0.396153	0.279307	-1.415110	1.304182	-0.803664	-0.517483	-0.183960	1.201638	-1.449483	0.894037	-0.041862	0.005959	-0.039138	-0.042681	0.019930	-0.023411	0.004222	-0.065011	-0.009554	-0.145086	-0.050781	0.070312	0.039062	-0.582031	0.082031	-0.035156	-0.074219	0.089844	0.609375	-0.320312	0.018096	0.039750	-5.350612	-0.008709	-0.135793	0.005325	-0.291737	1.135860	9.801874	1.000000	0.000000	0.000000	0.000000	
0.389304	0.287286	-1.413067	1.214462	-0.788679	-0.524026	-0.193199	1.210405	-1.356084	0.842278	0.396176	0.279390	-1.415235	1.303361	-0.802712	-0.517545	-0.183960	1.201688	-1.449532	0.892377	-0.004186	-0.014526	-0.066727	-0.070571	0.040379	-0.023279	-0.013536	0.010947	-0.084707	-0.140135	-0.054688	0.066406	0.035156	-0.578125	0.070312	-0.042969	-0.082031	0.089844	0.609375	-0.296875	0.020358	-0.023380	-5.349572	0.016937	0.026234	-0.024077	0.061217	0.017815	9.857830	1.000000	0.000000	0.000000	0.000000	
0.390628	0.285689	-1.416280	1.219516	-0.796420	-0.523377	-0.194867	1.210280	-1.354362	0.856829	0.396181	0.279496	-1.415357	1.302591	-0.801552	-0.517606	-0.183968	1.201746	-1.449542	0.890906	-0.000419	-0.006105	0.003796	-0.136174	0.052893	-0.037224	-0.022291	-0.051250	-0.057326	-0.139640	-0.050781	0.070312	0.042969	-0.578125	0.074219	-0.039062	-0.085938	0.093750	0.601562	-0.312500	0.020810	-0.036006	-5.349364	0.019501	0.042437	-0.027017	0.096512	-0.093989	9.863425	1.000000	0.000000	0.000000	0.000000	
0.391970	0.283060	-1.419246	1.223319	-0.807205	-0.522530	-0.197233	1.211345	-1.353425	0.880845	0.396230	0.279654	-1.415599	1.301928	-0.800956	-0.517643	-0.183970	1.201758	-1.449471	0.889957	-0.000042	-0.011079	-0.076392	-0.072941	-0.050545	-0.035129	-0.012698	-0.040021	0.011716	-0.108184	-0.050781	0.058594	0.039062	-0.550781	0.066406	-0.035156	-0.085938	0.082031	0.617188	-0.281250	0.020901	-0.038531	-5.349322	0.019758	0.044057	-0.027311	0.100042	-0.105170	9.863985	1.000000	0.000000	0.000000	0.000000	
0.393466	0.280588	-1.421801	1.225401	-0.815070	-0.522049	-0.198501	1.211493	-1.352542	0.901170	0.396313	0.279710	-1.416714	1.301432	-0.800910	-0.517674	-0.184043	1.201785	-1.449432	0.889549	0.017444	0.014014	-0.070453	-0.070108	-0.039951	-0.034920	-0.012902	0.009956	-0.009297	0.020588	-0.039062	0.058594	0.027344	-0.527344	0.027344	-0.035156	-0.101562	0.082031	0.632812	-0.218750	0.020919	-0.039036	-5.349314	0.019784	0.044219	-0.027340	0.100395	-0.106288	9.864040	1.000000	0.000000	0.000000	0.000000	
0.395456	0.279028	-1.423361	1.225024	-0.817961	-0.522459	-0.198548	1.210544	-1.353716	0.914762	0.396378	0.279697	-1.417567	1.300897	-0.801749	-0.517705	-0.184219	1.201742	-1.449328	0.892109	-0.036642	0.013033	-0.066369	-0.007011	-0.133111	-0.013961	-0.005943	-0.026921	-0.000930	0.270761	-0.023438	0.035156	-0.003906	-0.500000	-0.007812	-0.035156	-0.121094	0.089844	0.628906	-0.171875	0.020923	-0.039137	-5.349312	0.019786	0.044235	-0.027343	0.100430	-0.106400	9.864046	1.000000	0.000000	0.000000	0.000000	
0.397410	0.278455	-1.424393	1.224818	-0.816231	-0.523065	-0.198054	1.208878	-1.356279	0.921791	0.396561	0.279525	-1.418561	1.300741	-0.802983	-0.517735	-0.184489	1.201466	-1.449137	0.897153	-0.080436	-0.008002	-0.111326	-0.035597	-0.090083	-0.043272	-0.029675	-0.082954	-0.034989	0.428384	-0.023438	0.027344	0.003906	-0.496094	-0.054688	-0.019531	-0.117188	0.105469	0.617188	-0.132812	0.020923	-0.039157	-5.349312	0.019786	0.044237	-0.027344	0.100434	-0.106411	9.864047	1.000000	0.000000	0.000000	0.000000	
0.398944	0.278120	-1.424711	1.225524	-0.814502	-0.523531	-0.198035	1.207567	-1.359890	0.926359	0.396718	0.279377	-1.419560	1.300831	-0.804248	-0.517790	-0.184785	1.200999	-1.448857	0.903008	0.005915	-0.020575	-0.147228	-0.027987	-0.110208	-0.053182	-0.034374	-0.085067	-0.027926	0.444146	-0.007812	0.011719	0.003906	-0.496094	-0.054688	-0.035156	-0.117188	0.109375	0.628906	-0.070312	0.020923	-0.039161	-5.349312	0.019786	0.044237	-0.027344	0.100434	-0.106412	9.864047	1.000000	0.000000	0.000000	0.000000	
0.400252	0.277985	-1.424651	1.226238	-0.814619	-0.524163	-0.198398	1.207031	-1.363765	0.930416	0.397089	0.279146	-1.421602	1.300898	-0.804767	-0.517825	-0.184949	1.200494	-1.448849	0.909147	0.000591	-0.021832	-0.056598	-0.037695	0.009917	0.040047	-0.008090	-0.043403	-0.041179	0.288689	0.000000	0.003906	0.000000	-0.503906	-0.066406	-0.027344	-0.121094	0.093750	0.613281	0.003906	0.020924	-0.039162	-5.349312	0.019786	0.044237	-0.027344	0.100434	-0.106412	9.864047	1.000000	0.000000	0.000000	0.000000	
0.401501	0.277259	-1.424343	1.226795	-0.815335	-0.524615	-0.198500	1.206512	-1.366582	0.932302	0.397527	0.279011	-1.422640	1.300911	-0.804822	-0.517880	-0.185023	1.199884	-1.448799	0.912483	0.048914	-0.013815	-0.117328	-0.045645	0.007971	0.031922	-0.007788	-0.070643	0.023799	0.206840	0.003906	0.003906	0.007812	-0.492188	-0.066406	-0.039062	-0.125000	0.089844	0.582031	0.011719	0.020924	-0.039162	-5.349312	0.019786	0.044237	-0.027344	0.100434	-0.106412	9.864047	1.000000	0.000000	0.000000	0.000000	
0.402499	0.276868	-1.423965	1.227366	-0.814947	-0.524942	-0.198379	1.205992	-1.368686	0.932316	0.397978	0.278919	-1.423357	1.300865	-0.804761	-0.517891	-0.185069	1.199180	-1.448765	0.915526	0.004891	-0.013014	-0.109443	-0.018523	0.004287	0.027620	-0.017064	-0.101284	-0.029027	0.149800	0.007812	0.000000	0.000000	-0.492188	-0.054688	-0.039062	-0.125000	0.101562	0.566406	0.039062	0.020924	-0.039162	-5.349312	0.019786	0.044237	-0.027344	0.100434	-0.106412	9.864047	1.000000	0.000000	0.000000	0.000000	
0.403281	0.276776	-1.423386	1.228211	-0.812838	-0.525204	-0.198057	1.205372	-1.369897	0.929103	0.398528	0.278804	-1.423936	1.300929	-0.804773	-0.517918	-0.185103	1.198119	-1.448782	0.917758	-0.003000	0.004515	0.030931	0.015596	-0.034468	-0.035624	-0.009849	-0.156693	-0.030820	0.192951	0.007812	-0.003906	0.003906	-0.496094	-0.066406	-0.039062	-0.125000	0.117188	0.546875	0.035156	0.020924	-0.039162	-5.349312	0.019786	0.044237	-0.027344	0.100434	-0.106412	9.864047	1.000000	0.000000	0.000000	0.000000	
0.404004	0.276630	-1.422525	1.228988	-0.810335	-0.525647	-0.197501	1.204627	-1.370438	0.926196	0.399366	0.278676	-1.424125	1.301087	-0.804775	-0.517923	-0.185126	1.197083	-1.448786	0.921161	-0.003790	-0.026302	-0.052741	0.015518	0.010512	-0.038459	-0.019596	-0.141296	0.035304	0.151901	0.003906	-0.007812	0.003906	-0.492188	-0.066406	-0.039062	-0.132812	0.109375	0.531250	0.019531	0.020924	-0.039162	-5.349312	0.019786	0.044237	-0.027344	0.100434	-0.106412	9.864047	1.000000	0.000000	0.000000	0.000000	
0.404668	0.276306	-1.421909	1.229909	-0.809781	-0.526072	-0.197364	1.204238	-1.370330	0.926289	0.400018	0.278537	-1.424114	1.301240	-0.804727	-0.517924	-0.185147	1.196463	-1.448811	0.922835	0.055455	-0.024731	0.015664	-0.008917	0.046416	-0.035253	-0.034530	-0.062984	-0.003449	0.098941	0.000000	-0.007812	0.003906	-0.492188	-0.054688	-0.039062	-0.125000	0.109375	0.519531	0.007812	0.020924	-0.039162	-5.349312	0.019786	0.044237	-0.027344	0.100434	-0.106412	9.864047	1.000000	0.000000	0.000000	0.000000	
0.405515	0.275363	-1.421528	1.230084	-0.811530	-0.526511	-0.197424	1.203944	-1.369709	0.928880	0.400802	0.278348	-1.424088	1.301343	-0.804790	-0.517900	-0.185135	1.195491	-1.448816	0.923460	0.022994	-0.005963	-0.001923	-0.000892	-0.047703	0.010433	-0.002290	-0.069112	-0.000345	0.009894	0.007812	0.000000	0.019531	-0.468750	-0.035156	-0.042969	-0.121094	0.109375	0.527344	0.011719	0.020924	-0.039162	-5.349312	0.019786	0.044237	-0.027344	0.100434	-0.106412	9.864047	1.000000	0.000000	0.000000	0.000000	
0.406157	0.274708	-1.420999	1.230181	-0.812859	-0.526769	-0.197510	1.203887	-1.368842	0.929884	0.401347	0.278181	-1.424034	1.301485	-0.804803	-0.517895	-0.185132	1.194788	-1.448817	0.923876	0.030216	-0.023860	0.024235	-0.007068	-0.081542	0.018491	0.004424	-0.090662	0.031372	0.018438	0.019531	0.003906	0.007812	-0.476562	-0.027344	-0.042969	-0.117188	0.121094	0.515625	0.003906	0.020924	-0.039162	-5.349312	0.019786	0.044237	-0.027344	0.100434	-0.106412	9.864047	1.000000	0.000000	0.000000	0.000000	
0.406605	0.274445	-1.420501	1.230057	-0.812286	-0.526979	-0.197027	1.203040	-1.368099	0.929162	0.401698	0.277800	-1.423708	1.301707	-0.804951	-0.517943	-0.185148	1.193969	-1.448865	0.925365	0.003022	-0.024487	0.030341	0.030700	-0.067478	0.001849	-0.026311	-0.131203	-0.028269	0.113512	0.011719	0.003906	0.007812	-0.476562	-0.027344	-0.054688	-0.121094	0.121094	0.531250	-0.011719	0.020924	-0.039162	-5.349312	0.019786	0.044237	-0.027344	0.100434	-0.106412	9.864047	1.000000	0.000000	0.000000	0.000000	
0.406910	0.274045	-1.420120	1.230798	-0.811800	-0.526945	-0.196820	1.202378	-1.367608	0.928867	0.402132	0.277425	-1.423425	1.302236	-0.805295	-0.517952	-0.185151	1.193320	-1.448875	0.926996	0.035198	-0.035019	-0.003945	0.013539	-0.055603	0.014143	-0.027059	-0.082913	0.021600	0.105571	0.023438	0.000000	0.011719	-0.492188	-0.035156	-0.054688	-0.117188	0.117188	0.531250	-0.011719	0.020924	-0.039162	-5.349312	0.019786	0.044237	-0.027344	0.100434	-0.106412	9.864047	1.000000	0.000000	0.000000	0.000000	
0.407307	0.273748	-1.419762	1.231266	-0.811795	-0.526804	-0.196864	1.202411	-1.368112	0.929313	0.402655	0.277019	-1.423053	1.302657	-0.805922	-0.517979	-0.185144	1.192488	-1.448877	0.927952	-0.038356	-0.030256	0.051950	-0.016094	-0.002071	-0.054420	-0.010848	-0.130428	-0.015288	0.014047	0.007812	0.003906	0.023438	-0.480469	-0.027344	-0.058594	-0.117188	0.121094	0.531250	-0.011719	0.020924	-0.039162	-5.349312	0.019786	0.044237	-0.027344	0.100434	-0.106412	9.864047	1.000000	0.000000	0.000000	0.000000	
0.407580	0.272918	-1.419395	1.232210	-0.812490	-0.526511	-0.197129	1.201925	-1.367611	0.930102	0.403390	0.276582	-1.422833	1.303105	-0.806217	-0.517984	-0.185134	1.192031	-1.448902	0.928943	0.058978	-0.030943	-0.012253	0.033287	-0.028124	-0.057786	0.010547	-0.086325	-0.005018	0.092135	0.007812	-0.007812	0.019531	-0.492188	-0.027344	-0.054688	-0.109375	0.105469	0.531250	-0.023438	0.020924	-0.039162	-5.349312	0.019786	0.044237	-0.027344	0.100434	-0.106412	9.864047	1.000000	0.000000	0.000000	0.000000	
0.408088	0.272284	-1.419382	1.232432	-0.813358	-0.526515	-0.196835	1.201429	-1.366989	0.933341	0.403973	0.276317	-1.422402	1.303582	-0.806397	-0.517961	-0.185148	1.191745	-1.448907	0.931346	-0.011550	-0.015890	-0.036122	-0.024588	-0.093543	-0.058123	-0.026862	-0.088894	0.016946	0.079006	0.011719	-0.007812	0.019531	-0.492188	-0.027344	-0.054688	-0.109375	0.121094	0.542969	-0.042969	0.020924	-0.039162	-5.349312	0.019786	0.044237	-0.027344	0.100434	-0.106412	9.864047	1.000000	0.000000	0.000000	0.000000	
0.408513	0.271618	-1.419352	1.232790	-0.815436	-0.526570	-0.196966	1.201028	-1.366633	0.938784	0.404259	0.276111	-1.422146	1.304598	-0.806578	-0.517932	-0.185151	1.191518	-1.449005	0.932893	0.023272	-0.029506	-0.021060	0.032437	-0.040761	-0.037219	-0.018971	-0.019358	-0.082057	0.084673	0.023438	-0.011719	0.023438	-0.492188	-0.019531	-0.054688	-0.117188	0.109375	0.542969	-0.058594	0.020924	-0.039162	-5.349312	0.019786	0.044237	-0.027344	0.100434	-0.106412	9.864047	1.000000	0.000000	0.000000	0.000000	
0.408963	0.271037	-1.419295	1.233377	-0.817985	-0.526640	-0.197156	1.200636	-1.366509	0.944153	0.404510	0.275900	-1.422046	1.305165	-0.807414	-0.517902	-0.185136	1.191013	-1.449000	0.934729	0.009307	-0.000624	-0.002106	0.003244	-0.133193	0.031174	0.006245	-0.019384	-0.004716	0.165501	0.011719	-0.019531	0.027344	-0.484375	-0.011719	-0.054688	-0.117188	0.121094	0.546875	-0.054688	0.020924	-0.039162	-5.349312	0.019786	0.044237	-0.027344	0.100434	-0.106412	9.864047	1.000000	0.000000	0.000000	0.000000	
0.409350	0.270506	-1.418978	1.233405	-0.819047	-0.526697	-0.196977	1.200388	-1.366558	0.947435	0.404682	0.275720	-1.422002	1.305593	-0.808502	-0.517871	-0.185141	1.190597	-1.448999	0.936575	0.025358	-0.024490	-0.070003	-0.024103	-0.121498	0.013586	-0.000539	-0.082200	0.016977	0.135198	0.019531	-0.011719	0.027344	-0.492188	0.000000	-0.054688	-0.117188	0.117188	0.546875	-0.039062	0.020924	-0.039162	-5.349312	0.019786	0.044237	-0.027344	0.100434	-0.106412	9.864047	1.000000	0.000000	0.000000	0.000000	
0.409497	0.270330	-1.418558	1.233997	-0.819462	-0.526392	-0.196921	1.199968	-1.367391	0.949465	0.404886	0.275305	-1.421920	1.305873	-0.809810	-0.517890	-0.185150	1.190174	-1.449023	0.940506	0.002536	-0.031529	-0.041897	-0.019858	-0.074963	-0.057965	-0.008196	0.005739	-0.043668	0.205450	0.035156	-0.007812	0.023438	-0.484375	-0.019531	-0.058594	-0.117188	0.117188	0.542969	-0.050781	0.020924	-0.039162	-5.349312	0.019786	0.044237	-0.027344	0.100434	-0.106412	9.864047	1.000000	0.000000	0.000000	0.000000	
0.409894	0.269854	-1.418135	1.234615	-0.820290	-0.526383	-0.197030	1.199900	-1.368260	0.952182	0.405048	0.274931	-1.421880	1.306293	-0.810944	-0.517869	-0.185151	1.189726	-1.449004	0.943473	-0.017195	-0.022928	-0.039086	-0.022924	-0.122654	-0.005797	-0.004309	-0.037812	-0.018325	0.191537	0.027344	-0.019531	0.027344	-0.484375	-0.019531	-0.054688	-0.101562	0.121094	0.546875	-0.035156	0.020924	-0.039162	-5.349312	0.019786	0.044237	-0.027344	0.100434	-0.106412	9.864047	1.000000	0.000000	0.000000	0.000000	
0.410131	0.269760	-1.417242	1.234493	-0.821247	-0.526771	-0.196796	1.199617	-1.369047	0.955513	0.405225	0.274557	-1.421848	1.306764	-0.813352	-0.517841	-0.185160	1.189079	-1.449000	0.945739	-0.008699	-0.027883	-0.070212	0.109376	-0.109975	0.016869	-0.012063	-0.056126	-0.029750	0.162229	0.023438	-0.007812	0.035156	-0.492188	0.003906	-0.054688	-0.109375	0.109375	0.542969	-0.027344	0.020924	-0.039162	-5.349312	0.019786	0.044237	-0.027344	0.100434	-0.106412	9.864047	1.000000	0.000000	0.000000	0.000000	
0.410335	0.269480	-1.416637	1.235618	-0.821437	-0.526673	-0.196544	1.199170	-1.369346	0.957533	0.405406	0.274022	-1.421720	1.307295	-0.814779	-0.517835	-0.185162	1.188756	-1.448975	0.947937	0.016578	-0.052806	0.017406	0.035365	-0.147093	-0.022741	-0.009349	-0.047488	0.021452	0.169767	0.023438	-0.011719	0.035156	-0.496094	-0.003906	-0.058594	-0.105469	0.109375	0.535156	-0.023438	0.020924	-0.039162	-5.349312	0.019786	0.044237	-0.027344	0.100434	-0.106412	9.864047	1.000000	0.000000	0.000000	0.000000	
0.410632	0.269070	-1.415772	1.235781	-0.821108	-0.526923	-0.196164	1.198638	-1.369746	0.958737	0.405539	0.273729	-1.421452	1.307934	-0.816009	-0.517810	-0.185170	1.188522	-1.448970	0.951697	-0.022770	-0.015750	0.001741	0.080308	-0.115909	-0.002274	-0.012567	-0.071052	-0.004834	0.149583	0.023438	-0.023438	0.027344	-0.500000	0.003906	-0.054688	-0.109375	0.121094	0.535156	-0.027344	0.020924	-0.039162	-5.349312	0.019786	0.044237	-0.027344	0.100434	-0.106412	9.864047	1.000000	0.000000	0.000000	0.000000	
0.410816	0.268658	-1.414932	1.236856	-0.821468	-0.526865	-0.196047	1.198372	-1.370000	0.960103	0.405687	0.273573	-1.421229	1.308934	-0.817249	-0.517805	-0.185172	1.188378	-1.448993	0.954339	-0.016235	0.003078	0.021112	0.084803	-0.119769	-0.003717	-0.005910	-0.007105	-0.003973	0.154544	0.027344	-0.023438	0.035156	-0.496094	0.003906	-0.054688	-0.109375	0.121094	0.515625	-0.039062	0.020924	-0.039162	-5.349312	0.019786	0.044237	-0.027344	0.100434	-0.106412	9.864047	1.000000	0.000000	0.000000	0.000000	
0.411019	0.268008	-1.414269	1.238480	-0.822514	-0.526569	-0.196053	1.198550	-1.370164	0.962742	0.405911	0.273429	-1.420990	1.309546	-0.818587	-0.517804	-0.185172	1.187986	-1.448998	0.956103	-0.015582	-0.019467	-0.011847	0.039887	-0.092239	-0.052716	-0.007570	-0.018159	-0.003887	0.025923	0.023438	-0.035156	0.042969	-0.500000	0.007812	-0.066406	-0.093750	0.105469	0.527344	-0.019531	0.020924	-0.039162	-5.349312	0.019786	0.044237	-0.027344	0.100434	-0.106412	9.864047	1.000000	0.000000	0.000000	0.000000	
0.411267	0.267181	-1.413702	1.239482	-0.824134	-0.526402	-0.196106	1.198227	-1.370034	0.966068	0.406149	0.273328	-1.420821	1.310153	-0.819364	-0.517779	-0.185164	1.187640	-1.449023	0.957934	-0.005048	-0.015905	-0.053529	0.035395	-0.173237	-0.005272	0.015528	-0.040202	-0.056223	0.138688	0.035156	-0.035156	0.035156	-0.500000	0.000000	-0.054688	-0.101562	0.117188	0.527344	-0.039062	0.020924	-0.039162	-5.349312	0.019786	0.044237	-0.027344	0.100434	-0.106412	9.864047	1.000000	0.000000	0.000000	0.000000	
0.411461	0.267236	-1.413017	1.239606	-0.824007	-0.526634	-0.195684	1.198241	-1.369592	0.967413	0.406342	0.273089	-1.419746	1.310808	-0.820198	-0.517726	-0.185179	1.187208	-1.449004	0.960530	-0.035401	-0.035324	0.067929	-0.006929	-0.125502	-0.000527	-0.014732	-0.066834	-0.019581	0.139496	0.023438	-0.027344	0.023438	-0.496094	0.019531	-0.058594	-0.105469	0.121094	0.515625	-0.027344	0.020924	-0.039162	-5.349312	0.019786	0.044237	-0.027344	0.100434	-0.106412	9.864047	1.000000	0.000000	0.000000	0.000000	
0.411646	0.267206	-1.411881	1.239659	-0.822859	-0.526770	-0.195627	1.198344	-1.370026	0.965433	0.406647	0.272751	-1.418682	1.311957	-0.821334	-0.517715	-0.185173	1.186685	-1.448951	0.962503	0.020887	-0.027960	0.097523	0.076079	-0.131198	-0.027970	0.004343	-0.125331	-0.047323	0.115149	0.019531	-0.027344	0.023438	-0.484375	0.007812	-0.054688	-0.105469	0.132812	0.515625	-0.011719	0.020924	-0.039162	-5.349312	0.019786	0.044237	-0.027344	0.100434	-0.106412	9.864047	1.000000	0.000000	0.000000	0.000000	
0.411813	0.265635	-1.411250	1.242845	-0.832136	-0.526583	-0.196702	1.200426	-1.369798	0.976487	0.407048	0.272546	-1.417888	1.312404	-0.822821	-0.517713	-0.185172	1.185660	-1.448965	0.963722	0.064902	-0.019081	0.020221	0.000629	-0.075933	-0.058631	0.002761	-0.043940	-0.001243	0.042922	0.011719	-0.039062	0.035156	-0.484375	0.023438	-0.054688	-0.101562	0.140625	0.527344	-0.007812	0.024698	-0.089609	-5.351604	0.027536	0.033211	0.047917	0.414649	-1.163121	10.179338	1.000000	0.000000	0.000000	0.000000	
0.412418	0.262154	-1.412474	1.247657	-0.847907	-0.525293	-0.198292	1.202332	-1.368694	0.996084	0.407443	0.272416	-1.417390	1.312615	-0.823676	-0.517664	-0.185172	1.185115	-1.448968	0.964595	-0.000489	-0.000745	0.009001	-0.003427	-0.084365	-0.030291	0.002602	-0.063718	0.013834	0.084554	0.019531	-0.050781	0.023438	-0.480469	0.023438	-0.058594	-0.101562	0.140625	0.527344	-0.011719	0.025453	-0.099698	-5.352063	0.028311	0.032109	0.055443	0.446070	-1.268791	10.210868	1.000000	0.000000	0.000000	0.000000	
0.413294	0.257970	-1.413857	1.251512	-0.868165	-0.524560	-0.200465	1.204062	-1.367559	1.020315	0.407934	0.272245	-1.416345	1.312754	-0.825422	-0.517630	-0.185213	1.184982	-1.448920	0.967024	0.027868	-0.008217	0.063714	-0.010812	-0.203856	-0.037925	-0.020678	0.018056	-0.016065	0.182937	0.011719	-0.050781	0.027344	-0.460938	0.019531	-0.054688	-0.109375	0.156250	0.527344	0.003906	0.025604	-0.101716	-5.352155	0.028389	0.031999	0.056196	0.449212	-1.279359	10.214021	1.000000	0.000000	0.000000	0.000000	
0.414208	0.254852	-1.413305	1.251125	-0.882495	-0.525106	-0.201333	1.204388	-1.369367	1.036515	0.408177	0.271726	-1.415748	1.312903	-0.828655	-0.517599	-0.185318	1.184786	-1.448838	0.971460	0.002787	-0.061309	0.034288	-0.015040	-0.379818	-0.059627	-0.006721	-0.057518	0.022821	0.419601	0.019531	-0.042969	0.023438	-0.433594	-0.011719	-0.042969	-0.117188	0.164062	0.527344	0.019531	0.025634	-0.102119	-5.352173	0.028396	0.031988	0.056271	0.449527	-1.280415	10.214335	1.000000	0.000000	0.000000	0.000000	
0.415232	0.252077	-1.412137	1.250356	-0.891954	-0.526107	-0.201240	1.202829	-1.371083	1.045579	0.408590	0.270879	-1.415459	1.313078	-0.835506	-0.517593	-0.185549	1.184553	-1.448603	0.978163	0.007258	-0.048006	-0.017509	-0.032911	-0.481165	0.001017	-0.018120	-0.023200	-0.043083	0.617750	0.019531	-0.070312	0.007812	-0.394531	-0.058594	-0.039062	-0.125000	0.203125	0.519531	0.054688	0.025640	-0.102200	-5.352177	0.028397	0.031986	0.056279	0.449558	-1.280521	10.214367	1.000000	0.000000	0.000000	0.000000	
0.416165	0.249473	-1.410588	1.250624	-0.898329	-0.526918	-0.200812	1.201317	-1.372870	1.050423	0.409157	0.270225	-1.415135	1.313138	-0.841674	-0.517689	-0.185926	1.184046	-1.447926	0.986677	0.014684	-0.090878	-0.012220	-0.094022	-0.480831	-0.010367	-0.021587	-0.061644	0.051526	0.710847	0.027344	-0.066406	0.003906	-0.402344	-0.093750	-0.042969	-0.125000	0.222656	0.515625	0.085938	0.025642	-0.102216	-5.352178	0.028397	0.031986	0.056280	0.449561	-1.280531	10.214371	1.000000	0.000000	0.000000	0.000000	
0.416987	0.247043	-1.408727	1.251909	-0.903283	-0.527527	-0.200719	1.201158	-1.375238	1.054075	0.409876	0.268858	-1.414319	1.313149	-0.847779	-0.517829	-0.186341	1.183436	-1.447742	0.998000	-0.022959	-0.121919	0.044143	-0.065236	-0.466839	-0.035933	-0.021933	-0.037571	0.050518	0.475882	0.011719	-0.050781	0.007812	-0.410156	-0.125000	-0.042969	-0.125000	0.207031	0.496094	0.156250	0.025642	-0.102219	-5.352178	0.028397	0.031986	0.056280	0.449561	-1.280532	10.214371	1.000000	0.000000	0.000000	0.000000	
0.417593	0.244459	-1.407026	1.253606	-0.908492	-0.527973	-0.200590	1.200702	-1.376983	1.057594	0.410892	0.267050	-1.413889	1.313079	-0.853434	-0.517930	-0.186593	1.182999	-1.447608	1.004578	0.053538	-0.109902	0.014883	-0.006524	-0.427054	-0.031510	-0.024294	-0.049122	0.005052	0.434937	0.011719	-0.054688	0.023438	-0.410156	-0.152344	-0.050781	-0.125000	0.218750	0.484375	0.156250	0.025642	-0.102220	-5.352178	0.028397	0.031986	0.056280	0.449561	-1.280533	10.214371	1.000000	0.000000	0.000000	0.000000	
0.418231	0.242382	-1.405725	1.255660	-0.913071	-0.528506	-0.199996	1.199906	-1.377257	1.061745	0.412065	0.264976	-1.413367	1.313065	-0.860939	-0.518095	-0.186862	1.181578	-1.447533	1.009917	0.015823	-0.112190	0.018936	0.009817	-0.318386	-0.031068	-0.024530	-0.074705	-0.023922	0.375009	0.007812	-0.039062	0.027344	-0.398438	-0.171875	-0.058594	-0.117188	0.218750	0.476562	0.167969	0.025642	-0.102220	-5.352178	0.028397	0.031986	0.056280	0.449561	-1.280533	10.214371	1.000000	0.000000	0.000000	0.000000	
0.418936	0.240298	-1.404613	1.258078	-0.917150	-0.529013	-0.199708	1.199132	-1.377091	1.065941	0.412905	0.263091	-1.412923	1.313135	-0.865348	-0.518249	-0.187101	1.180713	-1.447252	1.014474	0.022520	-0.131030	-0.033003	-0.002508	-0.311009	-0.038003	-0.029207	-0.077263	-0.002392	0.355057	0.007812	-0.074219	0.023438	-0.382812	-0.191406	-0.058594	-0.093750	0.222656	0.460938	0.171875	0.025642	-0.102220	-5.352178	0.028397	0.031986	0.056280	0.449561	-1.280533	10.214371	1.000000	0.000000	0.000000	0.000000	
0.419654	0.238892	-1.403173	1.259988	-0.919866	-0.529947	-0.200055	1.199565	-1.377069	1.069102	0.413461	0.261445	-1.410896	1.313246	-0.869332	-0.518401	-0.187642	1.179982	-1.447098	1.020523	-0.025665	-0.108486	0.125816	-0.021189	-0.376575	0.013648	-0.032001	-0.067050	-0.000239	0.206498	0.023438	-0.089844	0.003906	-0.382812	-0.167969	-0.066406	-0.089844	0.218750	0.445312	0.175781	0.025642	-0.102220	-5.352178	0.028397	0.031986	0.056280	0.449561	-1.280533	10.214371	1.000000	0.000000	0.000000	0.000000	
0.419974	0.237584	-1.401357	1.260567	-0.922508	-0.530914	-0.199700	1.199030	-1.376958	1.071040	0.413839	0.259913	-1.409448	1.313680	-0.873521	-0.518529	-0.188089	1.179327	-1.446874	1.024811	0.049778	-0.120190	0.026540	-0.026546	-0.383131	-0.044000	-0.046239	-0.128842	-0.041900	0.317269	0.023438	-0.082031	0.011719	-0.371094	-0.171875	-0.066406	-0.089844	0.222656	0.449219	0.156250	0.025642	-0.102220	-5.352178	0.028397	0.031986	0.056280	0.449561	-1.280533	10.214371	1.000000	0.000000	0.000000	0.000000	
0.420210	0.236749	-1.399810	1.262169	-0.924512	-0.531731	-0.199653	1.199047	-1.375917	1.072589	0.414496	0.258273	-1.408044	1.314130	-0.880102	-0.518724	-0.188680	1.177839	-1.446562	1.028746	0.036384	-0.098097	0.156198	-0.016613	-0.376807	-0.049765	-0.044173	-0.075698	-0.042576	0.345794	0.019531	-0.085938	0.003906	-0.367188	-0.152344	-0.066406	-0.054688	0.238281	0.449219	0.164062	0.025642	-0.102220	-5.352178	0.028397	0.031986	0.056280	0.449561	-1.280533	10.214371	1.000000	0.000000	0.000000	0.000000	
0.420538	0.235744	-1.398058	1.263286	-0.927520	-0.532533	-0.199491	1.199038	-1.376002	1.075393	0.415209	0.257291	-1.406673	1.314754	-0.884327	-0.519078	-0.189363	1.177032	-1.445894	1.032634	-0.020789	-0.113335	0.064475	0.005318	-0.250548	-0.074769	-0.054435	-0.108769	-0.032175	0.376563	0.011719	-0.089844	0.000000	-0.382812	-0.140625	-0.070312	-0.058594	0.230469	0.449219	0.140625	0.025642	-0.102220	-5.352178	0.028397	0.031986	0.056280	0.449561	-1.280533	10.214371	1.000000	0.000000	0.000000	0.000000	
0.420754	0.234542	-1.396663	1.265271	-0.931814	-0.533087	-0.200042	1.199933	-1.375564	1.080247	0.415570	0.255754	-1.404339	1.315532	-0.888031	-0.519682	-0.190227	1.176508	-1.445518	1.038671	-0.009058	-0.096248	0.069261	0.080793	-0.332143	-0.073780	-0.056625	-0.038794	-0.038114	0.250524	0.027344	-0.089844	0.007812	-0.378906	-0.132812	-0.066406	-0.027344	0.238281	0.460938	0.136719	0.025642	-0.102220	-5.352178	0.028397	0.031986	0.056280	0.449561	-1.280533	10.214371	1.000000	0.000000	0.000000	0.000000	
0.420961	0.233453	-1.395195	1.266778	-0.936134	-0.533675	-0.200532	1.201239	-1.376242	1.085989	0.415666	0.254340	-1.402539	1.316755	-0.891486	-0.520142	-0.190973	1.176209	-1.445225	1.042399	-0.084657	-0.075928	0.069739	0.035996	-0.260040	-0.112067	-0.045212	-0.052734	0.034575	0.192555	0.035156	-0.101562	0.000000	-0.371094	-0.140625	-0.066406	-0.027344	0.234375	0.453125	0.125000	0.025642	-0.102220	-5.352178	0.028397	0.031986	0.056280	0.449561	-1.280533	10.214371	1.000000	0.000000	0.000000	0.000000	
0.421119	0.232441	-1.393827	1.268216	-0.940628	-0.534402	-0.200725	1.201997	-1.375452	1.091554	0.415782	0.252910	-1.401161	1.317702	-0.897387	-0.520694	-0.191656	1.175858	-1.444997	1.045786	0.002003	-0.092507	0.076767	0.080372	-0.301685	-0.032144	-0.026622	-0.012253	-0.000032	0.246082	0.027344	-0.085938	0.007812	-0.355469	-0.121094	-0.066406	-0.042969	0.238281	0.445312	0.140625	0.025642	-0.102220	-5.352178	0.028397	0.031986	0.056280	0.449561	-1.280533	10.214371	1.000000	0.000000	0.000000	0.000000	
0.421138	0.231854	-1.392184	1.268966	-0.944624	-0.535397	-0.200117	1.202340	-1.374873	1.097731	0.415733	0.251388	-1.399892	1.318836	-0.901548	-0.521144	-0.191970	1.175740	-1.444539	1.049177	-0.076572	-0.111613	0.073980	0.074340	-0.270953	-0.052069	-0.039885	-0.053570	-0.052348	0.247945	0.035156	-0.082031	-0.007812	-0.371094	-0.125000	-0.074219	-0.050781	0.257812	0.449219	0.152344	0.025642	-0.102220	-5.352178	0.028397	0.031986	0.056280	0.449561	-1.280533	10.214371	1.000000	0.000000	0.000000	0.000000	
0.422477	0.231804	-1.388921	1.269504	-0.930811	-0.536233	-0.199881	1.200724	-1.375391	1.087975	0.415674	0.249541	-1.397481	1.320202	-0.905313	-0.521404	-0.192437	1.175740	-1.444181	1.055720	-0.063491	-0.139115	0.066722	0.070247	-0.334183	-0.012186	-0.044701	-0.057701	0.001744	0.307455	0.035156	-0.039062	0.003906	-0.371094	-0.132812	-0.082031	-0.039062	0.253906	0.437500	0.121094	0.029020	-0.070665	-5.339629	0.054123	0.147115	0.042058	0.425888	-1.016894	9.605310	1.000000	0.000000	0.000000	0.000000	
0.423398	0.232359	-1.384945	1.269613	-0.914041	-0.536858	-0.199708	1.199578	-1.376525	1.071153	0.415663	0.247911	-1.396200	1.322463	-0.909410	-0.521722	-0.192901	1.175837	-1.443867	1.060833	-0.048225	-0.110458	0.076465	0.111714	-0.309099	-0.015177	-0.027734	0.011678	0.003664	0.404136	0.035156	-0.066406	0.007812	-0.394531	-0.117188	-0.074219	-0.039062	0.253906	0.449219	0.101562	0.029696	-0.064354	-5.337119	0.056696	0.158628	0.040636	0.423520	-0.990530	9.544404	1.000000	0.000000	0.000000	0.000000	
0.423261	0.233380	-1.382036	1.270953	-0.899412	-0.536650	-0.199375	1.197726	-1.375909	1.053958	0.415660	0.246535	-1.394732	1.324466	-0.914664	-0.522101	-0.193204	1.176002	-1.443683	1.064619	-0.043208	-0.062227	0.046032	0.196122	-0.090234	0.001972	-0.030690	-0.026749	-0.031040	0.277709	0.042969	-0.074219	0.011719	-0.433594	-0.074219	-0.085938	-0.039062	0.238281	0.449219	0.074219	0.029831	-0.063092	-5.336617	0.056953	0.159779	0.040494	0.423284	-0.987893	9.538314	1.000000	0.000000	0.000000	0.000000	
0.422859	0.234163	-1.380484	1.273579	-0.891873	-0.535820	-0.199396	1.196597	-1.374781	1.048653	0.415684	0.245929	-1.393929	1.326950	-0.915036	-0.522298	-0.193411	1.176326	-1.443646	1.065715	-0.011300	-0.077179	0.036010	0.256907	0.036342	-0.024230	-0.024007	0.007794	0.014344	-0.021084	0.054688	-0.082031	0.035156	-0.468750	-0.011719	-0.089844	-0.042969	0.214844	0.445312	0.035156	0.029858	-0.062839	-5.336517	0.056979	0.159894	0.040480	0.423260	-0.987630	9.537704	1.000000	0.000000	0.000000	0.000000	
0.421831	0.235464	-1.379156	1.274968	-0.888522	-0.534919	-0.199392	1.195187	-1.373381	1.050584	0.415665	0.245387	-1.391030	1.330161	-0.913196	-0.522337	-0.193597	1.176488	-1.443760	1.065837	-0.036026	-0.047267	0.143186	0.290903	0.080406	-0.009402	-0.038460	0.000779	-0.064869	-0.009088	0.042969	-0.093750	0.019531	-0.496094	0.039062	-0.093750	-0.042969	0.214844	0.453125	-0.074219	0.029863	-0.062789	-5.336497	0.056982	0.159906	0.040478	0.423258	-0.987603	9.537643	1.000000	0.000000	0.000000	0.000000	
0.420854	0.236637	-1.378273	1.276881	-0.886288	-0.534021	-0.199045	1.193754	-1.371016	1.053610	0.415661	0.245190	-1.388972	1.337201	-0.911326	-0.522321	-0.193788	1.176496	-1.443953	1.065595	0.031294	-0.017522	0.146925	0.322219	0.151116	-0.011409	-0.016641	0.000078	0.000492	-0.000909	0.054688	-0.101562	0.035156	-0.531250	0.074219	-0.089844	-0.042969	0.207031	0.464844	-0.101562	0.029865	-0.062778	-5.336493	0.056982	0.159907	0.040478	0.423257	-0.987601	9.537638	1.000000	0.000000	0.000000	0.000000	
0.420066	0.237661	-1.376989	1.277875	-0.884145	-0.533415	-0.198638	1.192560	-1.369928	1.056104	0.415539	0.245159	-1.386937	1.341541	-0.910225	-0.522027	-0.193947	1.176327	-1.444185	1.066080	0.003129	-0.019200	0.175216	0.273007	-0.019785	0.019797	-0.013296	-0.038378	-0.045316	0.097619	0.050781	-0.093750	0.019531	-0.546875	0.140625	-0.093750	-0.042969	0.199219	0.476562	-0.117188	0.029865	-0.062776	-5.336492	0.056982	0.159907	0.040478	0.423257	-0.987600	9.537637	1.000000	0.000000	0.000000	0.000000	
0.419612	0.238041	-1.375350	1.278337	-0.881885	-0.533134	-0.198196	1.191054	-1.369918	1.058267	0.415321	0.245169	-1.385536	1.344954	-0.910029	-0.521750	-0.194011	1.176124	-1.444328	1.067316	-0.086928	-0.028674	0.048928	0.264596	-0.019427	0.012449	-0.019941	-0.042224	-0.070835	0.156326	0.042969	-0.082031	0.035156	-0.515625	0.156250	-0.089844	-0.042969	0.175781	0.476562	-0.148438	0.029865	-0.062776	-5.336492	0.056982	0.159907	0.040478	0.423257	-0.987600	9.537637	1.000000	0.000000	0.000000	0.000000	
0.419305	0.237967	-1.374077	1.279841	-0.880907	-0.532642	-0.198433	1.190477	-1.369794	1.061024	0.415229	0.245203	-1.383536	1.347939	-0.910038	-0.521404	-0.194048	1.175987	-1.444333	1.071755	0.008755	-0.020316	0.078175	0.225369	-0.015901	0.001245	-0.022932	-0.042608	-0.010573	0.252928	0.035156	-0.066406	0.027344	-0.542969	0.175781	-0.082031	-0.039062	0.164062	0.496094	-0.187500	0.029865	-0.062776	-5.336492	0.056982	0.159907	0.040478	0.423257	-0.987600	9.537637	1.000000	0.000000	0.000000	0.000000	
0.419040	0.237868	-1.373037	1.281523	-0.881853	-0.532194	-0.198667	1.190038	-1.370151	1.066072	0.415162	0.245234	-1.382263	1.353116	-0.910040	-0.521116	-0.194056	1.176008	-1.444382	1.074630	-0.006104	-0.020643	0.074121	0.210977	-0.001590	0.024552	-0.009272	-0.004261	-0.063871	0.189305	0.035156	-0.066406	0.039062	-0.582031	0.191406	-0.085938	-0.039062	0.164062	0.496094	-0.171875	0.029865	-0.062776	-5.336492	0.056982	0.159907	0.040478	0.423257	-0.987600	9.537637	1.000000	0.000000	0.000000	0.000000	
0.418945	0.237407	-1.371890	1.283485	-0.882753	-0.531558	-0.199009	1.189876	-1.370869	1.069937	0.415076	0.245248	-1.381306	1.356454	-0.910161	-0.520962	-0.194065	1.175963	-1.444368	1.077435	0.002879	-0.002064	0.084184	0.153704	-0.017607	0.002455	-0.011396	-0.007405	0.018040	0.224819	0.023438	-0.070312	0.050781	-0.578125	0.187500	-0.074219	-0.035156	0.140625	0.496094	-0.175781	0.029865	-0.062776	-5.336492	0.056982	0.159907	0.040478	0.423257	-0.987600	9.537637	1.000000	0.000000	0.000000	0.000000	
0.418951	0.236965	-1.370359	1.284387	-0.882310	-0.531204	-0.198923	1.189254	-1.372010	1.072263	0.414961	0.245251	-1.380387	1.359302	-0.910234	-0.520858	-0.194067	1.175785	-1.444462	1.080492	0.000288	0.000957	0.057273	0.168914	-0.064574	-0.017203	0.001187	-0.105430	-0.057520	0.249308	0.035156	-0.074219	0.027344	-0.574219	0.187500	-0.074219	-0.035156	0.140625	0.492188	-0.183594	0.029865	-0.062776	-5.336492	0.056982	0.159907	0.040478	0.423257	-0.987600	9.537637	1.000000	0.000000	0.000000	0.000000	
0.419231	0.236171	-1.369129	1.286335	-0.882392	-0.530739	-0.199337	1.188897	-1.372631	1.074650	0.414914	0.245236	-1.378410	1.361616	-0.910273	-0.520741	-0.194084	1.175555	-1.444529	1.084351	-0.031378	-0.016189	-0.008231	0.128560	-0.030885	-0.008700	0.002445	-0.024501	-0.040648	0.066806	0.027344	-0.074219	0.035156	-0.582031	0.183594	-0.070312	-0.042969	0.164062	0.492188	-0.156250	0.029865	-0.062776	-5.336492	0.056982	0.159907	0.040478	0.423257	-0.987600	9.537637	1.000000	0.000000	0.000000	0.000000	
0.419668	0.235487	-1.367617	1.287649	-0.882665	-0.530551	-0.199742	1.189046	-1.373948	1.076847	0.414929	0.245233	-1.377336	1.364648	-0.910256	-0.520645	-0.194103	1.175122	-1.444567	1.086382	-0.086889	-0.009761	0.041052	0.138483	-0.055433	0.002620	0.008387	-0.061774	-0.004065	0.100901	0.027344	-0.074219	0.058594	-0.558594	0.183594	-0.070312	-0.042969	0.164062	0.484375	-0.125000	0.029865	-0.062776	-5.336492	0.056982	0.159907	0.040478	0.423257	-0.987600	9.537637	1.000000	0.000000	0.000000	0.000000	
0.420007	0.235118	-1.366444	1.288786	-0.881346	-0.530261	-0.199187	1.187902	-1.373615	1.077373	0.414932	0.245216	-1.376467	1.366127	-0.910059	-0.520601	-0.194131	1.173726	-1.444574	1.088146	-0.033116	0.002513	-0.009853	0.055724	0.001436	-0.052083	-0.014283	-0.135294	0.017042	0.149675	0.027344	-0.085938	0.054688	-0.558594	0.183594	-0.070312	-0.054688	0.171875	0.468750	-0.132812	0.029865	-0.062776	-5.336492	0.056982	0.159907	0.040478	0.423257	-0.987600	9.537637	1.000000	0.000000	0.000000	0.000000	
0.420475	0.234750	-1.365194	1.289739	-0.879531	-0.530082	-0.199118	1.187486	-1.373389	1.076364	0.415030	0.245188	-1.375566	1.366956	-0.909923	-0.520471	-0.194153	1.172963	-1.444624	1.089492	-0.059146	-0.003238	0.054849	0.016041	0.000144	-0.019167	-0.014224	-0.086812	-0.001785	0.042885	0.035156	-0.093750	0.039062	-0.535156	0.183594	-0.066406	-0.050781	0.167969	0.464844	-0.109375	0.029865	-0.062776	-5.336492	0.056982	0.159907	0.040478	0.423257	-0.987600	9.537637	1.000000	0.000000	0.000000	0.000000	
0.420763	0.234335	-1.363983	1.290736	-0.879786	-0.529854	-0.199502	1.187163	-1.373054	1.076285	0.415219	0.245158	-1.374005	1.367558	-0.909726	-0.520324	-0.194158	1.172301	-1.444634	1.090391	0.056899	-0.018935	-0.015453	0.008583	0.000014	-0.001917	0.004394	-0.036598	0.017270	-0.006180	0.035156	-0.085938	0.050781	-0.527344	0.183594	-0.066406	-0.042969	0.175781	0.468750	-0.089844	0.029865	-0.062776	-5.336492	0.056982	0.159907	0.040478	0.423257	-0.987600	9.537637	1.000000	0.000000	0.000000	0.000000	
0.420849	0.234268	-1.362902	1.291000	-0.880385	-0.529537	-0.199574	1.186921	-1.373084	1.076376	0.415257	0.245153	-1.373208	1.368017	-0.909275	-0.520198	-0.194150	1.171684	-1.444660	1.090547	0.012669	0.007412	0.005434	0.007838	0.052346	-0.056026	-0.001887	-0.062984	0.029644	0.013340	0.035156	-0.101562	0.058594	-0.515625	0.175781	-0.066406	-0.042969	0.175781	0.476562	-0.085938	0.029865	-0.062776	-5.336492	0.056982	0.159907	0.040478	0.423257	-0.987600	9.537637	1.000000	0.000000	0.000000	0.000000	
0.421223	0.234221	-1.361981	1.290962	-0.879385	-0.529333	-0.199642	1.186464	-1.373417	1.075458	0.415313	0.245135	-1.372467	1.368109	-0.908360	-0.520124	-0.194157	1.170543	-1.444666	1.090505	-0.089464	-0.005075	0.045909	-0.006196	0.054089	-0.005603	-0.009494	-0.083070	-0.014484	-0.012624	0.027344	-0.101562	0.054688	-0.511719	0.171875	-0.066406	-0.050781	0.183594	0.476562	-0.089844	0.029865	-0.062776	-5.336492	0.056982	0.159907	0.040478	0.423257	-0.987600	9.537637	1.000000	0.000000	0.000000	0.000000	
0.421453	0.234387	-1.361105	1.291138	-0.877661	-0.529156	-0.199623	1.186161	-1.373195	1.073498	0.415421	0.245132	-1.371713	1.368104	-0.907717	-0.520133	-0.194166	1.169903	-1.444691	1.090352	-0.026395	0.002982	0.077873	0.009849	0.082181	-0.042436	-0.031193	-0.067631	-0.050303	-0.057097	0.035156	-0.101562	0.058594	-0.503906	0.164062	-0.058594	-0.054688	0.183594	0.476562	-0.082031	0.029865	-0.062776	-5.336492	0.056982	0.159907	0.040478	0.423257	-0.987600	9.537637	1.000000	0.000000	0.000000	0.000000	
0.421669	0.234421	-1.360216	1.291181	-0.877245	-0.528988	-0.199639	1.186115	-1.373034	1.072198	0.415491	0.245123	-1.370399	1.368102	-0.906813	-0.520135	-0.194160	1.169363	-1.444696	1.089958	-0.002639	0.008441	-0.016640	0.004475	0.109417	-0.018202	-0.020567	-0.041659	0.012418	-0.065033	0.042969	-0.101562	0.066406	-0.500000	0.148438	-0.050781	-0.050781	0.183594	0.476562	-0.074219	0.029865	-0.062776	-5.336492	0.056982	0.159907	0.040478	0.423257	-0.987600	9.537637	1.000000	0.000000	0.000000	0.000000	
0.422009	0.234527	-1.359791	1.291306	-0.876957	-0.528707	-0.199890	1.185993	-1.372676	1.071139	0.415505	0.245113	-1.369676	1.368054	-0.905711	-0.520136	-0.194143	1.168867	-1.444721	1.089418	-0.003754	-0.016604	0.022763	-0.037939	0.066776	-0.001820	0.014228	-0.105365	-0.016206	-0.121661	0.042969	-0.101562	0.070312	-0.511719	0.156250	-0.050781	-0.050781	0.183594	0.476562	-0.085938	0.029865	-0.062776	-5.336492	0.056982	0.159907	0.040478	0.423257	-0.987600	9.537637	1.000000	0.000000	0.000000	0.000000	
0.422228	0.234800	-1.359460	1.290760	-0.875999	-0.528511	-0.199828	1.185130	-1.371905	1.069519	0.415508	0.245111	-1.369168	1.367971	-0.903916	-0.520136	-0.194139	1.168235	-1.444726	1.088898	-0.007355	-0.016782	0.016235	-0.091035	0.048553	0.034714	0.006076	-0.090798	-0.012090	-0.061021	0.035156	-0.105469	0.074219	-0.500000	0.140625	-0.050781	-0.050781	0.191406	0.476562	-0.093750	0.029865	-0.062776	-5.336492	0.056982	0.159907	0.040478	0.423257	-0.987600	9.537637	1.000000	0.000000	0.000000	0.000000	
0.422642	0.234735	-1.359013	1.290040	-0.875209	-0.528346	-0.199971	1.184913	-1.371476	1.068003	0.415557	0.245119	-1.368921	1.367979	-0.902660	-0.520160	-0.194147	1.167938	-1.444703	1.088310	-0.028653	-0.006331	-0.040252	-0.050979	0.043241	0.003471	0.000608	-0.023038	0.019729	-0.096833	0.042969	-0.093750	0.074219	-0.500000	0.148438	-0.054688	-0.050781	0.191406	0.480469	-0.089844	0.029865	-0.062776	-5.336492	0.056982	0.159907	0.040478	0.423257	-0.987600	9.537637	1.000000	0.000000	0.000000	0.000000	
0.422748	0.234800	-1.358903	1.289886	-0.875269	-0.527977	-0.200059	1.184879	-1.371386	1.068631	0.415615	0.245120	-1.368629	1.368005	-0.901803	-0.520165	-0.194156	1.167564	-1.444747	1.087223	0.007604	-0.011102	-0.038922	-0.001608	0.049689	-0.031060	-0.016224	-0.051159	-0.046882	-0.062028	0.042969	-0.093750	0.089844	-0.500000	0.156250	-0.050781	-0.042969	0.187500	0.480469	-0.085938	0.029865	-0.062776	-5.336492	0.056982	0.159907	0.040478	0.423257	-0.987600	9.537637	1.000000	0.000000	0.000000	0.000000	
0.422895	0.234715	-1.359219	1.290176	-0.875420	-0.527608	-0.199981	1.184576	-1.370925	1.069544	0.415699	0.245121	-1.368401	1.368034	-0.901268	-0.520142	-0.194166	1.167223	-1.444707	1.086157	0.039146	-0.002273	-0.038788	-0.007140	0.004969	0.010853	-0.013255	-0.113294	-0.043074	-0.128340	0.039062	-0.101562	0.085938	-0.511719	0.164062	-0.050781	-0.054688	0.191406	0.480469	-0.085938	0.029865	-0.062776	-5.336492	0.056982	0.159907	0.040478	0.423257	-0.987600	9.537637	1.000000	0.000000	0.000000	0.000000	
0.423025	0.234761	-1.359073	1.289845	-0.874599	-0.527325	-0.199651	1.184117	-1.370856	1.068723	0.415789	0.245129	-1.368113	1.368064	-0.900701	-0.520161	-0.194176	1.166476	-1.444699	1.085338	0.028342	0.002099	-0.028306	0.009755	0.035393	-0.040790	-0.035059	-0.067164	0.041058	-0.117523	0.042969	-0.089844	0.085938	-0.515625	0.167969	-0.054688	-0.050781	0.191406	0.480469	-0.085938	0.029865	-0.062776	-5.336492	0.056982	0.159907	0.040478	0.423257	-0.987600	9.537637	1.000000	0.000000	0.000000	0.000000	
0.423218	0.234867	-1.359028	1.289822	-0.873169	-0.526970	-0.199774	1.183816	-1.370818	1.066603	0.415904	0.245130	-1.367619	1.368046	-0.900369	-0.520141	-0.194178	1.165818	-1.444673	1.084956	0.044710	0.006026	0.056493	-0.033921	0.017498	-0.049444	-0.003506	-0.017185	0.014575	-0.078055	0.042969	-0.105469	0.074219	-0.511719	0.156250	-0.050781	-0.054688	0.214844	0.492188	-0.082031	0.029865	-0.062776	-5.336492	0.056982	0.159907	0.040478	0.423257	-0.987600	9.537637	1.000000	0.000000	0.000000	0.000000	
0.423342	0.235178	-1.358498	1.288798	-0.872349	-0.527096	-0.199762	1.183468	-1.371296	1.065291	0.415975	0.245123	-1.366696	1.368042	-0.900012	-0.520113	-0.194187	1.165177	-1.444668	1.084371	-0.037405	0.008745	0.019608	-0.003392	0.008729	-0.015413	-0.007330	-0.015677	-0.015991	-0.098536	0.050781	-0.085938	0.066406	-0.515625	0.156250	-0.039062	-0.042969	0.203125	0.492188	-0.089844	0.029865	-0.062776	-5.336492	0.056982	0.159907	0.040478	0.423257	-0.987600	9.537637	1.000000	0.000000	0.000000	0.000000	
0.423493	0.235497	-1.358164	1.288298	-0.871760	-0.527146	-0.199769	1.183517	-1.371639	1.064927	0.416038	0.245113	-1.366197	1.368114	-0.899456	-0.520107	-0.194205	1.164613	-1.444643	1.083672	-0.045616	-0.017737	0.001961	0.006640	0.014831	-0.015500	-0.014692	-0.025995	-0.033006	-0.086626	0.042969	-0.101562	0.066406	-0.511719	0.156250	-0.039062	-0.042969	0.199219	0.500000	-0.089844	0.029865	-0.062776	-5.336492	0.056982	0.159907	0.040478	0.423257	-0.987600	9.537637	1.000000	0.000000	0.000000	0.000000	
0.423544	0.235818	-1.358144	1.288443	-0.871792	-0.527073	-0.199791	1.183584	-1.371126	1.065572	0.416099	0.245127	-1.365830	1.368129	-0.898424	-0.520106	-0.194233	1.164306	-1.444614	1.082757	0.002418	0.014511	0.042072	0.014623	0.029400	-0.015509	-0.003796	0.004380	-0.003301	-0.054028	0.050781	-0.089844	0.070312	-0.527344	0.152344	-0.039062	-0.042969	0.191406	0.492188	-0.089844	0.029865	-0.062776	-5.336492	0.056982	0.159907	0.040478	0.423257	-0.987600	9.537637	1.000000	0.000000	0.000000	0.000000	
0.423620	0.236134	-1.357947	1.288063	-0.871556	-0.527053	-0.199407	1.183549	-1.371096	1.066149	0.416111	0.245114	-1.365684	1.368132	-0.897902	-0.520106	-0.194262	1.164245	-1.444608	1.081799	-0.020696	-0.019487	0.004207	0.001462	0.037836	-0.032958	-0.022481	-0.034458	-0.028247	-0.071706	0.042969	-0.093750	0.058594	-0.519531	0.164062	-0.039062	-0.050781	0.191406	0.480469	-0.085938	0.029865	-0.062776	-5.336492	0.056982	0.159907	0.040478	0.423257	-0.987600	9.537637	1.000000	0.000000	0.000000	0.000000	
0.423725	0.235771	-1.358080	1.288368	-0.872306	-0.526843	-0.199352	1.183688	-1.370720	1.067741	0.416138	0.245127	-1.365461	1.368156	-0.897556	-0.520105	-0.194301	1.164281	-1.444607	1.081074	0.004910	0.009683	-0.093799	-0.034750	-0.027623	-0.038192	-0.030165	0.052388	-0.037721	-0.045557	0.050781	-0.085938	0.070312	-0.519531	0.164062	-0.050781	-0.054688	0.191406	0.480469	-0.089844	0.029865	-0.062776	-5.336492	0.056982	0.159907	0.040478	0.423257	-0.987600	9.537637	1.000000	0.000000	0.000000	0.000000	
0.423832	0.235808	-1.358080	1.288546	-0.873538	-0.526907	-0.199656	1.184240	-1.370810	1.069971	0.416143	0.245130	-1.365223	1.368307	-0.897268	-0.520081	-0.194308	1.164288	-1.444534	1.080856	-0.006488	0.007948	-0.002401	0.034911	-0.037659	0.013629	-0.001853	0.015708	0.003207	-0.035962	0.050781	-0.085938	0.074219	-0.531250	0.171875	-0.039062	-0.042969	0.191406	0.484375	-0.089844	0.029865	-0.062776	-5.336492	0.056982	0.159907	0.040478	0.423257	-0.987600	9.537637	1.000000	0.000000	0.000000	0.000000	
0.423953	0.235815	-1.358245	1.288584	-0.873732	-0.526767	-0.199589	1.184112	-1.370966	1.071001	0.416144	0.245115	-1.365127	1.368337	-0.896993	-0.520101	-0.194326	1.164241	-1.444519	1.080788	-0.025076	-0.002695	-0.035136	-0.031405	-0.014235	-0.033533	-0.008328	0.001571	-0.048534	-0.073389	0.042969	-0.093750	0.070312	-0.527344	0.152344	-0.039062	-0.039062	0.191406	0.492188	-0.082031	0.029865	-0.062776	-5.336492	0.056982	0.159907	0.040478	0.423257	-0.987600	9.537637	1.000000	0.000000	0.000000	0.000000	
0.424233	0.235774	-1.357932	1.288103	-0.872258	-0.526915	-0.199704	1.184307	-1.371603	1.068937	0.416145	0.245128	-1.364986	1.368391	-0.896889	-0.520080	-0.194362	1.164232	-1.444444	1.080823	-0.051362	0.016015	0.006955	0.000349	-0.011892	0.007116	-0.012465	-0.017291	-0.025791	-0.028277	0.050781	-0.093750	0.066406	-0.527344	0.152344	-0.039062	-0.042969	0.199219	0.492188	-0.066406	0.029865	-0.062776	-5.336492	0.056982	0.159907	0.040478	0.423257	-0.987600	9.537637	1.000000	0.000000	0.000000	0.000000	
0.424413	0.235994	-1.357765	1.287871	-0.870395	-0.526828	-0.199553	1.184423	-1.371649	1.066063	0.416217	0.245122	-1.364813	1.368378	-0.896868	-0.520125	-0.194385	1.164206	-1.444428	1.080830	-0.001647	0.002765	0.049550	-0.048820	-0.043065	-0.083040	-0.008226	-0.040115	-0.040965	-0.044703	0.050781	-0.085938	0.066406	-0.511719	0.152344	-0.035156	-0.050781	0.203125	0.480469	-0.066406	0.029865	-0.062776	-5.336492	0.056982	0.159907	0.040478	0.423257	-0.987600	9.537637	1.000000	0.000000	0.000000	0.000000	
0.424566	0.235963	-1.357471	1.287451	-0.870181	-0.526835	-0.199595	1.184560	-1.371622	1.065091	0.416280	0.245121	-1.364778	1.368400	-0.896670	-0.520109	-0.194398	1.164225	-1.444450	1.080759	-0.014123	0.000276	-0.029941	-0.046758	-0.060141	-0.043200	0.008483	0.009947	-0.080868	-0.049836	0.054688	-0.085938	0.070312	-0.519531	0.152344	-0.039062	-0.050781	0.199219	0.484375	-0.070312	0.029865	-0.062776	-5.336492	0.056982	0.159907	0.040478	0.423257	-0.987600	9.537637	1.000000	0.000000	0.000000	0.000000	
0.424737	0.236020	-1.357406	1.287111	-0.870006	-0.526751	-0.199558	1.184697	-1.371402	1.064254	0.416366	0.245129	-1.364723	1.368404	-0.895880	-0.520106	-0.194384	1.164180	-1.444430	1.080526	-0.001412	0.004680	-0.013463	-0.057020	0.025393	-0.035727	0.017133	-0.089736	-0.001108	-0.025921	0.054688	-0.085938	0.066406	-0.519531	0.140625	-0.039062	-0.042969	0.207031	0.484375	-0.085938	0.029865	-0.062776	-5.336492	0.056982	0.159907	0.040478	0.423257	-0.987600	9.537637	1.000000	0.000000	0.000000	0.000000	
0.424906	0.236171	-1.357480	1.286664	-0.869279	-0.526601	-0.199258	1.184397	-1.371165	1.063920	0.416383	0.245130	-1.364712	1.368405	-0.895140	-0.520106	-0.194390	1.164195	-1.444450	1.080189	-0.038527	0.000468	-0.036243	-0.040598	0.086290	-0.034979	-0.009919	-0.040380	-0.038497	-0.044468	0.054688	-0.085938	0.074219	-0.531250	0.148438	-0.039062	-0.050781	0.203125	0.480469	-0.085938	0.029865	-0.062776	-5.336492	0.056982	0.159907	0.040478	0.423257	-0.987600	9.537637	1.000000	0.000000	0.000000	0.000000	
0.424969	0.236244	-1.357747	1.286992	-0.868408	-0.526300	-0.199338	1.184121	-1.370768	1.063087	0.416459	0.245123	-1.364661	1.368405	-0.894556	-0.520106	-0.194391	1.164174	-1.444454	1.079613	0.062450	-0.013912	0.003355	-0.007549	0.033056	-0.038394	-0.009134	-0.087789	-0.049215	-0.077729	0.054688	-0.085938	0.074219	-0.531250	0.148438	-0.039062	-0.042969	0.203125	0.476562	-0.082031	0.029865	-0.062776	-5.336492	0.056982	0.159907	0.040478	0.423257	-0.987600	9.537637	1.000000	0.000000	0.000000	0.000000	
0.424861	0.236524	-1.357777	1.286752	-0.868672	-0.526166	-0.199056	1.183840	-1.370514	1.063603	0.416450	0.245121	-1.364675	1.368308	-0.894124	-0.520081	-0.194391	1.164170	-1.444430	1.079231	0.006245	-0.020003	-0.013623	-0.042631	-0.073466	-0.042225	-0.014872	-0.019248	-0.029349	-0.060117	0.054688	-0.085938	0.070312	-0.527344	0.148438	-0.039062	-0.042969	0.207031	0.492188	-0.089844	0.029865	-0.062776	-5.336492	0.056982	0.159907	0.040478	0.423257	-0.987600	9.537637	1.000000	0.000000	0.000000	0.000000	
0.424938	0.236552	-1.357765	1.286694	-0.869570	-0.526204	-0.199207	1.184009	-1.370420	1.065376	0.416448	0.245121	-1.364678	1.368313	-0.893674	-0.520076	-0.194383	1.164096	-1.444450	1.078743	-0.034272	-0.028754	-0.036259	-0.028690	-0.028284	-0.004223	-0.000324	0.050420	-0.037831	-0.051377	0.054688	-0.085938	0.070312	-0.519531	0.156250	-0.039062	-0.039062	0.199219	0.492188	-0.085938	0.029865	-0.062776	-5.336492	0.056982	0.159907	0.040478	0.423257	-0.987600	9.537637	1.000000	0.000000	0.000000	0.000000	
0.425102	0.236428	-1.357754	1.286418	-0.869679	-0.526213	-0.199291	1.184352	-1.370692	1.065829	0.416472	0.245137	-1.364678	1.368314	-0.893511	-0.520075	-0.194381	1.163985	-1.444478	1.078282	-0.017386	-0.005202	-0.031543	0.018069	-0.041214	-0.035319	-0.012828	-0.092668	-0.014252	-0.102847	0.054688	-0.085938	0.070312	-0.527344	0.156250	-0.027344	-0.050781	0.199219	0.492188	-0.085938	0.029865	-0.062776	-5.336492	0.056982	0.159907	0.040478	0.423257	-0.987600	9.537637	1.000000	0.000000	0.000000	0.000000	
0.425152	0.236443	-1.357865	1.286520	-0.868554	-0.525899	-0.199012	1.184068	-1.370337	1.064409	0.416501	0.245140	-1.364679	1.368217	-0.893454	-0.520075	-0.194381	1.163962	-1.444460	1.078068	0.019199	-0.016805	-0.045030	-0.033089	-0.011101	-0.087283	-0.003609	-0.033694	0.050919	-0.010285	0.058594	-0.085938	0.070312	-0.531250	0.156250	-0.039062	-0.050781	0.191406	0.492188	-0.082031	0.029865	-0.062776	-5.336492	0.056982	0.159907	0.040478	0.423257	-0.987600	9.537637	1.000000	0.000000	0.000000	0.000000	
0.425477	0.236410	-1.357815	1.285912	-0.867168	-0.526032	-0.198964	1.183419	-1.370521	1.062916	0.416507	0.245157	-1.364679	1.368077	-0.893443	-0.520027	-0.194365	1.163934	-1.444504	1.078050	-0.064383	-0.000517	-0.049868	-0.031226	-0.015069	0.012209	0.014761	-0.055714	-0.022825	0.009440	0.066406	-0.082031	0.070312	-0.519531	0.156250	-0.035156	-0.050781	0.191406	0.484375	-0.082031	0.029865	-0.062776	-5.336492	0.056982	0.159907	0.040478	0.423257	-0.987600	9.537637	1.000000	0.000000	0.000000	0.000000	
0.425551	0.236537	-1.358091	1.285955	-0.866809	-0.526005	-0.199090	1.183158	-1.370344	1.062889	0.416556	0.245160	-1.364654	1.368049	-0.893368	-0.520017	-0.194361	1.163904	-1.444538	1.077973	-0.044824	-0.000052	-0.001497	-0.048488	-0.022445	-0.005758	0.000313	-0.033488	-0.075565	-0.013014	0.058594	-0.085938	0.074219	-0.542969	0.164062	-0.035156	-0.042969	0.207031	0.492188	-0.085938	0.029865	-0.062776	-5.336492	0.056982	0.159907	0.040478	0.423257	-0.987600	9.537637	1.000000	0.000000	0.000000	0.000000	
0.425460	0.236797	-1.358016	1.285660	-0.867093	-0.526056	-0.199258	1.183581	-1.370793	1.063698	0.416615	0.245161	-1.364649	1.368067	-0.893208	-0.520015	-0.194361	1.163825	-1.444568	1.077837	-0.046358	0.001158	0.003340	0.005620	0.004735	-0.028493	-0.011601	-0.027776	-0.084328	-0.036198	0.054688	-0.074219	0.070312	-0.535156	0.167969	-0.027344	-0.042969	0.199219	0.500000	-0.089844	0.029865	-0.062776	-5.336492	0.056982	0.159907	0.040478	0.423257	-0.987600	9.537637	1.000000	0.000000	0.000000	0.000000	
0.425571	0.236771	-1.357950	1.285468	-0.867108	-0.526103	-0.199314	1.183808	-1.371020	1.063634	0.416626	0.245161	-1.364673	1.368071	-0.893103	-0.519966	-0.194361	1.163712	-1.444526	1.077640	-0.008125	0.003605	-0.041542	0.000562	-0.051871	0.028557	-0.008139	-0.076060	0.015995	-0.007109	0.058594	-0.085938	0.066406	-0.535156	0.167969	-0.027344	-0.042969	0.191406	0.496094	-0.089844	0.029865	-0.062776	-5.336492	0.056982	0.159907	0.040478	0.423257	-0.987600	9.537637	1.000000	0.000000	0.000000	0.000000	
0.425633	0.236823	-1.358082	1.285515	-0.866970	-0.525988	-0.199115	1.183488	-1.370580	1.063871	0.416629	0.245161	-1.364677	1.368023	-0.892985	-0.519956	-0.194361	1.163617	-1.444542	1.077601	-0.035709	-0.010108	-0.039050	-0.027861	-0.022635	-0.032041	-0.001977	-0.025054	-0.033297	-0.035607	0.058594	-0.074219	0.058594	-0.535156	0.167969	-0.039062	-0.050781	0.191406	0.496094	-0.085938	0.029865	-0.062776	-5.336492	0.056982	0.159907	0.040478	0.423257	-0.987600	9.537637	1.000000	0.000000	0.000000	0.000000	
0.425611	0.236701	-1.358411	1.286255	-0.867018	-0.525653	-0.199374	1.183732	-1.370112	1.063851	0.416678	0.245161	-1.364654	1.367989	-0.892816	-0.519955	-0.194361	1.163501	-1.444521	1.077568	0.034815	-0.016133	-0.003905	-0.065599	0.025654	-0.059038	0.000965	-0.002505	-0.003330	-0.055905	0.058594	-0.085938	0.070312	-0.542969	0.183594	-0.035156	-0.039062	0.199219	0.492188	-0.093750	0.029865	-0.062776	-5.336492	0.056982	0.159907	0.040478	0.423257	-0.987600	9.537637	1.000000	0.000000	0.000000	0.000000	
0.425449	0.236952	-1.358191	1.285622	-0.867777	-0.525827	-0.199195	1.183895	-1.370632	1.064599	0.416687	0.245161	-1.364649	1.368031	-0.892758	-0.519906	-0.194369	1.163381	-1.444541	1.077586	-0.006987	-0.009756	-0.007370	0.010888	0.020014	-0.002414	-0.013862	-0.000251	-0.052677	-0.030018	0.058594	-0.085938	0.066406	-0.542969	0.167969	-0.039062	-0.042969	0.199219	0.492188	-0.085938	0.029865	-0.062776	-5.336492	0.056982	0.159907	0.040478	0.423257	-0.987600	9.537637	1.000000	0.000000	0.000000	0.000000	
0.425474	0.237072	-1.357948	1.285369	-0.867076	-0.525805	-0.198998	1.183928	-1.371095	1.063463	0.416689	0.245161	-1.364648	1.368064	-0.892698	-0.519896	-0.194370	1.163333	-1.444472	1.077614	-0.053043	-0.005628	-0.007716	0.011558	0.005491	-0.052586	-0.014182	-0.024452	0.102911	0.010957	0.054688	-0.085938	0.058594	-0.550781	0.164062	-0.027344	-0.050781	0.207031	0.496094	-0.085938	0.029865	-0.062776	-5.336492	0.056982	0.159907	0.040478	0.423257	-0.987600	9.537637	1.000000	0.000000	0.000000	0.000000	
0.422779	0.243081	-1.355973	1.278127	-0.842311	-0.525138	-0.196706	1.180986	-1.375401	1.025318	0.416714	0.245161	-1.364624	1.368094	-0.892734	-0.519870	-0.194379	1.163323	-1.444507	1.077595	-0.040201	-0.013358	0.041104	0.050011	-0.034347	-0.019217	-0.018866	-0.054790	0.024250	-0.086145	0.058594	-0.070312	0.066406	-0.550781	0.167969	-0.027344	-0.042969	0.199219	0.500000	-0.074219	0.033688	-0.004135	-5.336550	-0.026269	0.341268	0.037522	0.356540	0.816982	9.923948	1.000000	0.000000	0.000000	0.000000	
0.418424	0.250220	-1.353558	1.269450	-0.811548	-0.523679	-0.193686	1.177760	-1.377425	0.974388	0.416767	0.245161	-1.364619	1.368076	-0.892645	-0.519840	-0.194372	1.163297	-1.444562	1.077567	0.013428	-0.017621	0.042496	0.005001	0.007034	-0.022860	-0.021661	-0.036886	-0.102264	0.001854	0.066406	-0.074219	0.058594	-0.550781	0.164062	-0.035156	-0.039062	0.203125	0.484375	-0.085938	0.034452	0.007593	-5.336562	-0.034594	0.359404	0.037227	0.349869	0.997440	9.962580	1.000000	0.000000	0.000000	0.000000	
0.414457	0.256448	-1.351778	1.260205	-0.787611	-0.522026	-0.190367	1.178601	-1.373403	0.927377	0.416633	0.245412	-1.364642	1.367927	-0.889985	-0.519665	-0.194339	1.163267	-1.445131	1.073515	0.022281	-0.004088	-0.009709	-0.002990	0.265915	0.015162	-0.003329	0.020739	-0.045123	-0.477894	0.050781	-0.035156	0.070312	-0.597656	0.214844	-0.035156	-0.019531	0.167969	0.480469	-0.136719	0.034605	0.009938	-5.336565	-0.035426	0.361218	0.037197	0.349202	1.015486	9.966443	1.000000	0.000000	0.000000	0.000000	
0.412952	0.259553	-1.352730	1.257089	-0.779835	-0.519673	-0.188983	1.181907	-1.362878	0.899311	0.416194	0.246156	-1.364477	1.367849	-0.883807	-0.519000	-0.194170	1.162971	-1.446093	1.061702	-0.039648	0.036814	-0.039357	0.048556	0.570974	0.074799	0.013626	-0.057250	-0.154566	-0.860874	0.023438	-0.011719	0.105469	-0.644531	0.246094	-0.058594	0.000000	0.164062	0.519531	-0.273438	0.034636	0.010407	-5.336565	-0.035509	0.361399	0.037194	0.349135	1.017291	9.966829	1.000000	0.000000	0.000000	0.000000	
0.412441	0.259995	-1.356582	1.259542	-0.782199	-0.516555	-0.189771	1.185960	-1.346974	0.885395	0.415742	0.247267	-1.364396	1.367882	-0.874841	-0.517485	-0.193895	1.162936	-1.447812	1.047805	-0.108654	0.073474	-0.031853	0.015324	0.762003	0.045866	0.024627	0.036151	-0.242283	-1.132977	0.003906	0.011719	0.132812	-0.695312	0.296875	-0.058594	0.027344	0.140625	0.593750	-0.394531	0.034642	0.010501	-5.336565	-0.035518	0.361417	0.037194	0.349128	1.017471	9.966867	1.000000	0.000000	0.000000	0.000000	
0.411823	0.259669	-1.360777	1.262578	-0.785580	-0.513254	-0.191700	1.191194	-1.331915	0.876081	0.415071	0.248708	-1.364331	1.367476	-0.860955	-0.516310	-0.193460	1.164358	-1.449319	1.032860	-0.122534	0.072487	-0.006675	-0.075239	0.599645	0.004587	0.025727	0.132731	-0.125428	-1.338159	0.007812	0.011719	0.117188	-0.710938	0.328125	-0.027344	0.003906	0.136719	0.597656	-0.460938	0.034643	0.010520	-5.336565	-0.035518	0.361419	0.037194	0.349128	1.017489	9.966871	1.000000	0.000000	0.000000	0.000000	
0.410889	0.259227	-1.364694	1.262729	-0.786301	-0.510343	-0.192796	1.195629	-1.318628	0.861438	0.413918	0.249417	-1.363906	1.366668	-0.853404	-0.515663	-0.192985	1.166097	-1.449450	1.017778	-0.109963	0.051451	0.034229	-0.112213	0.405438	0.000459	0.022347	0.124941	0.011885	-1.257478	0.019531	0.042969	0.089844	-0.667969	0.316406	-0.003906	0.003906	0.148438	0.664062	-0.453125	0.034643	0.010524	-5.336565	-0.035519	0.361419	0.037194	0.349127	1.017491	9.966872	1.000000	0.000000	0.000000	0.000000	
0.409592	0.258426	-1.368503	1.258896	-0.784157	-0.507904	-0.191990	1.197112	-1.306199	0.840461	0.412670	0.250407	-1.363579	1.365319	-0.848041	-0.514855	-0.192753	1.168650	-1.448338	0.995036	-0.077299	0.083080	-0.027984	-0.185703	0.372059	0.038432	-0.007071	0.152079	0.095409	-0.917894	0.027344	0.023438	0.039062	-0.617188	0.281250	-0.007812	0.003906	0.156250	0.730469	-0.445312	0.034644	0.010524	-5.336565	-0.035519	0.361419	0.037194	0.349127	1.017491	9.966872	1.000000	0.000000	0.000000	0.000000	
0.408179	0.258395	-1.371992	1.253936	-0.782432	-0.505611	-0.192004	1.198822	-1.298975	0.817920	0.411815	0.251437	-1.364022	1.361099	-0.843987	-0.514015	-0.192625	1.170978	-1.445983	0.981981	-0.056585	0.094386	-0.041184	-0.266334	0.281480	0.115511	0.012088	0.175731	0.138657	-0.911853	0.007812	0.003906	0.019531	-0.558594	0.281250	-0.007812	-0.011719	0.125000	0.781250	-0.480469	0.034644	0.010525	-5.336565	-0.035519	0.361419	0.037194	0.349127	1.017491	9.966872	1.000000	0.000000	0.000000	0.000000	
0.406583	0.258540	-1.375368	1.250809	-0.784112	-0.502563	-0.193266	1.202457	-1.297475	0.800091	0.411135	0.252362	-1.365250	1.358002	-0.838063	-0.512393	-0.192358	1.176945	-1.443016	0.969604	-0.075451	0.061783	-0.161152	-0.249970	0.317788	0.046447	0.010515	0.258358	0.167410	-1.008959	0.003906	0.003906	0.007812	-0.574219	0.253906	0.000000	-0.023438	0.093750	0.839844	-0.492188	0.034644	0.010525	-5.336565	-0.035519	0.361419	0.037194	0.349127	1.017491	9.966872	1.000000	0.000000	0.000000	0.000000	
0.405128	0.258589	-1.378822	1.248798	-0.788102	-0.499562	-0.195649	1.207081	-1.297496	0.784759	0.410587	0.253241	-1.366416	1.354838	-0.834334	-0.510784	-0.192110	1.181070	-1.439854	0.955788	-0.035462	0.042238	-0.085908	-0.258802	0.276053	0.032562	0.013847	0.284069	0.121430	-1.161744	-0.007812	0.003906	0.007812	-0.574219	0.246094	-0.003906	-0.027344	0.089844	0.863281	-0.503906	0.034644	0.010525	-5.336565	-0.035519	0.361419	0.037194	0.349127	1.017491	9.966872	1.000000	0.000000	0.000000	0.000000	
0.403978	0.257930	-1.382610	1.244496	-0.791104	-0.497650	-0.196869	1.209880	-1.295614	0.769611	0.410114	0.254088	-1.370115	1.351079	-0.831310	-0.509105	-0.191810	1.184585	-1.437379	0.933565	0.013902	0.041447	-0.158645	-0.319009	0.240473	0.149821	0.010690	0.202889	0.088915	-1.054886	-0.003906	-0.003906	0.003906	-0.542969	0.218750	0.023438	-0.023438	0.089844	0.871094	-0.503906	0.034644	0.010525	-5.336565	-0.035519	0.361419	0.037194	0.349127	1.017491	9.966872	1.000000	0.000000	0.000000	0.000000	
0.402821	0.257647	-1.385708	1.237621	-0.791185	-0.496315	-0.196965	1.213098	-1.294262	0.751633	0.409825	0.254733	-1.372672	1.343493	-0.828476	-0.507582	-0.191758	1.187542	-1.435188	0.918482	-0.023037	0.044857	-0.172898	-0.307582	0.177591	0.070816	0.001069	0.233156	0.131029	-1.072117	-0.011719	0.007812	0.007812	-0.484375	0.183594	0.011719	-0.035156	0.066406	0.863281	-0.496094	0.034644	0.010525	-5.336565	-0.035519	0.361419	0.037194	0.349127	1.017491	9.966872	1.000000	0.000000	0.000000	0.000000	
0.402039	0.257504	-1.389214	1.231998	-0.790428	-0.494660	-0.197624	1.217650	-1.295433	0.735399	0.409477	0.255218	-1.375268	1.338292	-0.822578	-0.505484	-0.191813	1.192932	-1.433466	0.904148	-0.023242	0.023097	-0.226668	-0.390190	0.269013	0.055936	-0.025484	0.208266	0.051489	-1.223894	-0.023438	0.000000	0.000000	-0.480469	0.089844	0.007812	-0.035156	0.082031	0.878906	-0.496094	0.034644	0.010525	-5.336565	-0.035519	0.361419	0.037194	0.349127	1.017491	9.966872	1.000000	0.000000	0.000000	0.000000	
0.401516	0.257669	-1.392580	1.226757	-0.790776	-0.493574	-0.198621	1.222109	-1.297600	0.721946	0.409310	0.255460	-1.377920	1.333690	-0.818030	-0.503029	-0.191856	1.197184	-1.430770	0.889698	-0.030241	0.022084	-0.232045	-0.381003	0.292113	0.194034	-0.014180	0.313956	0.078431	-1.207665	-0.042969	0.003906	0.035156	-0.496094	0.066406	-0.011719	-0.039062	0.054688	0.855469	-0.500000	0.034644	0.010525	-5.336565	-0.035519	0.361419	0.037194	0.349127	1.017491	9.966872	1.000000	0.000000	0.000000	0.000000	
0.400809	0.257944	-1.396730	1.221166	-0.790986	-0.492412	-0.198565	1.225411	-1.298900	0.712299	0.409349	0.255598	-1.384823	1.328965	-0.813873	-0.500042	-0.191961	1.201524	-1.429068	0.866112	0.000466	0.005698	-0.354720	-0.408001	0.294423	0.176437	-0.027009	0.300097	0.035760	-1.097864	-0.050781	0.007812	0.089844	-0.511719	0.050781	-0.023438	-0.042969	0.042969	0.859375	-0.460938	0.034644	0.010525	-5.336565	-0.035519	0.361419	0.037194	0.349127	1.017491	9.966872	1.000000	0.000000	0.000000	0.000000	
0.399905	0.258840	-1.400614	1.215129	-0.790597	-0.491522	-0.198498	1.229199	-1.301488	0.703821	0.409381	0.255641	-1.389766	1.321210	-0.809721	-0.498426	-0.192136	1.205737	-1.428146	0.850369	0.000047	0.000570	-0.314643	-0.337419	0.284186	0.122333	-0.022475	0.242877	0.031493	-1.079904	-0.042969	0.019531	0.089844	-0.503906	0.019531	-0.027344	-0.042969	0.019531	0.847656	-0.484375	0.034644	0.010525	-5.336565	-0.035519	0.361419	0.037194	0.349127	1.017491	9.966872	1.000000	0.000000	0.000000	0.000000	
0.399173	0.259943	-1.404852	1.208813	-0.789997	-0.490820	-0.197963	1.232853	-1.304668	0.699315	0.409412	0.255666	-1.394705	1.316145	-0.803099	-0.496456	-0.192341	1.213437	-1.427283	0.837139	-0.034892	-0.026697	-0.446731	-0.428070	0.202900	0.102964	-0.033654	0.348824	0.041535	-1.053681	-0.058594	0.019531	0.105469	-0.480469	-0.011719	-0.011719	-0.039062	0.000000	0.832031	-0.464844	0.034644	0.010525	-5.336565	-0.035519	0.361419	0.037194	0.349127	1.017491	9.966872	1.000000	0.000000	0.000000	0.000000	
0.398627	0.261886	-1.408313	1.202402	-0.788392	-0.491032	-0.197670	1.236764	-1.308871	0.694966	0.409418	0.255720	-1.398674	1.311473	-0.799448	-0.494656	-0.192462	1.218564	-1.426190	0.824339	0.010469	-0.002670	-0.271499	-0.367343	0.159875	0.121965	-0.021977	0.366397	0.011133	-1.023142	-0.058594	0.027344	0.105469	-0.515625	-0.011719	-0.011719	-0.039062	-0.011719	0.812500	-0.453125	0.034644	0.010525	-5.336565	-0.035519	0.361419	0.037194	0.349127	1.017491	9.966872	1.000000	0.000000	0.000000	0.000000	
0.398070	0.264294	-1.412511	1.197520	-0.787479	-0.491041	-0.196353	1.238441	-1.312523	0.695808	0.409371	0.255771	-1.406980	1.306928	-0.796876	-0.492672	-0.192608	1.223709	-1.426044	0.806851	-0.033849	0.003223	-0.445906	-0.406635	0.113697	0.123865	-0.009177	0.451906	-0.058210	-0.779303	-0.058594	0.042969	0.187500	-0.503906	-0.003906	-0.027344	-0.050781	-0.054688	0.812500	-0.464844	0.034644	0.010525	-5.336565	-0.035519	0.361419	0.037194	0.349127	1.017491	9.966872	1.000000	0.000000	0.000000	0.000000	
0.397419	0.267494	-1.416366	1.194844	-0.785505	-0.490910	-0.195571	1.239966	-1.315501	0.698259	0.409313	0.255862	-1.413294	1.302578	-0.794544	-0.490482	-0.192669	1.228446	-1.426548	0.797247	-0.024323	-0.005494	-0.508712	-0.333793	0.143976	0.078689	-0.018366	0.352278	-0.089572	-0.496686	-0.058594	0.054688	0.230469	-0.511719	-0.007812	-0.042969	-0.039062	-0.074219	0.796875	-0.484375	0.034644	0.010525	-5.336565	-0.035519	0.361419	0.037194	0.349127	1.017491	9.966872	1.000000	0.000000	0.000000	0.000000	
0.396654	0.270816	-1.420048	1.193954	-0.783409	-0.490503	-0.195455	1.242356	-1.319752	0.705054	0.408986	0.256179	-1.419791	1.295794	-0.792721	-0.489560	-0.192609	1.238093	-1.427327	0.790964	-0.086183	0.001777	-0.584785	-0.329998	0.167941	-0.051455	-0.001837	0.345805	-0.096198	-0.419570	-0.054688	0.050781	0.257812	-0.542969	-0.003906	-0.003906	-0.039062	-0.132812	0.777344	-0.476562	0.034644	0.010525	-5.336565	-0.035519	0.361419	0.037194	0.349127	1.017491	9.966872	1.000000	0.000000	0.000000	0.000000	
0.396072	0.274642	-1.422563	1.192800	-0.776933	-0.491135	-0.195594	1.245459	-1.324741	0.706955	0.408267	0.256598	-1.425525	1.291724	-0.790127	-0.489690	-0.192451	1.243148	-1.428549	0.786460	-0.043515	0.054849	-0.309732	-0.312170	0.114504	-0.074938	-0.000184	0.271876	-0.037537	-0.359514	-0.039062	0.042969	0.207031	-0.531250	0.003906	0.000000	-0.035156	-0.132812	0.765625	-0.464844	0.034644	0.010525	-5.336565	-0.035519	0.361419	0.037194	0.349127	1.017491	9.966872	1.000000	0.000000	0.000000	0.000000	
0.395885	0.279197	-1.423716	1.190090	-0.764674	-0.493449	-0.194265	1.247403	-1.327941	0.699842	0.407057	0.257796	-1.430040	1.288171	-0.789026	-0.489862	-0.192274	1.246341	-1.429545	0.780107	-0.095082	0.095052	-0.121704	-0.310388	0.067285	-0.059838	-0.001182	0.191200	-0.028181	-0.290695	-0.039062	0.019531	0.125000	-0.531250	0.007812	0.007812	-0.039062	-0.101562	0.738281	-0.414062	0.034644	0.010525	-5.336565	-0.035519	0.361419	0.037194	0.349127	1.017491	9.966872	1.000000	0.000000	0.000000	0.000000	
0.395727	0.284729	-1.423155	1.188624	-0.750346	-0.496477	-0.193118	1.248445	-1.328631	0.684036	0.404827	0.259498	-1.431307	1.285013	-0.787667	-0.489969	-0.192053	1.247657	-1.430326	0.777309	-0.156073	0.118847	0.022726	-0.202031	0.038135	-0.044370	0.020820	0.074954	-0.055163	-0.161675	-0.003906	0.039062	0.101562	-0.511719	0.019531	-0.003906	-0.042969	-0.058594	0.710938	-0.414062	0.034644	0.010525	-5.336565	-0.035519	0.361419	0.037194	0.349127	1.017491	9.966872	1.000000	0.000000	0.000000	0.000000	
0.395147	0.290195	-1.421984	1.190316	-0.741972	-0.498911	-0.193494	1.249172	-1.328210	0.671314	0.402758	0.261688	-1.431512	1.281474	-0.784803	-0.490160	-0.191791	1.249181	-1.431160	0.775005	-0.151703	0.120063	-0.046582	-0.114423	0.164337	-0.032354	0.009061	0.077288	-0.162550	-0.183670	0.003906	0.042969	0.082031	-0.574219	0.050781	-0.019531	-0.027344	-0.050781	0.722656	-0.421875	0.034644	0.010525	-5.336565	-0.035519	0.361419	0.037194	0.349127	1.017491	9.966872	1.000000	0.000000	0.000000	0.000000	
0.394150	0.294497	-1.420876	1.195216	-0.740522	-0.500329	-0.195595	1.251207	-1.329428	0.665758	0.400090	0.263806	-1.431456	1.280305	-0.780595	-0.490489	-0.191585	1.251521	-1.433023	0.769891	-0.168714	0.141123	-0.004658	-0.018422	0.222322	-0.069538	0.024170	0.119397	-0.148861	-0.398737	0.023438	0.074219	0.082031	-0.601562	0.121094	-0.039062	-0.027344	-0.089844	0.761719	-0.433594	0.034644	0.010525	-5.336565	-0.035519	0.361419	0.037194	0.349127	1.017491	9.966872	1.000000	0.000000	0.000000	0.000000	
0.392681	0.297605	-1.421031	1.201828	-0.745995	-0.500931	-0.197762	1.252879	-1.330265	0.668635	0.397230	0.266161	-1.431590	1.280411	-0.777742	-0.490336	-0.191439	1.253904	-1.437443	0.764846	-0.212291	0.145555	-0.028383	0.029565	0.081556	-0.038361	-0.016194	0.259704	-0.252181	-0.395816	0.050781	0.082031	0.109375	-0.601562	0.187500	-0.054688	-0.027344	-0.117188	0.808594	-0.468750	0.034644	0.010525	-5.336565	-0.035519	0.361419	0.037194	0.349127	1.017491	9.966872	1.000000	0.000000	0.000000	0.000000	
0.391044	0.299363	-1.421887	1.208270	-0.753193	-0.501291	-0.199587	1.254136	-1.329318	0.672275	0.395592	0.268821	-1.431690	1.281401	-0.776153	-0.490063	-0.191409	1.256222	-1.440363	0.760323	-0.206180	0.171589	-0.044714	0.069259	0.046542	0.031060	0.004197	0.123680	-0.241575	-0.332711	0.039062	0.074219	0.101562	-0.578125	0.214844	-0.058594	-0.035156	-0.101562	0.796875	-0.480469	0.034644	0.010525	-5.336565	-0.035519	0.361419	0.037194	0.349127	1.017491	9.966872	1.000000	0.000000	0.000000	0.000000	
0.389254	0.300594	-1.422459	1.212754	-0.757913	-0.501608	-0.200392	1.255249	-1.326857	0.670989	0.393713	0.271776	-1.431637	1.282496	-0.775472	-0.490397	-0.191484	1.258261	-1.442086	0.753748	-0.107859	0.169540	-0.004471	0.048802	-0.023263	-0.080645	-0.026334	0.179870	-0.090461	-0.200773	0.019531	0.066406	0.101562	-0.562500	0.207031	-0.058594	-0.058594	-0.117188	0.761719	-0.492188	0.034644	0.010525	-5.336565	-0.035519	0.361419	0.037194	0.349127	1.017491	9.966872	1.000000	0.000000	0.000000	0.000000	
0.388233	0.301486	-1.422149	1.214236	-0.758404	-0.503049	-0.200846	1.256856	-1.324802	0.662766	0.393071	0.274548	-1.430924	1.284096	-0.776160	-0.490778	-0.191532	1.260583	-1.442721	0.751003	-0.045682	0.140254	0.160076	0.085142	-0.131443	-0.091816	-0.014266	0.070332	-0.005556	-0.142214	-0.011719	0.093750	0.066406	-0.535156	0.187500	-0.050781	-0.082031	-0.082031	0.757812	-0.464844	0.034644	0.010525	-5.336565	-0.035519	0.361419	0.037194	0.349127	1.017491	9.966872	1.000000	0.000000	0.000000	0.000000	
0.387603	0.301864	-1.422068	1.213356	-0.758389	-0.504615	-0.200620	1.257210	-1.321246	0.652939	0.392458	0.276888	-1.429375	1.285386	-0.777800	-0.491194	-0.191533	1.261823	-1.442896	0.749218	-0.056913	0.103593	0.009028	0.067838	-0.205074	-0.023140	-0.001427	0.041929	-0.056390	-0.129379	0.003906	0.101562	0.050781	-0.503906	0.187500	-0.054688	-0.085938	-0.093750	0.765625	-0.468750	0.034644	0.010525	-5.336565	-0.035519	0.361419	0.037194	0.349127	1.017491	9.966872	1.000000	0.000000	0.000000	0.000000	
0.386927	0.301691	-1.422488	1.213377	-0.759598	-0.505329	-0.200786	1.258038	-1.318461	0.645171	0.391366	0.278147	-1.428751	1.287073	-0.779291	-0.491519	-0.191517	1.262798	-1.442859	0.747916	-0.068505	0.115048	0.004392	0.031211	-0.125196	-0.030231	0.004510	0.035600	0.004830	-0.124606	0.003906	0.093750	0.054688	-0.500000	0.175781	-0.066406	-0.085938	-0.082031	0.781250	-0.464844	0.034644	0.010525	-5.336565	-0.035519	0.361419	0.037194	0.349127	1.017491	9.966872	1.000000	0.000000	0.000000	0.000000	
0.386162	0.300718	-1.423388	1.213292	-0.762208	-0.505504	-0.200877	1.259719	-1.319064	0.641820	0.390663	0.279982	-1.428553	1.287920	-0.781237	-0.492118	-0.191457	1.263526	-1.442779	0.742930	-0.027788	0.106888	0.017887	0.010100	-0.152105	-0.118181	0.023715	0.052415	0.045848	-0.323038	0.000000	0.105469	0.066406	-0.511719	0.175781	-0.066406	-0.085938	-0.074219	0.808594	-0.480469	0.034644	0.010525	-5.336565	-0.035519	0.361419	0.037194	0.349127	1.017491	9.966872	1.000000	0.000000	0.000000	0.000000	
0.385441	0.299703	-1.425029	1.212940	-0.765939	-0.505618	-0.200460	1.260807	-1.320413	0.641402	0.390377	0.281585	-1.428756	1.288428	-0.782256	-0.492988	-0.191437	1.265029	-1.442811	0.738782	-0.037675	0.088624	-0.095921	0.001010	-0.130368	-0.078121	0.008188	0.040138	-0.054739	-0.395226	-0.019531	0.125000	0.074219	-0.496094	0.167969	-0.054688	-0.089844	-0.089844	0.820312	-0.496094	0.034644	0.010525	-5.336565	-0.035519	0.361419	0.037194	0.349127	1.017491	9.966872	1.000000	0.000000	0.000000	0.000000	
0.384958	0.299143	-1.426717	1.211663	-0.768710	-0.506128	-0.200016	1.261641	-1.322169	0.641165	0.390296	0.282746	-1.429087	1.288700	-0.783066	-0.493865	-0.191409	1.266056	-1.442696	0.734318	-0.000278	0.051901	-0.044488	0.007080	-0.065381	-0.074115	0.000819	0.035420	-0.040370	-0.336141	-0.019531	0.132812	0.066406	-0.496094	0.164062	-0.054688	-0.089844	-0.074219	0.812500	-0.492188	0.034644	0.010525	-5.336565	-0.035519	0.361419	0.037194	0.349127	1.017491	9.966872	1.000000	0.000000	0.000000	0.000000	
0.384842	0.298707	-1.427939	1.208306	-0.769393	-0.507383	-0.199261	1.262498	-1.324960	0.640108	0.390279	0.283430	-1.429250	1.288415	-0.784149	-0.494598	-0.191379	1.266650	-1.442577	0.730202	0.010441	0.029618	0.002530	-0.027209	-0.121696	-0.066735	0.000082	0.027969	0.013411	-0.298826	-0.035156	0.125000	0.039062	-0.492188	0.148438	-0.050781	-0.093750	-0.066406	0.808594	-0.476562	0.034644	0.010525	-5.336565	-0.035519	0.361419	0.037194	0.349127	1.017491	9.966872	1.000000	0.000000	0.000000	0.000000	
0.385006	0.298636	-1.428674	1.204048	-0.768033	-0.509032	-0.198433	1.263239	-1.327476	0.636629	0.390276	0.284036	-1.429647	1.287921	-0.786183	-0.495133	-0.191309	1.266986	-1.442601	0.723490	-0.026873	0.015757	0.000253	-0.030638	-0.064514	-0.038080	0.003498	-0.028610	-0.064962	-0.316032	-0.035156	0.109375	0.042969	-0.484375	0.152344	-0.054688	-0.085938	-0.058594	0.792969	-0.445312	0.034644	0.010525	-5.336565	-0.035519	0.361419	0.037194	0.349127	1.017491	9.966872	1.000000	0.000000	0.000000	0.000000	
0.385057	0.298837	-1.429276	1.200949	-0.766209	-0.510122	-0.197662	1.264020	-1.330323	0.632933	0.390300	0.284520	-1.430089	1.287387	-0.787293	-0.495894	-0.191190	1.267538	-1.442606	0.719627	-0.006177	0.021350	-0.031381	-0.048429	-0.090203	-0.101518	0.000350	0.042504	-0.034413	-0.349160	-0.035156	0.121094	0.042969	-0.503906	0.140625	-0.050781	-0.089844	-0.058594	0.773438	-0.433594	0.034644	0.010525	-5.336565	-0.035519	0.361419	0.037194	0.349127	1.017491	9.966872	1.000000	0.000000	0.000000	0.000000	
0.385115	0.299372	-1.429935	1.198754	-0.764977	-0.511176	-0.197189	1.264703	-1.333734	0.631830	0.390353	0.285029	-1.431196	1.286650	-0.787999	-0.497185	-0.191077	1.267843	-1.442704	0.716237	0.002872	0.033542	-0.062462	-0.071146	-0.068344	-0.024110	-0.005781	-0.002729	-0.045317	-0.324555	-0.027344	0.093750	0.050781	-0.515625	0.140625	-0.042969	-0.082031	-0.050781	0.761719	-0.417969	0.034644	0.010525	-5.336565	-0.035519	0.361419	0.037194	0.349127	1.017491	9.966872	1.000000	0.000000	0.000000	0.000000	
0.385133	0.300180	-1.430691	1.197010	-0.763474	-0.512042	-0.196529	1.264991	-1.336997	0.632146	0.390363	0.285365	-1.431853	1.285169	-0.788237	-0.497976	-0.190909	1.268025	-1.442675	0.713185	-0.010182	0.038250	-0.121404	-0.122272	-0.006834	-0.044287	0.005238	-0.007252	-0.032449	-0.238344	-0.019531	0.089844	0.039062	-0.531250	0.148438	-0.050781	-0.074219	-0.042969	0.746094	-0.429688	0.034644	0.010525	-5.336565	-0.035519	0.361419	0.037194	0.349127	1.017491	9.966872	1.000000	0.000000	0.000000	0.000000	
0.385302	0.301211	-1.430565	1.195183	-0.760303	-0.513224	-0.196242	1.265767	-1.341445	0.631653	0.390390	0.285740	-1.432372	1.284098	-0.788140	-0.499152	-0.190738	1.268231	-1.442669	0.708091	-0.018466	0.010804	-0.057506	-0.099468	0.002806	-0.095159	0.026114	-0.046090	-0.003245	-0.194826	-0.035156	0.117188	0.039062	-0.531250	0.140625	-0.050781	-0.074219	-0.042969	0.726562	-0.429688	0.034644	0.010525	-5.336565	-0.035519	0.361419	0.037194	0.349127	1.017491	9.966872	1.000000	0.000000	0.000000	0.000000	
0.385499	0.302587	-1.430240	1.193539	-0.757398	-0.514582	-0.195654	1.265938	-1.345069	0.632254	0.390395	0.286089	-1.432864	1.283011	-0.787902	-0.500309	-0.190607	1.268975	-1.442789	0.705618	-0.012316	0.015039	-0.051116	-0.132084	-0.024147	-0.110715	-0.012510	0.054715	-0.101524	-0.110213	-0.027344	0.117188	0.039062	-0.542969	0.156250	-0.050781	-0.054688	-0.054688	0.695312	-0.449219	0.034644	0.010525	-5.336565	-0.035519	0.361419	0.037194	0.349127	1.017491	9.966872	1.000000	0.000000	0.000000	0.000000	
0.385772	0.304160	-1.429051	1.192159	-0.754319	-0.516215	-0.195710	1.266891	-1.349285	0.632458	0.390396	0.286619	-1.433713	1.282115	-0.787224	-0.501121	-0.190524	1.269778	-1.442934	0.704057	-0.018680	0.030584	-0.008601	-0.079511	0.042951	-0.098312	-0.004741	0.057816	0.007296	-0.161076	-0.027344	0.101562	0.050781	-0.546875	0.156250	-0.066406	-0.058594	-0.066406	0.679688	-0.437500	0.034644	0.010525	-5.336565	-0.035519	0.361419	0.037194	0.349127	1.017491	9.966872	1.000000	0.000000	0.000000	0.000000	
0.385928	0.305943	-1.428166	1.191774	-0.751791	-0.517393	-0.195949	1.266922	-1.352531	0.634483	0.390396	0.287259	-1.434174	1.281572	-0.786241	-0.501720	-0.190459	1.270641	-1.443206	0.702703	0.005111	0.039118	-0.063674	0.002518	0.035702	-0.030769	0.007668	0.082554	-0.062084	-0.145224	-0.019531	0.109375	0.050781	-0.578125	0.167969	-0.070312	-0.066406	-0.070312	0.656250	-0.433594	0.034644	0.010525	-5.336565	-0.035519	0.361419	0.037194	0.349127	1.017491	9.966872	1.000000	0.000000	0.000000	0.000000	
0.385824	0.307708	-1.427756	1.193053	-0.748578	-0.518064	-0.195831	1.266529	-1.353978	0.635727	0.390348	0.288170	-1.434339	1.281415	-0.784566	-0.502252	-0.190365	1.271395	-1.443720	0.701220	-0.044854	0.051603	-0.041264	-0.059072	0.136176	-0.090318	-0.010865	-0.016172	-0.089960	-0.077336	-0.027344	0.105469	0.058594	-0.585938	0.156250	-0.074219	-0.058594	-0.066406	0.648438	-0.433594	0.034644	0.010525	-5.336565	-0.035519	0.361419	0.037194	0.349127	1.017491	9.966872	1.000000	0.000000	0.000000	0.000000	
0.385829	0.309258	-1.426955	1.194188	-0.745482	-0.518839	-0.196216	1.266710	-1.355991	0.638000	0.390290	0.289144	-1.434687	1.281432	-0.782898	-0.502843	-0.190258	1.272419	-1.444769	0.700560	-0.039382	0.047036	-0.052981	-0.033824	0.097369	-0.068356	-0.002250	0.071665	-0.124154	-0.070547	-0.027344	0.105469	0.074219	-0.585938	0.164062	-0.074219	-0.058594	-0.070312	0.660156	-0.417969	0.034644	0.010525	-5.336565	-0.035519	0.361419	0.037194	0.349127	1.017491	9.966872	1.000000	0.000000	0.000000	0.000000	
0.385814	0.310868	-1.426410	1.195978	-0.743681	-0.519443	-0.196433	1.266562	-1.357098	0.641299	0.390230	0.290074	-1.436114	1.281533	-0.781304	-0.503761	-0.190139	1.272914	-1.447232	0.700477	-0.070241	0.062864	-0.064622	0.014066	0.083019	-0.111525	-0.010694	0.017635	-0.183407	-0.000075	-0.019531	0.117188	0.121094	-0.585938	0.171875	-0.070312	-0.066406	-0.070312	0.664062	-0.429688	0.034644	0.010525	-5.336565	-0.035519	0.361419	0.037194	0.349127	1.017491	9.966872	1.000000	0.000000	0.000000	0.000000	
0.385742	0.312216	-1.426002	1.198343	-0.741975	-0.519706	-0.196913	1.266644	-1.357574	0.644461	0.390096	0.290680	-1.436932	1.281892	-0.779798	-0.504526	-0.189994	1.273280	-1.449130	0.700460	-0.034941	0.052815	-0.041359	0.004896	0.102522	-0.119331	-0.002233	-0.001726	-0.164905	-0.034904	-0.019531	0.121094	0.109375	-0.585938	0.183594	-0.066406	-0.074219	-0.066406	0.648438	-0.421875	0.034644	0.010525	-5.336565	-0.035519	0.361419	0.037194	0.349127	1.017491	9.966872	1.000000	0.000000	0.000000	0.000000	
0.385929	0.313421	-1.425138	1.199991	-0.739562	-0.520289	-0.197291	1.266760	-1.357393	0.644856	0.389803	0.291609	-1.437169	1.282206	-0.777631	-0.505769	-0.189764	1.273280	-1.450406	0.701038	-0.010473	0.041341	0.006333	-0.013469	0.135879	-0.123601	0.011409	-0.014131	-0.107221	0.006979	-0.011719	0.121094	0.105469	-0.562500	0.191406	-0.054688	-0.089844	-0.058594	0.644531	-0.410156	0.034644	0.010525	-5.336565	-0.035519	0.361419	0.037194	0.349127	1.017491	9.966872	1.000000	0.000000	0.000000	0.000000	
0.386227	0.314055	-1.424252	1.200927	-0.736644	-0.520856	-0.197101	1.266593	-1.356447	0.643136	0.389357	0.292400	-1.437095	1.282463	-0.776228	-0.507181	-0.189346	1.272481	-1.451364	0.701760	-0.025475	0.044846	-0.041242	-0.015305	0.069422	-0.144966	0.020915	-0.022351	-0.056087	0.063511	-0.011719	0.148438	0.093750	-0.550781	0.187500	-0.039062	-0.109375	-0.035156	0.648438	-0.398438	0.034644	0.010525	-5.336565	-0.035519	0.361419	0.037194	0.349127	1.017491	9.966872	1.000000	0.000000	0.000000	0.000000	
0.386522	0.314424	-1.423559	1.201988	-0.734995	-0.521372	-0.197191	1.266380	-1.354636	0.641595	0.389050	0.293261	-1.436862	1.282587	-0.774493	-0.508554	-0.188826	1.271981	-1.453252	0.702340	-0.051402	0.028912	-0.039021	-0.001531	0.104652	-0.112206	0.025356	-0.044111	-0.134725	0.002861	-0.019531	0.148438	0.121094	-0.546875	0.183594	-0.050781	-0.121094	-0.035156	0.675781	-0.386719	0.034644	0.010525	-5.336565	-0.035519	0.361419	0.037194	0.349127	1.017491	9.966872	1.000000	0.000000	0.000000	0.000000	
0.386722	0.314295	-1.423485	1.203744	-0.735846	-0.521457	-0.197606	1.265863	-1.352210	0.641240	0.388988	0.294128	-1.436936	1.282757	-0.772935	-0.509362	-0.188504	1.271809	-1.454430	0.702723	-0.005140	0.037788	-0.031819	-0.021091	0.041872	-0.063565	0.030453	-0.042797	-0.160037	0.000286	-0.019531	0.132812	0.132812	-0.542969	0.191406	-0.058594	-0.125000	-0.042969	0.679688	-0.394531	0.034644	0.010525	-5.336565	-0.035519	0.361419	0.037194	0.349127	1.017491	9.966872	1.000000	0.000000	0.000000	0.000000	
0.386899	0.314205	-1.423136	1.204932	-0.737429	-0.521799	-0.198120	1.265869	-1.349918	0.640053	0.388927	0.294851	-1.437121	1.283324	-0.770612	-0.509935	-0.187753	1.271823	-1.455562	0.702969	-0.073796	0.022390	0.038694	0.025808	0.108876	-0.069170	0.030962	-0.028707	-0.085796	0.017477	-0.011719	0.164062	0.148438	-0.562500	0.203125	-0.066406	-0.136719	-0.050781	0.714844	-0.402344	0.034644	0.010525	-5.336565	-0.035519	0.361419	0.037194	0.349127	1.017491	9.966872	1.000000	0.000000	0.000000	0.000000	
0.386914	0.313514	-1.423644	1.206865	-0.739963	-0.521536	-0.198478	1.265327	-1.347182	0.640051	0.388939	0.295424	-1.437473	1.283923	-0.769735	-0.510196	-0.187021	1.271947	-1.457000	0.703043	-0.059724	0.022014	-0.024048	-0.000909	0.007398	-0.066241	0.053114	0.004109	-0.169103	0.001748	-0.007812	0.148438	0.152344	-0.535156	0.214844	-0.066406	-0.164062	-0.054688	0.730469	-0.402344	0.034644	0.010525	-5.336565	-0.035519	0.361419	0.037194	0.349127	1.017491	9.966872	1.000000	0.000000	0.000000	0.000000	
0.386727	0.312444	-1.424666	1.209076	-0.744298	-0.521007	-0.199068	1.265188	-1.343393	0.639749	0.388966	0.296071	-1.438052	1.284406	-0.769439	-0.510248	-0.186196	1.271923	-1.459735	0.703057	-0.012952	0.012670	-0.037301	-0.010560	-0.072542	0.003845	0.034392	-0.072871	-0.184413	-0.041701	-0.011719	0.140625	0.156250	-0.535156	0.214844	-0.070312	-0.156250	-0.058594	0.765625	-0.417969	0.034644	0.010525	-5.336565	-0.035519	0.361419	0.037194	0.349127	1.017491	9.966872	1.000000	0.000000	0.000000	0.000000	
0.382313	0.304375	-1.433736	1.216283	-0.796805	-0.517583	-0.201112	1.266645	-1.349554	0.707732	0.388947	0.296451	-1.438313	1.285157	-0.769452	-0.510258	-0.185474	1.271797	-1.461227	0.703085	-0.053640	0.032674	-0.052585	-0.032463	-0.080537	0.017833	0.038335	-0.108486	-0.130110	0.016768	-0.007812	0.132812	0.148438	-0.527344	0.191406	-0.070312	-0.164062	-0.054688	0.789062	-0.414062	0.026949	-0.008261	-5.335134	-0.114535	-0.421949	-0.097429	0.577256	1.553378	9.815145	1.000000	0.000000	0.000000	0.000000	
0.378590	0.297069	-1.440751	1.220751	-0.845819	-0.516931	-0.204613	1.264491	-1.355703	0.774961	0.388968	0.297085	-1.438560	1.285622	-0.769624	-0.510284	-0.185079	1.271699	-1.461938	0.703066	-0.005364	0.038164	-0.008748	-0.017205	-0.088315	-0.033113	0.020119	-0.010849	-0.044418	-0.068116	-0.011719	0.105469	0.148438	-0.511719	0.171875	-0.070312	-0.148438	-0.054688	0.804688	-0.417969	0.025410	-0.012018	-5.334847	-0.122436	-0.500286	-0.110891	0.600069	1.606967	9.799973	1.000000	0.000000	0.000000	0.000000	
0.378749	0.292199	-1.443591	1.218104	-0.876942	-0.519658	-0.207126	1.260080	-1.363108	0.832838	0.388850	0.297155	-1.438827	1.286030	-0.774869	-0.510290	-0.184992	1.271631	-1.462249	0.709775	0.041339	-0.020611	-0.018323	-0.054065	-0.546235	-0.031228	-0.009620	0.044280	0.082799	0.778356	-0.035156	0.074219	0.140625	-0.437500	0.070312	-0.039062	-0.152344	-0.039062	0.707031	-0.289062	0.025103	-0.012769	-5.334790	-0.123226	-0.508120	-0.112238	0.602350	1.612326	9.798455	1.000000	0.000000	0.000000	0.000000	
0.381805	0.288677	-1.442258	1.210809	-0.891261	-0.524895	-0.207405	1.252101	-1.367714	0.869183	0.388609	0.296563	-1.441546	1.285481	-0.786678	-0.510291	-0.185160	1.270988	-1.459258	0.726020	-0.030762	-0.066038	-0.096052	-0.092647	-1.070107	0.014325	-0.021900	-0.079323	0.071093	1.553950	-0.054688	0.082031	0.039062	-0.394531	-0.003906	-0.039062	-0.167969	-0.035156	0.644531	-0.234375	0.025041	-0.012919	-5.334779	-0.123305	-0.508903	-0.112372	0.602578	1.612862	9.798304	1.000000	0.000000	0.000000	0.000000	
0.385271	0.283012	-1.438635	1.207467	-0.899773	-0.529002	-0.208457	1.244927	-1.371447	0.887174	0.388415	0.295112	-1.442672	1.285614	-0.800768	-0.510485	-0.185582	1.269623	-1.458733	0.743640	-0.010056	-0.127578	-0.020074	0.060528	-1.164369	-0.016016	-0.037086	-0.171945	-0.031277	1.341870	-0.058594	0.101562	0.007812	-0.480469	-0.093750	-0.050781	-0.175781	-0.042969	0.617188	-0.253906	0.025029	-0.012949	-5.334776	-0.123313	-0.508982	-0.112386	0.602601	1.612915	9.798288	1.000000	0.000000	0.000000	0.000000	
0.387514	0.278059	-1.434460	1.209062	-0.906280	-0.531011	-0.209438	1.235532	-1.376253	0.895852	0.388425	0.293077	-1.443236	1.286101	-0.820671	-0.511420	-0.186207	1.266563	-1.458434	0.788143	-0.025433	-0.134895	-0.054352	0.079335	-0.845770	-0.106291	-0.059543	-0.327772	0.063175	2.133747	-0.039062	0.101562	0.011719	-0.511719	-0.175781	-0.058594	-0.152344	-0.050781	0.585938	-0.265625	0.025026	-0.012955	-5.334776	-0.123314	-0.508990	-0.112387	0.602603	1.612921	9.798286	1.000000	0.000000	0.000000	0.000000	
0.389738	0.273309	-1.431038	1.214018	-0.911351	-0.532823	-0.208254	1.228218	-1.379273	0.909437	0.388475	0.290634	-1.443809	1.286465	-0.832164	-0.512383	-0.186688	1.260281	-1.458253	0.817666	-0.058377	-0.168197	-0.040332	-0.016494	-0.730159	-0.111828	-0.069931	-0.378251	0.027255	1.993087	-0.027344	0.066406	0.011719	-0.531250	-0.183594	-0.066406	-0.152344	-0.019531	0.562500	-0.230469	0.025026	-0.012957	-5.334776	-0.123314	-0.508990	-0.112387	0.602604	1.612921	9.798286	1.000000	0.000000	0.000000	0.000000	
0.391001	0.268639	-1.426890	1.220792	-0.915373	-0.534184	-0.206862	1.223675	-1.383023	0.923094	0.388582	0.288175	-1.442203	1.286780	-0.841175	-0.514150	-0.187834	1.254783	-1.458580	0.839613	0.018590	-0.137794	0.153000	0.012309	-0.715108	-0.161237	-0.074459	-0.411216	-0.039150	1.616100	-0.007812	0.050781	0.019531	-0.515625	-0.187500	-0.074219	-0.132812	-0.023438	0.550781	-0.183594	0.025026	-0.012957	-5.334776	-0.123314	-0.508990	-0.112387	0.602604	1.612921	9.798286	1.000000	0.000000	0.000000	0.000000	
0.392122	0.264667	-1.423131	1.226600	-0.916547	-0.535460	-0.204926	1.220987	-1.388305	0.933589	0.388798	0.285486	-1.440234	1.287013	-0.849060	-0.516225	-0.188976	1.248764	-1.458936	0.855829	0.019307	-0.148712	0.119989	-0.092989	-0.608914	-0.113833	-0.050485	-0.484305	0.034471	1.079383	0.003906	0.050781	0.027344	-0.464844	-0.214844	-0.054688	-0.121094	-0.027344	0.527344	-0.105469	0.025026	-0.012957	-5.334776	-0.123314	-0.508990	-0.112387	0.602604	1.612921	9.798286	1.000000	0.000000	0.000000	0.000000	
0.392928	0.261860	-1.419332	1.230541	-0.916971	-0.537095	-0.202493	1.218514	-1.393138	0.940802	0.389107	0.282541	-1.437005	1.286647	-0.860016	-0.518263	-0.189810	1.243368	-1.459104	0.878507	0.001931	-0.157946	0.242315	-0.093050	-0.525013	-0.109093	-0.059719	-0.428800	-0.052387	0.865189	0.011719	0.035156	0.003906	-0.398438	-0.199219	-0.058594	-0.109375	-0.058594	0.503906	-0.039062	0.025026	-0.012957	-5.334776	-0.123314	-0.508990	-0.112387	0.602604	1.612921	9.798286	1.000000	0.000000	0.000000	0.000000	
0.393570	0.260231	-1.415908	1.232700	-0.915837	-0.539126	-0.199893	1.215556	-1.397016	0.945648	0.389315	0.280813	-1.433621	1.285702	-0.865915	-0.520391	-0.190373	1.234122	-1.459405	0.891573	0.049048	-0.171665	0.327830	-0.124463	-0.349120	-0.140026	-0.031563	-0.534918	-0.050604	0.808873	0.007812	0.003906	-0.035156	-0.347656	-0.218750	-0.054688	-0.121094	0.054688	0.484375	-0.007812	0.025026	-0.012957	-5.334776	-0.123314	-0.508990	-0.112387	0.602604	1.612921	9.798286	1.000000	0.000000	0.000000	0.000000	
0.394248	0.259139	-1.411815	1.232635	-0.914310	-0.541855	-0.197920	1.213664	-1.399324	0.947678	0.389550	0.278512	-1.425214	1.284640	-0.870002	-0.521520	-0.190510	1.226263	-1.460143	0.901965	-0.002074	-0.141630	0.346850	-0.131094	-0.289655	0.003446	-0.014788	-0.590895	-0.064384	0.653187	0.023438	-0.023438	-0.070312	-0.328125	-0.207031	-0.093750	-0.109375	0.136719	0.449219	0.007812	0.025026	-0.012957	-5.334776	-0.123314	-0.508990	-0.112387	0.602604	1.612921	9.798286	1.000000	0.000000	0.000000	0.000000	
0.394859	0.258366	-1.407597	1.231682	-0.912042	-0.544447	-0.196834	1.212577	-1.400618	0.946729	0.389985	0.276331	-1.419655	1.283459	-0.873195	-0.521867	-0.190481	1.218584	-1.460679	0.909157	-0.000207	-0.137463	0.380159	-0.027068	-0.276729	-0.013614	-0.016601	-0.645348	-0.069252	0.459647	0.003906	-0.042969	-0.101562	-0.316406	-0.207031	-0.109375	-0.089844	0.187500	0.433594	0.042969	0.025026	-0.012957	-5.334776	-0.123314	-0.508990	-0.112387	0.602604	1.612921	9.798286	1.000000	0.000000	0.000000	0.000000	
0.395385	0.257322	-1.404408	1.232985	-0.912301	-0.546040	-0.196583	1.210993	-1.400340	0.949533	0.390920	0.274554	-1.414956	1.282738	-0.877250	-0.521984	-0.190402	1.211790	-1.461198	0.919707	0.052324	-0.109130	0.306718	-0.051562	-0.212623	-0.064175	-0.001660	-0.504229	-0.048801	0.464721	0.000000	-0.027344	-0.085938	-0.304688	-0.183594	-0.132812	-0.082031	0.203125	0.421875	0.027344	0.025026	-0.012957	-5.334776	-0.123314	-0.508990	-0.112387	0.602604	1.612921	9.798286	1.000000	0.000000	0.000000	0.000000	
0.396067	0.255909	-1.402426	1.235471	-0.916711	-0.546982	-0.196265	1.209198	-1.398352	0.960559	0.392585	0.273068	-1.411715	1.282206	-0.879224	-0.521984	-0.190346	1.202337	-1.461641	0.925670	0.109921	-0.091175	0.184216	-0.081928	-0.157358	0.018010	-0.000166	-0.354021	-0.043266	0.374498	-0.019531	-0.066406	-0.089844	-0.328125	-0.171875	-0.152344	-0.066406	0.234375	0.414062	0.003906	0.025026	-0.012957	-5.334776	-0.123314	-0.508990	-0.112387	0.602604	1.612921	9.798286	1.000000	0.000000	0.000000	0.000000	
0.396401	0.254901	-1.400675	1.236764	-0.923114	-0.547608	-0.195926	1.207749	-1.396738	0.976964	0.394106	0.271915	-1.406777	1.282148	-0.881122	-0.522056	-0.190310	1.197514	-1.462045	0.930207	0.063337	-0.075420	0.158007	-0.032620	-0.225114	-0.029606	-0.004669	-0.314573	-0.081099	0.431778	-0.023438	-0.066406	-0.035156	-0.320312	-0.136719	-0.152344	-0.066406	0.230469	0.410156	0.000000	0.025026	-0.012957	-5.334776	-0.123314	-0.508990	-0.112387	0.602604	1.612921	9.798286	1.000000	0.000000	0.000000	0.000000	
0.396973	0.253351	-1.399044	1.239196	-0.928764	-0.547735	-0.196173	1.206945	-1.396227	0.992895	0.394943	0.270925	-1.404747	1.282742	-0.883222	-0.522241	-0.190295	1.194296	-1.462125	0.933804	0.055189	-0.064539	0.096062	0.097937	-0.210952	-0.030878	-0.001630	-0.268752	-0.011599	0.266514	-0.011719	-0.093750	-0.007812	-0.320312	-0.156250	-0.140625	-0.054688	0.230469	0.421875	0.007812	0.025026	-0.012957	-5.334776	-0.123314	-0.508990	-0.112387	0.602604	1.612921	9.798286	1.000000	0.000000	0.000000	0.000000	
0.397415	0.251813	-1.397662	1.241862	-0.934871	-0.547482	-0.196163	1.204881	-1.394535	1.008007	0.396371	0.269951	-1.403299	1.283346	-0.887253	-0.522617	-0.190284	1.192150	-1.462166	0.942133	0.075312	-0.062288	0.068930	0.079586	-0.247921	-0.104287	-0.015285	-0.135054	-0.056994	0.427959	-0.023438	-0.085938	-0.007812	-0.320312	-0.152344	-0.152344	-0.054688	0.203125	0.429688	0.070312	0.025026	-0.012957	-5.334776	-0.123314	-0.508990	-0.112387	0.602604	1.612921	9.798286	1.000000	0.000000	0.000000	0.000000	
0.398046	0.250412	-1.395918	1.243618	-0.939816	-0.547848	-0.195778	1.202408	-1.392789	1.021812	0.397310	0.269385	-1.402307	1.284290	-0.890482	-0.523419	-0.190298	1.189491	-1.462077	0.949397	0.028469	-0.065553	0.003403	0.095199	-0.227191	-0.094180	0.012430	-0.139132	0.046645	0.660461	-0.007812	-0.082031	-0.007812	-0.328125	-0.164062	-0.125000	-0.054688	0.218750	0.433594	0.089844	0.025026	-0.012957	-5.334776	-0.123314	-0.508990	-0.112387	0.602604	1.612921	9.798286	1.000000	0.000000	0.000000	0.000000	
0.398809	0.248991	-1.393931	1.246044	-0.944072	-0.548155	-0.195683	1.200488	-1.391199	1.033951	0.397644	0.268100	-1.400509	1.285521	-0.893600	-0.524791	-0.190333	1.187820	-1.461914	0.957029	-0.032049	-0.090306	0.066643	0.086292	-0.218139	-0.124576	0.012875	-0.083706	-0.030232	0.666263	-0.003906	-0.054688	0.000000	-0.316406	-0.175781	-0.117188	-0.050781	0.207031	0.433594	0.121094	0.025026	-0.012957	-5.334776	-0.123314	-0.508990	-0.112387	0.602604	1.612921	9.798286	1.000000	0.000000	0.000000	0.000000	
0.399841	0.246669	-1.391407	1.249099	-0.946048	-0.548441	-0.196385	1.200075	-1.391225	1.040037	0.398001	0.266615	-1.399010	1.288288	-0.896841	-0.525623	-0.190372	1.186129	-1.461614	0.963184	0.038671	-0.100924	0.121822	0.113318	-0.269578	-0.127615	-0.010345	-0.127018	0.045832	0.359755	-0.007812	-0.054688	-0.007812	-0.351562	-0.183594	-0.109375	-0.050781	0.203125	0.445312	0.164062	0.025026	-0.012957	-5.334776	-0.123314	-0.508990	-0.112387	0.602604	1.612921	9.798286	1.000000	0.000000	0.000000	0.000000	
0.400401	0.245041	-1.388451	1.250938	-0.947191	-0.548788	-0.196548	1.198463	-1.392122	1.043148	0.398363	0.264913	-1.397620	1.290150	-0.901875	-0.527074	-0.190429	1.184603	-1.461264	0.975272	0.052722	-0.122924	0.088954	0.109042	-0.194460	-0.138388	-0.012667	-0.155777	0.049948	0.629213	-0.003906	-0.050781	0.007812	-0.332031	-0.203125	-0.105469	-0.050781	0.199219	0.453125	0.156250	0.025026	-0.012957	-5.334776	-0.123314	-0.508990	-0.112387	0.602604	1.612921	9.798286	1.000000	0.000000	0.000000	0.000000	
0.401266	0.243045	-1.386271	1.253497	-0.949014	-0.549038	-0.195935	1.196061	-1.391892	1.048637	0.398872	0.263377	-1.396736	1.292243	-0.904409	-0.528769	-0.190480	1.182311	-1.460757	0.983748	0.057617	-0.077432	0.015875	0.185386	-0.197417	-0.111549	-0.016388	-0.106308	0.018953	0.607304	-0.007812	-0.074219	0.007812	-0.347656	-0.207031	-0.085938	-0.050781	0.214844	0.421875	0.164062	0.025026	-0.012957	-5.334776	-0.123314	-0.508990	-0.112387	0.602604	1.612921	9.798286	1.000000	0.000000	0.000000	0.000000	
0.401730	0.241295	-1.384085	1.256325	-0.952422	-0.549203	-0.195763	1.194741	-1.392566	1.056652	0.399677	0.261995	-1.394233	1.294503	-0.906394	-0.530368	-0.190555	1.181126	-1.459493	0.990605	0.044148	-0.097310	0.053932	0.199999	-0.127920	-0.133292	-0.020250	-0.073444	0.026323	0.455059	-0.007812	-0.093750	0.011719	-0.363281	-0.222656	-0.082031	-0.054688	0.187500	0.429688	0.183594	0.025026	-0.012957	-5.334776	-0.123314	-0.508990	-0.112387	0.602604	1.612921	9.798286	1.000000	0.000000	0.000000	0.000000	
0.402329	0.239728	-1.381590	1.259204	-0.953713	-0.549636	-0.195847	1.194472	-1.393907	1.062873	0.400177	0.260709	-1.392424	1.299899	-0.908390	-0.532288	-0.190611	1.180307	-1.458513	0.996047	0.046290	-0.063239	0.103103	0.267764	-0.190763	-0.131977	-0.006678	-0.108544	0.103832	0.384000	-0.003906	-0.093750	0.003906	-0.398438	-0.191406	-0.066406	-0.050781	0.171875	0.421875	0.175781	0.025026	-0.012957	-5.334776	-0.123314	-0.508990	-0.112387	0.602604	1.612921	9.798286	1.000000	0.000000	0.000000	0.000000	
0.403220	0.238673	-1.378844	1.262301	-0.953760	-0.550403	-0.195726	1.193629	-1.394261	1.067688	0.400737	0.259329	-1.390026	1.303983	-0.911625	-0.533883	-0.190678	1.179586	-1.457760	1.004745	0.046505	-0.087749	0.146406	0.298968	-0.235434	-0.079501	-0.019279	-0.077157	0.059238	0.352467	0.000000	-0.085938	0.000000	-0.402344	-0.203125	-0.054688	-0.042969	0.167969	0.402344	0.191406	0.025026	-0.012957	-5.334776	-0.123314	-0.508990	-0.112387	0.602604	1.612921	9.798286	1.000000	0.000000	0.000000	0.000000	
0.403961	0.238267	-1.375858	1.264807	-0.952024	-0.551328	-0.195284	1.192561	-1.395002	1.070406	0.401140	0.258391	-1.387851	1.307538	-0.913604	-0.535899	-0.190765	1.177576	-1.457197	1.010944	0.001161	-0.104158	0.237977	0.316047	-0.173598	-0.171963	0.007378	-0.154280	0.068737	0.457492	0.000000	-0.070312	-0.027344	-0.414062	-0.218750	-0.050781	-0.027344	0.199219	0.394531	0.199219	0.025026	-0.012957	-5.334776	-0.123314	-0.508990	-0.112387	0.602604	1.612921	9.798286	1.000000	0.000000	0.000000	0.000000	
0.404785	0.237461	-1.372729	1.267555	-0.951546	-0.552464	-0.195258	1.191999	-1.395079	1.073700	0.401439	0.256967	-1.383150	1.311036	-0.914945	-0.537320	-0.190943	1.176156	-1.456406	1.016449	0.014075	-0.087188	0.219217	0.314265	-0.115069	-0.059072	-0.037648	-0.057304	-0.000106	0.380754	0.000000	-0.082031	-0.035156	-0.402344	-0.222656	-0.058594	-0.035156	0.203125	0.410156	0.191406	0.025026	-0.012957	-5.334776	-0.123314	-0.508990	-0.112387	0.602604	1.612921	9.798286	1.000000	0.000000	0.000000	0.000000	
0.405682	0.236404	-1.369834	1.269688	-0.951313	-0.553396	-0.195137	1.191935	-1.395731	1.075353	0.401983	0.255527	-1.380393	1.315201	-0.916013	-0.538161	-0.191197	1.174466	-1.455909	1.020894	0.060731	-0.086654	0.175466	0.177991	-0.116196	-0.117575	-0.024703	-0.243025	0.027907	0.296308	-0.003906	-0.089844	-0.019531	-0.386719	-0.207031	-0.050781	-0.011719	0.230469	0.382812	0.187500	0.025026	-0.012957	-5.334776	-0.123314	-0.508990	-0.112387	0.602604	1.612921	9.798286	1.000000	0.000000	0.000000	0.000000	
0.406445	0.235679	-1.366926	1.271296	-0.951789	-0.554183	-0.195181	1.191745	-1.395876	1.077719	0.402795	0.254262	-1.377757	1.317294	-0.917560	-0.539735	-0.191507	1.172917	-1.455179	1.028253	0.013052	-0.072642	0.118746	0.115509	-0.032557	-0.095509	-0.030387	-0.108054	0.076073	0.326250	0.000000	-0.089844	-0.007812	-0.363281	-0.207031	-0.050781	-0.011719	0.218750	0.378906	0.191406	0.025026	-0.012957	-5.334776	-0.123314	-0.508990	-0.112387	0.602604	1.612921	9.798286	1.000000	0.000000	0.000000	0.000000	
0.407295	0.235180	-1.364251	1.272714	-0.952467	-0.555100	-0.195557	1.191673	-1.395792	1.081285	0.403902	0.252983	-1.375364	1.318924	-0.918136	-0.540898	-0.191625	1.170741	-1.453991	1.032681	0.043181	-0.079383	0.196825	0.179053	-0.080028	-0.061895	-0.005365	-0.101536	0.070421	0.318775	-0.003906	-0.082031	-0.039062	-0.367188	-0.203125	-0.054688	-0.019531	0.250000	0.339844	0.171875	0.025026	-0.012957	-5.334776	-0.123314	-0.508990	-0.112387	0.602604	1.612921	9.798286	1.000000	0.000000	0.000000	0.000000	
0.408176	0.234879	-1.361466	1.273560	-0.952583	-0.556043	-0.195620	1.191477	-1.394837	1.083536	0.404778	0.251629	-1.370548	1.320389	-0.918542	-0.541979	-0.191746	1.169409	-1.451015	1.036451	0.032235	-0.084710	0.138330	0.038843	-0.035920	-0.065513	-0.016821	-0.139270	0.167565	0.314538	0.000000	-0.085938	-0.027344	-0.355469	-0.207031	-0.054688	-0.023438	0.250000	0.304688	0.167969	0.025026	-0.012957	-5.334776	-0.123314	-0.508990	-0.112387	0.602604	1.612921	9.798286	1.000000	0.000000	0.000000	0.000000	
0.409316	0.234342	-1.358321	1.274521	-0.951135	-0.556887	-0.196104	1.192444	-1.394248	1.083221	0.405075	0.250130	-1.367646	1.322815	-0.918938	-0.543334	-0.191867	1.168610	-1.449087	1.039507	-0.035162	-0.105018	0.198784	0.080656	-0.024530	-0.118220	-0.006335	-0.087209	0.117956	0.195467	0.003906	-0.042969	-0.039062	-0.378906	-0.203125	-0.039062	-0.019531	0.246094	0.312500	0.175781	0.025026	-0.012957	-5.334776	-0.123314	-0.508990	-0.112387	0.602604	1.612921	9.798286	1.000000	0.000000	0.000000	0.000000	
0.410172	0.233636	-1.355510	1.275377	-0.951132	-0.557625	-0.196539	1.193292	-1.393867	1.084044	0.405376	0.248708	-1.364957	1.324415	-0.920156	-0.544283	-0.191972	1.167795	-1.447490	1.044238	0.020911	-0.074478	0.183891	0.126713	-0.131569	-0.088594	-0.020408	-0.099451	0.106016	0.169601	0.011719	-0.054688	-0.039062	-0.367188	-0.187500	-0.058594	-0.023438	0.257812	0.296875	0.191406	0.025026	-0.012957	-5.334776	-0.123314	-0.508990	-0.112387	0.602604	1.612921	9.798286	1.000000	0.000000	0.000000	0.000000	
0.410913	0.233198	-1.353104	1.275875	-0.952250	-0.558391	-0.196471	1.193790	-1.392760	1.086759	0.405679	0.247906	-1.362359	1.325850	-0.920957	-0.544861	-0.192081	1.166324	-1.445983	1.046347	-0.004888	-0.081893	0.175423	0.092933	-0.072481	-0.040266	-0.017163	-0.111144	0.062946	0.072794	0.011719	-0.058594	-0.050781	-0.378906	-0.175781	-0.066406	-0.023438	0.273438	0.312500	0.214844	0.025026	-0.012957	-5.334776	-0.123314	-0.508990	-0.112387	0.602604	1.612921	9.798286	1.000000	0.000000	0.000000	0.000000	
0.415207	0.242037	-1.346522	1.282287	-0.909315	-0.556534	-0.203349	1.192854	-1.388334	1.038778	0.406127	0.246801	-1.357938	1.327566	-0.921602	-0.545292	-0.192257	1.165836	-1.444276	1.047617	0.023939	-0.072166	0.132700	0.120962	-0.146833	-0.011006	-0.019164	-0.056480	0.107494	0.063114	0.019531	-0.054688	-0.027344	-0.394531	-0.171875	-0.070312	-0.023438	0.273438	0.312500	0.207031	0.024649	-0.070706	-5.363652	0.216079	0.263353	-0.144585	0.519746	-0.831928	11.044385	1.000000	0.000000	0.000000	0.000000	
0.418990	0.247815	-1.342302	1.285454	-0.871276	-0.553540	-0.207414	1.195719	-1.389682	0.995981	0.406823	0.246030	-1.355212	1.330672	-0.922095	-0.545572	-0.192494	1.165593	-1.443426	1.048817	0.023332	-0.030481	0.163324	0.172619	-0.021663	-0.042976	-0.029834	-0.089399	0.003770	0.062145	0.007812	-0.085938	-0.039062	-0.433594	-0.183594	-0.066406	-0.019531	0.285156	0.320312	0.203125	0.024574	-0.082256	-5.369428	0.250018	0.340587	-0.147805	0.511460	-1.076413	11.168995	1.000000	0.000000	0.000000	0.000000	
0.424332	0.246907	-1.341228	1.293497	-0.851675	-0.550574	-0.210537	1.198555	-1.381485	0.981715	0.408149	0.245981	-1.352389	1.333693	-0.919091	-0.545652	-0.193220	1.165423	-1.442819	1.046245	-0.008136	0.005094	0.250138	0.338308	0.427059	0.044557	-0.041369	-0.012430	-0.051967	-0.447438	0.027344	-0.042969	-0.011719	-0.453125	-0.101562	-0.070312	-0.042969	0.273438	0.367188	0.132812	0.024559	-0.084565	-5.370583	0.253412	0.348311	-0.148127	0.510631	-1.100861	11.181456	1.000000	0.000000	0.000000	0.000000	
0.428565	0.243724	-1.342085	1.300257	-0.852522	-0.546853	-0.214183	1.200528	-1.367627	0.991081	0.409917	0.246448	-1.350516	1.336890	-0.910421	-0.545377	-0.193809	1.167207	-1.442601	1.036983	0.114344	0.022610	0.084338	0.246698	0.866259	0.028883	-0.105336	0.250011	-0.047072	-0.910173	0.019531	-0.011719	0.003906	-0.429688	-0.050781	-0.066406	-0.042969	0.218750	0.363281	0.050781	0.024556	-0.085027	-5.370814	0.253752	0.349083	-0.148159	0.510548	-1.103306	11.182702	1.000000	0.000000	0.000000	0.000000	
0.430827	0.241766	-1.343712	1.302462	-0.859370	-0.542936	-0.216554	1.202614	-1.356970	1.006451	0.412524	0.246646	-1.348590	1.340655	-0.899066	-0.544862	-0.194961	1.169381	-1.443212	1.026188	0.168468	0.006914	0.074737	0.296861	0.854345	0.041274	-0.074510	0.143649	-0.036114	-0.848268	0.027344	0.000000	0.035156	-0.421875	0.011719	-0.039062	-0.070312	0.238281	0.417969	0.003906	0.024555	-0.085120	-5.370860	0.253786	0.349160	-0.148162	0.510540	-1.103550	11.182827	1.000000	0.000000	0.000000	0.000000	
0.432843	0.240780	-1.345527	1.302001	-0.859277	-0.539618	-0.216646	1.202389	-1.350538	1.013115	0.414281	0.246654	-1.347066	1.348194	-0.889622	-0.543959	-0.196403	1.171027	-1.442970	1.017389	0.233204	0.016976	0.122632	0.368180	0.553045	0.042513	-0.102834	0.091137	-0.010591	-0.615251	0.019531	-0.023438	0.007812	-0.445312	0.027344	-0.039062	-0.074219	0.257812	0.484375	-0.023438	0.024555	-0.085138	-5.370869	0.253789	0.349168	-0.148162	0.510539	-1.103575	11.182839	1.000000	0.000000	0.000000	0.000000	
0.435011	0.240703	-1.346844	1.300207	-0.850380	-0.536598	-0.215037	1.199970	-1.349844	1.006721	0.416451	0.246550	-1.346010	1.352488	-0.880899	-0.542227	-0.197976	1.172447	-1.441904	1.012188	0.121030	-0.015751	0.068097	0.242706	0.313537	0.129878	-0.084729	0.037031	0.117588	-0.040587	0.058594	-0.050781	0.003906	-0.410156	0.050781	-0.042969	-0.074219	0.273438	0.527344	-0.023438	0.024555	-0.085142	-5.370871	0.253789	0.349169	-0.148162	0.510539	-1.103577	11.182840	1.000000	0.000000	0.000000	0.000000	
0.436483	0.240709	-1.348177	1.298269	-0.839072	-0.533839	-0.214154	1.197827	-1.352342	0.998219	0.418193	0.246505	-1.345750	1.355674	-0.876901	-0.540112	-0.199349	1.174234	-1.440479	1.011875	0.088875	-0.000412	-0.038555	0.216200	0.219794	0.138615	-0.074776	0.035110	0.025717	0.023858	0.058594	-0.054688	0.000000	-0.417969	0.050781	-0.035156	-0.093750	0.246094	0.558594	-0.011719	0.024555	-0.085143	-5.370872	0.253789	0.349169	-0.148162	0.510539	-1.103578	11.182840	1.000000	0.000000	0.000000	0.000000	
0.437361	0.240743	-1.349291	1.296422	-0.831355	-0.530847	-0.214461	1.197052	-1.356184	0.994224	0.420189	0.246448	-1.346401	1.358007	-0.873314	-0.537581	-0.200229	1.175124	-1.439031	1.011861	0.040294	-0.004694	-0.101565	0.210060	0.252295	0.156936	-0.054006	0.010490	0.082833	-0.008083	0.054688	-0.042969	0.007812	-0.453125	0.054688	-0.042969	-0.093750	0.230469	0.578125	-0.027344	0.024555	-0.085143	-5.370872	0.253789	0.349169	-0.148162	0.510539	-1.103578	11.182840	1.000000	0.000000	0.000000	0.000000	
0.438004	0.240616	-1.351185	1.294786	-0.826500	-0.527828	-0.214528	1.195867	-1.357522	0.996332	0.422697	0.246396	-1.347307	1.360097	-0.868768	-0.536057	-0.200785	1.175641	-1.438669	1.011010	0.143615	-0.010938	-0.107866	0.191998	0.356745	0.081997	-0.041460	-0.012910	0.025731	-0.084559	0.027344	-0.042969	0.019531	-0.445312	0.070312	-0.035156	-0.105469	0.214844	0.574219	-0.050781	0.024555	-0.085143	-5.370872	0.253789	0.349169	-0.148162	0.510539	-1.103578	11.182840	1.000000	0.000000	0.000000	0.000000	
0.438683	0.240462	-1.353368	1.293177	-0.823273	-0.525164	-0.214142	1.194858	-1.358134	1.001502	0.425040	0.246337	-1.348675	1.363254	-0.863303	-0.533159	-0.201106	1.176351	-1.438645	1.009628	0.052747	-0.012726	-0.206206	0.092482	0.405576	0.161743	-0.036716	-0.001291	-0.032323	-0.158510	0.035156	-0.050781	0.039062	-0.484375	0.066406	-0.066406	-0.109375	0.199219	0.542969	-0.074219	0.024555	-0.085143	-5.370872	0.253789	0.349169	-0.148162	0.510539	-1.103578	11.182840	1.000000	0.000000	0.000000	0.000000	
0.439305	0.241133	-1.355649	1.292168	-0.819408	-0.522391	-0.213554	1.194235	-1.358671	1.005934	0.427472	0.246269	-1.350306	1.365024	-0.856151	-0.529574	-0.201267	1.176541	-1.438568	1.008940	0.071578	-0.011741	-0.191613	0.072062	0.281342	0.162739	-0.040894	-0.010598	0.024685	-0.137988	0.019531	-0.042969	0.023438	-0.511719	0.085938	-0.058594	-0.109375	0.199219	0.531250	-0.070312	0.024555	-0.085143	-5.370872	0.253789	0.349169	-0.148162	0.510539	-1.103578	11.182840	1.000000	0.000000	0.000000	0.000000	
0.439847	0.242295	-1.357611	1.291189	-0.815207	-0.520072	-0.212704	1.192911	-1.358844	1.008786	0.430018	0.246158	-1.352377	1.366541	-0.852007	-0.525998	-0.201558	1.176603	-1.438116	1.008875	0.150233	-0.001174	-0.197133	0.087468	0.279388	0.267527	-0.049455	-0.001060	0.002468	0.007139	0.000000	-0.039062	0.035156	-0.511719	0.093750	-0.058594	-0.093750	0.183594	0.527344	-0.050781	0.024555	-0.085143	-5.370872	0.253789	0.349169	-0.148162	0.510539	-1.103578	11.182840	1.000000	0.000000	0.000000	0.000000	
0.440150	0.243886	-1.359378	1.290666	-0.810599	-0.517653	-0.211707	1.191983	-1.359289	1.007492	0.431593	0.246079	-1.353979	1.367669	-0.848464	-0.522568	-0.201899	1.176640	-1.437686	1.009152	0.126692	-0.031524	-0.096485	0.012236	0.268723	0.239620	-0.028210	-0.017554	0.017695	0.011183	0.000000	-0.039062	0.019531	-0.503906	0.101562	-0.066406	-0.085938	0.164062	0.511719	-0.023438	0.024555	-0.085143	-5.370872	0.253789	0.349169	-0.148162	0.510539	-1.103578	11.182840	1.000000	0.000000	0.000000	0.000000	
0.440447	0.245286	-1.360365	1.290736	-0.805779	-0.514999	-0.210967	1.191837	-1.359924	1.003043	0.433726	0.246056	-1.355414	1.369203	-0.845162	-0.519556	-0.202129	1.176793	-1.437212	1.009571	0.138296	-0.019437	-0.114338	0.095444	0.173437	0.097244	-0.026085	-0.064569	0.029687	-0.033778	0.000000	-0.027344	0.023438	-0.542969	0.117188	-0.058594	-0.093750	0.148438	0.496094	-0.007812	0.024555	-0.085143	-5.370872	0.253789	0.349169	-0.148162	0.510539	-1.103578	11.182840	1.000000	0.000000	0.000000	0.000000	
0.440952	0.246135	-1.361587	1.291617	-0.802408	-0.512338	-0.210410	1.191748	-1.359379	1.000826	0.435752	0.246067	-1.357179	1.370018	-0.840746	-0.516821	-0.202215	1.176969	-1.436633	1.009728	0.101070	0.002709	-0.154509	0.013034	0.191825	0.093476	-0.015404	0.035419	-0.014480	-0.034784	0.000000	-0.023438	0.035156	-0.542969	0.125000	-0.042969	-0.089844	0.140625	0.496094	-0.011719	0.024555	-0.085143	-5.370872	0.253789	0.349169	-0.148162	0.510539	-1.103578	11.182840	1.000000	0.000000	0.000000	0.000000	
0.441746	0.246565	-1.363005	1.292263	-0.801031	-0.510226	-0.210028	1.191841	-1.358358	1.003405	0.437320	0.246094	-1.359301	1.370909	-0.837439	-0.514578	-0.202224	1.177246	-1.435378	1.009590	0.097348	0.003761	-0.130609	0.022241	0.252988	0.086119	0.004276	0.076824	0.012511	-0.090719	-0.007812	-0.003906	0.019531	-0.558594	0.132812	-0.054688	-0.074219	0.136719	0.468750	-0.035156	0.024555	-0.085143	-5.370872	0.253789	0.349169	-0.148162	0.510539	-1.103578	11.182840	1.000000	0.000000	0.000000	0.000000	
0.442652	0.247179	-1.364100	1.292470	-0.800214	-0.508620	-0.209845	1.191650	-1.357461	1.007177	0.439064	0.246131	-1.360695	1.371886	-0.834742	-0.513087	-0.202218	1.177641	-1.434546	1.009417	0.062079	-0.017072	-0.138688	0.047589	0.241656	0.137728	0.016713	0.039089	0.004741	-0.043968	-0.019531	0.000000	0.019531	-0.562500	0.148438	-0.039062	-0.085938	0.125000	0.476562	-0.050781	0.024555	-0.085143	-5.370872	0.253789	0.349169	-0.148162	0.510539	-1.103578	11.182840	1.000000	0.000000	0.000000	0.000000	
0.443531	0.247880	-1.365251	1.293355	-0.797695	-0.506859	-0.209448	1.191163	-1.355869	1.006929	0.440503	0.246187	-1.361701	1.373924	-0.832555	-0.510923	-0.202217	1.178277	-1.433895	1.009479	0.065532	0.004109	-0.076682	0.025697	0.156772	0.139400	0.013303	-0.024008	0.000474	-0.011376	-0.007812	0.003906	0.019531	-0.562500	0.156250	-0.042969	-0.070312	0.121094	0.492188	-0.027344	0.024555	-0.085143	-5.370872	0.253789	0.349169	-0.148162	0.510539	-1.103578	11.182840	1.000000	0.000000	0.000000	0.000000	
0.444339	0.248628	-1.365942	1.293753	-0.795152	-0.505226	-0.209070	1.191268	-1.354944	1.005073	0.441639	0.246231	-1.362508	1.374864	-0.829379	-0.508963	-0.202216	1.178623	-1.433522	1.009734	0.030981	-0.017037	-0.077461	-0.021858	0.081980	0.094202	0.000167	0.049944	-0.045318	-0.060461	-0.019531	0.007812	0.007812	-0.558594	0.152344	-0.027344	-0.070312	0.125000	0.492188	-0.019531	0.024555	-0.085143	-5.370872	0.253789	0.349169	-0.148162	0.510539	-1.103578	11.182840	1.000000	0.000000	0.000000	0.000000	
0.445107	0.249410	-1.366292	1.293856	-0.793024	-0.503928	-0.208788	1.191620	-1.354870	1.002939	0.442884	0.246320	-1.364196	1.375513	-0.827532	-0.507408	-0.202200	1.178740	-1.433254	1.010003	0.037994	0.007602	-0.115925	0.081565	0.116377	0.128068	0.006996	-0.019433	-0.001042	0.004423	-0.019531	0.007812	0.027344	-0.546875	0.140625	-0.023438	-0.074219	0.117188	0.515625	-0.023438	0.024555	-0.085143	-5.370872	0.253789	0.349169	-0.148162	0.510539	-1.103578	11.182840	1.000000	0.000000	0.000000	0.000000	
0.445897	0.249931	-1.367185	1.293998	-0.791514	-0.502533	-0.208276	1.191201	-1.353986	1.002224	0.443521	0.246378	-1.365624	1.375788	-0.825757	-0.505595	-0.202181	1.178836	-1.433272	1.010081	0.035206	-0.027157	-0.098833	0.018625	0.098878	0.124475	-0.013259	-0.050798	-0.052449	-0.048413	-0.007812	0.023438	0.023438	-0.546875	0.152344	-0.035156	-0.070312	0.117188	0.511719	-0.035156	0.024555	-0.085143	-5.370872	0.253789	0.349169	-0.148162	0.510539	-1.103578	11.182840	1.000000	0.000000	0.000000	0.000000	
0.446667	0.249922	-1.368068	1.294372	-0.790650	-0.500982	-0.208069	1.191111	-1.352699	1.001564	0.444133	0.246471	-1.366564	1.375795	-0.824239	-0.503948	-0.202128	1.179074	-1.433325	1.010024	0.038417	-0.021327	-0.055249	-0.033034	0.093639	0.022916	-0.008305	0.008879	-0.050610	-0.071144	0.003906	0.027344	0.023438	-0.531250	0.167969	-0.027344	-0.070312	0.117188	0.527344	-0.039062	0.024555	-0.085143	-5.370872	0.253789	0.349169	-0.148162	0.510539	-1.103578	11.182840	1.000000	0.000000	0.000000	0.000000	
0.447349	0.249969	-1.368773	1.294219	-0.790832	-0.499772	-0.207900	1.191159	-1.351452	1.001191	0.444546	0.246538	-1.367431	1.375723	-0.821633	-0.502188	-0.202078	1.179145	-1.433335	1.010012	0.063165	0.002520	-0.054380	-0.024241	0.082646	0.117450	-0.012463	-0.002602	-0.057406	0.006844	0.000000	0.027344	0.019531	-0.531250	0.164062	-0.035156	-0.058594	0.121094	0.527344	-0.050781	0.024555	-0.085143	-5.370872	0.253789	0.349169	-0.148162	0.510539	-1.103578	11.182840	1.000000	0.000000	0.000000	0.000000	
0.447890	0.250318	-1.369354	1.293729	-0.791770	-0.498651	-0.207735	1.191227	-1.351001	1.002251	0.444895	0.246608	-1.368816	1.375612	-0.820191	-0.500746	-0.202003	1.179136	-1.433434	1.009986	0.016785	-0.011380	-0.068251	0.022003	0.053630	0.074558	0.004570	0.048595	-0.092981	-0.044681	0.003906	0.027344	0.023438	-0.531250	0.164062	-0.019531	-0.058594	0.121094	0.546875	-0.039062	0.024555	-0.085143	-5.370872	0.253789	0.349169	-0.148162	0.510539	-1.103578	11.182840	1.000000	0.000000	0.000000	0.000000	
0.448455	0.250552	-1.370112	1.294414	-0.791887	-0.497245	-0.207888	1.191742	-1.350583	1.001607	0.445183	0.246670	-1.369577	1.375396	-0.818885	-0.499997	-0.201915	1.179134	-1.433478	1.010005	-0.026239	-0.017423	-0.034742	-0.098999	0.064687	0.066780	0.027211	0.022308	-0.037215	0.012980	0.007812	0.027344	0.019531	-0.527344	0.148438	-0.011719	-0.058594	0.121094	0.535156	-0.054688	0.024555	-0.085143	-5.370872	0.253789	0.349169	-0.148162	0.510539	-1.103578	11.182840	1.000000	0.000000	0.000000	0.000000	
0.449068	0.251089	-1.370438	1.293745	-0.790724	-0.496431	-0.207610	1.191789	-1.350268	0.999680	0.445483	0.246723	-1.370190	1.374965	-0.817970	-0.498684	-0.201833	1.178964	-1.433511	1.010008	-0.030541	-0.013374	-0.101184	0.000569	0.023917	0.104388	0.007374	-0.067562	-0.056066	-0.051046	0.007812	0.027344	0.011719	-0.519531	0.156250	-0.027344	-0.070312	0.125000	0.546875	-0.050781	0.024555	-0.085143	-5.370872	0.253789	0.349169	-0.148162	0.510539	-1.103578	11.182840	1.000000	0.000000	0.000000	0.000000	
0.449516	0.251749	-1.370910	1.293893	-0.789612	-0.495333	-0.207588	1.191672	-1.349653	0.996730	0.445979	0.246806	-1.370676	1.374660	-0.817181	-0.497064	-0.201776	1.178929	-1.433518	1.010009	0.000436	-0.004827	-0.048504	-0.006922	0.019840	0.108148	0.000737	-0.003267	-0.040503	-0.092345	0.000000	0.027344	0.019531	-0.515625	0.156250	-0.035156	-0.066406	0.125000	0.542969	-0.050781	0.024555	-0.085143	-5.370872	0.253789	0.349169	-0.148162	0.510539	-1.103578	11.182840	1.000000	0.000000	0.000000	0.000000	
0.450045	0.252062	-1.371460	1.293802	-0.789460	-0.494352	-0.207412	1.191284	-1.349078	0.995932	0.446757	0.246912	-1.371549	1.374382	-0.816684	-0.495626	-0.201668	1.178850	-1.433543	1.009961	0.003533	-0.019094	-0.064174	0.023735	0.022922	0.031753	0.000074	0.024101	-0.014519	-0.037152	0.000000	0.039062	0.027344	-0.515625	0.156250	-0.035156	-0.066406	0.132812	0.550781	-0.054688	0.024555	-0.085143	-5.370872	0.253789	0.349169	-0.148162	0.510539	-1.103578	11.182840	1.000000	0.000000	0.000000	0.000000	
0.450473	0.251525	-1.372709	1.294704	-0.789993	-0.492980	-0.207259	1.190637	-1.347427	0.996214	0.447252	0.247111	-1.372353	1.374132	-0.816075	-0.493884	-0.201525	1.178689	-1.433573	1.009830	0.049208	0.023681	-0.090169	-0.105805	0.106981	0.041561	0.000007	0.019858	-0.036348	0.017223	0.000000	0.035156	0.042969	-0.519531	0.156250	-0.050781	-0.066406	0.132812	0.558594	-0.074219	0.024555	-0.085143	-5.370872	0.253789	0.349169	-0.148162	0.510539	-1.103578	11.182840	1.000000	0.000000	0.000000	0.000000	
0.450801	0.251512	-1.373580	1.294486	-0.790811	-0.491998	-0.207265	1.190418	-1.347025	0.997564	0.447932	0.247433	-1.373193	1.373985	-0.815445	-0.492445	-0.201351	1.178463	-1.433579	1.009707	0.039817	0.029122	-0.096258	-0.021049	0.052574	0.035563	0.005817	0.001986	-0.052490	-0.036664	0.000000	0.023438	0.035156	-0.515625	0.171875	-0.035156	-0.066406	0.121094	0.558594	-0.089844	0.024555	-0.085143	-5.370872	0.253789	0.349169	-0.148162	0.510539	-1.103578	11.182840	1.000000	0.000000	0.000000	0.000000	
0.451041	0.251976	-1.374350	1.295143	-0.790096	-0.490709	-0.207183	1.190234	-1.346841	0.996110	0.448529	0.247611	-1.373991	1.373883	-0.814373	-0.491430	-0.201187	1.178296	-1.433580	1.009682	0.007471	-0.005230	-0.079418	-0.071898	0.022706	-0.020871	0.018030	-0.031208	0.015689	-0.003666	0.003906	0.023438	0.027344	-0.515625	0.156250	-0.023438	-0.066406	0.125000	0.566406	-0.074219	0.024555	-0.085143	-5.370872	0.253789	0.349169	-0.148162	0.510539	-1.103578	11.182840	1.000000	0.000000	0.000000	0.000000	
0.451429	0.252324	-1.375008	1.295020	-0.789036	-0.489944	-0.206909	1.189537	-1.346445	0.995112	0.449133	0.247816	-1.374926	1.373887	-0.814014	-0.490234	-0.201090	1.178214	-1.433556	1.009726	-0.002742	0.013436	-0.088203	-0.007190	0.005760	0.029320	-0.009829	0.028286	-0.033327	-0.003856	0.003906	0.027344	0.035156	-0.527344	0.152344	-0.035156	-0.058594	0.121094	0.574219	-0.082031	0.024555	-0.085143	-5.370872	0.253789	0.349169	-0.148162	0.510539	-1.103578	11.182840	1.000000	0.000000	0.000000	0.000000	
0.451728	0.252977	-1.375519	1.294814	-0.788189	-0.489372	-0.206653	1.189075	-1.346651	0.993585	0.449375	0.247938	-1.375452	1.373912	-0.813748	-0.489558	-0.201038	1.178198	-1.433527	1.009686	-0.042150	0.011812	-0.033248	-0.032126	0.066879	0.076214	-0.019594	-0.004151	-0.003333	0.013573	0.007812	0.039062	0.023438	-0.519531	0.152344	-0.027344	-0.058594	0.121094	0.574219	-0.089844	0.024555	-0.085143	-5.370872	0.253789	0.349169	-0.148162	0.510539	-1.103578	11.182840	1.000000	0.000000	0.000000	0.000000	
0.452119	0.253559	-1.375797	1.294622	-0.787138	-0.488751	-0.206587	1.188788	-1.346817	0.991857	0.449860	0.248043	-1.375872	1.374062	-0.813501	-0.488939	-0.201011	1.178025	-1.433448	1.009606	-0.070518	0.015140	-0.031242	0.003767	-0.003781	0.000642	-0.013592	-0.038801	-0.017781	-0.030049	-0.003906	0.039062	0.019531	-0.515625	0.152344	-0.011719	-0.054688	0.117188	0.578125	-0.089844	0.024555	-0.085143	-5.370872	0.253789	0.349169	-0.148162	0.510539	-1.103578	11.182840	1.000000	0.000000	0.000000	0.000000	
0.452415	0.253955	-1.376059	1.295424	-0.786352	-0.488028	-0.206672	1.188339	-1.346073	0.990361	0.450465	0.248120	-1.376344	1.374117	-0.812870	-0.488621	-0.200998	1.177894	-1.433408	1.009444	0.010396	0.003840	-0.038021	0.056211	0.062435	-0.003425	-0.006012	-0.010859	0.001711	0.017933	0.003906	0.039062	0.023438	-0.519531	0.156250	-0.011719	-0.050781	0.109375	0.566406	-0.089844	0.024555	-0.085143	-5.370872	0.253789	0.349169	-0.148162	0.510539	-1.103578	11.182840	1.000000	0.000000	0.000000	0.000000	
0.452899	0.253924	-1.376665	1.295738	-0.786172	-0.487448	-0.206470	1.187895	-1.345379	0.990495	0.450877	0.248201	-1.376996	1.374127	-0.812453	-0.488194	-0.200995	1.177867	-1.433303	1.009024	-0.023388	-0.005432	-0.024740	-0.039744	0.037650	-0.007322	-0.009907	-0.001086	0.003661	-0.033103	0.003906	0.050781	0.019531	-0.519531	0.152344	-0.007812	-0.050781	0.109375	0.574219	-0.093750	0.024555	-0.085143	-5.370872	0.253789	0.349169	-0.148162	0.510539	-1.103578	11.182840	1.000000	0.000000	0.000000	0.000000	
0.453300	0.253794	-1.377089	1.295524	-0.786443	-0.487042	-0.206498	1.187485	-1.344978	0.990153	0.451081	0.248281	-1.377344	1.374299	-0.811861	-0.487769	-0.200995	1.177862	-1.433258	1.008407	-0.016297	0.009926	-0.040860	0.013474	0.056110	0.023695	0.003662	-0.041984	-0.034530	-0.010290	0.000000	0.050781	0.023438	-0.527344	0.140625	-0.007812	-0.050781	0.101562	0.578125	-0.101562	0.024555	-0.085143	-5.370872	0.253789	0.349169	-0.148162	0.510539	-1.103578	11.182840	1.000000	0.000000	0.000000	0.000000	
0.453547	0.253981	-1.377585	1.295650	-0.786633	-0.486552	-0.206709	1.187156	-1.344688	0.989439	0.451267	0.248314	-1.377608	1.374794	-0.811088	-0.487175	-0.200995	1.177982	-1.433177	1.007799	-0.026057	-0.008313	-0.032003	-0.016101	0.103321	0.079141	0.006182	-0.025136	-0.027880	-0.046394	0.019531	0.054688	0.019531	-0.519531	0.132812	-0.019531	-0.050781	0.101562	0.593750	-0.089844	0.024555	-0.085143	-5.370872	0.253789	0.349169	-0.148162	0.510539	-1.103578	11.182840	1.000000	0.000000	0.000000	0.000000	
0.453682	0.254288	-1.377970	1.295449	-0.786677	-0.486025	-0.206669	1.186945	-1.344832	0.988930	0.451401	0.248320	-1.377757	1.375087	-0.810012	-0.486523	-0.201011	1.178055	-1.433136	1.007217	-0.047971	-0.026422	-0.048566	-0.019058	0.055697	0.007914	-0.017993	-0.016472	-0.065601	-0.011619	0.011719	0.054688	0.007812	-0.527344	0.148438	-0.011719	-0.042969	0.089844	0.582031	-0.093750	0.024555	-0.085143	-5.370872	0.253789	0.349169	-0.148162	0.510539	-1.103578	11.182840	1.000000	0.000000	0.000000	0.000000	
0.453832	0.254255	-1.378416	1.296075	-0.786743	-0.485420	-0.206907	1.187292	-1.344484	0.987704	0.451549	0.248354	-1.377909	1.375267	-0.809628	-0.485932	-0.201022	1.178069	-1.432958	1.006688	0.009161	0.000847	-0.004857	-0.075188	0.054425	0.032198	-0.013431	-0.001647	-0.006560	-0.036058	0.019531	0.054688	0.003906	-0.531250	0.148438	-0.007812	-0.042969	0.093750	0.574219	-0.101562	0.024555	-0.085143	-5.370872	0.253789	0.349169	-0.148162	0.510539	-1.103578	11.182840	1.000000	0.000000	0.000000	0.000000	
0.454020	0.254536	-1.378423	1.295192	-0.787555	-0.485275	-0.206976	1.187405	-1.344831	0.987637	0.451651	0.248401	-1.377963	1.375400	-0.809430	-0.485645	-0.201024	1.178072	-1.432801	1.006122	-0.023511	0.000085	-0.035382	-0.011008	-0.005026	0.055564	0.003310	0.013794	-0.025083	-0.048971	0.011719	0.054688	0.003906	-0.531250	0.152344	-0.011719	-0.042969	0.093750	0.574219	-0.101562	0.024555	-0.085143	-5.370872	0.253789	0.349169	-0.148162	0.510539	-1.103578	11.182840	1.000000	0.000000	0.000000	0.000000	
0.454064	0.254908	-1.378648	1.295503	-0.787105	-0.484757	-0.206862	1.187212	-1.344447	0.984813	0.451817	0.248467	-1.377998	1.375499	-0.809220	-0.485345	-0.201041	1.178024	-1.432625	1.005742	0.004628	0.003498	0.020889	-0.022039	0.072780	0.016025	-0.011301	-0.054455	-0.019957	-0.057242	0.007812	0.054688	0.000000	-0.527344	0.140625	-0.007812	-0.050781	0.089844	0.578125	-0.101562	0.024555	-0.085143	-5.370872	0.253789	0.349169	-0.148162	0.510539	-1.103578	11.182840	1.000000	0.000000	0.000000	0.000000	
0.454242	0.255051	-1.378752	1.295538	-0.786531	-0.484264	-0.206641	1.187115	-1.344174	0.983015	0.451851	0.248593	-1.378054	1.375519	-0.809082	-0.485188	-0.201052	1.178063	-1.432347	1.005497	-0.051882	0.008492	-0.039787	-0.005693	0.007278	-0.054232	-0.005783	-0.005445	-0.008975	-0.051089	0.011719	0.054688	0.000000	-0.527344	0.140625	-0.007812	-0.050781	0.101562	0.578125	-0.105469	0.024555	-0.085143	-5.370872	0.253789	0.349169	-0.148162	0.510539	-1.103578	11.182840	1.000000	0.000000	0.000000	0.000000	
0.454436	0.255012	-1.379131	1.295966	-0.786720	-0.483947	-0.206834	1.187188	-1.343848	0.983067	0.451978	0.248764	-1.378137	1.375498	-0.808884	-0.484914	-0.201055	1.178071	-1.432195	1.004866	-0.026126	0.000849	-0.038875	-0.063383	0.000728	0.029473	0.005238	-0.004034	-0.042773	-0.074902	0.000000	0.050781	-0.003906	-0.531250	0.140625	0.000000	-0.058594	0.089844	0.578125	-0.117188	0.024555	-0.085143	-5.370872	0.253789	0.349169	-0.148162	0.510539	-1.103578	11.182840	1.000000	0.000000	0.000000	0.000000	
0.454604	0.255268	-1.379312	1.295177	-0.787011	-0.483935	-0.206836	1.187148	-1.343628	0.983130	0.452077	0.248870	-1.378178	1.375494	-0.808748	-0.484762	-0.201047	1.178121	-1.432140	1.004110	-0.047978	0.007064	-0.003887	-0.041235	-0.017375	0.027375	0.001687	-0.066706	-0.053132	-0.077283	0.011719	0.050781	0.000000	-0.527344	0.140625	-0.007812	-0.054688	0.085938	0.582031	-0.109375	0.024555	-0.085143	-5.370872	0.253789	0.349169	-0.148162	0.510539	-1.103578	11.182840	1.000000	0.000000	0.000000	0.000000	
0.454755	0.255549	-1.379328	1.294764	-0.786960	-0.483766	-0.206888	1.187198	-1.343299	0.982614	0.452145	0.248973	-1.378235	1.375469	-0.808405	-0.484562	-0.201054	1.178204	-1.432177	1.003135	-0.057142	-0.010926	-0.024816	-0.004123	-0.001738	0.002737	-0.011463	-0.006671	-0.040210	-0.094969	0.007812	0.058594	0.000000	-0.527344	0.136719	-0.007812	-0.054688	0.085938	0.578125	-0.101562	0.024555	-0.085143	-5.370872	0.253789	0.349169	-0.148162	0.510539	-1.103578	11.182840	1.000000	0.000000	0.000000	0.000000	
0.454942	0.255549	-1.379691	1.295075	-0.786689	-0.483382	-0.206834	1.187300	-1.342988	0.982052	0.452207	0.249058	-1.378295	1.375319	-0.808192	-0.484426	-0.201055	1.178269	-1.432209	1.002431	-0.051079	-0.012725	-0.061805	-0.091143	-0.007153	-0.003216	0.004670	-0.021605	-0.011000	-0.023455	0.011719	0.058594	-0.007812	-0.531250	0.132812	0.000000	-0.054688	0.093750	0.585938	-0.109375	0.024555	-0.085143	-5.370872	0.253789	0.349169	-0.148162	0.510539	-1.103578	11.182840	1.000000	0.000000	0.000000	0.000000	
0.455042	0.255712	-1.379911	1.294657	-0.786669	-0.483330	-0.206939	1.187454	-1.342832	0.982691	0.452268	0.249139	-1.378307	1.375192	-0.807979	-0.484301	-0.201047	1.178257	-1.432240	1.001732	-0.029535	-0.000109	-0.030608	-0.040521	0.006264	0.010147	-0.012328	-0.002160	-0.042976	-0.082607	0.011719	0.058594	0.000000	-0.527344	0.136719	0.000000	-0.050781	0.093750	0.585938	-0.109375	0.024555	-0.085143	-5.370872	0.253789	0.349169	-0.148162	0.510539	-1.103578	11.182840	1.000000	0.000000	0.000000	0.000000	
0.455123	0.255969	-1.379987	1.294394	-0.786204	-0.483087	-0.206764	1.187590	-1.342956	0.980950	0.452280	0.249180	-1.378334	1.374997	-0.807719	-0.484131	-0.201045	1.178207	-1.432294	1.001375	-0.058788	0.005805	-0.027488	-0.059886	-0.013332	0.001015	-0.001233	-0.056050	0.023620	-0.025709	0.019531	0.050781	-0.011719	-0.527344	0.132812	0.000000	-0.066406	0.089844	0.597656	-0.117188	0.024555	-0.085143	-5.370872	0.253789	0.349169	-0.148162	0.510539	-1.103578	11.182840	1.000000	0.000000	0.000000	0.000000	
0.455197	0.256182	-1.380136	1.294439	-0.785328	-0.482797	-0.206617	1.187407	-1.342403	0.978988	0.452331	0.249228	-1.378339	1.374861	-0.807254	-0.483976	-0.201045	1.178172	-1.432378	1.001158	-0.012858	0.000581	0.011210	-0.040885	-0.008312	-0.052243	-0.011755	-0.005605	-0.025555	-0.058405	0.011719	0.070312	-0.011719	-0.519531	0.125000	0.000000	-0.054688	0.089844	0.597656	-0.109375	0.024555	-0.085143	-5.370872	0.253789	0.349169	-0.148162	0.510539	-1.103578	11.182840	1.000000	0.000000	0.000000	0.000000	
0.455135	0.255812	-1.380345	1.294361	-0.787078	-0.482605	-0.206823	1.187433	-1.342306	0.980730	0.452414	0.249270	-1.378437	1.374761	-0.806919	-0.483775	-0.201029	1.178165	-1.432467	1.000848	0.016162	0.000058	-0.079141	-0.049454	-0.035728	0.012224	0.002314	0.069232	-0.047921	-0.054695	0.007812	0.058594	-0.007812	-0.515625	0.125000	0.000000	-0.050781	0.089844	0.597656	-0.117188	0.024555	-0.085143	-5.370872	0.253789	0.349169	-0.148162	0.510539	-1.103578	11.182840	1.000000	0.000000	0.000000	0.000000	
0.455065	0.255732	-1.380746	1.294291	-0.788475	-0.482372	-0.206876	1.187775	-1.342379	0.982598	0.452503	0.249319	-1.378529	1.374620	-0.806562	-0.483493	-0.201018	1.178091	-1.432509	0.999865	0.050471	-0.001157	-0.042810	-0.057290	-0.045448	-0.026695	-0.020706	-0.027973	0.002187	-0.120627	0.011719	0.074219	0.000000	-0.515625	0.136719	0.000000	-0.050781	0.089844	0.593750	-0.109375	0.024555	-0.085143	-5.370872	0.253789	0.349169	-0.148162	0.510539	-1.103578	11.182840	1.000000	0.000000	0.000000	0.000000	
0.450900	0.254485	-1.378945	1.282479	-0.810067	-0.486060	-0.204131	1.194352	-1.354083	0.997840	0.452593	0.249353	-1.378620	1.374519	-0.806248	-0.483266	-0.200999	1.178101	-1.432591	0.999378	0.012026	0.021985	-0.042667	-0.051094	-0.004545	0.011289	0.004909	-0.009777	-0.041657	-0.046959	0.019531	0.066406	-0.007812	-0.527344	0.132812	-0.007812	-0.054688	0.101562	0.593750	-0.109375	0.021645	-0.061193	-5.350493	-0.002753	0.055715	0.198102	0.483637	-0.451474	10.029284	1.000000	0.000000	0.000000	0.000000	
0.447334	0.254715	-1.380551	1.274799	-0.827541	-0.487057	-0.201227	1.193937	-1.357188	1.012538	0.452733	0.249360	-1.378711	1.374377	-0.806233	-0.482882	-0.201004	1.178054	-1.432510	0.999256	0.018651	-0.023392	-0.049632	-0.060944	-0.035351	0.001129	-0.013468	-0.084729	0.048179	-0.060530	0.019531	0.070312	-0.019531	-0.527344	0.117188	0.000000	-0.050781	0.101562	0.593750	-0.105469	0.021063	-0.056402	-5.346418	-0.028407	0.026370	0.232728	0.480947	-0.386264	9.913929	1.000000	0.000000	0.000000	0.000000	
0.444579	0.255205	-1.382472	1.267312	-0.842828	-0.489542	-0.198604	1.190042	-1.357191	1.021967	0.452712	0.249345	-1.378826	1.373428	-0.808169	-0.482781	-0.200908	1.178530	-1.432954	1.000322	0.036761	-0.016298	-0.088714	-0.117763	-0.300154	0.010582	-0.002510	-0.032900	0.001328	0.116084	-0.007812	0.058594	-0.011719	-0.550781	0.070312	-0.019531	-0.027344	0.148438	0.519531	-0.054688	0.020947	-0.055444	-5.345603	-0.030972	0.023435	0.236191	0.480678	-0.379743	9.902393	1.000000	0.000000	0.000000	0.000000	
0.442178	0.255256	-1.383884	1.263126	-0.853624	-0.492098	-0.196542	1.187604	-1.357897	1.027760	0.452199	0.249342	-1.379019	1.371857	-0.812555	-0.482906	-0.200719	1.178576	-1.433310	1.002862	-0.031220	-0.017915	-0.068195	-0.207196	-0.403406	-0.033838	-0.008393	0.021137	-0.031274	0.186090	-0.023438	0.050781	-0.003906	-0.515625	0.027344	-0.019531	-0.007812	0.152344	0.503906	0.003906	0.020924	-0.055253	-5.345439	-0.031229	0.023142	0.236537	0.480651	-0.379091	9.901239	1.000000	0.000000	0.000000	0.000000	
0.440295	0.254778	-1.384730	1.261363	-0.860013	-0.494448	-0.195593	1.186866	-1.360018	1.028571	0.451854	0.249350	-1.379421	1.367569	-0.817842	-0.483246	-0.200487	1.177883	-1.433332	1.006472	0.003857	-0.001791	-0.052185	-0.191712	-0.399773	-0.024322	0.021262	-0.095596	-0.003127	0.227987	-0.027344	0.066406	-0.007812	-0.585938	-0.023438	-0.023438	0.011719	0.136719	0.496094	0.007812	0.020919	-0.055214	-5.345407	-0.031255	0.023112	0.236572	0.480648	-0.379026	9.901124	1.000000	0.000000	0.000000	0.000000	
0.438718	0.254825	-1.385301	1.260375	-0.861971	-0.496542	-0.194399	1.186496	-1.362068	1.026758	0.451373	0.249335	-1.380035	1.364506	-0.826243	-0.484453	-0.200206	1.177114	-1.433046	1.010053	-0.083365	-0.017627	-0.081990	-0.245997	-0.312169	-0.194362	0.005616	-0.107269	-0.066616	0.179832	-0.050781	0.054688	-0.007812	-0.578125	-0.050781	-0.011719	0.023438	0.125000	0.484375	0.042969	0.020918	-0.055207	-5.345400	-0.031257	0.023109	0.236575	0.480648	-0.379019	9.901113	1.000000	0.000000	0.000000	0.000000	
0.437597	0.254530	-1.385581	1.260417	-0.863531	-0.498833	-0.193830	1.187278	-1.363505	1.025995	0.450865	0.249332	-1.380715	1.361155	-0.832794	-0.485858	-0.199916	1.176451	-1.432795	1.013653	-0.071150	-0.009905	-0.057054	-0.251426	-0.432525	-0.110167	-0.006418	-0.066561	-0.045048	0.136631	-0.050781	0.058594	-0.023438	-0.566406	-0.035156	-0.027344	0.027344	0.125000	0.468750	0.054688	0.020918	-0.055205	-5.345399	-0.031257	0.023109	0.236576	0.480648	-0.379019	9.901112	1.000000	0.000000	0.000000	0.000000	
0.436585	0.255044	-1.385450	1.260223	-0.864489	-0.501343	-0.193612	1.188325	-1.363964	1.026246	0.450109	0.249323	-1.380826	1.358255	-0.837206	-0.487399	-0.199640	1.175107	-1.432623	1.015028	-0.042011	-0.016112	0.046639	-0.143790	-0.291016	-0.119195	0.001685	-0.118324	0.044350	-0.010764	-0.054688	0.058594	-0.035156	-0.578125	-0.070312	-0.019531	0.039062	0.136719	0.468750	0.054688	0.020918	-0.055205	-5.345399	-0.031258	0.023109	0.236576	0.480648	-0.379019	9.901112	1.000000	0.000000	0.000000	0.000000	
0.435719	0.255157	-1.385453	1.259652	-0.864348	-0.503270	-0.192829	1.188710	-1.364258	1.024590	0.448843	0.249330	-1.380800	1.355906	-0.840536	-0.488652	-0.199447	1.174329	-1.432565	1.015617	-0.108890	0.004205	-0.019764	-0.174902	-0.283845	-0.210829	-0.004484	-0.123501	0.039331	-0.011545	-0.035156	0.058594	-0.054688	-0.566406	-0.066406	-0.011719	0.042969	0.148438	0.460938	0.054688	0.020918	-0.055205	-5.345399	-0.031258	0.023109	0.236576	0.480648	-0.379019	9.901112	1.000000	0.000000	0.000000	0.000000	
0.434890	0.254998	-1.385656	1.259538	-0.865268	-0.505241	-0.192702	1.189303	-1.363549	1.023873	0.447257	0.249331	-1.380626	1.352504	-0.843431	-0.490381	-0.199280	1.173834	-1.432626	1.016147	-0.098130	-0.007722	-0.012445	-0.171034	-0.272659	-0.118793	0.029795	-0.078653	-0.020494	-0.074437	-0.039062	0.058594	-0.050781	-0.558594	-0.058594	-0.027344	0.054688	0.164062	0.460938	0.050781	0.020918	-0.055205	-5.345399	-0.031258	0.023109	0.236576	0.480648	-0.379019	9.901112	1.000000	0.000000	0.000000	0.000000	
0.433719	0.255460	-1.385723	1.259261	-0.868181	-0.507302	-0.192574	1.189913	-1.362999	1.026762	0.445898	0.249331	-1.380445	1.350806	-0.846603	-0.492399	-0.199190	1.173542	-1.432687	1.017029	-0.128460	-0.010078	0.019693	-0.132261	-0.100548	-0.161933	0.000653	-0.011355	-0.071842	-0.021402	-0.035156	0.058594	-0.050781	-0.566406	-0.074219	-0.027344	0.050781	0.156250	0.453125	0.042969	0.020918	-0.055205	-5.345399	-0.031258	0.023109	0.236576	0.480648	-0.379019	9.901112	1.000000	0.000000	0.000000	0.000000	
0.432559	0.255270	-1.385847	1.259909	-0.872899	-0.509107	-0.193125	1.191226	-1.362621	1.031595	0.444342	0.249339	-1.380385	1.349254	-0.848377	-0.493893	-0.198994	1.173338	-1.432699	1.017326	-0.072170	0.011788	-0.008500	-0.089998	-0.107765	-0.124372	0.005881	0.075636	-0.028122	0.022287	-0.023438	0.058594	-0.042969	-0.535156	-0.058594	-0.042969	0.050781	0.164062	0.464844	0.042969	0.020918	-0.055205	-5.345399	-0.031258	0.023109	0.236576	0.480648	-0.379019	9.901112	1.000000	0.000000	0.000000	0.000000	
0.431528	0.254807	-1.385912	1.259930	-0.877555	-0.510860	-0.193458	1.192381	-1.362514	1.035985	0.443521	0.249333	-1.380348	1.347708	-0.850137	-0.495428	-0.198656	1.173200	-1.432750	1.017725	-0.080499	-0.015106	-0.025277	-0.138116	-0.185258	-0.117126	0.023852	-0.027333	-0.055157	-0.011730	-0.027344	0.058594	-0.054688	-0.531250	-0.074219	-0.035156	0.039062	0.167969	0.464844	0.042969	0.020918	-0.055205	-5.345399	-0.031258	0.023109	0.236576	0.480648	-0.379019	9.901112	1.000000	0.000000	0.000000	0.000000	
0.430477	0.254113	-1.385719	1.258996	-0.880086	-0.512618	-0.193389	1.192964	-1.362279	1.037282	0.442485	0.249340	-1.380365	1.344903	-0.852355	-0.497189	-0.198265	1.173148	-1.432760	1.018556	-0.046436	-0.010816	-0.023466	-0.146418	-0.241862	-0.119891	-0.003431	-0.030650	-0.040412	0.033723	-0.054688	0.050781	-0.042969	-0.515625	-0.058594	-0.039062	0.023438	0.175781	0.468750	0.066406	0.020918	-0.055205	-5.345399	-0.031258	0.023109	0.236576	0.480648	-0.379019	9.901112	1.000000	0.000000	0.000000	0.000000	
0.429553	0.253559	-1.385212	1.257598	-0.881299	-0.514437	-0.192932	1.193381	-1.362847	1.038170	0.441938	0.249333	-1.380417	1.343373	-0.855901	-0.498971	-0.198001	1.173186	-1.432786	1.020685	-0.112822	-0.019693	-0.037243	-0.112351	-0.278929	-0.179491	-0.008486	0.021362	-0.056386	0.118530	-0.050781	0.058594	-0.054688	-0.503906	-0.070312	-0.039062	0.027344	0.199219	0.464844	0.054688	0.020918	-0.055205	-5.345399	-0.031258	0.023109	0.236576	0.480648	-0.379019	9.901112	1.000000	0.000000	0.000000	0.000000	
0.428847	0.252718	-1.385058	1.257770	-0.882877	-0.516070	-0.193265	1.194144	-1.363079	1.039471	0.441102	0.249340	-1.380500	1.341903	-0.858548	-0.500684	-0.197795	1.173146	-1.432791	1.022226	-0.105502	-0.007785	-0.038621	-0.094986	-0.157009	-0.133107	0.014273	0.002136	-0.040535	0.088625	-0.039062	0.042969	-0.054688	-0.511719	-0.085938	-0.039062	0.027344	0.199219	0.464844	0.058594	0.020918	-0.055205	-5.345399	-0.031258	0.023109	0.236576	0.480648	-0.379019	9.901112	1.000000	0.000000	0.000000	0.000000	
0.428083	0.252052	-1.384875	1.257702	-0.884920	-0.517649	-0.193753	1.194897	-1.363077	1.040966	0.440208	0.249341	-1.380638	1.340422	-0.860653	-0.501608	-0.197414	1.173113	-1.432817	1.023576	-0.073364	-0.000779	0.013586	-0.089760	-0.218100	-0.072634	0.045629	0.000214	-0.028481	0.071676	-0.050781	0.035156	-0.039062	-0.500000	-0.074219	-0.050781	0.019531	0.203125	0.464844	0.050781	0.020918	-0.055205	-5.345399	-0.031258	0.023109	0.236576	0.480648	-0.379019	9.901112	1.000000	0.000000	0.000000	0.000000	
0.427136	0.251420	-1.384701	1.257113	-0.885574	-0.518984	-0.193712	1.194854	-1.363034	1.041045	0.439617	0.249341	-1.380714	1.338502	-0.862504	-0.503078	-0.196959	1.173058	-1.432870	1.025227	-0.024785	-0.000078	-0.033538	-0.092727	-0.168375	-0.125911	0.044112	-0.034875	0.011110	0.108367	-0.050781	0.035156	-0.035156	-0.500000	-0.085938	-0.050781	0.019531	0.218750	0.464844	0.042969	0.020918	-0.055205	-5.345399	-0.031258	0.023109	0.236576	0.480648	-0.379019	9.901112	1.000000	0.000000	0.000000	0.000000	
0.426315	0.250828	-1.384573	1.256698	-0.885081	-0.520289	-0.193610	1.195014	-1.363488	1.040614	0.439038	0.249333	-1.380754	1.337391	-0.865273	-0.504825	-0.196770	1.173071	-1.432905	1.026987	-0.037375	-0.011640	-0.017312	-0.058128	-0.107568	-0.110301	0.010227	-0.031405	-0.026806	0.059692	-0.054688	0.035156	-0.027344	-0.496094	-0.074219	-0.039062	0.011719	0.218750	0.468750	0.082031	0.020918	-0.055205	-5.345399	-0.031258	0.023109	0.236576	0.480648	-0.379019	9.901112	1.000000	0.000000	0.000000	0.000000	
0.425475	0.250294	-1.384677	1.256909	-0.884624	-0.521259	-0.193533	1.195265	-1.363769	1.040223	0.438414	0.249324	-1.380762	1.336490	-0.866869	-0.506459	-0.196539	1.173074	-1.433009	1.027994	-0.007227	-0.025591	0.012227	-0.134929	-0.108467	-0.168064	0.020797	-0.027568	0.035705	0.079251	-0.058594	0.023438	-0.035156	-0.511719	-0.085938	-0.039062	0.011719	0.222656	0.468750	0.058594	0.020918	-0.055205	-5.345399	-0.031258	0.023109	0.236576	0.480648	-0.379019	9.901112	1.000000	0.000000	0.000000	0.000000	
0.424689	0.249913	-1.384198	1.255853	-0.885034	-0.522636	-0.193425	1.195432	-1.364317	1.041645	0.437828	0.249322	-1.380787	1.335850	-0.868109	-0.508168	-0.196170	1.173074	-1.433102	1.028776	-0.077495	-0.013028	-0.033674	-0.037920	-0.157411	-0.128475	0.028834	0.004222	-0.031326	0.067249	-0.050781	0.023438	-0.035156	-0.503906	-0.070312	-0.042969	0.000000	0.214844	0.464844	0.054688	0.020918	-0.055205	-5.345399	-0.031258	0.023109	0.236576	0.480648	-0.379019	9.901112	1.000000	0.000000	0.000000	0.000000	
0.423978	0.249585	-1.383897	1.255709	-0.885751	-0.523926	-0.193686	1.195904	-1.364663	1.043478	0.435894	0.249313	-1.380768	1.335358	-0.869351	-0.509454	-0.195659	1.173075	-1.433267	1.029563	-0.126397	-0.012935	-0.003367	0.010166	-0.075065	-0.103578	0.037780	-0.024005	-0.006622	0.034642	-0.035156	0.011719	-0.035156	-0.511719	-0.066406	-0.058594	-0.003906	0.218750	0.449219	0.042969	0.020918	-0.055205	-5.345399	-0.031258	0.023109	0.236576	0.480648	-0.379019	9.901112	1.000000	0.000000	0.000000	0.000000	
0.423278	0.249392	-1.383783	1.255881	-0.885964	-0.525151	-0.193698	1.196332	-1.364584	1.045382	0.435022	0.249303	-1.380740	1.335163	-0.870908	-0.510414	-0.195242	1.173123	-1.433396	1.030278	-0.134777	-0.029211	0.031070	-0.033880	-0.066830	-0.087130	0.021226	-0.044276	-0.039048	0.059298	-0.039062	0.011719	-0.023438	-0.519531	-0.058594	-0.058594	-0.007812	0.230469	0.464844	0.050781	0.020918	-0.055205	-5.345399	-0.031258	0.023109	0.236576	0.480648	-0.379019	9.901112	1.000000	0.000000	0.000000	0.000000	
0.422532	0.249013	-1.383390	1.255911	-0.885839	-0.526313	-0.193729	1.196844	-1.364472	1.045984	0.433879	0.249293	-1.380759	1.335100	-0.872116	-0.511382	-0.194836	1.173205	-1.433471	1.031705	-0.104208	-0.007574	-0.000383	-0.034795	-0.052048	-0.102933	0.037019	-0.004428	0.044950	0.086191	-0.042969	0.007812	-0.035156	-0.515625	-0.054688	-0.054688	-0.003906	0.218750	0.453125	0.035156	0.020918	-0.055205	-5.345399	-0.031258	0.023109	0.236576	0.480648	-0.379019	9.901112	1.000000	0.000000	0.000000	0.000000	
0.421720	0.248490	-1.382902	1.255631	-0.887170	-0.527444	-0.193724	1.197190	-1.364667	1.048356	0.432511	0.249291	-1.380787	1.335087	-0.873230	-0.512254	-0.194536	1.173246	-1.433534	1.033154	-0.122089	0.009712	-0.066341	0.013969	-0.120363	-0.083576	0.014171	0.013516	-0.040870	0.113308	-0.035156	0.003906	-0.019531	-0.519531	-0.054688	-0.050781	-0.003906	0.230469	0.460938	0.035156	0.020918	-0.055205	-5.345399	-0.031258	0.023109	0.236576	0.480648	-0.379019	9.901112	1.000000	0.000000	0.000000	0.000000	
0.420949	0.248013	-1.383013	1.256926	-0.889068	-0.528406	-0.194140	1.197658	-1.364369	1.051274	0.431535	0.249267	-1.380768	1.335206	-0.873889	-0.513180	-0.194364	1.173303	-1.433474	1.034437	-0.088981	0.000971	-0.017103	0.001397	-0.025995	-0.018826	0.007233	0.008331	-0.004087	0.049717	-0.035156	0.000000	-0.019531	-0.527344	-0.054688	-0.066406	0.000000	0.222656	0.460938	0.042969	0.020918	-0.055205	-5.345399	-0.031258	0.023109	0.236576	0.480648	-0.379019	9.901112	1.000000	0.000000	0.000000	0.000000	
0.420061	0.247594	-1.382966	1.257426	-0.890547	-0.529188	-0.194243	1.197945	-1.364535	1.052835	0.430927	0.249230	-1.380740	1.335302	-0.874505	-0.513874	-0.194305	1.173387	-1.433438	1.036584	-0.019367	-0.003393	0.012248	-0.045226	-0.082861	-0.068186	0.001887	-0.023594	0.010060	0.053827	-0.039062	0.000000	-0.011719	-0.527344	-0.058594	-0.070312	0.003906	0.234375	0.453125	0.035156	0.020918	-0.055205	-5.345399	-0.031258	0.023109	0.236576	0.480648	-0.379019	9.901112	1.000000	0.000000	0.000000	0.000000	
0.419175	0.247187	-1.382247	1.256431	-0.890234	-0.530054	-0.193985	1.197824	-1.365720	1.052126	0.430079	0.249182	-1.380735	1.335467	-0.876034	-0.514594	-0.194293	1.173428	-1.433382	1.038225	-0.106626	-0.001502	-0.009244	-0.004523	-0.172299	-0.090570	0.006005	-0.058194	0.001006	0.096113	-0.035156	-0.003906	-0.019531	-0.519531	-0.042969	-0.066406	0.003906	0.238281	0.453125	0.050781	0.020918	-0.055205	-5.345399	-0.031258	0.023109	0.236576	0.480648	-0.379019	9.901112	1.000000	0.000000	0.000000	0.000000	
0.420742	0.245056	-1.385256	1.262054	-0.890058	-0.527701	-0.194552	1.192991	-1.362573	1.057674	0.429400	0.249132	-1.380685	1.335693	-0.877527	-0.515562	-0.194307	1.173533	-1.433322	1.039523	-0.143269	-0.004803	-0.004414	0.006527	-0.174263	-0.131194	-0.023827	-0.002330	0.003590	0.065445	-0.035156	-0.007812	-0.023438	-0.515625	-0.042969	-0.066406	0.003906	0.246094	0.453125	0.042969	0.020183	-0.060777	-5.311756	0.032898	0.007769	-0.101699	0.017935	-0.682473	9.896808	1.000000	0.000000	0.000000	0.000000	
0.422168	0.243322	-1.384681	1.266704	-0.888569	-0.527909	-0.197257	1.191743	-1.362478	1.063501	0.428101	0.249033	-1.380627	1.335981	-0.878698	-0.516580	-0.194309	1.173578	-1.433311	1.040824	-0.098078	-0.036540	0.003048	-0.002837	-0.132584	-0.075933	-0.014015	-0.035129	-0.041517	0.065868	-0.027344	-0.023438	-0.019531	-0.531250	-0.039062	-0.066406	0.003906	0.238281	0.449219	0.039062	0.020036	-0.061891	-5.305028	0.039314	0.006235	-0.135526	-0.028337	-0.712818	9.896378	1.000000	0.000000	0.000000	0.000000	
0.423777	0.241128	-1.383303	1.270457	-0.888035	-0.527959	-0.199378	1.192562	-1.365014	1.068230	0.427284	0.248949	-1.380688	1.336451	-0.879950	-0.516953	-0.194310	1.173369	-1.433235	1.042975	-0.065642	-0.025755	-0.065998	0.059040	-0.117947	-0.073896	0.000925	-0.020961	-0.028579	0.086848	-0.035156	-0.023438	-0.039062	-0.500000	-0.019531	-0.058594	0.000000	0.199219	0.476562	0.054688	0.020006	-0.062114	-5.303682	0.039955	0.006082	-0.138909	-0.032964	-0.715852	9.896335	1.000000	0.000000	0.000000	0.000000	
0.425419	0.239082	-1.382135	1.273209	-0.887815	-0.527920	-0.200873	1.192618	-1.367502	1.072240	0.426878	0.248730	-1.380651	1.337029	-0.881727	-0.517076	-0.194407	1.173255	-1.433148	1.045198	-0.069378	-0.016534	-0.072903	0.079186	-0.036222	-0.021348	-0.015029	-0.002096	0.007611	0.151760	-0.019531	-0.027344	-0.035156	-0.476562	-0.027344	-0.058594	-0.019531	0.183594	0.464844	0.066406	0.020000	-0.062159	-5.303413	0.040019	0.006067	-0.139248	-0.033427	-0.716156	9.896331	1.000000	0.000000	0.000000	0.000000	
0.426715	0.237504	-1.381233	1.275565	-0.887245	-0.527758	-0.201895	1.192350	-1.369226	1.074348	0.426749	0.248250	-1.380281	1.337896	-0.882301	-0.517149	-0.194540	1.173232	-1.433082	1.047218	0.007021	-0.034223	0.006668	0.049794	-0.000133	-0.037031	-0.014298	-0.024637	0.039147	0.064031	-0.011719	-0.023438	-0.035156	-0.480469	-0.023438	-0.066406	-0.039062	0.199219	0.468750	0.085938	0.019999	-0.062168	-5.303359	0.040026	0.006065	-0.139281	-0.033473	-0.716186	9.896330	1.000000	0.000000	0.000000	0.000000	
0.427372	0.236471	-1.379565	1.276159	-0.887029	-0.527921	-0.202101	1.191273	-1.371131	1.075108	0.426771	0.247637	-1.380013	1.339887	-0.882634	-0.517212	-0.194768	1.173227	-1.433335	1.049585	-0.006277	-0.042972	-0.002823	0.088731	-0.076785	0.020724	-0.027020	0.001026	0.007404	0.173905	-0.003906	-0.050781	-0.019531	-0.468750	-0.019531	-0.066406	-0.042969	0.191406	0.437500	0.074219	0.019999	-0.062169	-5.303349	0.040026	0.006065	-0.139285	-0.033477	-0.716189	9.896330	1.000000	0.000000	0.000000	0.000000	
0.427873	0.235551	-1.378495	1.277550	-0.887694	-0.527824	-0.202120	1.190182	-1.372054	1.076017	0.426849	0.246908	-1.379789	1.341255	-0.882821	-0.517225	-0.194903	1.173178	-1.433580	1.053717	-0.000628	-0.046173	0.010187	0.064707	-0.042575	-0.032824	-0.013171	-0.038283	-0.055094	0.129059	0.000000	-0.035156	-0.011719	-0.464844	-0.011719	-0.066406	-0.054688	0.199219	0.433594	0.085938	0.019999	-0.062170	-5.303346	0.040026	0.006065	-0.139285	-0.033478	-0.716190	9.896330	1.000000	0.000000	0.000000	0.000000	
0.428339	0.234602	-1.377286	1.278952	-0.889201	-0.527736	-0.202322	1.190080	-1.373170	1.078032	0.427009	0.246343	-1.379478	1.342764	-0.883465	-0.517203	-0.195148	1.173047	-1.433871	1.055925	-0.041938	-0.040677	0.001019	0.037877	-0.077540	-0.027710	-0.021092	0.013620	-0.019468	0.124574	0.003906	-0.070312	0.000000	-0.480469	-0.003906	-0.066406	-0.050781	0.191406	0.417969	0.085938	0.019999	-0.062170	-5.303346	0.040026	0.006065	-0.139285	-0.033478	-0.716190	9.896330	1.000000	0.000000	0.000000	0.000000	
0.428795	0.233809	-1.376035	1.280233	-0.890851	-0.527853	-0.202483	1.189980	-1.373723	1.080441	0.427139	0.245955	-1.379077	1.344205	-0.884224	-0.517126	-0.195390	1.172778	-1.434099	1.057845	-0.004194	-0.021516	-0.003388	0.077070	-0.140360	-0.002771	-0.006762	-0.033534	-0.054291	0.124126	0.000000	-0.074219	0.007812	-0.476562	0.003906	-0.070312	-0.050781	0.187500	0.421875	0.070312	0.019999	-0.062170	-5.303346	0.040026	0.006065	-0.139285	-0.033478	-0.716190	9.896330	1.000000	0.000000	0.000000	0.000000	
0.429007	0.233518	-1.374842	1.281550	-0.892057	-0.527951	-0.202063	1.189324	-1.374011	1.082788	0.427407	0.245554	-1.378996	1.345996	-0.885732	-0.517110	-0.195568	1.172531	-1.434653	1.061161	-0.024847	-0.040538	-0.003828	0.105417	-0.129194	-0.021215	-0.026267	-0.073146	-0.068243	0.169446	0.000000	-0.082031	0.007812	-0.492188	0.007812	-0.066406	-0.054688	0.175781	0.421875	0.050781	0.019999	-0.062170	-5.303346	0.040026	0.006065	-0.139285	-0.033478	-0.716190	9.896330	1.000000	0.000000	0.000000	0.000000	
0.429407	0.233034	-1.373941	1.283873	-0.892906	-0.528058	-0.202150	1.188771	-1.373917	1.084289	0.427533	0.245232	-1.378084	1.347372	-0.886810	-0.517010	-0.195693	1.172239	-1.435055	1.063521	0.032412	-0.022665	0.062431	0.104762	-0.086202	0.057202	-0.006116	-0.017784	-0.006824	0.184447	0.000000	-0.093750	0.003906	-0.480469	0.007812	-0.070312	-0.058594	0.187500	0.421875	0.050781	0.019999	-0.062170	-5.303346	0.040026	0.006065	-0.139285	-0.033478	-0.716190	9.896330	1.000000	0.000000	0.000000	0.000000	
0.429843	0.232431	-1.372711	1.285282	-0.894252	-0.528233	-0.202044	1.188326	-1.374457	1.085897	0.427558	0.245062	-1.377513	1.349585	-0.888140	-0.517015	-0.195774	1.171720	-1.435426	1.065883	-0.024676	-0.019715	0.009733	0.073290	-0.155185	0.019679	-0.008754	-0.026206	-0.035579	0.151051	0.007812	-0.105469	0.011719	-0.496094	0.019531	-0.066406	-0.042969	0.183594	0.421875	0.054688	0.019999	-0.062170	-5.303346	0.040026	0.006065	-0.139285	-0.033478	-0.716190	9.896330	1.000000	0.000000	0.000000	0.000000	
0.430130	0.231878	-1.371589	1.286993	-0.895483	-0.528261	-0.202153	1.188140	-1.375023	1.087649	0.427612	0.244980	-1.376890	1.351361	-0.889545	-0.517040	-0.195831	1.171374	-1.436349	1.068100	-0.051322	-0.018256	0.007953	0.080611	-0.148125	-0.025949	-0.012508	-0.023558	-0.115226	0.182607	0.007812	-0.105469	0.019531	-0.496094	0.019531	-0.070312	-0.058594	0.183594	0.433594	0.039062	0.019999	-0.062170	-5.303346	0.040026	0.006065	-0.139285	-0.033478	-0.716190	9.896330	1.000000	0.000000	0.000000	0.000000	
0.430258	0.231478	-1.370423	1.289037	-0.897583	-0.528392	-0.202415	1.188259	-1.376032	1.091126	0.427598	0.244834	-1.376039	1.353122	-0.891450	-0.517069	-0.195850	1.171087	-1.437090	1.071864	-0.026070	-0.013458	0.011264	0.193012	-0.112522	-0.058429	-0.009393	-0.030273	-0.095274	0.136908	0.007812	-0.101562	0.000000	-0.496094	0.019531	-0.070312	-0.054688	0.175781	0.433594	0.035156	0.019999	-0.062170	-5.303346	0.040026	0.006065	-0.139285	-0.033478	-0.716190	9.896330	1.000000	0.000000	0.000000	0.000000	
0.430475	0.231117	-1.369319	1.291257	-0.899568	-0.528542	-0.202426	1.188331	-1.376786	1.094688	0.427620	0.244643	-1.374099	1.355170	-0.893018	-0.517051	-0.195903	1.170738	-1.437820	1.073974	-0.002607	-0.044385	0.022064	0.134459	-0.154327	-0.040739	-0.030020	-0.051882	-0.075830	0.076504	0.011719	-0.105469	-0.003906	-0.503906	0.027344	-0.070312	-0.054688	0.175781	0.437500	0.050781	0.019999	-0.062170	-5.303346	0.040026	0.006065	-0.139285	-0.033478	-0.716190	9.896330	1.000000	0.000000	0.000000	0.000000	
0.430666	0.231028	-1.368083	1.292810	-0.900786	-0.528846	-0.201818	1.187806	-1.377080	1.096086	0.427600	0.244387	-1.372766	1.358657	-0.894374	-0.517047	-0.195953	1.169869	-1.438596	1.075946	0.013698	-0.017234	0.113875	0.121625	-0.039860	-0.018032	-0.039062	-0.043574	-0.112272	0.133277	0.019531	-0.101562	-0.011719	-0.503906	0.011719	-0.070312	-0.058594	0.207031	0.433594	0.035156	0.019999	-0.062170	-5.303346	0.040026	0.006065	-0.139285	-0.033478	-0.716190	9.896330	1.000000	0.000000	0.000000	0.000000	
0.429040	0.235482	-1.363422	1.287093	-0.883994	-0.530575	-0.199826	1.188079	-1.381517	1.074981	0.427620	0.244077	-1.371434	1.360712	-0.895784	-0.517022	-0.196012	1.169307	-1.439721	1.078401	-0.019568	-0.027314	0.074201	0.078465	-0.157530	0.001686	-0.020191	-0.049723	-0.115916	0.184320	0.023438	-0.101562	-0.007812	-0.511719	0.027344	-0.070312	-0.058594	0.199219	0.433594	0.039062	0.025916	-0.037937	-5.320788	0.014700	0.170808	0.038880	0.387268	-0.429953	9.740298	1.000000	0.000000	0.000000	0.000000	
0.427902	0.238981	-1.360420	1.282244	-0.866906	-0.530781	-0.197931	1.187576	-1.385330	1.048210	0.427624	0.243894	-1.370367	1.362723	-0.898610	-0.517017	-0.196105	1.168832	-1.440406	1.082236	-0.057791	-0.025996	0.014399	0.084618	-0.127421	0.003658	-0.029936	-0.064296	-0.126750	0.158017	0.007812	-0.117188	0.000000	-0.515625	0.023438	-0.074219	-0.054688	0.199219	0.433594	0.039062	0.027100	-0.033090	-5.324277	0.012167	0.187282	0.056697	0.429343	-0.401329	9.724695	1.000000	0.000000	0.000000	0.000000	
0.426782	0.241305	-1.359360	1.280097	-0.855592	-0.530257	-0.196341	1.185708	-1.381929	1.029856	0.427577	0.243922	-1.369282	1.364118	-0.898812	-0.517040	-0.196123	1.168615	-1.441367	1.082349	0.001200	0.002053	0.004930	0.109661	0.004706	-0.034531	-0.016952	0.031956	-0.120854	-0.081908	0.007812	-0.082031	0.042969	-0.550781	0.082031	-0.085938	-0.027344	0.199219	0.433594	-0.007812	0.027337	-0.032121	-5.324975	0.011914	0.188930	0.058479	0.433551	-0.398467	9.723135	1.000000	0.000000	0.000000	0.000000	
0.425871	0.243136	-1.359589	1.280280	-0.852196	-0.529147	-0.195055	1.185868	-1.376668	1.027683	0.427519	0.244065	-1.368604	1.366602	-0.897108	-0.516996	-0.196086	1.168645	-1.442529	1.079051	0.007099	-0.010264	0.007472	0.049352	0.126097	-0.034860	-0.004022	0.010175	-0.095837	-0.301320	0.003906	-0.050781	0.066406	-0.582031	0.148438	-0.089844	-0.011719	0.183594	0.414062	-0.074219	0.027384	-0.031927	-5.325114	0.011889	0.189095	0.058657	0.433971	-0.398181	9.722979	1.000000	0.000000	0.000000	0.000000	
0.425079	0.244396	-1.360357	1.280555	-0.852963	-0.527956	-0.194386	1.186786	-1.370774	1.031812	0.427337	0.244199	-1.368008	1.367778	-0.895846	-0.516915	-0.195998	1.168772	-1.444724	1.073836	-0.023718	0.017585	-0.006232	0.036342	0.057975	-0.003486	0.003087	0.049872	-0.051459	-0.427950	0.003906	-0.050781	0.066406	-0.613281	0.171875	-0.085938	-0.003906	0.156250	0.437500	-0.125000	0.027393	-0.031888	-5.325142	0.011886	0.189111	0.058675	0.434013	-0.398152	9.722963	1.000000	0.000000	0.000000	0.000000	
0.424387	0.245746	-1.360953	1.279222	-0.851530	-0.526921	-0.193296	1.186643	-1.366090	1.033150	0.426962	0.244524	-1.367453	1.368474	-0.892782	-0.516826	-0.195868	1.168918	-1.445308	1.067825	-0.058206	0.004085	-0.039009	0.014103	0.065121	-0.014307	0.001472	0.018946	0.005323	-0.231235	0.000000	-0.042969	0.058594	-0.582031	0.222656	-0.070312	0.003906	0.171875	0.464844	-0.187500	0.027395	-0.031881	-5.325148	0.011886	0.189113	0.058676	0.434018	-0.398149	9.722961	1.000000	0.000000	0.000000	0.000000	
0.423828	0.247098	-1.361431	1.277050	-0.847245	-0.526161	-0.192288	1.185949	-1.363308	1.029650	0.426547	0.245010	-1.366615	1.368758	-0.891467	-0.516784	-0.195696	1.169093	-1.445304	1.065750	-0.075613	0.014367	-0.010880	0.001410	-0.010936	0.026486	0.015269	-0.033002	-0.037854	-0.085937	0.000000	-0.027344	0.054688	-0.574219	0.222656	-0.074219	0.003906	0.171875	0.484375	-0.203125	0.027396	-0.031879	-5.325149	0.011886	0.189113	0.058677	0.434018	-0.398149	9.722961	1.000000	0.000000	0.000000	0.000000	
0.423071	0.248481	-1.361576	1.275124	-0.842539	-0.525195	-0.191734	1.185657	-1.362312	1.023754	0.425810	0.245333	-1.366253	1.368670	-0.890598	-0.516703	-0.195452	1.169176	-1.444964	1.065142	-0.049437	0.015395	-0.004578	0.003631	-0.018542	-0.014800	-0.000800	-0.031217	0.041580	-0.029531	0.019531	-0.007812	0.050781	-0.582031	0.238281	-0.070312	0.007812	0.164062	0.515625	-0.199219	0.027396	-0.031879	-5.325149	0.011886	0.189113	0.058677	0.434018	-0.398149	9.722961	1.000000	0.000000	0.000000	0.000000	
0.422406	0.249426	-1.361864	1.273754	-0.839599	-0.524059	-0.191787	1.185830	-1.362077	1.019248	0.424839	0.245599	-1.366157	1.368482	-0.889673	-0.516687	-0.195290	1.169217	-1.444775	1.064608	-0.050309	0.001540	-0.003947	-0.038023	0.057470	-0.008459	0.008063	0.000368	-0.009801	-0.062277	0.007812	0.000000	0.050781	-0.597656	0.253906	-0.058594	0.011719	0.156250	0.546875	-0.203125	0.027396	-0.031879	-5.325149	0.011886	0.189113	0.058677	0.434018	-0.398149	9.722961	1.000000	0.000000	0.000000	0.000000	
0.421832	0.250148	-1.362169	1.272750	-0.839303	-0.523071	-0.192243	1.186156	-1.362014	1.017859	0.424087	0.245968	-1.366186	1.368299	-0.888349	-0.516659	-0.194958	1.169298	-1.444786	1.063241	-0.085292	0.018765	-0.014353	0.017136	0.099967	0.023582	0.026397	0.045402	-0.011449	-0.121386	0.003906	0.000000	0.050781	-0.613281	0.269531	-0.054688	0.003906	0.156250	0.546875	-0.207031	0.027396	-0.031879	-5.325149	0.011886	0.189113	0.058677	0.434018	-0.398149	9.722961	1.000000	0.000000	0.000000	0.000000	
0.421349	0.250482	-1.362906	1.272531	-0.839898	-0.521963	-0.192591	1.186221	-1.361388	1.019197	0.423816	0.246397	-1.366410	1.368190	-0.886824	-0.516629	-0.194553	1.169436	-1.444812	1.061368	-0.057384	0.004203	-0.085187	0.019162	0.174009	-0.004621	0.016598	0.015009	-0.039531	-0.183131	0.003906	0.007812	0.042969	-0.625000	0.269531	-0.050781	0.003906	0.152344	0.546875	-0.222656	0.027396	-0.031879	-5.325149	0.011886	0.189113	0.058677	0.434018	-0.398149	9.722961	1.000000	0.000000	0.000000	0.000000	
0.420939	0.250623	-1.364030	1.272397	-0.839324	-0.520804	-0.192773	1.186122	-1.360263	1.018729	0.423592	0.246668	-1.366479	1.367708	-0.885307	-0.516526	-0.194302	1.169633	-1.444817	1.059636	0.008220	0.000420	-0.029456	-0.095794	0.125580	-0.000462	0.022598	-0.057823	-0.031870	-0.178836	-0.003906	0.023438	0.050781	-0.609375	0.265625	-0.042969	0.011719	0.167969	0.546875	-0.214844	0.027396	-0.031879	-5.325149	0.011886	0.189113	0.058677	0.434018	-0.398149	9.722961	1.000000	0.000000	0.000000	0.000000	
0.420488	0.251258	-1.364485	1.270709	-0.836731	-0.520025	-0.192224	1.185670	-1.359840	1.015472	0.423474	0.246803	-1.366590	1.367224	-0.884132	-0.516385	-0.194179	1.169648	-1.444818	1.057933	0.007801	0.011674	-0.002946	-0.030517	0.078861	-0.052391	0.005749	-0.058127	-0.010166	-0.174917	-0.007812	0.023438	0.042969	-0.601562	0.253906	-0.039062	0.003906	0.152344	0.550781	-0.207031	0.027396	-0.031879	-5.325149	0.011886	0.189113	0.058677	0.434018	-0.398149	9.722961	1.000000	0.000000	0.000000	0.000000	
0.420227	0.252082	-1.364983	1.269336	-0.833111	-0.519125	-0.191891	1.185395	-1.360250	1.010164	0.423378	0.246968	-1.366757	1.366739	-0.881570	-0.516138	-0.194106	1.169554	-1.444818	1.055120	-0.037606	0.013963	-0.063108	-0.062375	0.119554	-0.036646	0.007554	-0.040709	-0.001017	-0.212911	-0.011719	0.023438	0.035156	-0.609375	0.234375	-0.027344	0.007812	0.167969	0.566406	-0.191406	0.027396	-0.031879	-5.325149	0.011886	0.189113	0.058677	0.434018	-0.398149	9.722961	1.000000	0.000000	0.000000	0.000000	
0.419919	0.252931	-1.365719	1.268174	-0.830454	-0.518343	-0.191530	1.184909	-1.360472	1.006404	0.423359	0.247251	-1.367057	1.366182	-0.879580	-0.516041	-0.193995	1.169438	-1.444867	1.053128	-0.028188	0.022334	-0.062145	-0.058582	0.168989	-0.045540	0.004245	-0.059905	-0.062915	-0.129470	-0.019531	0.023438	0.027344	-0.617188	0.214844	-0.023438	0.007812	0.164062	0.562500	-0.199219	0.027396	-0.031879	-5.325149	0.011886	0.189113	0.058677	0.434018	-0.398149	9.722961	1.000000	0.000000	0.000000	0.000000	
0.419673	0.253463	-1.366598	1.267786	-0.828930	-0.517490	-0.191605	1.184900	-1.360014	1.004807	0.423331	0.247728	-1.367408	1.365295	-0.876903	-0.515900	-0.193811	1.169367	-1.444877	1.050694	-0.002819	0.028987	-0.082986	-0.040755	0.170443	-0.067367	0.012057	-0.040887	0.007667	-0.250242	-0.019531	0.007812	0.035156	-0.613281	0.203125	-0.019531	0.007812	0.156250	0.566406	-0.187500	0.027396	-0.031879	-5.325149	0.011886	0.189113	0.058677	0.434018	-0.398149	9.722961	1.000000	0.000000	0.000000	0.000000	
0.419561	0.254151	-1.367540	1.267234	-0.827935	-0.516794	-0.191826	1.185009	-1.359792	1.003837	0.423301	0.248130	-1.367963	1.364439	-0.873945	-0.515654	-0.193661	1.169376	-1.445000	1.047808	-0.066585	0.021510	-0.032726	-0.091316	0.188036	0.010711	-0.002284	-0.014558	-0.051578	-0.262319	-0.023438	0.027344	0.039062	-0.601562	0.199219	-0.027344	0.000000	0.148438	0.558594	-0.183594	0.027396	-0.031879	-5.325149	0.011886	0.189113	0.058677	0.434018	-0.398149	9.722961	1.000000	0.000000	0.000000	0.000000	
0.419372	0.254403	-1.368542	1.266343	-0.827047	-0.516128	-0.191896	1.184561	-1.358915	1.002619	0.423343	0.248550	-1.368704	1.363492	-0.869355	-0.515314	-0.193332	1.169379	-1.444976	1.043329	0.007300	0.019599	-0.118430	-0.106841	0.158389	0.008050	0.002098	0.012503	-0.040054	-0.253058	-0.019531	0.023438	0.042969	-0.601562	0.187500	-0.011719	0.000000	0.152344	0.558594	-0.175781	0.027396	-0.031879	-5.325149	0.011886	0.189113	0.058677	0.434018	-0.398149	9.722961	1.000000	0.000000	0.000000	0.000000	
0.418909	0.255599	-1.369312	1.265612	-0.825311	-0.515422	-0.191964	1.184922	-1.359136	1.000689	0.423352	0.248997	-1.369652	1.362551	-0.866159	-0.514930	-0.193064	1.169330	-1.444947	1.040519	-0.034166	0.008939	-0.046739	-0.052560	0.225217	-0.027112	0.000210	0.039636	-0.024943	-0.220725	-0.011719	0.035156	0.027344	-0.609375	0.175781	-0.011719	0.003906	0.156250	0.558594	-0.156250	0.027396	-0.031879	-5.325149	0.011886	0.189113	0.058677	0.434018	-0.398149	9.722961	1.000000	0.000000	0.000000	0.000000	
0.418556	0.256514	-1.370315	1.264831	-0.822740	-0.514698	-0.191933	1.184659	-1.359459	0.997629	0.423402	0.249297	-1.370205	1.361152	-0.863387	-0.514418	-0.192938	1.169103	-1.444965	1.037873	-0.017375	-0.000269	-0.063998	-0.047132	0.214451	-0.002711	0.001184	-0.030933	-0.089735	-0.210513	-0.023438	0.050781	0.023438	-0.601562	0.167969	-0.023438	0.007812	0.156250	0.574219	-0.164062	0.027396	-0.031879	-5.325149	0.011886	0.189113	0.058677	0.434018	-0.398149	9.722961	1.000000	0.000000	0.000000	0.000000	
0.418303	0.257127	-1.371162	1.264145	-0.820073	-0.514018	-0.192070	1.184640	-1.359267	0.993255	0.423485	0.249446	-1.370655	1.360145	-0.860942	-0.513830	-0.192881	1.169009	-1.444896	1.035332	0.008731	0.016258	-0.048275	-0.071016	0.147072	-0.000271	0.005934	-0.017052	-0.008974	-0.254857	-0.027344	0.050781	0.027344	-0.593750	0.175781	-0.019531	0.003906	0.156250	0.566406	-0.148438	0.027396	-0.031879	-5.325149	0.011886	0.189113	0.058677	0.434018	-0.398149	9.722961	1.000000	0.000000	0.000000	0.000000	
0.418139	0.257819	-1.371893	1.262645	-0.816070	-0.513274	-0.191969	1.184846	-1.359076	0.986717	0.423550	0.249661	-1.371060	1.359337	-0.856770	-0.513349	-0.192853	1.168917	-1.444858	1.030002	-0.023554	-0.012333	-0.039724	-0.125749	0.164761	-0.052372	0.000593	-0.047070	0.009572	-0.276739	-0.035156	0.054688	0.019531	-0.597656	0.148438	-0.011719	0.007812	0.152344	0.574219	-0.117188	0.027396	-0.031879	-5.325149	0.011886	0.189113	0.058677	0.434018	-0.398149	9.722961	1.000000	0.000000	0.000000	0.000000	
0.417872	0.258519	-1.372594	1.261196	-0.812243	-0.512554	-0.192011	1.185103	-1.358580	0.979904	0.423636	0.250011	-1.371747	1.358740	-0.853585	-0.513156	-0.192831	1.168899	-1.444851	1.026052	-0.002355	-0.005886	-0.007462	-0.057940	0.211896	-0.057582	-0.001104	0.005762	-0.061856	-0.324293	-0.023438	0.042969	0.019531	-0.609375	0.152344	-0.007812	0.007812	0.152344	0.562500	-0.117188	0.027396	-0.031879	-5.325149	0.011886	0.189113	0.058677	0.434018	-0.398149	9.722961	1.000000	0.000000	0.000000	0.000000	
0.417770	0.258795	-1.373738	1.260170	-0.810417	-0.511710	-0.192002	1.185218	-1.357771	0.976319	0.423653	0.250469	-1.372247	1.357845	-0.850549	-0.512875	-0.192811	1.168944	-1.444801	1.021991	0.003254	0.019186	-0.115904	-0.110483	0.216609	-0.044144	-0.003600	0.011045	-0.020144	-0.349986	-0.035156	0.050781	0.011719	-0.601562	0.132812	-0.007812	0.007812	0.152344	0.574219	-0.105469	0.027396	-0.031879	-5.325149	0.011886	0.189113	0.058677	0.434018	-0.398149	9.722961	1.000000	0.000000	0.000000	0.000000	
0.417552	0.259320	-1.375281	1.259017	-0.809007	-0.511059	-0.191993	1.185111	-1.356821	0.973913	0.423656	0.250916	-1.372711	1.357133	-0.847130	-0.512625	-0.192815	1.169050	-1.444863	1.017422	-0.010143	0.029836	-0.056956	-0.108758	0.307811	0.013034	-0.017808	-0.051240	-0.127641	-0.303700	-0.027344	0.042969	0.011719	-0.601562	0.136719	0.000000	0.007812	0.148438	0.574219	-0.117188	0.027396	-0.031879	-5.325149	0.011886	0.189113	0.058677	0.434018	-0.398149	9.722961	1.000000	0.000000	0.000000	0.000000	
0.417225	0.259973	-1.376498	1.257576	-0.806979	-0.510397	-0.192018	1.185367	-1.356157	0.970588	0.423657	0.251563	-1.373264	1.356069	-0.842400	-0.512454	-0.192807	1.169216	-1.444803	1.010401	-0.025442	0.029737	-0.040592	-0.112075	0.135470	0.001303	-0.011087	0.026283	-0.058129	-0.316520	-0.035156	0.027344	0.007812	-0.597656	0.132812	0.003906	0.007812	0.148438	0.574219	-0.109375	0.027396	-0.031879	-5.325149	0.011886	0.189113	0.058677	0.434018	-0.398149	9.722961	1.000000	0.000000	0.000000	0.000000	
0.416902	0.260909	-1.377325	1.256379	-0.803141	-0.509792	-0.192369	1.186707	-1.356108	0.963934	0.423657	0.252096	-1.374199	1.354912	-0.839345	-0.512371	-0.192806	1.169371	-1.444670	1.005992	0.014904	0.029728	-0.059893	-0.101938	0.212456	0.017579	-0.024373	0.006118	0.081428	-0.391084	-0.035156	0.050781	0.000000	-0.593750	0.121094	0.019531	0.007812	0.148438	0.585938	-0.105469	0.027396	-0.031879	-5.325149	0.011886	0.189113	0.058677	0.434018	-0.398149	9.722961	1.000000	0.000000	0.000000	0.000000	
0.416504	0.261853	-1.378349	1.253976	-0.797639	-0.508967	-0.192069	1.186837	-1.355950	0.954623	0.423633	0.252695	-1.374822	1.352960	-0.836553	-0.512355	-0.192814	1.169717	-1.444595	1.001984	0.001490	0.047175	-0.040886	-0.149779	0.195727	-0.050587	-0.019885	-0.065691	0.025591	-0.318279	-0.035156	0.035156	0.003906	-0.593750	0.132812	0.023438	0.003906	0.148438	0.593750	-0.093750	0.027396	-0.031879	-5.325149	0.011886	0.189113	0.058677	0.434018	-0.398149	9.722961	1.000000	0.000000	0.000000	0.000000	
0.416059	0.262398	-1.379498	1.252151	-0.794097	-0.508310	-0.192154	1.186624	-1.354950	0.947635	0.423652	0.253090	-1.375335	1.351769	-0.833911	-0.512279	-0.192815	1.170174	-1.444507	0.997814	0.038535	0.036124	-0.021537	-0.067322	0.201034	-0.032976	-0.000825	0.014369	-0.028848	-0.370322	-0.042969	0.035156	-0.007812	-0.593750	0.136719	0.019531	0.003906	0.148438	0.578125	-0.117188	0.027396	-0.031879	-5.325149	0.011886	0.189113	0.058677	0.434018	-0.398149	9.722961	1.000000	0.000000	0.000000	0.000000	
0.415783	0.262980	-1.380963	1.250991	-0.793174	-0.507811	-0.192336	1.186669	-1.354549	0.944422	0.423607	0.253678	-1.375970	1.350635	-0.829214	-0.512143	-0.192816	1.170507	-1.444393	0.990801	-0.006615	0.041998	-0.068457	-0.100952	0.253909	0.014151	-0.008225	0.022375	-0.006374	-0.358078	-0.042969	0.035156	-0.003906	-0.601562	0.121094	0.011719	0.003906	0.152344	0.593750	-0.125000	0.027396	-0.031879	-5.325149	0.011886	0.189113	0.058677	0.434018	-0.398149	9.722961	1.000000	0.000000	0.000000	0.000000	
0.415497	0.263641	-1.382520	1.249816	-0.792120	-0.507366	-0.192485	1.187033	-1.354129	0.942028	0.423574	0.254393	-1.377381	1.349342	-0.825755	-0.512115	-0.192816	1.170889	-1.444273	0.985981	-0.021599	0.027464	-0.052211	-0.125253	0.255707	-0.002075	-0.012455	0.023175	-0.032044	-0.332427	-0.050781	0.039062	0.000000	-0.601562	0.132812	0.027344	0.003906	0.140625	0.597656	-0.132812	0.027396	-0.031879	-5.325149	0.011886	0.189113	0.058677	0.434018	-0.398149	9.722961	1.000000	0.000000	0.000000	0.000000	
0.415118	0.264372	-1.383847	1.248437	-0.790700	-0.507120	-0.192875	1.187587	-1.353398	0.938364	0.423568	0.255013	-1.378197	1.347144	-0.822688	-0.511989	-0.192824	1.171814	-1.444152	0.981649	0.015288	0.027174	-0.036628	-0.110235	0.203542	0.034689	-0.021020	0.002318	-0.010184	-0.333351	-0.042969	0.035156	-0.007812	-0.593750	0.121094	0.023438	0.003906	0.125000	0.593750	-0.132812	0.027396	-0.031879	-5.325149	0.011886	0.189113	0.058677	0.434018	-0.398149	9.722961	1.000000	0.000000	0.000000	0.000000	
0.414682	0.265067	-1.385268	1.247212	-0.789114	-0.506623	-0.192923	1.187913	-1.352509	0.934339	0.423518	0.255637	-1.378966	1.345590	-0.819675	-0.511891	-0.192809	1.172410	-1.443692	0.977632	0.011998	0.024818	-0.069966	-0.154098	0.236711	-0.055855	0.010693	0.038618	-0.025446	-0.281099	-0.054688	0.050781	-0.003906	-0.585938	0.093750	0.035156	0.003906	0.132812	0.582031	-0.121094	0.027396	-0.031879	-5.325149	0.011886	0.189113	0.058677	0.434018	-0.398149	9.722961	1.000000	0.000000	0.000000	0.000000	
0.414387	0.265670	-1.386490	1.245371	-0.786210	-0.506244	-0.192946	1.188669	-1.351824	0.928961	0.423460	0.256126	-1.379871	1.344043	-0.815341	-0.511774	-0.192823	1.172748	-1.443381	0.970722	-0.040676	0.033889	-0.115175	-0.141037	0.156277	-0.050951	-0.015216	-0.044993	-0.009524	-0.300301	-0.054688	0.054688	-0.003906	-0.585938	0.089844	0.035156	0.000000	0.140625	0.582031	-0.109375	0.027396	-0.031879	-5.325149	0.011886	0.189113	0.058677	0.434018	-0.398149	9.722961	1.000000	0.000000	0.000000	0.000000	
0.414285	0.266590	-1.387828	1.243883	-0.782235	-0.506145	-0.193150	1.189372	-1.350839	0.921458	0.423448	0.256741	-1.381312	1.342546	-0.812608	-0.511533	-0.192825	1.172985	-1.443101	0.966068	-0.038964	0.032469	-0.063862	-0.150199	0.179640	0.036781	-0.018970	-0.060333	0.026965	-0.354566	-0.050781	0.035156	-0.011719	-0.574219	0.089844	0.019531	-0.007812	0.148438	0.597656	-0.089844	0.027396	-0.031879	-5.325149	0.011886	0.189113	0.058677	0.434018	-0.398149	9.722961	1.000000	0.000000	0.000000	0.000000	
0.414269	0.264351	-1.390814	1.243464	-0.786861	-0.505390	-0.193268	1.188387	-1.349416	0.923933	0.423445	0.257445	-1.382133	1.339630	-0.809832	-0.511290	-0.192818	1.173347	-1.442924	0.961745	-0.038793	0.035817	-0.044772	-0.116219	0.195935	0.010657	-0.006550	0.053290	-0.074075	-0.346034	-0.050781	0.039062	-0.023438	-0.574219	0.082031	0.027344	0.003906	0.148438	0.593750	-0.105469	0.028053	0.000323	-5.325502	0.007412	0.023411	-0.037836	0.156390	0.671473	9.851014	1.000000	0.000000	0.000000	0.000000	
0.413361	0.264035	-1.391801	1.243381	-0.788233	-0.505584	-0.194458	1.188575	-1.348111	0.918905	0.423445	0.257982	-1.382758	1.337714	-0.806781	-0.510927	-0.192808	1.173541	-1.442477	0.957366	-0.028307	0.048947	-0.060311	-0.126780	0.235951	0.074348	-0.001818	-0.026078	-0.014387	-0.376587	-0.054688	0.019531	-0.035156	-0.562500	0.074219	0.019531	0.000000	0.152344	0.601562	-0.109375	0.028185	0.006764	-5.325573	0.006964	0.006841	-0.047488	0.128627	0.778435	9.863819	1.000000	0.000000	0.000000	0.000000	
0.411783	0.265802	-1.391997	1.241757	-0.783948	-0.505432	-0.194454	1.189485	-1.347555	0.904729	0.423445	0.258412	-1.383755	1.335998	-0.802875	-0.510345	-0.192798	1.173604	-1.442121	0.951256	-0.034237	0.010711	-0.145616	-0.197629	0.135263	0.042331	-0.000182	0.018330	-0.008418	-0.274954	-0.054688	0.042969	-0.035156	-0.562500	0.058594	0.019531	-0.003906	0.156250	0.601562	-0.093750	0.028211	0.008052	-5.325587	0.006919	0.005184	-0.048453	0.125851	0.789131	9.865100	1.000000	0.000000	0.000000	0.000000	
0.410359	0.267459	-1.392169	1.239609	-0.778297	-0.505464	-0.194439	1.190674	-1.347661	0.889452	0.423421	0.258668	-1.385409	1.334394	-0.800930	-0.510156	-0.192812	1.173617	-1.441856	0.947247	-0.013893	0.004561	-0.073885	-0.155859	0.079829	0.004233	0.006961	0.022771	-0.025269	-0.348542	-0.066406	0.035156	-0.035156	-0.546875	0.039062	0.023438	-0.007812	0.152344	0.617188	-0.082031	0.028217	0.008309	-5.325590	0.006915	0.005018	-0.048549	0.125573	0.790201	9.865228	1.000000	0.000000	0.000000	0.000000	
0.409325	0.268065	-1.393113	1.238236	-0.776123	-0.505143	-0.194611	1.191374	-1.347356	0.879732	0.423367	0.259147	-1.386321	1.331481	-0.798554	-0.509997	-0.192815	1.174201	-1.441778	0.942471	-0.001389	0.036516	-0.126036	-0.162150	0.231319	-0.037963	-0.010936	0.099987	0.025390	-0.383817	-0.058594	0.035156	-0.027344	-0.542969	0.027344	0.023438	-0.007812	0.125000	0.628906	-0.105469	0.028218	0.008361	-5.325591	0.006915	0.005001	-0.048559	0.125546	0.790308	9.865241	1.000000	0.000000	0.000000	0.000000	
0.408923	0.268031	-1.394356	1.236925	-0.776224	-0.505133	-0.195395	1.192434	-1.346962	0.873066	0.423211	0.259841	-1.387037	1.329589	-0.795680	-0.509699	-0.192816	1.175142	-1.441787	0.936233	-0.010608	0.043201	-0.071927	-0.162780	0.246468	0.052038	-0.013889	0.093750	0.033946	-0.512972	-0.074219	0.027344	-0.027344	-0.546875	0.023438	0.019531	-0.019531	0.117188	0.625000	-0.121094	0.028218	0.008371	-5.325591	0.006914	0.005000	-0.048560	0.125543	0.790318	9.865242	1.000000	0.000000	0.000000	0.000000	
0.408342	0.267785	-1.395795	1.235568	-0.776230	-0.504888	-0.195835	1.192735	-1.345266	0.866214	0.422865	0.260731	-1.387955	1.327878	-0.790428	-0.509494	-0.192800	1.176251	-1.441789	0.926358	-0.056895	0.062481	-0.101413	-0.155863	0.143294	-0.019224	0.005590	0.033802	-0.014054	-0.501460	-0.070312	0.027344	-0.019531	-0.535156	0.019531	0.023438	-0.019531	0.121094	0.625000	-0.125000	0.028218	0.008373	-5.325591	0.006914	0.005000	-0.048560	0.125542	0.790319	9.865242	1.000000	0.000000	0.000000	0.000000	
0.407645	0.267805	-1.397140	1.234245	-0.774971	-0.504554	-0.195996	1.193658	-1.343429	0.858669	0.422626	0.261280	-1.389593	1.326106	-0.787899	-0.509380	-0.192813	1.177224	-1.441813	0.919488	-0.054544	0.017880	-0.097382	-0.158661	0.105060	-0.071715	-0.000604	0.031297	-0.074688	-0.521246	-0.074219	0.039062	-0.007812	-0.527344	0.023438	0.023438	-0.019531	0.121094	0.628906	-0.132812	0.028218	0.008374	-5.325591	0.006914	0.005000	-0.048560	0.125542	0.790319	9.865242	1.000000	0.000000	0.000000	0.000000	
0.407363	0.267808	-1.398590	1.232021	-0.774985	-0.504851	-0.196360	1.194924	-1.341892	0.852652	0.422094	0.261730	-1.390720	1.322359	-0.785939	-0.509333	-0.192815	1.179454	-1.441843	0.913195	-0.085716	0.023889	-0.121406	-0.281078	0.090768	0.017256	-0.002387	0.079902	-0.059813	-0.488329	-0.066406	0.035156	-0.011719	-0.496094	0.011719	0.023438	-0.027344	0.085938	0.640625	-0.136719	0.028218	0.008374	-5.325591	0.006914	0.005000	-0.048560	0.125542	0.790319	9.865242	1.000000	0.000000	0.000000	0.000000	
0.407041	0.268418	-1.399618	1.228441	-0.774691	-0.505449	-0.196604	1.196745	-1.341092	0.846597	0.421212	0.261965	-1.392133	1.319719	-0.784142	-0.509324	-0.192832	1.180966	-1.441824	0.906968	-0.085344	0.022163	-0.113340	-0.202589	0.152152	0.012194	-0.013034	0.081272	0.011467	-0.464099	-0.058594	0.039062	0.000000	-0.500000	0.007812	0.035156	-0.027344	0.093750	0.648438	-0.164062	0.028218	0.008374	-5.325591	0.006914	0.005000	-0.048560	0.125542	0.790319	9.865242	1.000000	0.000000	0.000000	0.000000	
0.406336	0.268869	-1.401165	1.226643	-0.774783	-0.505215	-0.196840	1.197756	-1.339636	0.840497	0.420333	0.262133	-1.393918	1.316938	-0.780705	-0.509395	-0.192835	1.182190	-1.441821	0.898404	-0.022493	-0.007089	-0.133471	-0.184272	0.144332	-0.033677	0.004513	0.036044	-0.051198	-0.381415	-0.058594	0.050781	0.000000	-0.480469	-0.007812	0.023438	-0.027344	0.093750	0.660156	-0.164062	0.028218	0.008374	-5.325591	0.006914	0.005000	-0.048560	0.125542	0.790319	9.865242	1.000000	0.000000	0.000000	0.000000	
0.405824	0.269061	-1.403091	1.225716	-0.774928	-0.504925	-0.197087	1.199111	-1.338275	0.835745	0.419793	0.262247	-1.396771	1.314200	-0.778733	-0.509457	-0.192860	1.183646	-1.441795	0.892814	-0.033656	-0.010015	-0.128505	-0.238274	0.154018	-0.055712	-0.016997	0.097825	-0.040016	-0.491794	-0.074219	0.054688	0.019531	-0.484375	-0.019531	0.023438	-0.039062	0.089844	0.664062	-0.152344	0.028218	0.008374	-5.325591	0.006914	0.005000	-0.048560	0.125542	0.790319	9.865242	1.000000	0.000000	0.000000	0.000000	
0.405581	0.269543	-1.404371	1.223250	-0.774691	-0.505309	-0.197753	1.200803	-1.337752	0.830284	0.419467	0.262351	-1.398214	1.310624	-0.777297	-0.509446	-0.192849	1.185464	-1.441718	0.887697	-0.027793	0.008304	-0.114050	-0.201799	0.060767	0.001408	0.020401	0.044679	0.051833	-0.436529	-0.074219	0.058594	0.000000	-0.500000	-0.019531	0.023438	-0.039062	0.089844	0.667969	-0.175781	0.028218	0.008374	-5.325591	0.006914	0.005000	-0.048560	0.125542	0.790319	9.865242	1.000000	0.000000	0.000000	0.000000	
0.405111	0.270323	-1.405654	1.220447	-0.773876	-0.505823	-0.197647	1.201408	-1.336376	0.824747	0.419039	0.262436	-1.399375	1.308866	-0.775991	-0.509468	-0.192855	1.186748	-1.441751	0.882821	-0.055124	0.000830	-0.105625	-0.100441	0.096807	-0.034756	0.005530	0.084729	-0.001796	-0.361209	-0.074219	0.058594	0.000000	-0.511719	-0.035156	0.023438	-0.039062	0.093750	0.691406	-0.171875	0.028218	0.008374	-5.325591	0.006914	0.005000	-0.048560	0.125542	0.790319	9.865242	1.000000	0.000000	0.000000	0.000000	
0.404668	0.270773	-1.407367	1.218730	-0.772545	-0.506017	-0.197506	1.201840	-1.334995	0.819327	0.418638	0.262567	-1.400650	1.307424	-0.773283	-0.509448	-0.192872	1.187950	-1.441757	0.875836	-0.068326	-0.006896	-0.178065	-0.163588	0.121349	0.010483	-0.000610	-0.022934	0.003310	-0.322271	-0.070312	0.058594	0.003906	-0.511719	-0.042969	0.023438	-0.042969	0.105469	0.695312	-0.191406	0.028218	0.008374	-5.325591	0.006914	0.005000	-0.048560	0.125542	0.790319	9.865242	1.000000	0.000000	0.000000	0.000000	
0.404222	0.271359	-1.409061	1.217077	-0.771355	-0.506207	-0.197404	1.202606	-1.334623	0.815732	0.418388	0.262795	-1.402722	1.305706	-0.771529	-0.509468	-0.192876	1.188821	-1.441831	0.871143	-0.076625	0.006290	-0.167861	-0.152454	0.190106	-0.026869	-0.003551	0.025624	-0.045034	-0.286970	-0.082031	0.050781	0.011719	-0.515625	-0.058594	0.023438	-0.050781	0.101562	0.707031	-0.203125	0.028218	0.008374	-5.325591	0.006914	0.005000	-0.048560	0.125542	0.790319	9.865242	1.000000	0.000000	0.000000	0.000000	
0.403895	0.271355	-1.410819	1.216058	-0.771585	-0.506200	-0.197962	1.204094	-1.334370	0.813458	0.417902	0.263220	-1.404348	1.302697	-0.770088	-0.509472	-0.192860	1.190013	-1.441846	0.867175	-0.056517	0.040178	-0.124965	-0.207175	0.053907	-0.037583	0.004298	0.044438	-0.046379	-0.360212	-0.070312	0.050781	0.011719	-0.492188	-0.039062	0.035156	-0.050781	0.093750	0.707031	-0.207031	0.028218	0.008374	-5.325591	0.006914	0.005000	-0.048560	0.125542	0.790319	9.865242	1.000000	0.000000	0.000000	0.000000	
0.403491	0.271914	-1.411625	1.213840	-0.771214	-0.506739	-0.198440	1.206203	-1.334406	0.809743	0.417223	0.263466	-1.405667	1.300350	-0.768952	-0.509473	-0.192849	1.190881	-1.441825	0.862916	-0.051017	0.016813	-0.085779	-0.167282	0.061225	-0.028186	0.000430	0.077726	0.079113	-0.353578	-0.058594	0.058594	-0.003906	-0.484375	-0.050781	0.035156	-0.039062	0.101562	0.710938	-0.199219	0.028218	0.008374	-5.325591	0.006914	0.005000	-0.048560	0.125542	0.790319	9.865242	1.000000	0.000000	0.000000	0.000000	
0.403165	0.272132	-1.412888	1.212109	-0.770684	-0.507145	-0.198524	1.206919	-1.332428	0.803926	0.416675	0.263694	-1.406779	1.297724	-0.766568	-0.509473	-0.192855	1.191782	-1.441845	0.857387	0.012346	0.023782	-0.067902	-0.247044	0.086384	0.000671	0.005859	0.119441	0.000932	-0.307549	-0.070312	0.066406	-0.007812	-0.453125	-0.058594	0.023438	-0.050781	0.105469	0.714844	-0.191406	0.028218	0.008374	-5.325591	0.006914	0.005000	-0.048560	0.125542	0.790319	9.865242	1.000000	0.000000	0.000000	0.000000	
0.402746	0.272182	-1.414210	1.210362	-0.771197	-0.507409	-0.198399	1.207814	-1.330685	0.798344	0.416299	0.263909	-1.408964	1.295018	-0.765485	-0.509521	-0.192864	1.192956	-1.441849	0.853616	-0.037151	0.022153	-0.121948	-0.293406	0.043535	-0.020871	-0.008720	0.071268	-0.031313	-0.316905	-0.074219	0.070312	0.003906	-0.445312	-0.050781	0.007812	-0.042969	0.125000	0.710938	-0.187500	0.028218	0.008374	-5.325591	0.006914	0.005000	-0.048560	0.125542	0.790319	9.865242	1.000000	0.000000	0.000000	0.000000	
0.402059	0.272692	-1.415026	1.208420	-0.772011	-0.507649	-0.198835	1.209555	-1.330002	0.793488	0.415982	0.264145	-1.410250	1.289969	-0.764517	-0.509628	-0.192866	1.193796	-1.441728	0.850341	-0.031632	0.021990	-0.130842	-0.196843	0.074146	-0.030004	-0.000872	0.090878	0.056192	-0.282944	-0.070312	0.066406	0.003906	-0.429688	-0.070312	0.019531	-0.050781	0.109375	0.726562	-0.207031	0.028218	0.008374	-5.325591	0.006914	0.005000	-0.048560	0.125542	0.790319	9.865242	1.000000	0.000000	0.000000	0.000000	
0.401681	0.272814	-1.416709	1.207076	-0.773922	-0.507890	-0.198973	1.210091	-1.328682	0.791083	0.415797	0.264419	-1.411573	1.286924	-0.763718	-0.509722	-0.192866	1.194643	-1.441583	0.846875	-0.048528	0.009178	-0.089856	-0.190676	0.031842	-0.003000	-0.000087	0.057943	-0.071153	-0.286527	-0.074219	0.050781	0.011719	-0.429688	-0.070312	0.023438	-0.050781	0.101562	0.730469	-0.218750	0.028218	0.008374	-5.325591	0.006914	0.005000	-0.048560	0.125542	0.790319	9.865242	1.000000	0.000000	0.000000	0.000000	
0.401217	0.272713	-1.418324	1.205751	-0.776027	-0.508226	-0.199102	1.210659	-1.327091	0.789075	0.415469	0.264643	-1.413025	1.284546	-0.762565	-0.509838	-0.192882	1.195903	-1.441409	0.841384	-0.039749	0.012550	-0.106695	-0.127246	0.034591	-0.010769	-0.012804	0.068608	-0.066439	-0.286886	-0.074219	0.066406	0.011719	-0.445312	-0.070312	0.023438	-0.050781	0.105469	0.730469	-0.214844	0.028218	0.008374	-5.325591	0.006914	0.005000	-0.048560	0.125542	0.790319	9.865242	1.000000	0.000000	0.000000	0.000000	
0.400872	0.272751	-1.419957	1.204878	-0.776619	-0.508409	-0.199282	1.211959	-1.326001	0.785381	0.415210	0.264737	-1.414745	1.282737	-0.762310	-0.509934	-0.192878	1.197512	-1.441204	0.837741	-0.038871	-0.006887	-0.115359	-0.243040	0.017418	0.005902	-0.001280	0.034778	0.024763	-0.304370	-0.082031	0.066406	0.003906	-0.449219	-0.082031	0.019531	-0.066406	0.101562	0.742188	-0.207031	0.028218	0.008374	-5.325591	0.006914	0.005000	-0.048560	0.125542	0.790319	9.865242	1.000000	0.000000	0.000000	0.000000	
0.400542	0.272837	-1.421311	1.202730	-0.777448	-0.509004	-0.199286	1.212829	-1.324855	0.781467	0.415012	0.264844	-1.415816	1.280437	-0.762234	-0.510026	-0.192885	1.198609	-1.441163	0.834444	-0.038783	-0.009994	-0.109246	-0.195296	0.001742	-0.034306	-0.004781	0.069781	-0.077785	-0.232836	-0.074219	0.070312	0.000000	-0.464844	-0.085938	0.011719	-0.066406	0.093750	0.757812	-0.203125	0.028218	0.008374	-5.325591	0.006914	0.005000	-0.048560	0.125542	0.790319	9.865242	1.000000	0.000000	0.000000	0.000000	
0.400204	0.272974	-1.422786	1.201224	-0.778453	-0.509508	-0.199383	1.214084	-1.324054	0.777672	0.414682	0.264938	-1.416733	1.279201	-0.762074	-0.510044	-0.192886	1.199652	-1.441058	0.831264	-0.084140	0.007143	-0.101655	-0.180053	0.003664	0.017507	-0.008621	0.034895	-0.053144	-0.305944	-0.085938	0.070312	-0.003906	-0.453125	-0.101562	0.019531	-0.066406	0.089844	0.761719	-0.218750	0.028218	0.008374	-5.325591	0.006914	0.005000	-0.048560	0.125542	0.790319	9.865242	1.000000	0.000000	0.000000	0.000000	
0.399856	0.273490	-1.423801	1.199510	-0.777615	-0.510076	-0.199330	1.215692	-1.323695	0.772031	0.414325	0.264998	-1.417522	1.277767	-0.761654	-0.510193	-0.192886	1.200443	-1.440940	0.825854	-0.109613	-0.005102	-0.052041	-0.147122	-0.034530	-0.057573	-0.007841	-0.003490	0.029582	-0.267889	-0.082031	0.074219	-0.007812	-0.445312	-0.109375	0.007812	-0.058594	0.101562	0.773438	-0.191406	0.028218	0.008374	-5.325591	0.006914	0.005000	-0.048560	0.125542	0.790319	9.865242	1.000000	0.000000	0.000000	0.000000	
0.399490	0.273641	-1.425242	1.198542	-0.777039	-0.510513	-0.199084	1.216335	-1.322691	0.767633	0.414036	0.265042	-1.419086	1.276268	-0.761449	-0.510368	-0.192895	1.201813	-1.440941	0.822494	-0.052837	0.006469	-0.095935	-0.136849	0.024464	-0.019716	-0.020559	0.041527	-0.042407	-0.246636	-0.089844	0.085938	0.003906	-0.445312	-0.109375	0.011719	-0.058594	0.093750	0.761719	-0.207031	0.028218	0.008374	-5.325591	0.006914	0.005000	-0.048560	0.125542	0.790319	9.865242	1.000000	0.000000	0.000000	0.000000	
0.398934	0.273596	-1.426876	1.198008	-0.779124	-0.510553	-0.199437	1.217440	-1.322744	0.767112	0.413590	0.265091	-1.420586	1.272915	-0.761214	-0.510597	-0.192896	1.203128	-1.440675	0.819205	-0.040180	0.008789	-0.142200	-0.146291	-0.028960	-0.064785	-0.011362	0.115821	0.013207	-0.331751	-0.082031	0.085938	0.007812	-0.433594	-0.117188	0.011719	-0.066406	0.082031	0.765625	-0.214844	0.028218	0.008374	-5.325591	0.006914	0.005000	-0.048560	0.125542	0.790319	9.865242	1.000000	0.000000	0.000000	0.000000	
0.398350	0.273816	-1.428352	1.197219	-0.780990	-0.510853	-0.199979	1.218997	-1.322916	0.766366	0.413283	0.265133	-1.421734	1.270742	-0.760004	-0.510837	-0.192896	1.204361	-1.440258	0.815760	-0.066831	0.003205	-0.101461	-0.175152	0.035490	-0.072782	-0.009279	0.056947	0.085072	-0.242553	-0.074219	0.085938	0.000000	-0.417969	-0.140625	0.011719	-0.058594	0.085938	0.761719	-0.218750	0.028218	0.008374	-5.325591	0.006914	0.005000	-0.048560	0.125542	0.790319	9.865242	1.000000	0.000000	0.000000	0.000000	
0.397960	0.273941	-1.429829	1.196040	-0.780492	-0.511476	-0.199865	1.220006	-1.321694	0.762314	0.412834	0.265174	-1.423854	1.268926	-0.759301	-0.511176	-0.192905	1.205674	-1.439690	0.810540	-0.052048	0.008463	-0.065980	-0.188507	0.073342	-0.084050	0.003725	0.071998	0.053872	-0.251081	-0.082031	0.074219	0.011719	-0.414062	-0.132812	0.007812	-0.058594	0.082031	0.757812	-0.203125	0.028218	0.008374	-5.325591	0.006914	0.005000	-0.048560	0.125542	0.790319	9.865242	1.000000	0.000000	0.000000	0.000000	
0.397624	0.274017	-1.431249	1.195118	-0.780922	-0.512163	-0.199837	1.220784	-1.319887	0.757294	0.412477	0.265190	-1.425247	1.267133	-0.759088	-0.511680	-0.192930	1.207366	-1.439043	0.807436	-0.033122	-0.003807	-0.065922	-0.256146	-0.027562	-0.039812	-0.012423	0.087461	-0.036488	-0.237976	-0.082031	0.074219	0.000000	-0.398438	-0.140625	0.027344	-0.066406	0.058594	0.746094	-0.203125	0.028218	0.008374	-5.325591	0.006914	0.005000	-0.048560	0.125542	0.790319	9.865242	1.000000	0.000000	0.000000	0.000000	
0.397025	0.274498	-1.431620	1.193151	-0.782598	-0.513145	-0.200500	1.222655	-1.319758	0.753269	0.412164	0.265226	-1.426204	1.264520	-0.758803	-0.512289	-0.192936	1.209813	-1.438284	0.804731	-0.048677	-0.012013	-0.069406	-0.081449	-0.002756	-0.087732	-0.012874	0.106456	0.066144	-0.205258	-0.082031	0.082031	-0.007812	-0.414062	-0.152344	0.023438	-0.066406	0.050781	0.757812	-0.203125	0.028218	0.008374	-5.325591	0.006914	0.005000	-0.048560	0.125542	0.790319	9.865242	1.000000	0.000000	0.000000	0.000000	
0.396448	0.274480	-1.433264	1.192924	-0.785207	-0.513296	-0.200970	1.223329	-1.319572	0.753361	0.411859	0.265265	-1.427196	1.262883	-0.758552	-0.512605	-0.192937	1.211538	-1.437187	0.802033	-0.025806	0.003452	-0.156995	-0.126792	-0.024703	-0.043670	-0.012920	0.101376	-0.000365	-0.236883	-0.085938	0.089844	-0.003906	-0.402344	-0.152344	0.007812	-0.058594	0.050781	0.757812	-0.214844	0.028218	0.008374	-5.325591	0.006914	0.005000	-0.048560	0.125542	0.790319	9.865242	1.000000	0.000000	0.000000	0.000000	
0.395983	0.274495	-1.434781	1.192448	-0.787192	-0.513771	-0.201484	1.224304	-1.318835	0.752134	0.411580	0.265354	-1.428775	1.261393	-0.758405	-0.513007	-0.192961	1.212925	-1.436604	0.797422	0.018357	0.010814	-0.008720	-0.152265	-0.054815	-0.007857	-0.025719	0.072951	0.010432	-0.194680	-0.085938	0.085938	-0.003906	-0.414062	-0.164062	0.003906	-0.070312	0.058594	0.761719	-0.203125	0.028218	0.008374	-5.325591	0.006914	0.005000	-0.048560	0.125542	0.790319	9.865242	1.000000	0.000000	0.000000	0.000000	
0.395702	0.274513	-1.435663	1.190442	-0.786928	-0.514736	-0.201400	1.225418	-1.317929	0.747852	0.411209	0.265541	-1.429552	1.260198	-0.758521	-0.513306	-0.192958	1.214051	-1.436002	0.795046	-0.033061	0.015040	-0.028789	-0.126895	-0.012461	-0.046151	-0.000246	0.042191	0.046408	-0.197439	-0.089844	0.070312	-0.023438	-0.410156	-0.167969	0.011719	-0.082031	0.066406	0.746094	-0.234375	0.028218	0.008374	-5.325591	0.006914	0.005000	-0.048560	0.125542	0.790319	9.865242	1.000000	0.000000	0.000000	0.000000	
0.395434	0.274712	-1.436171	1.188751	-0.785065	-0.515575	-0.201397	1.226446	-1.316978	0.740966	0.410650	0.265853	-1.430143	1.257996	-0.758593	-0.513511	-0.192990	1.215778	-1.435155	0.793165	-0.090547	0.035237	-0.058713	-0.072013	-0.001246	-0.056960	-0.023289	0.004219	0.081413	-0.145371	-0.085938	0.066406	-0.027344	-0.398438	-0.183594	0.003906	-0.085938	0.058594	0.742188	-0.222656	0.028218	0.008374	-5.325591	0.006914	0.005000	-0.048560	0.125542	0.790319	9.865242	1.000000	0.000000	0.000000	0.000000	
0.395007	0.274674	-1.437191	1.188291	-0.784282	-0.515932	-0.201721	1.227368	-1.315957	0.735837	0.410272	0.266142	-1.430576	1.256659	-0.758559	-0.513819	-0.192988	1.216754	-1.433580	0.791262	0.011883	0.013993	-0.040768	-0.136318	-0.007104	-0.040592	0.002324	0.024849	0.056996	-0.209957	-0.085938	0.070312	-0.042969	-0.410156	-0.183594	0.000000	-0.082031	0.066406	0.742188	-0.222656	0.028218	0.008374	-5.325591	0.006914	0.005000	-0.048560	0.125542	0.790319	9.865242	1.000000	0.000000	0.000000	0.000000	
0.394599	0.274790	-1.438015	1.186502	-0.785729	-0.516802	-0.201873	1.228539	-1.316043	0.732838	0.409493	0.266393	-1.431123	1.255519	-0.758431	-0.514220	-0.192996	1.217555	-1.432708	0.787295	-0.075584	-0.003254	-0.031994	-0.160196	-0.000710	0.023858	-0.016053	0.044361	0.016169	-0.240843	-0.070312	0.066406	-0.035156	-0.410156	-0.175781	0.003906	-0.082031	0.058594	0.750000	-0.218750	0.028218	0.008374	-5.325591	0.006914	0.005000	-0.048560	0.125542	0.790319	9.865242	1.000000	0.000000	0.000000	0.000000	
0.393992	0.274690	-1.439031	1.185291	-0.788465	-0.517202	-0.202138	1.229392	-1.316508	0.732221	0.408732	0.266549	-1.431936	1.254443	-0.758260	-0.514760	-0.192997	1.218515	-1.432121	0.784006	-0.035475	0.014796	-0.072992	-0.040447	-0.034967	-0.046469	0.003048	0.067249	-0.047238	-0.222993	-0.074219	0.066406	-0.023438	-0.398438	-0.171875	0.003906	-0.082031	0.058594	0.761719	-0.222656	0.028218	0.008374	-5.325591	0.006914	0.005000	-0.048560	0.125542	0.790319	9.865242	1.000000	0.000000	0.000000	0.000000	
0.393369	0.274788	-1.440199	1.185151	-0.790726	-0.517467	-0.202485	1.230969	-1.317350	0.731976	0.408143	0.266830	-1.432655	1.252798	-0.758129	-0.515523	-0.193014	1.220573	-1.431519	0.780682	-0.066361	0.010785	-0.031727	-0.122692	-0.027924	-0.022095	-0.017143	0.027663	0.023193	-0.266574	-0.074219	0.054688	-0.039062	-0.414062	-0.187500	0.003906	-0.085938	0.039062	0.746094	-0.207031	0.028218	0.008374	-5.325591	0.006914	0.005000	-0.048560	0.125542	0.790319	9.865242	1.000000	0.000000	0.000000	0.000000	
0.391982	0.272980	-1.445527	1.190825	-0.819294	-0.516732	-0.206234	1.234900	-1.328764	0.781968	0.407589	0.267153	-1.433333	1.251693	-0.758199	-0.515966	-0.193017	1.222196	-1.430502	0.777570	-0.072939	0.002242	-0.069476	-0.123937	-0.065606	-0.085961	-0.002878	0.152820	0.058153	-0.215098	-0.074219	0.058594	-0.035156	-0.402344	-0.199219	0.003906	-0.085938	0.039062	0.738281	-0.218750	0.021753	-0.104275	-5.330224	-0.000196	-0.250504	-0.087948	0.062054	-1.363988	9.694146	1.000000	0.000000	0.000000	0.000000	
0.390426	0.270463	-1.453173	1.199537	-0.856000	-0.515288	-0.209415	1.237022	-1.333873	0.847248	0.407091	0.267379	-1.434461	1.250625	-0.758335	-0.516588	-0.193034	1.223902	-1.429863	0.773724	-0.045680	0.016509	-0.080230	-0.131041	-0.013540	-0.050472	0.000875	0.168826	-0.025591	-0.192502	-0.074219	0.070312	-0.035156	-0.394531	-0.207031	0.011719	-0.085938	0.019531	0.730469	-0.214844	0.020460	-0.126804	-5.331150	-0.000907	-0.276054	-0.091887	0.055705	-1.579419	9.677036	1.000000	0.000000	0.000000	0.000000	
0.390490	0.268742	-1.458064	1.202072	-0.893819	-0.516864	-0.210817	1.238641	-1.339643	0.913266	0.406506	0.267408	-1.435705	1.250047	-0.761294	-0.517124	-0.193279	1.226521	-1.429638	0.775912	-0.039464	-0.011144	-0.116202	-0.058469	-0.409641	-0.074840	-0.027830	0.055269	0.074213	0.399506	-0.082031	0.054688	-0.058594	-0.355469	-0.250000	0.019531	-0.105469	0.035156	0.640625	-0.109375	0.020202	-0.131310	-5.331336	-0.000978	-0.278609	-0.092281	0.055070	-1.600962	9.675325	1.000000	0.000000	0.000000	0.000000	
0.393495	0.265912	-1.457439	1.196751	-0.919875	-0.522865	-0.209264	1.237916	-1.342865	0.958950	0.405396	0.267341	-1.437044	1.250029	-0.768502	-0.517449	-0.193959	1.227409	-1.427945	0.786939	-0.101656	0.004702	-0.004641	-0.005847	-0.801704	0.020433	-0.059780	-0.015411	0.153986	0.992620	-0.058594	0.023438	-0.136719	-0.347656	-0.312500	0.019531	-0.085938	0.101562	0.542969	0.007812	0.020150	-0.132211	-5.331373	-0.000985	-0.278865	-0.092320	0.055007	-1.603117	9.675155	1.000000	0.000000	0.000000	0.000000	
0.396727	0.261263	-1.454612	1.193488	-0.941299	-0.527901	-0.208183	1.234403	-1.340537	0.984320	0.404665	0.267280	-1.438282	1.250122	-0.785937	-0.517611	-0.194813	1.227368	-1.426976	0.803927	-0.069489	-0.006509	-0.108643	0.006395	-0.973516	-0.050301	-0.039711	-0.015500	0.053785	1.502094	-0.074219	0.011719	-0.152344	-0.320312	-0.367188	0.007812	-0.105469	0.132812	0.535156	0.164062	0.020140	-0.132392	-5.331380	-0.000986	-0.278890	-0.092324	0.055000	-1.603332	9.675138	1.000000	0.000000	0.000000	0.000000	
0.399541	0.255449	-1.450906	1.195285	-0.958771	-0.530647	-0.207869	1.231437	-1.338280	0.998329	0.404349	0.267130	-1.439983	1.250601	-0.800596	-0.517935	-0.195477	1.227117	-1.425280	0.834103	-0.003459	-0.026242	-0.101595	0.018088	-1.154710	-0.060864	-0.042357	0.008919	0.190329	1.563511	-0.066406	0.003906	-0.136719	-0.347656	-0.382812	-0.019531	-0.085938	0.105469	0.464844	0.246094	0.020138	-0.132428	-5.331381	-0.000986	-0.278893	-0.092325	0.055000	-1.603354	9.675136	1.000000	0.000000	0.000000	0.000000	
0.401576	0.250316	-1.447023	1.198259	-0.972318	-0.531932	-0.206608	1.228999	-1.338252	1.009918	0.404383	0.266535	-1.440638	1.250697	-0.815984	-0.518872	-0.195852	1.226534	-1.423245	0.856447	-0.000346	-0.080559	-0.059014	0.026236	-1.305436	-0.156141	-0.028663	-0.034004	0.165597	1.597569	-0.042969	0.007812	-0.125000	-0.363281	-0.378906	-0.035156	-0.105469	0.089844	0.476562	0.281250	0.020137	-0.132435	-5.331382	-0.000986	-0.278893	-0.092325	0.055000	-1.603356	9.675136	1.000000	0.000000	0.000000	0.000000	
0.403508	0.245839	-1.443081	1.202650	-0.981951	-0.533234	-0.204237	1.227052	-1.338710	1.022437	0.404511	0.265171	-1.440769	1.250546	-0.832802	-0.520343	-0.196000	1.225666	-1.418475	0.877007	-0.073317	-0.133683	0.004567	0.023561	-1.383322	-0.127282	-0.000540	-0.055745	0.222448	1.600975	-0.027344	0.027344	-0.093750	-0.367188	-0.328125	-0.042969	-0.105469	0.074219	0.445312	0.257812	0.020137	-0.132436	-5.331382	-0.000986	-0.278893	-0.092325	0.055000	-1.603356	9.675136	1.000000	0.000000	0.000000	0.000000	
0.405459	0.241193	-1.439923	1.207858	-0.991120	-0.534895	-0.202111	1.226193	-1.339134	1.038628	0.404754	0.263477	-1.440650	1.250322	-0.861320	-0.521025	-0.196029	1.224766	-1.415316	0.895853	0.055482	-0.098283	-0.003033	-0.067437	-1.171263	-0.086011	0.002272	-0.103284	0.179278	1.343083	-0.023438	-0.023438	-0.058594	-0.328125	-0.296875	-0.042969	-0.101562	0.066406	0.445312	0.257812	0.020137	-0.132437	-5.331382	-0.000986	-0.278893	-0.092325	0.055000	-1.603356	9.675136	1.000000	0.000000	0.000000	0.000000	
0.406988	0.237314	-1.436625	1.212125	-1.001923	-0.536992	-0.200454	1.227262	-1.340654	1.058668	0.405070	0.261700	-1.439584	1.250326	-0.878510	-0.521719	-0.195963	1.223786	-1.412891	0.922693	0.026486	-0.122660	0.059020	-0.059088	-1.191933	-0.043497	-0.002099	-0.101059	0.195899	1.045102	-0.011719	-0.050781	-0.074219	-0.312500	-0.273438	-0.058594	-0.074219	0.058594	0.417969	0.257812	0.020137	-0.132437	-5.331382	-0.000986	-0.278893	-0.092325	0.055000	-1.603356	9.675136	1.000000	0.000000	0.000000	0.000000	
0.408124	0.234205	-1.432960	1.216138	-1.010276	-0.539226	-0.198529	1.228372	-1.342541	1.079698	0.405496	0.259794	-1.437505	1.250860	-0.892805	-0.522633	-0.195844	1.220561	-1.410976	0.938457	0.027076	-0.132077	0.141998	0.008050	-1.134676	-0.081122	-0.002536	-0.195056	0.131258	1.050201	-0.007812	-0.054688	-0.074219	-0.304688	-0.273438	-0.050781	-0.058594	0.132812	0.437500	0.273438	0.020137	-0.132437	-5.331382	-0.000986	-0.278893	-0.092325	0.055000	-1.603356	9.675136	1.000000	0.000000	0.000000	0.000000	
0.408963	0.231757	-1.429167	1.221492	-1.017629	-0.540721	-0.196345	1.228021	-1.343966	1.098951	0.406139	0.257385	-1.434957	1.253850	-0.905624	-0.524367	-0.195716	1.218001	-1.409721	0.953436	-0.004272	-0.177220	0.248005	0.140390	-0.964938	-0.116291	-0.000254	-0.221904	0.027084	1.106545	-0.003906	-0.054688	-0.093750	-0.339844	-0.285156	-0.039062	-0.042969	0.171875	0.421875	0.300781	0.020137	-0.132437	-5.331382	-0.000986	-0.278893	-0.092325	0.055000	-1.603356	9.675136	1.000000	0.000000	0.000000	0.000000	
0.409511	0.228609	-1.424733	1.228251	-1.028070	-0.540973	-0.195761	1.227591	-1.345099	1.120843	0.406801	0.255886	-1.432436	1.256411	-0.923964	-0.526023	-0.195488	1.215551	-1.409082	0.968088	0.100772	-0.159634	0.153917	0.118728	-0.815358	-0.102360	0.025565	-0.168755	0.006198	1.147075	-0.011719	-0.042969	-0.058594	-0.328125	-0.281250	-0.042969	-0.035156	0.199219	0.429688	0.328125	0.020137	-0.132437	-5.331382	-0.000986	-0.278893	-0.092325	0.055000	-1.603356	9.675136	1.000000	0.000000	0.000000	0.000000	
0.409414	0.225636	-1.418982	1.233271	-1.040726	-0.540718	-0.195654	1.227874	-1.347828	1.145650	0.408217	0.253776	-1.428805	1.258887	-0.934950	-0.528268	-0.195119	1.213025	-1.408421	0.991907	0.055442	-0.155549	0.130550	0.189844	-0.782952	-0.184718	0.014189	-0.187868	0.091350	1.091805	-0.023438	-0.058594	-0.054688	-0.312500	-0.273438	-0.035156	-0.035156	0.218750	0.394531	0.296875	0.020137	-0.132437	-5.331382	-0.000986	-0.278893	-0.092325	0.055000	-1.603356	9.675136	1.000000	0.000000	0.000000	0.000000	
0.409353	0.222517	-1.413381	1.237077	-1.053554	-0.539724	-0.195375	1.226601	-1.352260	1.168857	0.409543	0.251303	-1.426068	1.261805	-0.944878	-0.530147	-0.194634	1.209418	-1.407974	1.008255	0.050909	-0.170262	0.089827	0.228362	-0.765753	-0.102223	0.024683	-0.210717	0.040542	1.246801	-0.011719	-0.050781	-0.039062	-0.300781	-0.281250	-0.023438	-0.035156	0.234375	0.382812	0.347656	0.020137	-0.132437	-5.331382	-0.000986	-0.278893	-0.092325	0.055000	-1.603356	9.675136	1.000000	0.000000	0.000000	0.000000	
0.409306	0.220653	-1.409530	1.240231	-1.070224	-0.537815	-0.192915	1.221004	-1.358656	1.185991	0.410729	0.248490	-1.423485	1.267793	-0.954836	-0.532195	-0.194334	1.207412	-1.407521	1.024586	0.057435	-0.196161	0.256747	0.291538	-0.847784	-0.093973	-0.001021	-0.171126	0.052909	1.398396	-0.027344	-0.050781	-0.023438	-0.335938	-0.273438	-0.007812	-0.011719	0.257812	0.371094	0.335938	0.020137	-0.132437	-5.331382	-0.000986	-0.278893	-0.092325	0.055000	-1.603356	9.675136	1.000000	0.000000	0.000000	0.000000	
0.409482	0.218240	-1.406359	1.241452	-1.089579	-0.535487	-0.190628	1.212696	-1.368733	1.195591	0.411911	0.245754	-1.420836	1.272092	-0.971199	-0.533041	-0.194210	1.205048	-1.407503	1.042393	0.044130	-0.140590	0.130364	0.336241	-0.866456	-0.026846	-0.005918	-0.268366	0.036698	1.476369	-0.027344	-0.085938	0.003906	-0.328125	-0.250000	-0.023438	-0.007812	0.289062	0.363281	0.320312	0.020137	-0.132437	-5.331382	-0.000986	-0.278893	-0.092325	0.055000	-1.603356	9.675136	1.000000	0.000000	0.000000	0.000000	
0.410376	0.216283	-1.405559	1.243345	-1.110790	-0.532552	-0.188468	1.202329	-1.378900	1.195421	0.412559	0.243745	-1.416065	1.276127	-0.983195	-0.533452	-0.193951	1.202079	-1.407621	1.071399	-0.040952	-0.107116	0.177049	0.284878	-0.910199	-0.082946	0.021509	-0.323455	-0.031227	1.187547	-0.027344	-0.117188	-0.023438	-0.339844	-0.250000	-0.011719	0.000000	0.269531	0.320312	0.281250	0.020137	-0.132437	-5.331382	-0.000986	-0.278893	-0.092325	0.055000	-1.603356	9.675136	1.000000	0.000000	0.000000	0.000000	
0.411718	0.215427	-1.406105	1.245605	-1.133784	-0.529908	-0.185894	1.190379	-1.386355	1.190178	0.412738	0.241695	-1.412397	1.280084	-0.995797	-0.533607	-0.193624	1.196518	-1.409098	1.089317	-0.014564	-0.151460	0.265469	0.265783	-1.061138	-0.053660	0.011457	-0.245213	-0.174115	1.165645	-0.007812	-0.089844	-0.023438	-0.347656	-0.238281	0.000000	0.007812	0.265625	0.320312	0.281250	0.020137	-0.132437	-5.331382	-0.000986	-0.278893	-0.092325	0.055000	-1.603356	9.675136	1.000000	0.000000	0.000000	0.000000	
0.414030	0.214055	-1.406032	1.247733	-1.154081	-0.528697	-0.183218	1.179542	-1.390933	1.190164	0.412846	0.239233	-1.409022	1.286158	-1.009246	-0.533590	-0.193163	1.191673	-1.413368	1.102643	0.050888	-0.186138	0.204518	0.274342	-1.132066	-0.012345	-0.019792	-0.321140	-0.254707	0.922670	-0.003906	-0.054688	-0.042969	-0.371094	-0.273438	0.007812	0.023438	0.230469	0.316406	0.281250	0.020137	-0.132437	-5.331382	-0.000986	-0.278893	-0.092325	0.055000	-1.603356	9.675136	1.000000	0.000000	0.000000	0.000000	
0.417478	0.211429	-1.403430	1.250950	-1.162470	-0.528822	-0.182595	1.173734	-1.392627	1.197374	0.412892	0.237699	-1.406093	1.289167	-1.032365	-0.533707	-0.192805	1.186488	-1.416936	1.113135	0.005089	-0.181463	0.177485	0.097227	-1.153117	-0.102434	0.008490	-0.402015	-0.259276	0.804152	-0.007812	-0.035156	-0.070312	-0.332031	-0.265625	0.027344	0.058594	0.167969	0.296875	0.218750	0.020137	-0.132437	-5.331382	-0.000986	-0.278893	-0.092325	0.055000	-1.603356	9.675136	1.000000	0.000000	0.000000	0.000000	
0.421723	0.209224	-1.398988	1.254136	-1.163171	-0.530338	-0.183296	1.170349	-1.392850	1.209344	0.413313	0.235171	-1.400394	1.291537	-1.048161	-0.533804	-0.192547	1.181379	-1.420510	1.128659	0.017957	-0.157732	0.310878	0.173735	-1.099388	-0.024202	0.005502	-0.417082	-0.350463	0.635267	-0.007812	-0.050781	-0.167969	-0.347656	-0.300781	0.027344	0.085938	0.121094	0.312500	0.187500	0.020137	-0.132437	-5.331382	-0.000986	-0.278893	-0.092325	0.055000	-1.603356	9.675136	1.000000	0.000000	0.000000	0.000000	
0.425590	0.207252	-1.393288	1.257567	-1.161649	-0.531990	-0.184484	1.168148	-1.392965	1.229644	0.414076	0.232541	-1.396176	1.294023	-1.061449	-0.534090	-0.192471	1.173912	-1.423648	1.137192	0.116954	-0.187928	0.306769	0.223262	-1.045160	-0.005910	-0.014572	-0.313900	-0.247914	0.520669	0.007812	-0.035156	-0.171875	-0.347656	-0.320312	0.039062	0.101562	0.121094	0.257812	0.207031	0.020137	-0.132437	-5.331382	-0.000986	-0.278893	-0.092325	0.055000	-1.603356	9.675136	1.000000	0.000000	0.000000	0.000000	
0.428650	0.205245	-1.386278	1.261611	-1.160203	-0.532944	-0.186624	1.166560	-1.395537	1.256154	0.415561	0.230011	-1.392061	1.299051	-1.072637	-0.534995	-0.192521	1.169171	-1.427062	1.145054	0.116384	-0.187458	0.330785	0.249152	-0.900152	-0.087832	-0.035190	-0.296602	-0.129480	0.638325	0.000000	-0.050781	-0.171875	-0.398438	-0.300781	0.054688	0.082031	0.121094	0.257812	0.203125	0.020137	-0.132437	-5.331382	-0.000986	-0.278893	-0.092325	0.055000	-1.603356	9.675136	1.000000	0.000000	0.000000	0.000000	
0.433010	0.210112	-1.377570	1.265182	-1.113325	-0.539130	-0.190353	1.160476	-1.409028	1.224738	0.417627	0.227656	-1.387724	1.303159	-1.087234	-0.535830	-0.192539	1.164806	-1.428738	1.154842	0.109348	-0.139720	0.319228	0.342472	-0.540178	-0.075086	-0.016314	-0.361175	-0.107168	0.793166	0.007812	-0.070312	-0.167969	-0.410156	-0.289062	0.058594	0.082031	0.156250	0.265625	0.218750	0.027637	-0.189096	-5.344701	0.048469	0.332941	0.125948	0.403649	-2.606261	9.193053	1.000000	0.000000	0.000000	0.000000	
0.436427	0.209444	-1.371020	1.273324	-1.097660	-0.539118	-0.196239	1.157334	-1.418638	1.209464	0.420246	0.225682	-1.381453	1.307034	-1.094152	-0.536894	-0.192615	1.160831	-1.429777	1.172745	0.136562	-0.101213	0.227342	0.320397	-0.364595	-0.140115	0.008837	-0.252475	-0.045613	0.965683	-0.003906	-0.105469	-0.132812	-0.402344	-0.312500	0.058594	0.058594	0.152344	0.238281	0.203125	0.029138	-0.200428	-5.347365	0.053414	0.394125	0.147775	0.438514	-2.706551	9.144845	1.000000	0.000000	0.000000	0.000000	
0.437716	0.206111	-1.367605	1.281285	-1.112074	-0.536129	-0.201861	1.155185	-1.415527	1.222511	0.423144	0.224641	-1.378042	1.311299	-1.094178	-0.537906	-0.192840	1.152935	-1.432238	1.181415	0.146262	-0.049670	0.075079	0.433347	0.138022	-0.048908	-0.016564	-0.307908	-0.374462	0.361780	-0.007812	-0.082031	-0.027344	-0.445312	-0.199219	0.000000	0.035156	0.207031	0.269531	0.175781	0.029438	-0.202695	-5.347898	0.053909	0.400243	0.149958	0.442000	-2.716580	9.140024	1.000000	0.000000	0.000000	0.000000	
0.438214	0.203205	-1.362727	1.290043	-1.128100	-0.533718	-0.206254	1.158409	-1.409294	1.253782	0.426826	0.223964	-1.376269	1.317362	-1.090500	-0.538715	-0.193249	1.148424	-1.438280	1.183270	0.206556	-0.042190	0.049383	0.343443	0.334848	-0.088642	-0.022594	-0.309961	-0.396878	-0.047573	-0.023438	-0.101562	0.007812	-0.398438	-0.191406	0.019531	-0.003906	0.191406	0.257812	0.199219	0.029498	-0.203148	-5.348004	0.053958	0.400855	0.150176	0.442349	-2.717583	9.139542	1.000000	0.000000	0.000000	0.000000	
0.439387	0.201494	-1.355351	1.297219	-1.126357	-0.533451	-0.209139	1.161496	-1.405086	1.286526	0.429501	0.223449	-1.374024	1.321943	-1.084821	-0.539240	-0.194130	1.143741	-1.442711	1.182914	0.306805	-0.087970	0.106138	0.323984	0.092809	-0.015843	-0.063910	-0.400897	-0.322348	-0.057102	-0.054688	-0.085938	0.000000	-0.378906	-0.203125	0.035156	-0.003906	0.253906	0.281250	0.191406	0.029510	-0.203239	-5.348026	0.053963	0.400916	0.150198	0.442384	-2.717683	9.139494	1.000000	0.000000	0.000000	0.000000	
0.441262	0.201877	-1.347777	1.300046	-1.113576	-0.532715	-0.210391	1.157748	-1.408846	1.306740	0.433841	0.222030	-1.367105	1.327148	-1.084485	-0.539442	-0.195260	1.139533	-1.445366	1.186647	0.274955	-0.119302	0.349108	0.461623	-0.116346	-0.022522	-0.073857	-0.357646	-0.091559	0.332784	-0.070312	-0.070312	-0.101562	-0.386719	-0.246094	0.039062	-0.027344	0.316406	0.269531	0.304688	0.029512	-0.203257	-5.348030	0.053964	0.400922	0.150200	0.442387	-2.717693	9.139489	1.000000	0.000000	0.000000	0.000000	
0.442962	0.202065	-1.344657	1.298955	-1.108896	-0.529693	-0.209801	1.143605	-1.422991	1.307713	0.437907	0.220381	-1.361165	1.332842	-1.084999	-0.539385	-0.196608	1.132488	-1.446552	1.194761	0.243853	-0.127088	0.369916	0.426532	-0.088407	-0.058086	-0.091137	-0.266080	0.025740	0.766101	-0.074219	-0.082031	-0.085938	-0.394531	-0.253906	0.027344	-0.027344	0.394531	0.269531	0.316406	0.029512	-0.203261	-5.348031	0.053964	0.400923	0.150200	0.442388	-2.717694	9.139488	1.000000	0.000000	0.000000	0.000000	
0.443689	0.204018	-1.351002	1.292594	-1.131232	-0.524563	-0.205006	1.118104	-1.447120	1.283235	0.441314	0.218807	-1.356270	1.340961	-1.084763	-0.538744	-0.197864	1.127395	-1.446789	1.206974	0.146522	-0.087154	0.312673	0.300886	0.001628	0.057005	-0.081233	-0.413957	-0.028833	0.987404	-0.054688	-0.074219	-0.039062	-0.394531	-0.203125	0.023438	-0.039062	0.433594	0.257812	0.269531	0.029513	-0.203261	-5.348031	0.053964	0.400923	0.150200	0.442388	-2.717694	9.139488	1.000000	0.000000	0.000000	0.000000	
0.443556	0.209737	-1.364844	1.282734	-1.176849	-0.519391	-0.195838	1.084166	-1.472722	1.231488	0.443909	0.217652	-1.352358	1.345201	-1.084546	-0.538058	-0.198422	1.121360	-1.447781	1.218965	0.032100	-0.050591	0.240645	0.225508	-0.006816	0.047576	-0.060468	-0.467131	-0.159917	0.929273	-0.042969	-0.105469	-0.019531	-0.394531	-0.164062	0.023438	-0.066406	0.394531	0.214844	0.265625	0.029513	-0.203261	-5.348031	0.053964	0.400923	0.150200	0.442388	-2.717694	9.139488	1.000000	0.000000	0.000000	0.000000	
0.445167	0.213221	-1.377222	1.275129	-1.191703	-0.516376	-0.185945	1.059595	-1.486865	1.154635	0.445616	0.217049	-1.348959	1.346922	-1.086441	-0.536298	-0.198638	1.111987	-1.451954	1.233843	0.093940	-0.041119	0.191567	-0.005366	-0.255425	0.130384	-0.022332	-0.783026	-0.525478	0.344181	-0.035156	-0.093750	-0.070312	-0.363281	-0.214844	0.039062	-0.054688	0.332031	0.218750	0.207031	0.040249	-0.099412	-5.307737	-0.032403	0.326461	0.242479	0.434855	-1.120795	10.246772	1.000000	0.000000	0.000000	0.000000	
0.451544	0.213921	-1.370033	1.281391	-1.146009	-0.519237	-0.187276	1.062057	-1.474704	1.102911	0.446709	0.216913	-1.348061	1.346612	-1.093557	-0.534031	-0.198383	1.093052	-1.459913	1.232869	0.009394	0.001704	0.057543	-0.171529	-0.744407	0.156113	-0.002233	-0.968159	-0.834226	-0.478558	-0.019531	-0.070312	-0.187500	-0.355469	-0.273438	0.050781	0.011719	0.269531	0.207031	0.167969	0.042396	-0.078642	-5.299678	-0.041039	0.319015	0.251707	0.434102	-0.961105	10.357500	1.000000	0.000000	0.000000	0.000000	
0.460920	0.214176	-1.353820	1.292533	-1.092282	-0.524620	-0.195567	1.074152	-1.450716	1.078223	0.447121	0.216869	-1.347808	1.343860	-1.103389	-0.532487	-0.197758	1.079595	-1.479874	1.219830	0.039325	-0.021931	0.009244	-0.181166	-0.887525	-0.015795	0.020714	-0.815680	-1.060520	-1.408813	0.007812	-0.019531	-0.316406	-0.382812	-0.289062	0.101562	0.085938	0.093750	0.339844	0.082031	0.042826	-0.074488	-5.298067	-0.041903	0.318270	0.252630	0.434026	-0.945136	10.368573	1.000000	0.000000	0.000000	0.000000	
0.469641	0.216406	-1.339940	1.299274	-1.054530	-0.531783	-0.203231	1.086140	-1.427780	1.075383	0.447373	0.216820	-1.346062	1.342800	-1.112262	-0.532493	-0.197504	1.071936	-1.492809	1.198708	-0.065860	-0.003356	0.227751	0.079593	0.005468	-0.043455	-0.004908	-0.406104	-0.765593	-2.095076	0.019531	-0.019531	-0.304688	-0.429688	-0.257812	0.109375	0.093750	0.042969	0.367188	0.066406	0.042912	-0.073657	-5.297744	-0.041989	0.318196	0.252722	0.434019	-0.943539	10.369680	1.000000	0.000000	0.000000	0.000000	
0.476096	0.218520	-1.329847	1.303111	-1.029694	-0.539972	-0.206330	1.098725	-1.411447	1.074452	0.448732	0.216624	-1.341011	1.343437	-1.105798	-0.533512	-0.198188	1.069580	-1.498667	1.156824	0.153937	-0.037558	0.218194	0.217337	0.879934	-0.046221	-0.065631	-0.141810	-0.397605	-1.814739	0.023438	-0.007812	-0.214844	-0.417969	-0.246094	0.074219	0.085938	0.082031	0.421875	0.140625	0.042929	-0.073491	-5.297680	-0.041998	0.318188	0.252731	0.434018	-0.943379	10.369791	1.000000	0.000000	0.000000	0.000000	
0.479407	0.221003	-1.324050	1.305893	-1.009616	-0.546826	-0.205953	1.111126	-1.400606	1.067280	0.453221	0.216642	-1.336002	1.346109	-1.090958	-0.535703	-0.199375	1.069667	-1.499548	1.132720	0.381805	-0.008409	0.367293	0.381166	1.361709	-0.151187	-0.055418	0.034674	0.016074	-1.518003	-0.007812	-0.003906	-0.164062	-0.464844	-0.253906	0.066406	0.027344	0.140625	0.433594	0.140625	0.042932	-0.073457	-5.297667	-0.041999	0.318187	0.252732	0.434018	-0.943363	10.369802	1.000000	0.000000	0.000000	0.000000	
0.481167	0.222751	-1.322530	1.308752	-0.988090	-0.550766	-0.205808	1.122412	-1.395429	1.050782	0.459401	0.216944	-1.330299	1.353961	-1.072020	-0.536747	-0.200275	1.070702	-1.497034	1.115928	0.341779	0.030566	0.336838	0.198640	1.580879	-0.067463	-0.035785	-0.045387	0.242392	-1.163794	-0.035156	-0.007812	-0.121094	-0.410156	-0.250000	0.019531	-0.011719	0.281250	0.476562	0.140625	0.042933	-0.073451	-5.297665	-0.041999	0.318187	0.252732	0.434018	-0.943362	10.369803	1.000000	0.000000	0.000000	0.000000	
0.481323	0.223647	-1.326467	1.319800	-0.976871	-0.551353	-0.209248	1.135103	-1.385964	1.054330	0.465872	0.217659	-1.324796	1.357204	-1.042593	-0.538216	-0.200560	1.071369	-1.490279	1.101737	0.274963	0.035626	0.403585	0.183877	1.253833	-0.114925	-0.015211	-0.035945	0.373202	-1.058580	-0.027344	-0.011719	-0.156250	-0.398438	-0.218750	-0.023438	-0.039062	0.398438	0.453125	0.140625	0.061458	-0.055844	-5.293035	0.103490	0.016185	0.178670	1.360521	0.167509	10.624834	1.000000	0.000000	0.000000	0.000000	
0.482191	0.223601	-1.329011	1.321697	-0.959490	-0.553203	-0.209548	1.141281	-1.378748	1.050341	0.471019	0.218505	-1.317347	1.358677	-1.023453	-0.540279	-0.200568	1.072012	-1.485778	1.085110	0.205468	0.057070	0.179944	0.060263	1.196700	-0.070816	0.003132	-0.038491	0.351387	-0.702585	-0.011719	-0.011719	-0.136719	-0.347656	-0.230469	-0.035156	-0.066406	0.511719	0.484375	0.019531	0.065163	-0.052323	-5.292109	0.118038	-0.014015	0.171263	1.453171	0.278597	10.650337	1.000000	0.000000	0.000000	0.000000	
0.483541	0.223583	-1.331032	1.320234	-0.939815	-0.554853	-0.211060	1.145414	-1.374531	1.042379	0.473163	0.219013	-1.315227	1.358923	-1.006732	-0.540571	-0.200497	1.073449	-1.480830	1.077544	0.184559	0.024318	0.031953	0.009516	1.309635	0.006877	0.014272	0.163653	0.432957	-0.366877	-0.019531	0.000000	-0.121094	-0.328125	-0.246094	-0.085938	-0.093750	0.558594	0.480469	-0.039062	0.065904	-0.051619	-5.291924	0.119493	-0.017035	0.170523	1.462436	0.289705	10.652887	1.000000	0.000000	0.000000	0.000000	
0.483569	0.224219	-1.335000	1.318649	-0.927038	-0.555306	-0.212694	1.148166	-1.371911	1.044434	0.475628	0.219527	-1.315069	1.358560	-0.991489	-0.540605	-0.200281	1.076208	-1.472862	1.073631	0.088249	0.018717	-0.052639	-0.142123	1.202281	-0.051657	0.011896	0.288557	0.221267	-0.211169	0.003906	0.003906	-0.117188	-0.214844	-0.175781	-0.074219	-0.109375	0.542969	0.519531	-0.089844	0.066053	-0.051478	-5.291887	0.119639	-0.017337	0.170449	1.463363	0.290816	10.653142	1.000000	0.000000	0.000000	0.000000	
0.481995	0.225082	-1.338667	1.315780	-0.923344	-0.555232	-0.214092	1.150588	-1.369649	1.054699	0.477453	0.220171	-1.315959	1.357906	-0.970532	-0.541363	-0.200060	1.080177	-1.469547	1.071686	0.071638	0.039094	-0.071567	-0.049109	0.989147	-0.071469	0.022127	0.301047	0.074471	-0.199088	0.003906	-0.003906	-0.105469	-0.238281	-0.125000	-0.066406	-0.121094	0.527344	0.597656	-0.101562	0.066082	-0.051450	-5.291880	0.119653	-0.017368	0.170441	1.463456	0.290927	10.653168	1.000000	0.000000	0.000000	0.000000	
0.479948	0.225397	-1.341393	1.312204	-0.924275	-0.555409	-0.214840	1.153888	-1.368483	1.072936	0.479006	0.220728	-1.320571	1.357387	-0.956744	-0.542993	-0.200000	1.085429	-1.468303	1.068437	0.069977	0.020194	-0.345651	-0.004911	0.950385	-0.136263	-0.002440	0.469798	0.091198	-0.156004	0.000000	0.003906	-0.023438	-0.253906	-0.109375	-0.023438	-0.136719	0.445312	0.628906	-0.109375	0.066088	-0.051444	-5.291878	0.119655	-0.017371	0.170441	1.463465	0.290938	10.653171	1.000000	0.000000	0.000000	0.000000	
0.478247	0.224851	-1.343926	1.309649	-0.923749	-0.556012	-0.216041	1.158999	-1.368866	1.091883	0.479898	0.221388	-1.324499	1.357259	-0.946038	-0.544142	-0.199996	1.095059	-1.468054	1.067739	0.055853	0.024120	-0.278839	0.002999	0.733641	-0.128784	-0.001407	0.378495	-0.029266	0.001848	0.011719	-0.011719	-0.039062	-0.281250	-0.105469	-0.023438	-0.132812	0.382812	0.648438	-0.085938	0.066089	-0.051443	-5.291878	0.119655	-0.017371	0.170441	1.463466	0.290939	10.653171	1.000000	0.000000	0.000000	0.000000	
0.476947	0.224185	-1.345463	1.305121	-0.920100	-0.557007	-0.216041	1.163748	-1.370104	1.104266	0.480052	0.221860	-1.327829	1.358130	-0.938081	-0.547062	-0.200076	1.101080	-1.467932	1.069150	-0.053739	0.015207	-0.251220	0.056134	0.464203	-0.285070	0.018471	0.362385	0.028480	0.157218	0.000000	0.011719	-0.054688	-0.328125	-0.082031	0.027344	-0.125000	0.386719	0.648438	-0.023438	0.066090	-0.051443	-5.291878	0.119655	-0.017371	0.170441	1.463466	0.290940	10.653171	1.000000	0.000000	0.000000	0.000000	
0.476903	0.223292	-1.346198	1.301425	-0.911960	-0.557969	-0.215877	1.167856	-1.372547	1.105735	0.479792	0.222108	-1.330506	1.359104	-0.928831	-0.549852	-0.200488	1.106477	-1.467059	1.072583	-0.099594	0.022459	-0.241479	0.068427	0.360487	-0.192520	-0.038865	0.360774	0.104047	0.256507	0.003906	0.023438	-0.074219	-0.355469	-0.066406	0.007812	-0.121094	0.378906	0.625000	0.023438	0.066090	-0.051443	-5.291878	0.119655	-0.017371	0.170441	1.463466	0.290940	10.653171	1.000000	0.000000	0.000000	0.000000	
0.476820	0.222835	-1.346647	1.299033	-0.904469	-0.558739	-0.215324	1.172169	-1.373924	1.105225	0.479231	0.222157	-1.332859	1.359929	-0.924873	-0.551427	-0.200982	1.112475	-1.465309	1.077655	-0.058814	0.004572	-0.167223	0.076635	0.175634	-0.106493	-0.043436	0.437385	0.191866	0.242008	0.000000	0.007812	-0.085938	-0.386719	-0.054688	-0.011719	-0.109375	0.347656	0.562500	0.074219	0.066090	-0.051443	-5.291878	0.119655	-0.017371	0.170441	1.463466	0.290940	10.653171	1.000000	0.000000	0.000000	0.000000	
0.475760	0.222876	-1.346798	1.296705	-0.900098	-0.558913	-0.214657	1.176055	-1.375018	1.102721	0.478732	0.222143	-1.334226	1.360845	-0.921367	-0.552591	-0.201558	1.121381	-1.462875	1.081069	-0.096612	-0.023970	-0.110942	0.098394	0.240900	-0.080442	-0.054362	0.364785	0.232054	0.135869	0.003906	0.011719	-0.085938	-0.421875	-0.027344	-0.003906	-0.093750	0.304688	0.500000	0.089844	0.066090	-0.051443	-5.291878	0.119655	-0.017371	0.170441	1.463466	0.290940	10.653171	1.000000	0.000000	0.000000	0.000000	
0.474404	0.223080	-1.347440	1.296330	-0.897628	-0.558011	-0.214031	1.178912	-1.374027	1.095991	0.478098	0.222091	-1.335179	1.363306	-0.917589	-0.553623	-0.202190	1.127452	-1.456451	1.082770	-0.037578	-0.014029	-0.042501	0.027288	0.268364	-0.074347	-0.046149	0.388931	0.305866	0.013587	-0.003906	0.007812	-0.085938	-0.468750	0.000000	-0.007812	-0.105469	0.300781	0.421875	0.125000	0.066090	-0.051443	-5.291878	0.119655	-0.017371	0.170441	1.463466	0.290940	10.653171	1.000000	0.000000	0.000000	0.000000	
0.472478	0.223481	-1.347359	1.294785	-0.895337	-0.557370	-0.212386	1.181103	-1.372717	1.089645	0.477851	0.222033	-1.336023	1.365277	-0.912907	-0.554726	-0.202494	1.132786	-1.451992	1.083667	-0.066571	-0.035136	-0.084512	0.226065	0.236214	-0.101655	-0.047654	0.339002	0.396998	0.036255	-0.011719	0.011719	-0.082031	-0.500000	0.011719	0.003906	-0.085938	0.289062	0.386719	0.109375	0.066090	-0.051443	-5.291878	0.119655	-0.017371	0.170441	1.463466	0.290940	10.653171	1.000000	0.000000	0.000000	0.000000	
0.470677	0.223119	-1.349167	1.296201	-0.893817	-0.556250	-0.211057	1.181919	-1.369097	1.086881	0.477389	0.222005	-1.337670	1.367101	-0.910129	-0.555674	-0.203015	1.137342	-1.447877	1.084210	-0.010147	-0.005840	-0.116630	0.151723	0.117842	-0.045062	-0.023377	0.299112	0.339808	0.000136	-0.007812	0.011719	-0.066406	-0.503906	0.035156	0.003906	-0.058594	0.300781	0.378906	0.082031	0.066090	-0.051443	-5.291878	0.119655	-0.017371	0.170441	1.463466	0.290940	10.653171	1.000000	0.000000	0.000000	0.000000	
0.468442	0.222999	-1.350981	1.296566	-0.892545	-0.555515	-0.209371	1.182581	-1.365670	1.085398	0.476303	0.221927	-1.338533	1.368629	-0.907829	-0.555887	-0.203507	1.143682	-1.443952	1.083834	-0.063828	-0.012216	-0.060518	0.147778	0.186266	-0.004506	-0.030255	0.193924	0.334089	-0.052331	0.000000	0.019531	-0.066406	-0.519531	0.011719	0.007812	-0.058594	0.269531	0.355469	0.058594	0.066090	-0.051443	-5.291878	0.119655	-0.017371	0.170441	1.463466	0.290940	10.653171	1.000000	0.000000	0.000000	0.000000	
0.466332	0.222648	-1.352450	1.296733	-0.889514	-0.554589	-0.208311	1.182751	-1.362338	1.079509	0.475456	0.221806	-1.339263	1.372157	-0.905430	-0.555785	-0.203735	1.146719	-1.437302	1.083129	-0.041279	-0.016343	-0.068865	0.154363	0.147743	-0.031857	-0.018147	0.124081	0.330028	-0.078515	-0.011719	0.023438	-0.074219	-0.562500	0.019531	-0.003906	-0.058594	0.281250	0.339844	0.050781	0.066090	-0.051443	-5.291878	0.119655	-0.017371	0.170441	1.463466	0.290940	10.653171	1.000000	0.000000	0.000000	0.000000	
0.464210	0.222812	-1.353887	1.296975	-0.886794	-0.553815	-0.207429	1.182101	-1.358688	1.074469	0.474899	0.221733	-1.339893	1.374705	-0.901897	-0.555692	-0.203821	1.149216	-1.432943	1.082697	-0.039024	-0.013266	-0.038293	0.106167	0.007795	-0.003186	-0.018100	0.117097	0.224933	-0.014831	-0.035156	0.019531	-0.093750	-0.574219	0.011719	0.003906	-0.042969	0.273438	0.347656	0.035156	0.066090	-0.051443	-5.291878	0.119655	-0.017371	0.170441	1.463466	0.290940	10.653171	1.000000	0.000000	0.000000	0.000000	
0.462200	0.222800	-1.355059	1.296744	-0.884946	-0.553224	-0.207070	1.181638	-1.356152	1.071496	0.474618	0.221646	-1.340456	1.376717	-0.899833	-0.555503	-0.203822	1.151146	-1.428994	1.081884	-0.087654	0.011469	-0.052684	0.108326	0.112448	0.006661	-0.007626	0.130357	0.228382	-0.071276	-0.042969	0.011719	-0.109375	-0.582031	0.011719	0.007812	-0.039062	0.253906	0.351562	0.007812	0.066090	-0.051443	-5.291878	0.119655	-0.017371	0.170441	1.463466	0.290940	10.653171	1.000000	0.000000	0.000000	0.000000	
0.460103	0.222527	-1.355978	1.296849	-0.883792	-0.552355	-0.207420	1.182026	-1.354429	1.068305	0.474319	0.221604	-1.340859	1.378646	-0.897772	-0.555393	-0.203806	1.154415	-1.425296	1.080994	-0.008765	-0.002343	-0.015737	0.150418	0.136872	-0.069127	-0.001926	0.103766	0.256644	-0.097858	-0.058594	0.007812	-0.109375	-0.585938	0.023438	0.007812	-0.039062	0.230469	0.355469	-0.007812	0.066090	-0.051443	-5.291878	0.119655	-0.017371	0.170441	1.463466	0.290940	10.653171	1.000000	0.000000	0.000000	0.000000	
0.458025	0.222519	-1.356981	1.296765	-0.881837	-0.551516	-0.207417	1.181454	-1.352555	1.064983	0.473775	0.221588	-1.341231	1.380534	-0.895591	-0.555201	-0.203794	1.156451	-1.420243	1.080186	-0.063690	-0.013030	-0.043449	0.042959	0.219575	-0.048788	-0.009498	0.066211	0.238532	-0.086558	-0.070312	0.019531	-0.121094	-0.574219	0.000000	0.011719	-0.035156	0.207031	0.363281	-0.027344	0.066090	-0.051443	-5.291878	0.119655	-0.017371	0.170441	1.463466	0.290940	10.653171	1.000000	0.000000	0.000000	0.000000	
0.456045	0.222403	-1.358317	1.296218	-0.881166	-0.550760	-0.207607	1.180682	-1.350307	1.063672	0.473302	0.221593	-1.341547	1.381154	-0.892126	-0.555017	-0.203784	1.157827	-1.417875	1.078982	-0.065693	0.014982	-0.011324	0.018254	0.158053	0.012569	-0.000950	0.107820	0.041301	-0.162200	-0.066406	0.007812	-0.132812	-0.558594	0.007812	0.023438	-0.035156	0.207031	0.382812	-0.023438	0.066090	-0.051443	-5.291878	0.119655	-0.017371	0.170441	1.463466	0.290940	10.653171	1.000000	0.000000	0.000000	0.000000	
0.454029	0.222712	-1.358991	1.294366	-0.881424	-0.550278	-0.207763	1.180867	-1.349827	1.063977	0.472093	0.221586	-1.341853	1.381278	-0.890100	-0.554811	-0.203766	1.158781	-1.416578	1.076585	-0.104279	-0.010134	-0.036029	-0.015623	0.137942	-0.047598	0.006884	0.077085	0.011109	-0.110440	-0.058594	0.011719	-0.148438	-0.558594	0.019531	0.011719	-0.039062	0.203125	0.394531	-0.027344	0.066090	-0.051443	-5.291878	0.119655	-0.017371	0.170441	1.463466	0.290940	10.653171	1.000000	0.000000	0.000000	0.000000	
0.452606	0.223044	-1.359468	1.292540	-0.880129	-0.550052	-0.208120	1.182393	-1.350001	1.062827	0.470688	0.221584	-1.342011	1.381109	-0.888846	-0.554503	-0.203754	1.159844	-1.415761	1.074797	-0.160482	-0.016135	-0.014072	-0.085313	0.055670	-0.039656	-0.016760	0.007709	0.032518	-0.178546	-0.070312	0.003906	-0.152344	-0.535156	0.023438	0.019531	-0.039062	0.191406	0.421875	-0.019531	0.066090	-0.051443	-5.291878	0.119655	-0.017371	0.170441	1.463466	0.290940	10.653171	1.000000	0.000000	0.000000	0.000000	
0.451618	0.223374	-1.359693	1.290258	-0.877001	-0.550068	-0.208009	1.182952	-1.349790	1.058320	0.469656	0.221624	-1.342188	1.380033	-0.887844	-0.554296	-0.203728	1.160299	-1.415500	1.073445	-0.127716	-0.006266	-0.046772	-0.092283	0.040463	0.051869	-0.010982	-0.072511	0.052107	-0.105095	-0.085938	0.007812	-0.152344	-0.531250	0.007812	0.027344	-0.039062	0.199219	0.433594	-0.027344	0.066090	-0.051443	-5.291878	0.119655	-0.017371	0.170441	1.463466	0.290940	10.653171	1.000000	0.000000	0.000000	0.000000	
0.450587	0.223870	-1.360407	1.288497	-0.874253	-0.549684	-0.207374	1.182652	-1.348746	1.054750	0.468601	0.221640	-1.342514	1.378849	-0.886166	-0.554255	-0.203714	1.160753	-1.415473	1.072569	-0.082564	-0.008769	-0.102387	-0.152303	0.024984	-0.022730	-0.009241	-0.031679	0.005211	-0.066344	-0.066406	0.007812	-0.152344	-0.531250	0.023438	0.035156	-0.035156	0.199219	0.437500	-0.039062	0.066090	-0.051443	-5.291878	0.119655	-0.017371	0.170441	1.463466	0.290940	10.653171	1.000000	0.000000	0.000000	0.000000	
0.449586	0.224097	-1.361603	1.287799	-0.873931	-0.549025	-0.207725	1.183260	-1.347966	1.055082	0.467542	0.221676	-1.343452	1.377352	-0.885103	-0.554198	-0.203679	1.161087	-1.415612	1.070431	-0.050132	0.003776	-0.066073	-0.189712	0.061822	-0.037169	-0.005577	0.028239	-0.086720	-0.167157	-0.082031	0.019531	-0.132812	-0.511719	0.027344	0.035156	-0.039062	0.214844	0.445312	-0.027344	0.066090	-0.051443	-5.291878	0.119655	-0.017371	0.170441	1.463466	0.290940	10.653171	1.000000	0.000000	0.000000	0.000000	
0.448690	0.224196	-1.362584	1.286240	-0.875103	-0.548606	-0.208171	1.184383	-1.348012	1.056363	0.466797	0.221715	-1.344487	1.375501	-0.883848	-0.554187	-0.203591	1.161202	-1.415713	1.068477	-0.053868	0.005030	-0.107807	-0.203922	0.117850	0.006752	-0.000558	-0.032072	-0.071485	-0.212135	-0.089844	0.027344	-0.125000	-0.511719	0.023438	0.023438	-0.042969	0.218750	0.449219	-0.035156	0.066090	-0.051443	-5.291878	0.119655	-0.017371	0.170441	1.463466	0.290940	10.653171	1.000000	0.000000	0.000000	0.000000	
0.447928	0.224380	-1.363520	1.284161	-0.875464	-0.548110	-0.208237	1.185085	-1.347848	1.056521	0.466260	0.221756	-1.345712	1.372078	-0.882337	-0.554088	-0.203533	1.161201	-1.416024	1.066705	-0.092628	0.000503	-0.164324	-0.226281	0.106005	-0.027242	0.001107	-0.027635	-0.062983	-0.171268	-0.101562	0.027344	-0.121094	-0.484375	0.019531	0.035156	-0.042969	0.218750	0.453125	-0.019531	0.066090	-0.051443	-5.291878	0.119655	-0.017371	0.170441	1.463466	0.290940	10.653171	1.000000	0.000000	0.000000	0.000000	
0.447312	0.224868	-1.364340	1.282482	-0.874269	-0.547732	-0.208104	1.185701	-1.347281	1.055156	0.465935	0.221804	-1.346781	1.369673	-0.881187	-0.553995	-0.203506	1.161176	-1.416183	1.065284	-0.072076	-0.020887	-0.093204	-0.200599	-0.013827	-0.044600	-0.008032	-0.002763	0.011150	-0.097388	-0.093750	0.019531	-0.125000	-0.480469	0.027344	0.035156	-0.050781	0.238281	0.464844	-0.023438	0.066090	-0.051443	-5.291878	0.119655	-0.017371	0.170441	1.463466	0.290940	10.653171	1.000000	0.000000	0.000000	0.000000	
0.446859	0.225101	-1.365195	1.280986	-0.871586	-0.547442	-0.207883	1.185888	-1.346569	1.051103	0.465531	0.221862	-1.349152	1.367180	-0.880812	-0.553758	-0.203460	1.161074	-1.416288	1.063691	-0.031635	0.014196	-0.100051	-0.218969	0.071900	-0.000970	-0.007782	-0.073559	0.077887	-0.121407	-0.101562	0.011719	-0.085938	-0.492188	0.027344	0.027344	-0.042969	0.250000	0.453125	-0.007812	0.066090	-0.051443	-5.291878	0.119655	-0.017371	0.170441	1.463466	0.290940	10.653171	1.000000	0.000000	0.000000	0.000000	
0.446390	0.225008	-1.366427	1.279371	-0.870298	-0.547018	-0.207468	1.185174	-1.345613	1.048401	0.464844	0.221930	-1.350716	1.365179	-0.880349	-0.553566	-0.203426	1.161005	-1.416454	1.062306	-0.045039	-0.007886	-0.184487	-0.234765	0.010680	0.013861	-0.004268	-0.042252	-0.089921	-0.148236	-0.093750	0.023438	-0.093750	-0.484375	0.023438	0.023438	-0.042969	0.246094	0.464844	-0.003906	0.066090	-0.051443	-5.291878	0.119655	-0.017371	0.170441	1.463466	0.290940	10.653171	1.000000	0.000000	0.000000	0.000000	
0.445779	0.225117	-1.367838	1.278571	-0.870233	-0.546546	-0.207939	1.185328	-1.345411	1.047605	0.463713	0.222041	-1.352217	1.362259	-0.879190	-0.553164	-0.203339	1.161064	-1.416730	1.060818	-0.105703	0.003864	-0.154544	-0.180510	0.112736	0.067689	0.013532	-0.039122	-0.054357	-0.245139	-0.070312	0.023438	-0.082031	-0.484375	0.000000	0.027344	-0.050781	0.250000	0.476562	-0.011719	0.066090	-0.051443	-5.291878	0.119655	-0.017371	0.170441	1.463466	0.290940	10.653171	1.000000	0.000000	0.000000	0.000000	
0.444995	0.225347	-1.369189	1.277483	-0.871491	-0.545929	-0.208538	1.185479	-1.345481	1.049026	0.462614	0.222160	-1.353898	1.360463	-0.876753	-0.552744	-0.203265	1.161100	-1.417124	1.059017	-0.045467	0.008529	-0.148060	-0.147167	0.115963	0.006769	0.012985	-0.000423	-0.085697	-0.209464	-0.085938	0.019531	-0.074219	-0.492188	0.007812	0.027344	-0.050781	0.234375	0.484375	0.000000	0.066090	-0.051443	-5.291878	0.119655	-0.017371	0.170441	1.463466	0.290940	10.653171	1.000000	0.000000	0.000000	0.000000	
0.444599	0.226748	-1.371901	1.274237	-0.861385	-0.541242	-0.206766	1.176740	-1.345748	1.027871	0.461837	0.222345	-1.356561	1.359231	-0.875248	-0.552369	-0.203234	1.161108	-1.417494	1.056161	-0.025484	0.020627	-0.122985	-0.077530	0.098837	0.032084	-0.001028	-0.034939	-0.081852	-0.118656	-0.089844	0.011719	-0.066406	-0.500000	-0.003906	0.035156	-0.050781	0.234375	0.492188	-0.011719	0.044538	-0.044119	-5.310551	-0.100136	0.231581	-0.292470	0.652103	0.031246	10.233500	1.000000	0.000000	0.000000	0.000000	
0.442087	0.229523	-1.369128	1.271195	-0.844441	-0.539591	-0.206381	1.175722	-1.349295	1.005471	0.461415	0.222504	-1.358281	1.358064	-0.874220	-0.552100	-0.203220	1.161085	-1.417616	1.054790	-0.047914	0.014858	-0.144905	-0.119421	0.023842	-0.010750	0.004550	-0.052349	0.026711	-0.130513	-0.089844	0.003906	-0.070312	-0.496094	0.003906	0.042969	-0.050781	0.238281	0.480469	-0.007812	0.040228	-0.042654	-5.314285	-0.122115	0.256477	-0.338761	0.570967	0.005277	10.191534	1.000000	0.000000	0.000000	0.000000	
0.441962	0.228718	-1.368661	1.266961	-0.833383	-0.538732	-0.205698	1.176309	-1.349287	0.991275	0.460774	0.222955	-1.359740	1.355965	-0.872560	-0.551392	-0.203136	1.160377	-1.418368	1.051899	-0.102501	0.001486	-0.202931	-0.116631	0.141970	-0.011544	-0.007687	-0.033152	-0.136914	-0.225919	-0.082031	0.007812	-0.070312	-0.500000	0.019531	0.054688	-0.035156	0.175781	0.515625	-0.054688	0.039365	-0.042361	-5.315032	-0.124313	0.258966	-0.343390	0.562853	0.002680	10.187337	1.000000	0.000000	0.000000	0.000000	
0.442036	0.227083	-1.369587	1.264068	-0.830512	-0.537563	-0.205452	1.177911	-1.346338	0.988572	0.459385	0.223821	-1.360759	1.354745	-0.867672	-0.550209	-0.203030	1.160212	-1.419414	1.046304	-0.104470	0.064125	-0.152899	-0.102394	0.324774	0.103535	0.014353	0.014133	-0.083484	-0.500672	-0.074219	-0.011719	-0.054688	-0.527344	0.035156	0.039062	-0.027344	0.152344	0.484375	-0.101562	0.039193	-0.042302	-5.315182	-0.124532	0.259215	-0.343853	0.562042	0.002420	10.186917	1.000000	0.000000	0.000000	0.000000	
0.441799	0.226632	-1.370917	1.261098	-0.830671	-0.536389	-0.204657	1.179678	-1.343586	0.991594	0.457944	0.224600	-1.362174	1.353629	-0.862672	-0.548276	-0.202920	1.160154	-1.420375	1.037697	-0.132584	0.029677	-0.133937	-0.059094	0.350034	0.122022	0.001435	0.018861	-0.161892	-0.461844	-0.070312	0.007812	-0.039062	-0.546875	0.054688	0.035156	-0.035156	0.164062	0.500000	-0.152344	0.039159	-0.042291	-5.315211	-0.124554	0.259240	-0.343899	0.561961	0.002394	10.186875	1.000000	0.000000	0.000000	0.000000	
0.441072	0.226827	-1.372367	1.258765	-0.828782	-0.535042	-0.203414	1.181389	-1.340869	0.992314	0.456565	0.225136	-1.362821	1.352606	-0.858473	-0.547453	-0.202858	1.160119	-1.420931	1.032341	-0.083051	0.041354	-0.062249	-0.033826	0.233912	0.064547	-0.003346	0.019334	-0.131347	-0.353272	-0.058594	-0.007812	-0.054688	-0.562500	0.089844	0.042969	-0.035156	0.175781	0.511719	-0.152344	0.039152	-0.042288	-5.315217	-0.124557	0.259242	-0.343904	0.561953	0.002392	10.186872	1.000000	0.000000	0.000000	0.000000	
0.439974	0.227984	-1.373158	1.255960	-0.823474	-0.533759	-0.201641	1.183049	-1.339191	0.987415	0.455320	0.225469	-1.363289	1.351384	-0.855767	-0.546222	-0.202724	1.160184	-1.420969	1.028725	-0.081587	-0.007497	-0.069038	-0.087134	0.149018	0.006455	0.017114	-0.053901	-0.016624	-0.234236	-0.066406	0.000000	-0.054688	-0.562500	0.105469	0.039062	-0.023438	0.183594	0.503906	-0.156250	0.039150	-0.042288	-5.315218	-0.124557	0.259243	-0.343905	0.561952	0.002391	10.186871	1.000000	0.000000	0.000000	0.000000	
0.438724	0.228914	-1.373753	1.253135	-0.818113	-0.532453	-0.200015	1.183511	-1.337819	0.981687	0.454369	0.225665	-1.364061	1.350461	-0.852512	-0.545055	-0.202439	1.160537	-1.420638	1.026281	-0.036076	0.003903	-0.167427	-0.050589	0.091674	0.021583	0.012180	0.026017	-0.001662	-0.159519	-0.058594	0.007812	-0.042969	-0.574219	0.109375	0.042969	-0.027344	0.199219	0.519531	-0.171875	0.039150	-0.042288	-5.315219	-0.124557	0.259243	-0.343905	0.561952	0.002391	10.186871	1.000000	0.000000	0.000000	0.000000	
0.437643	0.229900	-1.374954	1.251550	-0.813079	-0.530900	-0.198813	1.184035	-1.336695	0.976295	0.453427	0.225906	-1.366082	1.349307	-0.849946	-0.544313	-0.202091	1.161019	-1.420280	1.022739	-0.031525	0.006206	-0.062108	-0.085320	0.117346	0.030075	0.007034	-0.032295	0.013792	-0.256737	-0.074219	0.003906	-0.023438	-0.585938	0.109375	0.058594	-0.003906	0.214844	0.535156	-0.156250	0.039150	-0.042288	-5.315219	-0.124557	0.259243	-0.343905	0.561952	0.002391	10.186871	1.000000	0.000000	0.000000	0.000000	
0.436742	0.230389	-1.376148	1.250129	-0.810157	-0.529211	-0.198297	1.184162	-1.335730	0.974346	0.452924	0.226083	-1.367698	1.348082	-0.847204	-0.543994	-0.201771	1.162036	-1.420088	1.019583	-0.076435	0.019232	-0.159755	-0.064366	0.252519	-0.014441	0.007683	0.077032	-0.019559	-0.290886	-0.074219	0.007812	-0.011719	-0.585938	0.101562	0.070312	0.000000	0.191406	0.542969	-0.148438	0.039150	-0.042288	-5.315219	-0.124557	0.259243	-0.343905	0.561952	0.002391	10.186871	1.000000	0.000000	0.000000	0.000000	
0.435917	0.231410	-1.377858	1.249706	-0.807379	-0.527356	-0.198145	1.185273	-1.334900	0.972961	0.452266	0.226523	-1.369354	1.346044	-0.844159	-0.543470	-0.201344	1.162918	-1.419662	1.016407	-0.046029	0.024024	-0.082278	-0.194877	0.248588	0.036942	0.022869	0.084475	-0.008935	-0.287321	-0.085938	0.000000	-0.007812	-0.574219	0.132812	0.070312	0.000000	0.175781	0.535156	-0.171875	0.039150	-0.042288	-5.315219	-0.124557	0.259243	-0.343905	0.561952	0.002391	10.186871	1.000000	0.000000	0.000000	0.000000	
0.435134	0.232611	-1.378855	1.247937	-0.805023	-0.526120	-0.197961	1.186203	-1.334062	0.971189	0.451286	0.226942	-1.370654	1.344619	-0.839527	-0.542614	-0.200935	1.163919	-1.419189	1.013373	-0.070906	0.010545	-0.071041	-0.075322	0.216789	0.038591	0.027878	0.050323	-0.021831	-0.276496	-0.070312	0.011719	-0.011719	-0.597656	0.105469	0.066406	0.007812	0.171875	0.535156	-0.175781	0.039150	-0.042288	-5.315219	-0.124557	0.259243	-0.343905	0.561952	0.002391	10.186871	1.000000	0.000000	0.000000	0.000000	
0.434199	0.233692	-1.380100	1.247746	-0.801706	-0.524351	-0.197845	1.186486	-1.332800	0.967371	0.450654	0.227316	-1.373120	1.343607	-0.836250	-0.541280	-0.200765	1.164846	-1.418537	1.008792	-0.041987	0.021992	-0.146689	-0.091283	0.265953	0.098079	0.013257	0.085294	0.025734	-0.198642	-0.089844	0.019531	-0.003906	-0.593750	0.109375	0.070312	0.011719	0.175781	0.531250	-0.152344	0.039150	-0.042288	-5.315219	-0.124557	0.259243	-0.343905	0.561952	0.002391	10.186871	1.000000	0.000000	0.000000	0.000000	
0.433427	0.234475	-1.381704	1.247148	-0.798526	-0.522690	-0.197522	1.186623	-1.331766	0.963444	0.450503	0.227819	-1.374582	1.342580	-0.833487	-0.540141	-0.200625	1.165831	-1.418115	1.005792	0.006270	0.037096	-0.101910	-0.159183	0.222015	0.062152	-0.001001	0.057384	-0.004406	-0.232732	-0.089844	0.011719	0.000000	-0.593750	0.125000	0.074219	0.019531	0.191406	0.542969	-0.164062	0.039150	-0.042288	-5.315219	-0.124557	0.259243	-0.343905	0.561952	0.002391	10.186871	1.000000	0.000000	0.000000	0.000000	
0.432500	0.235082	-1.382995	1.245887	-0.795811	-0.521021	-0.197443	1.186450	-1.330949	0.959089	0.450376	0.228292	-1.376159	1.340509	-0.830753	-0.538992	-0.200501	1.166295	-1.417983	1.002914	-0.013332	0.022321	-0.202121	-0.106649	0.262986	0.048091	0.003390	-0.022179	-0.045806	-0.218693	-0.089844	0.035156	0.003906	-0.578125	0.109375	0.074219	0.023438	0.183594	0.566406	-0.148438	0.039150	-0.042288	-5.315219	-0.124557	0.259243	-0.343905	0.561952	0.002391	10.186871	1.000000	0.000000	0.000000	0.000000	
0.431639	0.235804	-1.384399	1.245349	-0.792978	-0.519216	-0.197640	1.186660	-1.330508	0.954557	0.449890	0.228515	-1.377904	1.339465	-0.825747	-0.538108	-0.200387	1.166751	-1.417883	1.000060	-0.039719	0.032476	-0.128391	-0.066499	0.218228	0.095540	0.007318	0.025699	-0.004581	-0.297550	-0.093750	0.050781	0.007812	-0.593750	0.101562	0.070312	0.023438	0.175781	0.574219	-0.156250	0.039150	-0.042288	-5.315219	-0.124557	0.259243	-0.343905	0.561952	0.002391	10.186871	1.000000	0.000000	0.000000	0.000000	
0.431079	0.235895	-1.386269	1.245209	-0.790906	-0.517484	-0.197774	1.186162	-1.329533	0.952073	0.449284	0.228915	-1.380749	1.338650	-0.822226	-0.536429	-0.200227	1.167496	-1.417767	0.995733	-0.024910	0.025349	-0.180341	-0.114829	0.280056	0.065388	0.010038	0.082831	-0.021396	-0.277519	-0.082031	0.027344	0.035156	-0.585938	0.089844	0.070312	0.011719	0.167969	0.566406	-0.156250	0.039150	-0.042288	-5.315219	-0.124557	0.259243	-0.343905	0.561952	0.002391	10.186871	1.000000	0.000000	0.000000	0.000000	
0.430236	0.236737	-1.387701	1.244841	-0.788413	-0.515880	-0.197832	1.186798	-1.329604	0.948600	0.448363	0.229480	-1.382796	1.338051	-0.818807	-0.534905	-0.200041	1.168736	-1.417743	0.992662	-0.082753	0.029289	-0.115744	-0.046379	0.286238	0.062373	0.003330	0.025731	-0.016098	-0.313902	-0.082031	0.023438	0.035156	-0.585938	0.074219	0.070312	0.019531	0.148438	0.582031	-0.175781	0.039150	-0.042288	-5.315219	-0.124557	0.259243	-0.343905	0.561952	0.002391	10.186871	1.000000	0.000000	0.000000	0.000000	
0.429518	0.237110	-1.389512	1.244825	-0.786880	-0.514236	-0.197852	1.185956	-1.328768	0.947281	0.447452	0.229949	-1.385144	1.337156	-0.815821	-0.532953	-0.199778	1.169371	-1.417811	0.990328	-0.064109	0.026193	-0.234911	-0.105837	0.238002	0.096968	0.004986	0.068876	-0.088851	-0.163996	-0.085938	0.027344	0.054688	-0.582031	0.089844	0.070312	0.000000	0.156250	0.582031	-0.191406	0.039150	-0.042288	-5.315219	-0.124557	0.259243	-0.343905	0.561952	0.002391	10.186871	1.000000	0.000000	0.000000	0.000000	
0.428724	0.238174	-1.390857	1.244037	-0.784980	-0.513098	-0.197834	1.186243	-1.329212	0.946582	0.446979	0.230575	-1.386971	1.336589	-0.811298	-0.530842	-0.199661	1.169814	-1.417873	0.988383	-0.111100	0.025884	-0.121201	-0.010584	0.198282	0.145792	-0.008807	0.031315	-0.064719	-0.211819	-0.089844	0.023438	0.039062	-0.593750	0.070312	0.050781	0.007812	0.152344	0.582031	-0.191406	0.039150	-0.042288	-5.315219	-0.124557	0.259243	-0.343905	0.561952	0.002391	10.186871	1.000000	0.000000	0.000000	0.000000	
0.427988	0.238844	-1.392376	1.244104	-0.782438	-0.511683	-0.197846	1.185367	-1.329035	0.944364	0.446400	0.231008	-1.390002	1.336185	-0.808431	-0.528650	-0.199532	1.170048	-1.417910	0.985667	-0.021579	0.007241	-0.123788	-0.028975	0.211758	0.070413	0.000283	0.003132	-0.076265	-0.094464	-0.093750	0.050781	0.042969	-0.582031	0.085938	0.058594	0.007812	0.156250	0.585938	-0.214844	0.039150	-0.042288	-5.315219	-0.124557	0.259243	-0.343905	0.561952	0.002391	10.186871	1.000000	0.000000	0.000000	0.000000	
0.427318	0.239531	-1.393510	1.243071	-0.779643	-0.510644	-0.197456	1.185107	-1.329465	0.941825	0.445726	0.231409	-1.391917	1.335886	-0.806137	-0.526855	-0.199434	1.170409	-1.417917	0.984130	-0.085909	0.023988	-0.186860	-0.086649	0.118886	0.090793	0.001191	0.038699	-0.035544	-0.096687	-0.085938	0.035156	0.054688	-0.597656	0.085938	0.050781	0.019531	0.156250	0.585938	-0.207031	0.039150	-0.042288	-5.315219	-0.124557	0.259243	-0.343905	0.561952	0.002391	10.186871	1.000000	0.000000	0.000000	0.000000	
0.426790	0.240590	-1.394342	1.241927	-0.776604	-0.509957	-0.197464	1.184735	-1.330338	0.939934	0.444719	0.231942	-1.393730	1.335632	-0.804224	-0.524848	-0.199374	1.170482	-1.417943	0.982878	-0.053956	0.025663	-0.140823	0.026231	0.123557	0.141685	0.005935	0.007360	-0.003554	-0.086441	-0.082031	0.039062	0.050781	-0.597656	0.093750	0.050781	0.011719	0.140625	0.585938	-0.230469	0.039150	-0.042288	-5.315219	-0.124557	0.259243	-0.343905	0.561952	0.002391	10.186871	1.000000	0.000000	0.000000	0.000000	
0.426252	0.241188	-1.395496	1.241551	-0.773881	-0.508914	-0.197223	1.183617	-1.330508	0.937715	0.443694	0.232283	-1.395207	1.335436	-0.801297	-0.523792	-0.199297	1.170520	-1.417948	0.981949	-0.050761	0.023504	-0.171116	-0.032273	0.061211	0.118858	0.006410	-0.041140	-0.000355	-0.106354	-0.082031	0.042969	0.058594	-0.609375	0.101562	0.050781	0.019531	0.152344	0.585938	-0.234375	0.039150	-0.042288	-5.315219	-0.124557	0.259243	-0.343905	0.561952	0.002391	10.186871	1.000000	0.000000	0.000000	0.000000	
0.425532	0.242158	-1.396455	1.240598	-0.769720	-0.508067	-0.196939	1.182846	-1.331106	0.933905	0.443028	0.232884	-1.397296	1.335275	-0.799136	-0.521885	-0.199233	1.170552	-1.417974	0.980818	-0.036483	0.038410	-0.062477	-0.052082	0.191072	0.095637	0.011110	-0.021562	0.003454	-0.035063	-0.093750	0.019531	0.058594	-0.609375	0.101562	0.035156	0.019531	0.140625	0.578125	-0.238281	0.039150	-0.042288	-5.315219	-0.124557	0.259243	-0.343905	0.561952	0.002391	10.186871	1.000000	0.000000	0.000000	0.000000	
0.425024	0.242971	-1.397200	1.239459	-0.766304	-0.507487	-0.196713	1.182178	-1.331643	0.930478	0.442750	0.233562	-1.398271	1.335267	-0.797396	-0.520243	-0.199188	1.170486	-1.418075	0.979671	-0.014117	0.039901	-0.065571	-0.005208	0.092389	0.114253	-0.002379	-0.054501	-0.065958	-0.150071	-0.101562	0.035156	0.042969	-0.617188	0.121094	0.042969	0.011719	0.136719	0.578125	-0.238281	0.039150	-0.042288	-5.315219	-0.124557	0.259243	-0.343905	0.561952	0.002391	10.186871	1.000000	0.000000	0.000000	0.000000	
0.424331	0.244553	-1.397731	1.239118	-0.763223	-0.506698	-0.196611	1.182066	-1.332927	0.928121	0.442549	0.234182	-1.398902	1.335290	-0.795763	-0.518776	-0.199107	1.170400	-1.418169	0.978496	-0.085163	0.027254	-0.072860	-0.000521	0.176741	0.084708	-0.000238	-0.026388	-0.038002	-0.123186	-0.101562	0.039062	0.039062	-0.628906	0.125000	0.042969	0.019531	0.125000	0.578125	-0.265625	0.039150	-0.042288	-5.315219	-0.124557	0.259243	-0.343905	0.561952	0.002391	10.186871	1.000000	0.000000	0.000000	0.000000	
0.423922	0.245693	-1.398517	1.239028	-0.761393	-0.505883	-0.196530	1.182038	-1.333555	0.928565	0.442169	0.234799	-1.399489	1.335295	-0.792965	-0.517562	-0.199042	1.170262	-1.418236	0.977535	-0.053882	0.009705	-0.059631	-0.034948	0.052570	0.039877	-0.000024	0.011320	-0.077083	-0.123987	-0.089844	0.050781	0.042969	-0.628906	0.125000	0.050781	0.019531	0.121094	0.574219	-0.257812	0.039150	-0.042288	-5.315219	-0.124557	0.259243	-0.343905	0.561952	0.002391	10.186871	1.000000	0.000000	0.000000	0.000000	
0.423647	0.246562	-1.399187	1.238888	-0.760044	-0.505327	-0.196518	1.182241	-1.333435	0.929560	0.441560	0.235374	-1.400236	1.335296	-0.790903	-0.516640	-0.198892	1.170161	-1.418346	0.974604	-0.019347	0.030051	-0.030390	0.006974	0.099477	0.028415	0.012793	-0.044233	-0.087970	-0.148494	-0.101562	0.050781	0.042969	-0.628906	0.132812	0.054688	0.007812	0.117188	0.578125	-0.257812	0.039150	-0.042288	-5.315219	-0.124557	0.259243	-0.343905	0.561952	0.002391	10.186871	1.000000	0.000000	0.000000	0.000000	
0.423516	0.247949	-1.399680	1.238010	-0.757001	-0.505031	-0.196099	1.182683	-1.333883	0.927792	0.440905	0.236023	-1.400701	1.335223	-0.789472	-0.516262	-0.198619	1.170190	-1.418417	0.972951	-0.068238	0.020453	0.003940	-0.076075	0.076251	-0.011117	0.012911	-0.018382	0.001672	-0.105580	-0.089844	0.066406	0.035156	-0.628906	0.164062	0.058594	0.000000	0.117188	0.558594	-0.250000	0.039150	-0.042288	-5.315219	-0.124557	0.259243	-0.343905	0.561952	0.002391	10.186871	1.000000	0.000000	0.000000	0.000000	
0.423578	0.249086	-1.399862	1.236742	-0.753530	-0.505081	-0.196060	1.183384	-1.334609	0.925323	0.440168	0.236548	-1.401109	1.335088	-0.788459	-0.516041	-0.198298	1.170341	-1.418455	0.971700	-0.048699	0.046247	-0.010075	-0.052973	0.136741	-0.022049	-0.002198	0.078423	0.017615	-0.150143	-0.093750	0.070312	0.035156	-0.628906	0.171875	0.066406	0.003906	0.117188	0.558594	-0.250000	0.039150	-0.042288	-5.315219	-0.124557	0.259243	-0.343905	0.561952	0.002391	10.186871	1.000000	0.000000	0.000000	0.000000	
0.423530	0.250251	-1.400217	1.236434	-0.751438	-0.504944	-0.196085	1.183581	-1.334666	0.922961	0.439755	0.236920	-1.401481	1.335036	-0.786391	-0.515851	-0.198048	1.170444	-1.418511	0.970747	0.012578	0.041847	0.033889	-0.015766	0.059039	-0.033612	-0.007199	-0.002627	0.005251	-0.070848	-0.093750	0.066406	0.035156	-0.640625	0.156250	0.066406	0.011719	0.121094	0.566406	-0.257812	0.039150	-0.042288	-5.315219	-0.124557	0.259243	-0.343905	0.561952	0.002391	10.186871	1.000000	0.000000	0.000000	0.000000	
0.423557	0.250642	-1.400835	1.237235	-0.751907	-0.504616	-0.196232	1.183066	-1.333539	0.923634	0.439623	0.237487	-1.402137	1.334977	-0.784717	-0.515789	-0.197837	1.170682	-1.418619	0.969248	-0.002232	0.016980	-0.076873	0.012382	0.068717	-0.006851	0.020218	0.031144	-0.034371	-0.122243	-0.101562	0.089844	0.042969	-0.644531	0.156250	0.066406	0.003906	0.117188	0.562500	-0.253906	0.039150	-0.042288	-5.315219	-0.124557	0.259243	-0.343905	0.561952	0.002391	10.186871	1.000000	0.000000	0.000000	0.000000	
0.423503	0.250400	-1.401932	1.239064	-0.753596	-0.503615	-0.196701	1.183120	-1.332522	0.925618	0.439597	0.238093	-1.402777	1.334941	-0.782807	-0.515728	-0.197568	1.171336	-1.418835	0.967615	0.017225	0.045900	-0.108887	-0.030169	0.139478	-0.039071	0.049713	0.013583	-0.031354	-0.151810	-0.093750	0.070312	0.050781	-0.656250	0.156250	0.066406	-0.003906	0.105469	0.566406	-0.246094	0.039150	-0.042288	-5.315219	-0.124557	0.259243	-0.343905	0.561952	0.002391	10.186871	1.000000	0.000000	0.000000	0.000000	
0.423540	0.250726	-1.402664	1.239058	-0.753262	-0.503131	-0.196448	1.183611	-1.332864	0.926625	0.439543	0.238836	-1.403560	1.334934	-0.781286	-0.515571	-0.197248	1.171685	-1.418975	0.966246	-0.075049	0.029017	-0.112088	-0.037913	0.066292	-0.087658	0.003808	0.008338	0.007333	-0.109401	-0.101562	0.070312	0.042969	-0.640625	0.164062	0.070312	-0.007812	0.101562	0.566406	-0.250000	0.039150	-0.042288	-5.315219	-0.124557	0.259243	-0.343905	0.561952	0.002391	10.186871	1.000000	0.000000	0.000000	0.000000	
0.423852	0.250899	-1.403315	1.238541	-0.751789	-0.503187	-0.196612	1.183562	-1.333055	0.926044	0.439581	0.239688	-1.404467	1.334933	-0.779067	-0.515200	-0.197054	1.171997	-1.418978	0.965318	0.002964	0.042451	-0.091470	-0.031708	0.017098	0.008682	0.003870	0.063647	-0.027184	-0.129588	-0.101562	0.050781	0.050781	-0.617188	0.140625	0.066406	-0.011719	0.093750	0.578125	-0.234375	0.039150	-0.042288	-5.315219	-0.124557	0.259243	-0.343905	0.561952	0.002391	10.186871	1.000000	0.000000	0.000000	0.000000	
0.424037	0.251551	-1.404029	1.237523	-0.750812	-0.503360	-0.196302	1.182997	-1.333529	0.924448	0.439589	0.240415	-1.405545	1.334908	-0.777945	-0.514665	-0.196822	1.172277	-1.419028	0.963800	-0.034600	0.020530	-0.058002	-0.052026	0.050565	-0.006111	0.022488	-0.035511	-0.096938	-0.082751	-0.109375	0.054688	0.039062	-0.625000	0.152344	0.054688	-0.003906	0.117188	0.574219	-0.218750	0.039150	-0.042288	-5.315219	-0.124557	0.259243	-0.343905	0.561952	0.002391	10.186871	1.000000	0.000000	0.000000	0.000000	
0.423810	0.252290	-1.404391	1.236875	-0.749241	-0.503115	-0.195985	1.182900	-1.334642	0.922690	0.439639	0.241231	-1.406125	1.334927	-0.776994	-0.514268	-0.196638	1.172528	-1.419062	0.962963	-0.027887	0.039276	-0.093041	0.019225	0.078339	-0.045976	-0.002404	-0.003551	-0.072507	-0.071089	-0.101562	0.039062	0.039062	-0.632812	0.136719	0.066406	-0.003906	0.109375	0.566406	-0.218750	0.039150	-0.042288	-5.315219	-0.124557	0.259243	-0.343905	0.561952	0.002391	10.186871	1.000000	0.000000	0.000000	0.000000	
0.423781	0.253044	-1.405063	1.236994	-0.747109	-0.502797	-0.196021	1.182889	-1.336172	0.920947	0.439697	0.242235	-1.406580	1.334810	-0.775737	-0.513728	-0.196399	1.172553	-1.419117	0.962263	-0.016747	0.083026	-0.058159	0.008902	0.150909	-0.039494	0.004412	-0.028272	-0.056106	-0.083881	-0.101562	0.023438	0.039062	-0.628906	0.117188	0.058594	-0.019531	0.105469	0.574219	-0.230469	0.039150	-0.042288	-5.315219	-0.124557	0.259243	-0.343905	0.561952	0.002391	10.186871	1.000000	0.000000	0.000000	0.000000	
0.423890	0.253786	-1.405536	1.236427	-0.745778	-0.502951	-0.196115	1.182360	-1.337582	0.920332	0.439442	0.242823	-1.407083	1.334593	-0.773256	-0.513256	-0.195907	1.172510	-1.419152	0.961517	-0.050530	0.051341	-0.082588	0.007869	0.105821	0.044905	0.037664	-0.009806	-0.033528	-0.053753	-0.093750	0.039062	0.039062	-0.632812	0.132812	0.058594	-0.035156	0.105469	0.562500	-0.218750	0.039150	-0.042288	-5.315219	-0.124557	0.259243	-0.343905	0.561952	0.002391	10.186871	1.000000	0.000000	0.000000	0.000000	
0.423763	0.254565	-1.405907	1.235679	-0.743047	-0.503036	-0.196207	1.182108	-1.338735	0.918126	0.439343	0.243732	-1.407910	1.334477	-0.771354	-0.512823	-0.195349	1.172404	-1.419159	0.959623	-0.057397	0.051663	-0.036176	-0.013172	0.178085	0.007980	0.027031	-0.056815	-0.038249	-0.110064	-0.101562	0.027344	0.042969	-0.632812	0.101562	0.054688	-0.035156	0.105469	0.546875	-0.230469	0.039150	-0.042288	-5.315219	-0.124557	0.259243	-0.343905	0.561952	0.002391	10.186871	1.000000	0.000000	0.000000	0.000000	
0.423572	0.254915	-1.406215	1.235229	-0.740324	-0.502662	-0.196363	1.182249	-1.340053	0.915324	0.439371	0.244593	-1.408657	1.334284	-0.769714	-0.512566	-0.194736	1.172165	-1.419137	0.958493	-0.047615	0.073796	-0.073410	-0.008296	0.112029	-0.027119	0.053884	-0.051047	0.013623	-0.119185	-0.093750	0.035156	0.042969	-0.640625	0.125000	0.058594	-0.042969	0.093750	0.542969	-0.222656	0.039150	-0.042288	-5.315219	-0.124557	0.259243	-0.343905	0.561952	0.002391	10.186871	1.000000	0.000000	0.000000	0.000000	
0.422181	0.255657	-1.406698	1.241354	-0.763539	-0.503375	-0.200199	1.190514	-1.342075	0.946132	0.439377	0.245290	-1.409243	1.333736	-0.768029	-0.512321	-0.194290	1.172093	-1.419302	0.957443	-0.046637	0.001564	0.006618	-0.060153	0.154278	-0.041098	0.012368	-0.015574	-0.075410	-0.078222	-0.101562	0.066406	0.042969	-0.632812	0.109375	0.050781	-0.042969	0.105469	0.531250	-0.218750	0.021606	-0.059303	-5.312901	-0.012624	-0.065530	-0.021609	0.131521	-0.072934	10.139523	1.000000	0.000000	0.000000	0.000000	
0.422192	0.255405	-1.410035	1.245093	-0.787742	-0.503710	-0.200710	1.193576	-1.342675	0.977004	0.439402	0.245736	-1.409869	1.333288	-0.765026	-0.512030	-0.194120	1.172103	-1.419553	0.955924	-0.029091	0.021094	-0.058662	-0.051381	0.099179	0.009849	0.001237	-0.025985	0.020376	-0.140428	-0.093750	0.070312	0.050781	-0.628906	0.105469	0.054688	-0.035156	0.109375	0.531250	-0.218750	0.018097	-0.062706	-5.312437	-0.001431	-0.098007	0.010621	0.088478	-0.080467	10.134789	1.000000	0.000000	0.000000	0.000000	
0.423029	0.253450	-1.411896	1.242243	-0.813669	-0.506722	-0.200556	1.194170	-1.343318	1.001521	0.439432	0.246149	-1.410746	1.333004	-0.765128	-0.511972	-0.194103	1.172832	-1.419652	0.956323	-0.016868	0.025374	-0.019825	-0.109827	-0.136647	-0.009484	-0.002203	-0.040984	0.054382	0.132522	-0.109375	0.074219	0.054688	-0.585938	0.042969	0.050781	-0.050781	0.164062	0.500000	-0.121094	0.017395	-0.063387	-5.312345	-0.000312	-0.101255	0.013844	0.084173	-0.081220	10.134315	1.000000	0.000000	0.000000	0.000000	
0.424594	0.251367	-1.412210	1.239547	-0.832163	-0.509974	-0.200728	1.192351	-1.345783	1.013816	0.439341	0.246425	-1.411527	1.332657	-0.768420	-0.512008	-0.194115	1.173293	-1.419550	0.960498	-0.036583	0.000211	-0.029900	-0.077286	-0.411483	0.006031	0.004433	-0.038995	0.047314	0.414560	-0.105469	0.085938	0.035156	-0.550781	0.000000	0.058594	-0.058594	0.203125	0.492188	-0.035156	0.017255	-0.063523	-5.312326	-0.000200	-0.101579	0.014166	0.083743	-0.081295	10.134267	1.000000	0.000000	0.000000	0.000000	
0.426153	0.249082	-1.411766	1.239723	-0.844425	-0.512671	-0.201163	1.190104	-1.349167	1.019128	0.439226	0.246456	-1.412119	1.331763	-0.774556	-0.512137	-0.194126	1.173361	-1.419215	0.967004	-0.045534	-0.002305	-0.020438	-0.007729	-0.431987	0.000603	0.006259	-0.010879	0.018690	0.606776	-0.101562	0.054688	0.011719	-0.578125	-0.085938	0.027344	-0.054688	0.207031	0.492188	0.019531	0.017227	-0.063550	-5.312322	-0.000189	-0.101612	0.014198	0.083700	-0.081303	10.134262	1.000000	0.000000	0.000000	0.000000	
0.427653	0.246347	-1.411391	1.242137	-0.853179	-0.514450	-0.201346	1.188120	-1.352619	1.022736	0.439299	0.246438	-1.412480	1.330615	-0.784773	-0.512381	-0.194144	1.173011	-1.419026	0.974000	-0.053408	-0.017679	-0.113712	-0.115931	-0.538727	-0.027857	0.005279	-0.102287	-0.026048	0.601571	-0.093750	0.050781	0.011719	-0.550781	-0.121094	0.023438	-0.066406	0.207031	0.464844	0.066406	0.017221	-0.063556	-5.312321	-0.000187	-0.101615	0.014201	0.083695	-0.081304	10.134262	1.000000	0.000000	0.000000	0.000000	
0.428806	0.243878	-1.410661	1.245052	-0.860161	-0.515830	-0.201409	1.188138	-1.355383	1.026462	0.439387	0.246329	-1.412770	1.329150	-0.792463	-0.512866	-0.194188	1.172577	-1.418746	0.984027	0.015597	-0.015726	-0.046268	-0.231440	-0.633152	-0.030703	-0.023900	-0.045125	0.039271	0.377714	-0.074219	0.039062	0.011719	-0.531250	-0.148438	0.007812	-0.066406	0.183594	0.453125	0.085938	0.017220	-0.063557	-5.312321	-0.000187	-0.101616	0.014202	0.083695	-0.081304	10.134262	1.000000	0.000000	0.000000	0.000000	
0.429878	0.242225	-1.409367	1.245759	-0.865445	-0.517450	-0.201030	1.188498	-1.358403	1.028543	0.439404	0.246081	-1.412659	1.327717	-0.799357	-0.513157	-0.194229	1.171715	-1.418375	0.989255	-0.019378	-0.029490	0.016311	-0.211584	-0.611188	0.024847	-0.008206	-0.091753	0.049292	0.271577	-0.082031	0.011719	0.007812	-0.531250	-0.164062	0.000000	-0.066406	0.183594	0.417969	0.109375	0.017220	-0.063557	-5.312321	-0.000187	-0.101616	0.014202	0.083695	-0.081304	10.134262	1.000000	0.000000	0.000000	0.000000	
0.430693	0.241245	-1.408232	1.246740	-0.869268	-0.518842	-0.200153	1.187929	-1.360394	1.029478	0.439456	0.245628	-1.412346	1.325444	-0.805728	-0.513506	-0.194262	1.171155	-1.417817	0.992821	-0.036834	-0.048314	0.001631	-0.087461	-0.479875	-0.067308	-0.004310	-0.078968	-0.029967	0.219087	-0.066406	0.011719	0.003906	-0.492188	-0.199219	-0.003906	-0.066406	0.187500	0.402344	0.132812	0.017220	-0.063557	-5.312321	-0.000187	-0.101616	0.014202	0.083695	-0.081304	10.134262	1.000000	0.000000	0.000000	0.000000	
0.431397	0.240362	-1.407492	1.249344	-0.872001	-0.519953	-0.199802	1.187826	-1.361601	1.030139	0.439539	0.245174	-1.411822	1.324068	-0.813836	-0.514060	-0.194300	1.170582	-1.417656	0.995860	0.013765	-0.032748	0.042039	-0.127394	-0.376013	-0.073034	-0.028348	-0.105607	0.017941	0.192901	-0.066406	-0.011719	0.003906	-0.480469	-0.214844	-0.003906	-0.066406	0.199219	0.394531	0.132812	0.017220	-0.063557	-5.312321	-0.000187	-0.101616	0.014202	0.083695	-0.081304	10.134262	1.000000	0.000000	0.000000	0.000000	
0.431747	0.240060	-1.406220	1.250715	-0.875250	-0.521371	-0.199458	1.188166	-1.362687	1.032338	0.439629	0.244841	-1.410191	1.323236	-0.818753	-0.514752	-0.194308	1.169862	-1.417697	0.999764	0.001376	-0.025376	0.067017	-0.044146	-0.355158	-0.091055	-0.014467	-0.080353	-0.008675	0.085593	-0.054688	-0.011719	-0.003906	-0.484375	-0.230469	-0.007812	-0.050781	0.207031	0.378906	0.140625	0.017220	-0.063557	-5.312321	-0.000187	-0.101616	0.014202	0.083695	-0.081304	10.134262	1.000000	0.000000	0.000000	0.000000	
0.431912	0.239819	-1.405033	1.252234	-0.879033	-0.522668	-0.199380	1.188252	-1.363125	1.034857	0.439647	0.244491	-1.408895	1.322803	-0.822717	-0.515376	-0.194302	1.168773	-1.417705	1.001999	0.014096	-0.029291	0.104411	-0.028842	-0.405417	-0.064940	-0.002610	-0.070849	-0.042743	0.095800	-0.054688	-0.007812	-0.007812	-0.468750	-0.214844	0.003906	-0.050781	0.207031	0.363281	0.132812	0.017220	-0.063557	-5.312321	-0.000187	-0.101616	0.014202	0.083695	-0.081304	10.134262	1.000000	0.000000	0.000000	0.000000	
0.432073	0.239914	-1.403632	1.253126	-0.881849	-0.524061	-0.198823	1.188321	-1.363382	1.037796	0.439602	0.244106	-1.407400	1.322183	-0.826612	-0.516591	-0.194300	1.168216	-1.417707	1.003924	-0.057914	-0.033173	0.073255	-0.020332	-0.326692	-0.142590	-0.007240	-0.045471	-0.011254	0.166613	-0.050781	-0.023438	-0.027344	-0.453125	-0.214844	-0.003906	-0.042969	0.214844	0.355469	0.136719	0.017220	-0.063557	-5.312321	-0.000187	-0.101616	0.014202	0.083695	-0.081304	10.134262	1.000000	0.000000	0.000000	0.000000	
0.432543	0.239567	-1.402358	1.254747	-0.883911	-0.525335	-0.198848	1.189390	-1.363351	1.040534	0.439569	0.243932	-1.405841	1.321914	-0.833110	-0.517537	-0.194308	1.167692	-1.417731	1.006272	-0.079074	-0.026581	0.091077	-0.085784	-0.308350	-0.118948	-0.033294	-0.060381	-0.015084	0.142288	-0.042969	-0.027344	-0.019531	-0.449219	-0.203125	-0.019531	-0.042969	0.222656	0.367188	0.117188	0.017220	-0.063557	-5.312321	-0.000187	-0.101616	0.014202	0.083695	-0.081304	10.134262	1.000000	0.000000	0.000000	0.000000	
0.432591	0.239574	-1.400625	1.255083	-0.886019	-0.526797	-0.198964	1.190173	-1.363139	1.042395	0.439538	0.243841	-1.403639	1.321787	-0.837027	-0.518283	-0.194294	1.167127	-1.417712	1.010595	-0.004418	-0.004985	0.155672	-0.043475	-0.282089	-0.092156	-0.024267	-0.086300	0.015940	0.209648	-0.039062	-0.027344	-0.039062	-0.437500	-0.199219	-0.019531	-0.042969	0.222656	0.367188	0.105469	0.017220	-0.063557	-5.312321	-0.000187	-0.101616	0.014202	0.083695	-0.081304	10.134262	1.000000	0.000000	0.000000	0.000000	
0.432519	0.239475	-1.398937	1.255275	-0.888211	-0.527949	-0.198915	1.190049	-1.363250	1.044823	0.439483	0.243758	-1.402084	1.321762	-0.840379	-0.519353	-0.194275	1.166166	-1.417757	1.013519	-0.028359	-0.009804	0.078381	0.047997	-0.258525	-0.148801	0.003389	-0.071443	0.001594	0.167529	-0.039062	-0.035156	-0.039062	-0.449219	-0.175781	-0.003906	-0.039062	0.234375	0.367188	0.105469	0.017220	-0.063557	-5.312321	-0.000187	-0.101616	0.014202	0.083695	-0.081304	10.134262	1.000000	0.000000	0.000000	0.000000	
0.432564	0.238892	-1.397912	1.256893	-0.891709	-0.528838	-0.199261	1.190051	-1.362639	1.048756	0.439472	0.243709	-1.400779	1.321732	-0.843957	-0.520561	-0.194271	1.165683	-1.417790	1.016309	-0.009815	-0.009123	0.109037	-0.044055	-0.305023	-0.056756	0.002665	0.003325	0.003649	0.212172	-0.035156	-0.039062	-0.035156	-0.437500	-0.175781	-0.011719	-0.042969	0.250000	0.363281	0.093750	0.017220	-0.063557	-5.312321	-0.000187	-0.101616	0.014202	0.083695	-0.081304	10.134262	1.000000	0.000000	0.000000	0.000000	
0.432563	0.238603	-1.396624	1.256745	-0.894824	-0.530125	-0.199024	1.190055	-1.362504	1.053273	0.439421	0.243683	-1.399428	1.321799	-0.848914	-0.521432	-0.194270	1.165174	-1.417821	1.018782	-0.014940	0.004904	0.080696	0.023512	-0.215453	-0.064999	-0.000897	-0.076439	0.000365	0.174761	-0.039062	-0.042969	-0.023438	-0.437500	-0.175781	-0.027344	-0.042969	0.265625	0.355469	0.109375	0.017220	-0.063557	-5.312321	-0.000187	-0.101616	0.014202	0.083695	-0.081304	10.134262	1.000000	0.000000	0.000000	0.000000	
0.432505	0.237883	-1.395566	1.256997	-0.898214	-0.531063	-0.199178	1.189662	-1.362561	1.057325	0.439363	0.243630	-1.397679	1.321934	-0.852304	-0.521970	-0.194270	1.164806	-1.417827	1.023105	-0.046859	-0.008815	0.039476	-0.001138	-0.314674	-0.016969	0.004563	-0.087905	-0.087204	0.181489	-0.039062	-0.035156	-0.019531	-0.429688	-0.164062	-0.035156	-0.042969	0.257812	0.367188	0.082031	0.017220	-0.063557	-5.312321	-0.000187	-0.101616	0.014202	0.083695	-0.081304	10.134262	1.000000	0.000000	0.000000	0.000000	
0.432371	0.237501	-1.394832	1.257402	-0.900645	-0.531976	-0.198903	1.189041	-1.362354	1.061241	0.439303	0.243595	-1.396700	1.321936	-0.855357	-0.522320	-0.194286	1.163860	-1.417780	1.026732	-0.018644	-0.007861	0.014417	-0.038500	-0.223397	-0.061021	-0.022808	-0.096031	-0.057575	0.224037	-0.035156	-0.039062	-0.011719	-0.433594	-0.175781	-0.035156	-0.042969	0.289062	0.363281	0.085938	0.017220	-0.063557	-5.312321	-0.000187	-0.101616	0.014202	0.083695	-0.081304	10.134262	1.000000	0.000000	0.000000	0.000000	
0.432209	0.237255	-1.393836	1.257848	-0.902932	-0.532900	-0.198755	1.188758	-1.362862	1.065348	0.439242	0.243491	-1.395777	1.321985	-0.858343	-0.523045	-0.194281	1.163017	-1.417697	1.030245	-0.026292	-0.040335	0.032848	-0.024788	-0.245676	-0.047978	-0.006934	-0.096844	-0.086019	0.305064	-0.039062	-0.050781	-0.023438	-0.417969	-0.183594	-0.027344	-0.042969	0.289062	0.367188	0.085938	0.017220	-0.063557	-5.312321	-0.000187	-0.101616	0.014202	0.083695	-0.081304	10.134262	1.000000	0.000000	0.000000	0.000000	
0.432140	0.236929	-1.392822	1.258520	-0.904637	-0.533804	-0.198800	1.188389	-1.363284	1.068405	0.439206	0.243430	-1.394889	1.322068	-0.862963	-0.524038	-0.194272	1.162000	-1.417657	1.034073	-0.009608	0.002946	0.062609	-0.002479	-0.185091	-0.057142	-0.000693	-0.110884	-0.008602	0.285250	-0.039062	-0.042969	-0.011719	-0.429688	-0.171875	-0.027344	-0.039062	0.296875	0.367188	0.070312	0.017220	-0.063557	-5.312321	-0.000187	-0.101616	0.014202	0.083695	-0.081304	10.134262	1.000000	0.000000	0.000000	0.000000	
0.433117	0.236886	-1.390981	1.259908	-0.902149	-0.534693	-0.199509	1.188622	-1.363085	1.069230	0.439150	0.243256	-1.393815	1.322206	-0.865922	-0.524866	-0.194278	1.161190	-1.417649	1.039952	-0.004450	-0.025296	0.103971	-0.003738	-0.248825	-0.113893	-0.017517	-0.073902	0.020078	0.286758	-0.042969	-0.042969	-0.007812	-0.433594	-0.171875	-0.039062	-0.042969	0.289062	0.367188	0.070312	0.012371	-0.100516	-5.291107	0.045193	0.035164	0.011805	0.182694	-1.736311	9.758711	1.000000	0.000000	0.000000	0.000000	
0.434335	0.235586	-1.390331	1.261833	-0.906801	-0.535363	-0.200014	1.190586	-1.362882	1.073553	0.439139	0.242882	-1.393600	1.322427	-0.868380	-0.525299	-0.194272	1.160617	-1.417647	1.041128	0.013513	-0.014162	0.108107	0.027543	-0.269157	-0.109099	0.000575	-0.035307	0.002008	0.286909	-0.042969	-0.027344	-0.007812	-0.421875	-0.167969	-0.050781	-0.039062	0.289062	0.355469	0.070312	0.011401	-0.107908	-5.286864	0.049731	0.048842	0.011565	0.192594	-1.901812	9.721155	1.000000	0.000000	0.000000	0.000000	
0.434843	0.233359	-1.390873	1.264603	-0.920438	-0.535691	-0.200265	1.193032	-1.361178	1.084180	0.439112	0.242589	-1.392709	1.322762	-0.870859	-0.525603	-0.194286	1.159993	-1.417671	1.046089	-0.047504	-0.037476	0.042217	0.023692	-0.201397	-0.073723	-0.004595	-0.014000	-0.034696	0.126401	-0.039062	-0.039062	0.003906	-0.433594	-0.152344	-0.054688	-0.050781	0.289062	0.367188	0.117188	0.011207	-0.109386	-5.286016	0.050185	0.050210	0.011541	0.193584	-1.918362	9.717400	1.000000	0.000000	0.000000	0.000000	
0.435147	0.231114	-1.391134	1.266115	-0.933073	-0.536125	-0.200391	1.194997	-1.360134	1.093388	0.439156	0.242449	-1.392119	1.323605	-0.873148	-0.525785	-0.194289	1.159771	-1.417627	1.048777	0.002229	-0.021196	0.011201	0.016328	-0.246966	-0.049248	0.005357	-0.081662	0.045385	0.183632	-0.023438	-0.050781	0.003906	-0.417969	-0.148438	-0.050781	-0.054688	0.304688	0.355469	0.093750	0.011168	-0.109682	-5.285846	0.050230	0.050347	0.011539	0.193683	-1.920017	9.717025	1.000000	0.000000	0.000000	0.000000	
0.435512	0.229671	-1.390646	1.266595	-0.942176	-0.536946	-0.199537	1.195943	-1.359049	1.099768	0.439213	0.242058	-1.391686	1.324355	-0.877944	-0.526137	-0.194306	1.159896	-1.417522	1.052150	-0.024205	-0.041669	0.004610	-0.005346	-0.377149	-0.092166	-0.007607	-0.046552	0.025476	0.325451	-0.027344	-0.042969	0.003906	-0.398438	-0.164062	-0.054688	-0.050781	0.328125	0.367188	0.105469	0.011161	-0.109741	-5.285812	0.050235	0.050361	0.011539	0.193693	-1.920183	9.716987	1.000000	0.000000	0.000000	0.000000	
0.436061	0.228244	-1.389990	1.268051	-0.949731	-0.538013	-0.198870	1.197199	-1.357710	1.106505	0.439273	0.241309	-1.391236	1.325280	-0.883313	-0.526619	-0.194309	1.160091	-1.417452	1.056412	-0.030338	-0.049532	-0.003029	-0.024962	-0.480898	-0.061561	-0.015882	0.023262	-0.077714	0.367550	-0.027344	-0.039062	-0.019531	-0.410156	-0.152344	-0.042969	-0.054688	0.339844	0.382812	0.121094	0.011159	-0.109753	-5.285805	0.050235	0.050362	0.011539	0.193694	-1.920199	9.716983	1.000000	0.000000	0.000000	0.000000	
0.436301	0.227366	-1.388533	1.269657	-0.956488	-0.539343	-0.198482	1.199476	-1.357055	1.112841	0.439382	0.240303	-1.389789	1.326483	-0.889428	-0.527636	-0.194286	1.160300	-1.417293	1.063468	0.017904	-0.075909	0.059021	0.077765	-0.498252	-0.089907	-0.009731	-0.022101	0.002698	0.392698	-0.019531	-0.027344	-0.027344	-0.433594	-0.187500	-0.039062	-0.042969	0.347656	0.382812	0.117188	0.011159	-0.109755	-5.285804	0.050235	0.050362	0.011539	0.193694	-1.920201	9.716983	1.000000	0.000000	0.000000	0.000000	
0.436978	0.226047	-1.387231	1.272207	-0.962609	-0.540610	-0.198222	1.201762	-1.355721	1.120116	0.439452	0.239270	-1.389039	1.328226	-0.895522	-0.528639	-0.194289	1.160875	-1.417164	1.068635	0.029707	-0.059935	-0.022015	0.000797	-0.447643	-0.036908	-0.028890	0.025707	-0.017178	0.328909	-0.019531	-0.035156	-0.027344	-0.417969	-0.183594	-0.039062	-0.039062	0.339844	0.386719	0.121094	0.011159	-0.109756	-5.285803	0.050235	0.050362	0.011539	0.193694	-1.920201	9.716983	1.000000	0.000000	0.000000	0.000000	
0.437779	0.224740	-1.385315	1.274834	-0.967890	-0.542138	-0.198327	1.205011	-1.355107	1.128520	0.439514	0.238030	-1.388356	1.329229	-0.904544	-0.529640	-0.194282	1.161474	-1.416872	1.073255	-0.000519	-0.101377	0.004778	0.041955	-0.358831	-0.063015	-0.020337	0.047936	0.040158	0.273676	-0.019531	-0.011719	-0.007812	-0.398438	-0.207031	-0.035156	-0.039062	0.367188	0.386719	0.140625	0.011159	-0.109756	-5.285803	0.050235	0.050362	0.011539	0.193694	-1.920201	9.716983	1.000000	0.000000	0.000000	0.000000	
0.438458	0.223656	-1.382952	1.277150	-0.971815	-0.543594	-0.198482	1.207779	-1.354731	1.136219	0.439648	0.236764	-1.387686	1.330229	-0.910225	-0.530785	-0.194280	1.162249	-1.416474	1.078056	0.020886	-0.083420	0.070270	0.084457	-0.381357	-0.149376	-0.014829	0.011773	0.007505	0.317007	-0.019531	-0.023438	-0.007812	-0.410156	-0.191406	-0.035156	-0.027344	0.378906	0.382812	0.136719	0.011159	-0.109756	-5.285803	0.050235	0.050362	0.011539	0.193694	-1.920201	9.716983	1.000000	0.000000	0.000000	0.000000	
0.439132	0.222656	-1.379772	1.279266	-0.974221	-0.545231	-0.198530	1.210755	-1.354342	1.144706	0.439747	0.235581	-1.385856	1.331641	-0.915506	-0.532589	-0.194280	1.163470	-1.415861	1.085729	-0.046766	-0.088604	0.083799	0.137562	-0.418506	-0.182440	-0.013115	0.074460	0.063564	0.335299	-0.011719	-0.039062	-0.027344	-0.410156	-0.191406	-0.023438	-0.035156	0.371094	0.371094	0.152344	0.011159	-0.109756	-5.285803	0.050235	0.050362	0.011539	0.193694	-1.920201	9.716983	1.000000	0.000000	0.000000	0.000000	
0.440141	0.221230	-1.376837	1.282426	-0.976165	-0.546759	-0.198975	1.213814	-1.352918	1.153127	0.439913	0.234885	-1.384496	1.334226	-0.920342	-0.533604	-0.194280	1.165362	-1.415084	1.091408	-0.022125	-0.067021	0.106090	0.080059	-0.394303	-0.095016	0.003341	0.063280	0.076149	0.392962	-0.011719	-0.039062	-0.019531	-0.421875	-0.207031	-0.023438	-0.039062	0.394531	0.371094	0.140625	0.011159	-0.109756	-5.285803	0.050235	0.050362	0.011539	0.193694	-1.920201	9.716983	1.000000	0.000000	0.000000	0.000000	
0.440428	0.220269	-1.373703	1.284397	-0.979653	-0.548277	-0.198939	1.216440	-1.351483	1.163653	0.439994	0.233954	-1.382455	1.336148	-0.927731	-0.535819	-0.194288	1.166758	-1.413838	1.096784	-0.002212	-0.062536	0.104829	0.074309	-0.391883	-0.194452	-0.001992	0.083100	-0.023792	0.426645	-0.007812	-0.035156	-0.027344	-0.410156	-0.183594	-0.007812	-0.039062	0.394531	0.371094	0.171875	0.011159	-0.109756	-5.285803	0.050235	0.050362	0.011539	0.193694	-1.920201	9.716983	1.000000	0.000000	0.000000	0.000000	
0.440582	0.219397	-1.369918	1.286588	-0.982433	-0.549743	-0.199635	1.219697	-1.352298	1.173136	0.440180	0.232992	-1.380326	1.338035	-0.931851	-0.537667	-0.194322	1.168419	-1.412959	1.101883	0.003268	-0.065577	0.136110	0.188892	-0.227628	-0.155541	-0.024627	0.092061	0.018559	0.346263	-0.007812	-0.050781	-0.023438	-0.421875	-0.187500	-0.011719	-0.042969	0.410156	0.371094	0.214844	0.011159	-0.109756	-5.285803	0.050235	0.050362	0.011539	0.193694	-1.920201	9.716983	1.000000	0.000000	0.000000	0.000000	
0.440832	0.218708	-1.366058	1.289095	-0.985393	-0.550919	-0.200250	1.222390	-1.353348	1.181179	0.440411	0.231935	-1.376799	1.339867	-0.935607	-0.539830	-0.194337	1.169938	-1.411959	1.109857	0.010796	-0.067045	0.153196	0.099151	-0.322871	-0.144670	0.001027	0.089468	0.085607	0.421975	0.000000	-0.054688	-0.023438	-0.414062	-0.171875	-0.003906	-0.039062	0.417969	0.363281	0.207031	0.011159	-0.109756	-5.285803	0.050235	0.050362	0.011539	0.193694	-1.920201	9.716983	1.000000	0.000000	0.000000	0.000000	
0.440501	0.218150	-1.362146	1.290794	-0.989912	-0.551486	-0.200157	1.223758	-1.354602	1.189635	0.440506	0.230892	-1.374009	1.342971	-0.939436	-0.541838	-0.194372	1.172569	-1.410984	1.116202	-0.012879	-0.056723	0.144436	0.135542	-0.314947	-0.209886	-0.011529	0.155511	0.039967	0.495850	0.007812	-0.058594	-0.019531	-0.417969	-0.171875	-0.003906	-0.050781	0.437500	0.355469	0.203125	0.011159	-0.109756	-5.285803	0.050235	0.050362	0.011539	0.193694	-1.920201	9.716983	1.000000	0.000000	0.000000	0.000000	
0.439937	0.217428	-1.358529	1.292708	-0.995964	-0.551574	-0.200045	1.224607	-1.356535	1.196725	0.440694	0.230085	-1.371415	1.344949	-0.945823	-0.544008	-0.194452	1.174040	-1.408923	1.122996	-0.022226	-0.064996	0.161008	0.149650	-0.310665	-0.143126	-0.020928	0.092323	0.059831	0.593968	-0.007812	-0.054688	-0.011719	-0.414062	-0.167969	-0.007812	-0.050781	0.449219	0.316406	0.183594	0.011159	-0.109756	-5.285803	0.050235	0.050362	0.011539	0.193694	-1.920201	9.716983	1.000000	0.000000	0.000000	0.000000	
0.439350	0.216671	-1.355598	1.294376	-1.004713	-0.551359	-0.199471	1.224375	-1.357973	1.203693	0.441023	0.229246	-1.369079	1.347138	-0.949767	-0.545436	-0.194492	1.175521	-1.407469	1.129808	-0.012691	-0.061171	0.096362	0.178978	-0.338154	-0.119002	-0.002093	0.099963	0.061817	0.453725	0.000000	-0.058594	0.007812	-0.417969	-0.167969	-0.011719	-0.042969	0.417969	0.312500	0.203125	0.011159	-0.109756	-5.285803	0.050235	0.050362	0.011539	0.193694	-1.920201	9.716983	1.000000	0.000000	0.000000	0.000000	
0.438618	0.216685	-1.353604	1.295823	-1.015458	-0.550796	-0.198420	1.222983	-1.360738	1.206866	0.441137	0.228318	-1.365244	1.349442	-0.953633	-0.546594	-0.194524	1.177223	-1.406451	1.140039	-0.011738	-0.064278	0.152711	0.192379	-0.361841	-0.039817	0.010260	0.111196	0.068995	0.453660	-0.007812	-0.058594	0.003906	-0.437500	-0.167969	-0.007812	-0.054688	0.417969	0.304688	0.214844	0.011159	-0.109756	-5.285803	0.050235	0.050362	0.011539	0.193694	-1.920201	9.716983	1.000000	0.000000	0.000000	0.000000	
0.437614	0.217087	-1.352347	1.297131	-1.026907	-0.549878	-0.196767	1.220630	-1.364080	1.208920	0.441136	0.227883	-1.362150	1.354337	-0.958260	-0.547213	-0.194563	1.180011	-1.405811	1.146787	-0.029091	-0.049467	0.179284	0.242574	-0.392127	-0.059816	0.002189	0.077423	0.006900	0.453653	-0.011719	-0.074219	-0.003906	-0.476562	-0.167969	-0.003906	-0.050781	0.410156	0.304688	0.214844	0.011159	-0.109756	-5.285803	0.050235	0.050362	0.011539	0.193694	-1.920201	9.716983	1.000000	0.000000	0.000000	0.000000	
0.440085	0.218060	-1.351792	1.296924	-0.997672	-0.549000	-0.194953	1.213370	-1.374266	1.164164	0.441160	0.227303	-1.359690	1.357497	-0.967255	-0.547967	-0.194595	1.181150	-1.405320	1.152474	-0.037805	-0.057291	0.133086	0.209208	-0.569637	-0.065305	-0.017229	0.074045	-0.034206	0.397818	-0.011719	-0.054688	-0.007812	-0.480469	-0.148438	-0.003906	-0.039062	0.394531	0.304688	0.222656	0.021549	-0.055501	-5.297667	0.002618	0.271191	-0.057091	0.656407	-0.830134	9.870862	1.000000	0.000000	0.000000	0.000000	
0.442692	0.218953	-1.349095	1.297463	-0.961594	-0.549603	-0.196124	1.209624	-1.381456	1.115322	0.441140	0.226815	-1.357477	1.360335	-0.974530	-0.548360	-0.194593	1.181596	-1.405439	1.157344	-0.024718	-0.058074	0.138935	0.195402	-0.552492	-0.037937	-0.001723	0.000425	-0.013890	0.298015	-0.011719	-0.070312	-0.011719	-0.492188	-0.140625	0.000000	-0.023438	0.378906	0.281250	0.207031	0.023628	-0.044650	-5.300040	-0.002144	0.293274	-0.063954	0.702679	-0.721128	9.886250	1.000000	0.000000	0.000000	0.000000	
0.443966	0.221049	-1.346085	1.298552	-0.934223	-0.550148	-0.197543	1.208080	-1.376606	1.084497	0.441161	0.226507	-1.354054	1.363083	-0.977415	-0.548512	-0.194601	1.181322	-1.406554	1.160571	0.018466	-0.017439	0.048790	0.288242	-0.055249	0.024123	-0.008315	0.048897	-0.158422	-0.270307	0.003906	-0.058594	-0.007812	-0.515625	-0.125000	-0.007812	-0.011719	0.316406	0.273438	0.101562	0.024043	-0.042480	-5.300514	-0.002620	0.295483	-0.064640	0.707306	-0.710227	9.887789	1.000000	0.000000	0.000000	0.000000	
0.444909	0.222735	-1.344484	1.300390	-0.927405	-0.549297	-0.199589	1.208199	-1.366727	1.076928	0.441165	0.226204	-1.352448	1.367607	-0.974745	-0.548494	-0.194611	1.181606	-1.408303	1.153002	-0.026070	-0.019192	0.032796	0.224244	0.406252	0.019860	-0.005484	-0.040475	-0.274075	-0.958763	0.007812	-0.042969	0.000000	-0.531250	-0.050781	-0.003906	0.000000	0.265625	0.257812	0.070312	0.024126	-0.042045	-5.300609	-0.002668	0.295704	-0.064709	0.707769	-0.709137	9.887942	1.000000	0.000000	0.000000	0.000000	
0.444235	0.224392	-1.343095	1.300203	-0.928486	-0.548086	-0.200418	1.209227	-1.356421	1.076532	0.441335	0.226022	-1.350455	1.370960	-0.967183	-0.548538	-0.194782	1.181518	-1.413573	1.140316	-0.037503	-0.021694	0.128906	0.224823	0.319796	-0.050358	-0.040098	-0.091288	-0.278661	-1.188131	0.011719	-0.042969	-0.019531	-0.566406	0.070312	-0.007812	0.000000	0.281250	0.320312	0.007812	0.024143	-0.041959	-5.300628	-0.002672	0.295726	-0.064716	0.707815	-0.709028	9.887958	1.000000	0.000000	0.000000	0.000000	
0.442712	0.226946	-1.341468	1.296572	-0.923945	-0.547812	-0.198820	1.207915	-1.349451	1.071601	0.441442	0.226010	-1.347778	1.374320	-0.960873	-0.548329	-0.195229	1.180991	-1.415378	1.129055	-0.010730	-0.002169	0.267634	0.210922	0.394901	-0.025974	-0.045885	-0.096370	-0.073231	-0.722520	0.011719	-0.027344	-0.054688	-0.578125	0.070312	-0.007812	0.000000	0.285156	0.335938	-0.082031	0.024146	-0.041941	-5.300632	-0.002673	0.295728	-0.064717	0.707820	-0.709017	9.887959	1.000000	0.000000	0.000000	0.000000	
0.441447	0.229183	-1.339992	1.291297	-0.913713	-0.547690	-0.196571	1.204956	-1.346447	1.060836	0.441488	0.226225	-1.343075	1.377537	-0.957042	-0.547657	-0.195689	1.180789	-1.415206	1.119823	-0.042949	0.028863	0.089577	0.185105	0.175586	0.046257	-0.018547	-0.048023	0.027573	-0.347933	0.019531	-0.019531	-0.050781	-0.593750	0.125000	-0.023438	-0.011719	0.285156	0.367188	-0.199219	0.024147	-0.041938	-5.300633	-0.002673	0.295728	-0.064717	0.707820	-0.709016	9.887959	1.000000	0.000000	0.000000	0.000000	
0.440110	0.231023	-1.340299	1.290064	-0.902928	-0.546454	-0.195752	1.202868	-1.344476	1.051493	0.441400	0.226486	-1.341189	1.380724	-0.954773	-0.547281	-0.195798	1.180991	-1.414420	1.116281	-0.032212	0.023824	0.036875	0.001062	0.153654	0.004626	-0.006508	-0.011782	0.030674	-0.195316	0.007812	-0.027344	-0.023438	-0.578125	0.156250	-0.007812	-0.019531	0.257812	0.414062	-0.238281	0.024147	-0.041937	-5.300633	-0.002673	0.295728	-0.064717	0.707820	-0.709016	9.887959	1.000000	0.000000	0.000000	0.000000	
0.438695	0.231884	-1.340989	1.289316	-0.896839	-0.545053	-0.196156	1.202066	-1.342772	1.047062	0.441358	0.226991	-1.340327	1.381507	-0.952284	-0.546721	-0.195747	1.181056	-1.414263	1.113343	0.045634	0.029136	-0.027719	0.000106	0.189847	-0.006517	-0.007630	-0.015137	-0.052767	-0.270785	0.000000	0.000000	0.000000	-0.601562	0.191406	-0.011719	-0.011719	0.234375	0.464844	-0.265625	0.024147	-0.041937	-5.300633	-0.002673	0.295728	-0.064717	0.707820	-0.709016	9.887959	1.000000	0.000000	0.000000	0.000000	
0.437227	0.232161	-1.341691	1.288248	-0.894830	-0.543731	-0.196967	1.201824	-1.341984	1.046999	0.441228	0.227528	-1.340252	1.381955	-0.949241	-0.546027	-0.195672	1.181165	-1.414643	1.110114	-0.044291	0.058748	-0.090013	0.048865	0.308624	0.069141	-0.008905	0.022914	-0.057621	-0.274842	0.000000	0.000000	0.007812	-0.625000	0.218750	-0.023438	-0.003906	0.207031	0.480469	-0.296875	0.024147	-0.041937	-5.300633	-0.002673	0.295728	-0.064717	0.707820	-0.709016	9.887959	1.000000	0.000000	0.000000	0.000000	
0.435977	0.232615	-1.343069	1.287249	-0.893160	-0.542259	-0.197023	1.201375	-1.341214	1.049198	0.440912	0.228072	-1.340988	1.382262	-0.946161	-0.544871	-0.195641	1.181236	-1.414913	1.106318	-0.046305	0.023323	-0.106711	-0.040479	0.236751	0.041810	-0.012523	0.012760	-0.040658	-0.174049	-0.011719	0.007812	0.011719	-0.628906	0.238281	-0.019531	-0.007812	0.203125	0.492188	-0.316406	0.024147	-0.041937	-5.300633	-0.002673	0.295728	-0.064717	0.707820	-0.709016	9.887959	1.000000	0.000000	0.000000	0.000000	
0.434657	0.232939	-1.344160	1.285414	-0.890525	-0.541019	-0.196699	1.200702	-1.340787	1.050551	0.440800	0.228399	-1.341402	1.382203	-0.943655	-0.544179	-0.195634	1.181201	-1.415234	1.104080	-0.029058	0.030249	-0.097912	-0.004048	0.152791	-0.030715	-0.017537	-0.047579	-0.098286	-0.139542	-0.019531	0.027344	0.007812	-0.609375	0.253906	-0.003906	-0.007812	0.203125	0.492188	-0.316406	0.024147	-0.041937	-5.300633	-0.002673	0.295728	-0.064717	0.707820	-0.709016	9.887959	1.000000	0.000000	0.000000	0.000000	
0.433664	0.233281	-1.345036	1.283199	-0.885805	-0.539776	-0.196273	1.200261	-1.341356	1.049242	0.440656	0.228650	-1.341824	1.381803	-0.939737	-0.543725	-0.195617	1.181098	-1.415637	1.102445	-0.030823	0.013494	-0.097032	-0.094625	0.144396	-0.024009	-0.001754	-0.071061	-0.009829	-0.139581	-0.023438	0.023438	-0.003906	-0.609375	0.234375	0.003906	-0.007812	0.199219	0.503906	-0.300781	0.024147	-0.041937	-5.300633	-0.002673	0.295728	-0.064717	0.707820	-0.709016	9.887959	1.000000	0.000000	0.000000	0.000000	
0.432853	0.233740	-1.345698	1.280659	-0.880845	-0.538847	-0.195703	1.199768	-1.342270	1.047428	0.440531	0.229031	-1.342272	1.381311	-0.937039	-0.543320	-0.195573	1.181004	-1.415936	1.101149	-0.017041	0.031593	-0.079496	-0.096703	0.185432	-0.002401	0.004477	0.010342	-0.035879	-0.122137	-0.035156	0.003906	0.000000	-0.613281	0.250000	0.003906	-0.011719	0.203125	0.511719	-0.312500	0.024147	-0.041937	-5.300633	-0.002673	0.295728	-0.064717	0.707820	-0.709016	9.887959	1.000000	0.000000	0.000000	0.000000	
0.432231	0.234474	-1.346563	1.278699	-0.876286	-0.537977	-0.195258	1.199592	-1.343131	1.046052	0.440481	0.229536	-1.343355	1.380583	-0.934003	-0.542827	-0.195492	1.180816	-1.416311	1.099290	-0.050559	0.024097	-0.063784	-0.121339	0.238390	0.041635	0.000448	0.014993	-0.041974	-0.151799	-0.039062	0.007812	0.007812	-0.617188	0.222656	0.011719	-0.007812	0.207031	0.515625	-0.285156	0.024147	-0.041937	-5.300633	-0.002673	0.295728	-0.064717	0.707820	-0.709016	9.887959	1.000000	0.000000	0.000000	0.000000	
0.431746	0.235029	-1.347820	1.277147	-0.872207	-0.536984	-0.195037	1.199668	-1.343504	1.044602	0.440496	0.229822	-1.344444	1.378983	-0.930245	-0.542534	-0.195362	1.180342	-1.416895	1.097295	-0.029483	0.028000	-0.097109	-0.172657	0.306499	0.053018	0.009350	-0.050845	-0.073990	-0.207110	-0.039062	0.011719	0.019531	-0.597656	0.214844	0.007812	-0.003906	0.203125	0.515625	-0.257812	0.024147	-0.041937	-5.300633	-0.002673	0.295728	-0.064717	0.707820	-0.709016	9.887959	1.000000	0.000000	0.000000	0.000000	
0.431339	0.235566	-1.349019	1.275466	-0.868616	-0.535925	-0.194830	1.199724	-1.343574	1.043778	0.440474	0.230348	-1.345776	1.377597	-0.923775	-0.541821	-0.195191	1.180078	-1.417690	1.095078	-0.086700	0.030717	-0.159765	-0.177789	0.306331	0.040198	0.003261	0.001895	-0.098129	-0.219620	-0.050781	0.000000	0.023438	-0.613281	0.183594	0.007812	-0.023438	0.199219	0.500000	-0.250000	0.024147	-0.041937	-5.300633	-0.002673	0.295728	-0.064717	0.707820	-0.709016	9.887959	1.000000	0.000000	0.000000	0.000000	
0.430936	0.236259	-1.350530	1.274604	-0.864025	-0.534672	-0.194839	1.199916	-1.343242	1.041993	0.440518	0.230898	-1.347036	1.375962	-0.918942	-0.541121	-0.194906	1.179879	-1.417898	1.092502	0.001799	0.019357	-0.152072	-0.150385	0.337721	-0.002959	0.009632	-0.069603	-0.002834	-0.196444	-0.054688	0.019531	0.023438	-0.601562	0.183594	0.011719	-0.023438	0.203125	0.496094	-0.246094	0.024147	-0.041937	-5.300633	-0.002673	0.295728	-0.064717	0.707820	-0.709016	9.887959	1.000000	0.000000	0.000000	0.000000	
0.430596	0.236818	-1.352265	1.273652	-0.859341	-0.533366	-0.194491	1.199788	-1.342612	1.039677	0.440552	0.231234	-1.349809	1.374424	-0.914632	-0.540618	-0.194526	1.179718	-1.417939	1.087819	0.003670	0.014731	-0.105938	-0.186030	0.285026	-0.042172	0.012595	-0.031388	-0.003773	-0.246470	-0.058594	0.023438	0.042969	-0.609375	0.183594	0.023438	-0.023438	0.207031	0.484375	-0.199219	0.024147	-0.041937	-5.300633	-0.002673	0.295728	-0.064717	0.707820	-0.709016	9.887959	1.000000	0.000000	0.000000	0.000000	
0.430177	0.237165	-1.353703	1.271729	-0.854254	-0.532515	-0.194172	1.199443	-1.342075	1.034474	0.440582	0.231681	-1.351429	1.371451	-0.910110	-0.540202	-0.194345	1.179541	-1.417875	1.084216	0.035263	0.024737	-0.101324	-0.186105	0.328611	0.051617	0.008239	-0.027566	0.055457	-0.296838	-0.058594	0.011719	0.054688	-0.582031	0.187500	0.035156	-0.019531	0.207031	0.496094	-0.183594	0.024147	-0.041937	-5.300633	-0.002673	0.295728	-0.064717	0.707820	-0.709016	9.887959	1.000000	0.000000	0.000000	0.000000	
0.429625	0.238158	-1.355166	1.269084	-0.849043	-0.531544	-0.193552	1.198757	-1.342415	1.027997	0.440540	0.232190	-1.353014	1.369620	-0.902784	-0.539780	-0.194188	1.179384	-1.417838	1.080782	-0.101163	0.019922	-0.163676	-0.214030	0.371355	0.040058	0.000824	-0.072549	-0.046799	-0.294896	-0.066406	0.023438	0.042969	-0.566406	0.183594	0.039062	-0.007812	0.207031	0.503906	-0.175781	0.024147	-0.041937	-5.300633	-0.002673	0.295728	-0.064717	0.707820	-0.709016	9.887959	1.000000	0.000000	0.000000	0.000000	
0.429028	0.239206	-1.356802	1.267841	-0.845028	-0.530203	-0.193878	1.198984	-1.341877	1.024396	0.440556	0.232623	-1.354470	1.367751	-0.898266	-0.539526	-0.194068	1.179280	-1.417854	1.076993	-0.034544	0.007808	-0.117567	-0.108644	0.243024	-0.027401	0.016367	0.017173	-0.039576	-0.409860	-0.070312	0.011719	0.042969	-0.593750	0.191406	0.035156	0.000000	0.199219	0.500000	-0.164062	0.024147	-0.041937	-5.300633	-0.002673	0.295728	-0.064717	0.707820	-0.709016	9.887959	1.000000	0.000000	0.000000	0.000000	
0.428913	0.239626	-1.358950	1.266943	-0.841933	-0.528843	-0.194090	1.198683	-1.340349	1.022812	0.440559	0.233324	-1.356942	1.366287	-0.894042	-0.538990	-0.193947	1.179114	-1.417785	1.070201	0.000035	0.051962	-0.168790	-0.181856	0.345349	-0.037636	0.024901	-0.033179	-0.003958	-0.344584	-0.070312	0.007812	0.058594	-0.597656	0.175781	0.027344	0.000000	0.203125	0.500000	-0.152344	0.024147	-0.041937	-5.300633	-0.002673	0.295728	-0.064717	0.707820	-0.709016	9.887959	1.000000	0.000000	0.000000	0.000000	
0.428660	0.240707	-1.360650	1.264462	-0.838136	-0.528079	-0.193567	1.198060	-1.339679	1.020122	0.440535	0.233706	-1.358454	1.364031	-0.889611	-0.538011	-0.193866	1.179202	-1.417771	1.065377	-0.045362	0.040093	-0.086672	-0.094958	0.296257	0.052070	0.001327	0.014130	-0.017844	-0.313629	-0.066406	0.019531	0.039062	-0.585938	0.187500	0.027344	-0.003906	0.191406	0.503906	-0.140625	0.024147	-0.041937	-5.300633	-0.002673	0.295728	-0.064717	0.707820	-0.709016	9.887959	1.000000	0.000000	0.000000	0.000000	
0.428251	0.242119	-1.362374	1.262725	-0.833387	-0.527001	-0.193383	1.197415	-1.339865	1.015408	0.440531	0.234259	-1.359726	1.362756	-0.883272	-0.537185	-0.193793	1.179341	-1.417817	1.061093	-0.008026	0.037742	-0.074970	-0.093247	0.263431	0.019166	-0.009173	-0.005566	-0.054129	-0.359388	-0.074219	0.007812	0.039062	-0.597656	0.167969	0.039062	-0.007812	0.183594	0.515625	-0.140625	0.024147	-0.041937	-5.300633	-0.002673	0.295728	-0.064717	0.707820	-0.709016	9.887959	1.000000	0.000000	0.000000	0.000000	
0.427831	0.243549	-1.363876	1.260887	-0.828687	-0.525710	-0.193154	1.197169	-1.340629	1.009868	0.440506	0.234846	-1.361216	1.361605	-0.879047	-0.536607	-0.193666	1.179490	-1.417826	1.056867	-0.018251	0.030528	-0.154062	-0.124483	0.221763	0.001917	0.002572	-0.035453	-0.043799	-0.339537	-0.082031	0.023438	0.042969	-0.597656	0.156250	0.050781	-0.003906	0.171875	0.515625	-0.121094	0.024147	-0.041937	-5.300633	-0.002673	0.295728	-0.064717	0.707820	-0.709016	9.887959	1.000000	0.000000	0.000000	0.000000	
0.427675	0.244740	-1.365666	1.259313	-0.824791	-0.524499	-0.192967	1.196813	-1.340463	1.006763	0.440501	0.235351	-1.363235	1.360502	-0.874616	-0.536274	-0.193487	1.179713	-1.417828	1.050158	-0.054170	0.047255	-0.168950	-0.131096	0.262961	-0.003298	0.015379	0.052289	-0.098600	-0.302655	-0.074219	0.027344	0.042969	-0.613281	0.152344	0.054688	-0.003906	0.175781	0.515625	-0.117188	0.024147	-0.041937	-5.300633	-0.002673	0.295728	-0.064717	0.707820	-0.709016	9.887959	1.000000	0.000000	0.000000	0.000000	
0.427525	0.246123	-1.367461	1.258422	-0.820975	-0.523424	-0.192890	1.196913	-1.340237	1.003894	0.440524	0.235969	-1.364802	1.359167	-0.870361	-0.535868	-0.193370	1.179855	-1.417780	1.045617	0.012031	0.030316	-0.097157	-0.048006	0.319425	-0.000330	0.001538	-0.012219	-0.044756	-0.305947	-0.082031	0.035156	0.054688	-0.628906	0.167969	0.058594	-0.003906	0.167969	0.511719	-0.136719	0.024147	-0.041937	-5.300633	-0.002673	0.295728	-0.064717	0.707820	-0.709016	9.887959	1.000000	0.000000	0.000000	0.000000	
0.427382	0.247515	-1.369166	1.257443	-0.816677	-0.522295	-0.192599	1.196472	-1.340327	1.000213	0.440480	0.236449	-1.366109	1.358463	-0.863500	-0.535278	-0.193185	1.179908	-1.417649	1.042043	-0.016245	0.013501	-0.082998	-0.071104	0.290175	0.003457	-0.003336	-0.001222	-0.084737	-0.267890	-0.082031	0.058594	0.027344	-0.640625	0.148438	0.070312	-0.003906	0.167969	0.500000	-0.140625	0.024147	-0.041937	-5.300633	-0.002673	0.295728	-0.064717	0.707820	-0.709016	9.887959	1.000000	0.000000	0.000000	0.000000	
0.427121	0.248659	-1.370557	1.256426	-0.812398	-0.521281	-0.192454	1.196221	-1.340307	0.995557	0.440495	0.236997	-1.367242	1.357983	-0.859317	-0.534820	-0.193084	1.180015	-1.417599	1.038808	0.029782	0.014145	-0.085072	-0.059455	0.252354	-0.006634	0.017115	0.017326	-0.046860	-0.257105	-0.082031	0.058594	0.027344	-0.644531	0.148438	0.058594	0.000000	0.164062	0.511719	-0.136719	0.024147	-0.041937	-5.300633	-0.002673	0.295728	-0.064717	0.707820	-0.709016	9.887959	1.000000	0.000000	0.000000	0.000000	
0.427170	0.249795	-1.371822	1.255279	-0.808003	-0.520505	-0.192406	1.195907	-1.340671	0.990981	0.440499	0.237551	-1.369578	1.357572	-0.855451	-0.533711	-0.193039	1.180109	-1.417588	1.033944	-0.049366	0.032821	-0.123665	0.001034	0.332323	0.069129	0.001711	-0.015716	-0.004686	-0.273474	-0.085938	0.082031	0.035156	-0.648438	0.148438	0.042969	0.007812	0.156250	0.515625	-0.132812	0.024147	-0.041937	-5.300633	-0.002673	0.295728	-0.064717	0.707820	-0.709016	9.887959	1.000000	0.000000	0.000000	0.000000	
0.427197	0.250677	-1.373362	1.254627	-0.804362	-0.519487	-0.192562	1.195428	-1.340790	0.987330	0.440523	0.237863	-1.370917	1.357345	-0.851915	-0.532375	-0.192998	1.180491	-1.417635	1.030330	-0.057281	0.027710	-0.117055	-0.048751	0.274017	0.069726	-0.011461	0.012387	-0.045834	-0.271622	-0.085938	0.074219	0.039062	-0.660156	0.164062	0.042969	0.003906	0.148438	0.519531	-0.136719	0.024147	-0.041937	-5.300633	-0.002673	0.295728	-0.064717	0.707820	-0.709016	9.887959	1.000000	0.000000	0.000000	0.000000	
0.427162	0.250883	-1.374889	1.254379	-0.802548	-0.518485	-0.193119	1.195040	-1.340018	0.985707	0.440431	0.238556	-1.372203	1.357251	-0.845950	-0.530920	-0.192949	1.180665	-1.417669	1.026942	0.015210	0.034178	-0.158270	-0.078157	0.205373	0.101193	-0.001146	0.043114	-0.008073	-0.264457	-0.082031	0.054688	0.039062	-0.675781	0.156250	0.027344	0.007812	0.152344	0.503906	-0.148438	0.024147	-0.041937	-5.300633	-0.002673	0.295728	-0.064717	0.707820	-0.709016	9.887959	1.000000	0.000000	0.000000	0.000000	
0.426986	0.251384	-1.376337	1.253336	-0.800255	-0.517476	-0.193238	1.194530	-1.339730	0.983252	0.440365	0.239438	-1.373550	1.357111	-0.842188	-0.529005	-0.192931	1.180651	-1.417675	1.024010	0.001521	0.082516	-0.137964	-0.046202	0.160123	0.090381	-0.015236	-0.068971	-0.049662	-0.225355	-0.082031	0.039062	0.035156	-0.675781	0.167969	0.011719	0.007812	0.148438	0.503906	-0.148438	0.024147	-0.041937	-5.300633	-0.002673	0.295728	-0.064717	0.707820	-0.709016	9.887959	1.000000	0.000000	0.000000	0.000000	
0.426533	0.252671	-1.377802	1.252504	-0.795474	-0.516314	-0.193149	1.193949	-1.340007	0.976927	0.440400	0.240317	-1.375056	1.356962	-0.839012	-0.527411	-0.192928	1.180600	-1.417652	1.019353	0.000152	0.053617	-0.066141	-0.018579	0.281224	0.096279	-0.017809	-0.059242	0.019461	-0.224934	-0.089844	0.058594	0.027344	-0.667969	0.156250	0.035156	0.000000	0.140625	0.515625	-0.156250	0.024147	-0.041937	-5.300633	-0.002673	0.295728	-0.064717	0.707820	-0.709016	9.887959	1.000000	0.000000	0.000000	0.000000	
0.426111	0.253908	-1.379146	1.251315	-0.791183	-0.515266	-0.192767	1.192963	-1.340883	0.971233	0.440382	0.241244	-1.376302	1.356423	-0.836075	-0.525735	-0.192919	1.180444	-1.417599	1.016967	-0.041860	0.048400	-0.121772	-0.068161	0.244480	0.114317	-0.005270	-0.009414	-0.039929	-0.172548	-0.082031	0.039062	0.039062	-0.667969	0.164062	0.019531	-0.003906	0.148438	0.511719	-0.167969	0.024147	-0.041937	-5.300633	-0.002673	0.295728	-0.064717	0.707820	-0.709016	9.887959	1.000000	0.000000	0.000000	0.000000	
0.425578	0.255032	-1.380292	1.250553	-0.788060	-0.514225	-0.192806	1.192671	-1.341488	0.967162	0.440209	0.242382	-1.377424	1.356000	-0.831561	-0.524164	-0.192893	1.180389	-1.417589	1.014406	-0.053041	0.066490	-0.113377	-0.048692	0.230336	0.091693	-0.010996	-0.014900	-0.007483	-0.191736	-0.082031	0.023438	0.011719	-0.667969	0.156250	0.023438	-0.003906	0.132812	0.519531	-0.167969	0.024147	-0.041937	-5.300633	-0.002673	0.295728	-0.064717	0.707820	-0.709016	9.887959	1.000000	0.000000	0.000000	0.000000	
0.425160	0.256133	-1.381366	1.250169	-0.785385	-0.513187	-0.192993	1.192811	-1.341939	0.964926	0.440151	0.243523	-1.378278	1.355697	-0.828284	-0.523171	-0.192807	1.180378	-1.417683	1.011519	-0.057649	0.061320	-0.102068	0.016069	0.249860	0.061514	-0.008079	-0.004980	0.023679	-0.221572	-0.089844	0.027344	0.023438	-0.679688	0.164062	0.019531	-0.003906	0.121094	0.503906	-0.175781	0.024147	-0.041937	-5.300633	-0.002673	0.295728	-0.064717	0.707820	-0.709016	9.887959	1.000000	0.000000	0.000000	0.000000	
0.425093	0.256372	-1.382906	1.250071	-0.783176	-0.512126	-0.193139	1.192259	-1.341257	0.963154	0.440163	0.244640	-1.379661	1.355298	-0.825302	-0.521761	-0.192725	1.180303	-1.417824	1.007064	-0.051130	0.089883	-0.107917	-0.036779	0.182019	0.103861	-0.000808	-0.035394	-0.060445	-0.259452	-0.085938	0.035156	0.019531	-0.683594	0.171875	0.023438	-0.003906	0.121094	0.511719	-0.187500	0.024147	-0.041937	-5.300633	-0.002673	0.295728	-0.064717	0.707820	-0.709016	9.887959	1.000000	0.000000	0.000000	0.000000	
0.424771	0.256764	-1.384265	1.249453	-0.781302	-0.511130	-0.192959	1.191601	-1.340484	0.960944	0.440165	0.245251	-1.380640	1.354588	-0.822355	-0.520461	-0.192628	1.180239	-1.417949	1.004113	-0.029540	0.034579	-0.143398	-0.045554	0.241538	0.080179	0.009225	-0.076822	-0.093285	-0.231834	-0.101562	0.058594	0.019531	-0.667969	0.156250	0.023438	-0.003906	0.132812	0.503906	-0.167969	0.024147	-0.041937	-5.300633	-0.002673	0.295728	-0.064717	0.707820	-0.709016	9.887959	1.000000	0.000000	0.000000	0.000000	
0.424216	0.257558	-1.385475	1.248527	-0.778907	-0.510063	-0.192797	1.191516	-1.340299	0.957889	0.439948	0.245825	-1.381587	1.353791	-0.817306	-0.519571	-0.192512	1.180227	-1.418143	1.001463	-0.041340	0.020906	-0.122518	-0.032472	0.212594	0.077811	0.020697	-0.042578	-0.058183	-0.194175	-0.093750	0.074219	0.007812	-0.660156	0.152344	0.035156	-0.011719	0.125000	0.515625	-0.175781	0.024147	-0.041937	-5.300633	-0.002673	0.295728	-0.064717	0.707820	-0.709016	9.887959	1.000000	0.000000	0.000000	0.000000	
0.423796	0.258216	-1.386861	1.247741	-0.776279	-0.508991	-0.192655	1.191770	-1.339879	0.954383	0.439832	0.246360	-1.382600	1.352857	-0.814503	-0.518544	-0.192335	1.180200	-1.418182	0.998946	-0.011113	0.020702	-0.082044	-0.104447	0.244596	0.067105	0.005559	-0.004258	-0.054673	-0.253223	-0.093750	0.082031	0.011719	-0.648438	0.164062	0.023438	-0.019531	0.117188	0.511719	-0.175781	0.024147	-0.041937	-5.300633	-0.002673	0.295728	-0.064717	0.707820	-0.709016	9.887959	1.000000	0.000000	0.000000	0.000000	
0.421622	0.259665	-1.386751	1.242602	-0.770372	-0.508374	-0.191189	1.193562	-1.339749	0.943473	0.439881	0.246669	-1.384935	1.351700	-0.812077	-0.517443	-0.192057	1.180122	-1.418238	0.995316	0.023316	-0.007235	-0.071018	-0.132582	0.160555	0.076503	0.027310	0.030981	-0.110156	-0.178866	-0.089844	0.093750	0.039062	-0.640625	0.148438	0.027344	-0.023438	0.121094	0.515625	-0.171875	0.017862	0.027717	-5.323049	-0.009304	0.164301	0.020851	0.087999	2.005929	9.872894	1.000000	0.000000	0.000000	0.000000	
0.418548	0.263492	-1.385249	1.232580	-0.754806	-0.508497	-0.189448	1.193694	-1.340963	0.915422	0.439842	0.246901	-1.386396	1.349240	-0.809386	-0.516665	-0.191897	1.179864	-1.418250	0.992531	-0.043034	0.013235	-0.097832	-0.121437	0.207985	0.039057	0.008547	-0.084143	-0.059870	-0.286588	-0.093750	0.093750	0.035156	-0.617188	0.140625	0.039062	-0.023438	0.121094	0.519531	-0.171875	0.016605	0.041647	-5.327532	-0.009967	0.151158	0.029408	0.026017	2.277423	9.871387	1.000000	0.000000	0.000000	0.000000	
0.415459	0.269715	-1.382942	1.221963	-0.735422	-0.509181	-0.187671	1.193376	-1.340439	0.875205	0.439350	0.247262	-1.387730	1.347463	-0.804801	-0.515855	-0.191622	1.179934	-1.418494	0.989259	-0.042689	0.021098	-0.124941	-0.106364	0.167363	0.084167	0.010160	0.022992	-0.156041	-0.307829	-0.093750	0.089844	0.050781	-0.644531	0.148438	0.027344	-0.003906	0.136719	0.546875	-0.199219	0.016353	0.044434	-5.328429	-0.010034	0.149844	0.030263	0.019819	2.304572	9.871237	1.000000	0.000000	0.000000	0.000000	
0.413034	0.275184	-1.381996	1.218532	-0.721871	-0.508659	-0.187175	1.195533	-1.339241	0.843177	0.438888	0.248069	-1.388894	1.345121	-0.800540	-0.515330	-0.191325	1.180020	-1.418979	0.983419	-0.042655	0.043985	-0.152079	-0.160691	0.362210	0.057272	0.021954	0.002299	-0.088886	-0.536780	-0.109375	0.101562	0.070312	-0.679688	0.175781	0.027344	0.003906	0.132812	0.531250	-0.257812	0.016303	0.044991	-5.328608	-0.010040	0.149713	0.030349	0.019199	2.307287	9.871222	1.000000	0.000000	0.000000	0.000000	
0.411978	0.278128	-1.382785	1.220402	-0.715754	-0.507260	-0.188841	1.199347	-1.337051	0.823547	0.438166	0.249547	-1.390944	1.340678	-0.795350	-0.514304	-0.190878	1.180013	-1.419828	0.968414	-0.053120	0.110251	-0.154793	-0.214978	0.507321	0.065051	0.035928	-0.020708	-0.172901	-0.901659	-0.121094	0.136719	0.121094	-0.730469	0.203125	0.007812	0.000000	0.125000	0.566406	-0.296875	0.016293	0.045102	-5.328644	-0.010041	0.149700	0.030357	0.019137	2.307559	9.871221	1.000000	0.000000	0.000000	0.000000	
0.411299	0.279843	-1.384223	1.222772	-0.713788	-0.506177	-0.191083	1.203393	-1.333213	0.810090	0.436543	0.250659	-1.392275	1.338020	-0.788447	-0.513105	-0.190336	1.180157	-1.421015	0.954532	-0.110001	0.105245	-0.109699	-0.202959	0.570687	0.058850	0.026857	-0.002071	-0.209220	-1.105649	-0.093750	0.109375	0.132812	-0.722656	0.234375	0.000000	0.007812	0.121094	0.597656	-0.355469	0.016291	0.045124	-5.328651	-0.010041	0.149698	0.030358	0.019131	2.307586	9.871221	1.000000	0.000000	0.000000	0.000000	
0.410942	0.281254	-1.385602	1.222986	-0.712804	-0.506228	-0.192815	1.207058	-1.330178	0.797836	0.434062	0.252949	-1.393147	1.335938	-0.777810	-0.511678	-0.189993	1.181592	-1.422052	0.940632	-0.206420	0.151273	-0.007480	-0.128474	0.465356	0.082657	0.024787	0.048648	-0.177955	-1.126048	-0.085938	0.093750	0.121094	-0.710938	0.238281	0.000000	-0.007812	0.152344	0.597656	-0.378906	0.016291	0.045129	-5.328652	-0.010041	0.149698	0.030358	0.019130	2.307589	9.871221	1.000000	0.000000	0.000000	0.000000	
0.410539	0.282136	-1.387096	1.222433	-0.712278	-0.506547	-0.193678	1.209958	-1.327365	0.785607	0.432281	0.255362	-1.393540	1.334285	-0.771441	-0.510350	-0.189666	1.183332	-1.423132	0.927214	-0.191634	0.133775	-0.039134	-0.145453	0.364092	0.085038	0.036212	0.109554	-0.073630	-1.114129	-0.070312	0.101562	0.093750	-0.683594	0.238281	0.000000	-0.035156	0.140625	0.609375	-0.394531	0.016290	0.045130	-5.328653	-0.010041	0.149698	0.030358	0.019130	2.307589	9.871221	1.000000	0.000000	0.000000	0.000000	
0.409642	0.282714	-1.388564	1.220269	-0.712620	-0.507025	-0.193599	1.211630	-1.324793	0.771746	0.429889	0.257808	-1.394054	1.330901	-0.766581	-0.509309	-0.189270	1.185401	-1.423712	0.906428	-0.172707	0.157616	-0.049279	-0.192517	0.336518	0.039910	0.008274	0.112155	-0.202782	-0.914028	-0.066406	0.074219	0.101562	-0.656250	0.234375	0.000000	-0.058594	0.156250	0.648438	-0.414062	0.016290	0.045130	-5.328653	-0.010041	0.149698	0.030358	0.019130	2.307589	9.871221	1.000000	0.000000	0.000000	0.000000	
0.408378	0.282911	-1.390086	1.218340	-0.714323	-0.507034	-0.193403	1.213788	-1.323395	0.759472	0.427424	0.260171	-1.395151	1.328480	-0.762386	-0.508689	-0.189021	1.187899	-1.424312	0.894079	-0.087063	0.157673	-0.120086	-0.214671	0.222092	-0.020436	0.033397	0.136842	-0.104029	-0.873081	-0.066406	0.058594	0.117188	-0.648438	0.246094	0.003906	-0.074219	0.152344	0.679688	-0.429688	0.016290	0.045130	-5.328653	-0.010041	0.149698	0.030358	0.019130	2.307589	9.871221	1.000000	0.000000	0.000000	0.000000	
0.407168	0.283676	-1.391749	1.215653	-0.717935	-0.507372	-0.193273	1.216337	-1.324988	0.753292	0.425259	0.262219	-1.396873	1.326420	-0.757161	-0.508516	-0.188616	1.192106	-1.425402	0.883104	-0.165740	0.115803	-0.217897	-0.164542	0.214139	0.015405	0.020788	0.177697	-0.132540	-0.865496	-0.054688	0.105469	0.125000	-0.640625	0.222656	0.003906	-0.082031	0.117188	0.714844	-0.421875	0.016290	0.045130	-5.328653	-0.010041	0.149698	0.030358	0.019130	2.307589	9.871221	1.000000	0.000000	0.000000	0.000000	
0.406158	0.284416	-1.393663	1.213432	-0.721636	-0.507712	-0.193345	1.218792	-1.327460	0.750065	0.424050	0.263557	-1.398283	1.324167	-0.754056	-0.508482	-0.187905	1.195541	-1.427994	0.867023	-0.177097	0.079047	-0.161375	-0.176977	0.115634	0.046906	0.040465	0.269023	-0.114453	-0.826352	-0.058594	0.117188	0.136719	-0.625000	0.218750	0.011719	-0.093750	0.082031	0.726562	-0.417969	0.016290	0.045130	-5.328653	-0.010041	0.149698	0.030358	0.019130	2.307589	9.871221	1.000000	0.000000	0.000000	0.000000	
0.405174	0.284949	-1.395416	1.211266	-0.723980	-0.508140	-0.193062	1.221206	-1.329651	0.744979	0.422354	0.264762	-1.401716	1.321147	-0.752441	-0.508524	-0.187189	1.200105	-1.429555	0.855955	-0.084013	0.053270	-0.155723	-0.241034	0.095315	0.022139	0.055228	0.156019	-0.091707	-0.811968	-0.054688	0.132812	0.148438	-0.593750	0.187500	0.007812	-0.117188	0.093750	0.738281	-0.410156	0.016290	0.045130	-5.328653	-0.010041	0.149698	0.030358	0.019130	2.307589	9.871221	1.000000	0.000000	0.000000	0.000000	
0.404351	0.286174	-1.396450	1.207958	-0.724516	-0.508987	-0.192389	1.223482	-1.330677	0.734496	0.420343	0.265875	-1.403808	1.318047	-0.751440	-0.508556	-0.186230	1.203054	-1.431079	0.847101	-0.196841	0.057671	-0.134220	-0.345150	0.033959	-0.025703	0.053214	0.218001	-0.106880	-0.646517	-0.042969	0.121094	0.152344	-0.593750	0.175781	0.011719	-0.125000	0.082031	0.726562	-0.414062	0.016290	0.045130	-5.328653	-0.010041	0.149698	0.030358	0.019130	2.307589	9.871221	1.000000	0.000000	0.000000	0.000000	
0.403754	0.287946	-1.396452	1.203759	-0.723817	-0.510658	-0.191941	1.225942	-1.332511	0.723730	0.418123	0.267083	-1.405438	1.312387	-0.750706	-0.508538	-0.185335	1.205679	-1.433250	0.839393	-0.180207	0.088355	-0.090194	-0.177590	0.045271	-0.002570	0.040218	0.189302	-0.101418	-0.602055	-0.027344	0.105469	0.132812	-0.582031	0.152344	0.000000	-0.121094	0.082031	0.722656	-0.414062	0.016290	0.045130	-5.328653	-0.010041	0.149698	0.030358	0.019130	2.307589	9.871221	1.000000	0.000000	0.000000	0.000000	
0.402911	0.289980	-1.396814	1.202255	-0.724350	-0.511578	-0.191786	1.227725	-1.334524	0.715552	0.415910	0.267737	-1.406588	1.309243	-0.749348	-0.508511	-0.184801	1.208579	-1.434459	0.826220	-0.175054	0.053038	-0.096260	-0.157344	0.053382	0.003233	0.030776	0.182943	-0.118320	-0.587140	-0.027344	0.117188	0.125000	-0.601562	0.132812	0.000000	-0.093750	0.074219	0.726562	-0.398438	0.016290	0.045130	-5.328653	-0.010041	0.149698	0.030358	0.019130	2.307589	9.871221	1.000000	0.000000	0.000000	0.000000	
0.401699	0.291148	-1.397781	1.203520	-0.726512	-0.511599	-0.192173	1.230009	-1.337147	0.711236	0.414014	0.268910	-1.408975	1.306966	-0.748204	-0.508554	-0.184355	1.213957	-1.435840	0.817430	-0.139643	0.085565	-0.138742	-0.225112	0.085600	-0.076449	0.030995	0.273037	-0.102563	-0.651952	-0.027344	0.101562	0.171875	-0.617188	0.121094	-0.007812	-0.101562	0.011719	0.742188	-0.410156	0.016290	0.045130	-5.328653	-0.010041	0.149698	0.030358	0.019130	2.307589	9.871221	1.000000	0.000000	0.000000	0.000000	
0.400487	0.292473	-1.398418	1.204522	-0.729722	-0.511922	-0.193141	1.232396	-1.339436	0.707529	0.412205	0.270485	-1.410445	1.305154	-0.747078	-0.508586	-0.183934	1.217335	-1.437885	0.809395	-0.090736	0.092308	-0.104605	-0.106262	0.036477	-0.049520	0.027527	0.198296	-0.177759	-0.654943	-0.023438	0.074219	0.167969	-0.632812	0.117188	-0.007812	-0.093750	0.035156	0.746094	-0.398438	0.016290	0.045130	-5.328653	-0.010041	0.149698	0.030358	0.019130	2.307589	9.871221	1.000000	0.000000	0.000000	0.000000	
0.399430	0.294262	-1.399051	1.204325	-0.731149	-0.512726	-0.193227	1.233915	-1.341208	0.703063	0.410340	0.272036	-1.411709	1.303459	-0.746441	-0.508617	-0.183737	1.220385	-1.441202	0.801924	-0.190535	0.081350	-0.101191	-0.062971	0.014117	-0.004952	0.009732	0.176863	-0.146892	-0.602898	-0.007812	0.085938	0.167969	-0.640625	0.125000	-0.011719	-0.093750	0.007812	0.726562	-0.398438	0.016290	0.045130	-5.328653	-0.010041	0.149698	0.030358	0.019130	2.307589	9.871221	1.000000	0.000000	0.000000	0.000000	
0.398597	0.295709	-1.399745	1.203830	-0.730384	-0.513628	-0.193316	1.234876	-1.342867	0.699143	0.408950	0.273477	-1.412737	1.302780	-0.745878	-0.508648	-0.183673	1.223613	-1.442496	0.791923	-0.155149	0.084907	-0.128767	-0.055152	-0.040464	-0.028412	-0.007169	0.251492	-0.105420	-0.412743	-0.003906	0.109375	0.156250	-0.632812	0.105469	-0.011719	-0.101562	0.000000	0.707031	-0.414062	0.016290	0.045130	-5.328653	-0.010041	0.149698	0.030358	0.019130	2.307589	9.871221	1.000000	0.000000	0.000000	0.000000	
0.397755	0.297405	-1.399831	1.203643	-0.728605	-0.514727	-0.193874	1.236969	-1.344672	0.692358	0.407096	0.274711	-1.413282	1.302233	-0.745862	-0.508775	-0.183588	1.227893	-1.443385	0.786167	-0.169059	0.053856	-0.012877	-0.085777	-0.084308	-0.104041	-0.001880	0.084473	-0.122210	-0.411175	-0.007812	0.121094	0.140625	-0.628906	0.101562	-0.019531	-0.093750	0.007812	0.695312	-0.410156	0.016290	0.045130	-5.328653	-0.010041	0.149698	0.030358	0.019130	2.307589	9.871221	1.000000	0.000000	0.000000	0.000000	
0.396982	0.299257	-1.399331	1.202426	-0.727230	-0.516162	-0.194586	1.238963	-1.345894	0.684185	0.404932	0.275918	-1.413488	1.301614	-0.745786	-0.508849	-0.183514	1.230179	-1.444314	0.781066	-0.114616	0.048424	-0.018736	-0.092329	-0.008431	-0.024363	-0.014147	0.109647	-0.169254	-0.428467	0.000000	0.117188	0.140625	-0.625000	0.093750	-0.027344	-0.101562	-0.007812	0.707031	-0.402344	0.016290	0.045130	-5.328653	-0.010041	0.149698	0.030358	0.019130	2.307589	9.871221	1.000000	0.000000	0.000000	0.000000	
0.392394	0.293995	-1.408213	1.212186	-0.778639	-0.513899	-0.198104	1.243872	-1.352054	0.749163	0.403336	0.277137	-1.413578	1.300279	-0.745674	-0.508864	-0.183500	1.232284	-1.445978	0.775805	-0.081254	0.083941	-0.015832	-0.072046	-0.046208	0.004543	-0.017700	0.115654	-0.069270	-0.433686	-0.003906	0.132812	0.136719	-0.613281	0.105469	-0.050781	-0.101562	0.000000	0.683594	-0.398438	0.011579	-0.070979	-5.307621	-0.081946	-0.429619	-0.097553	0.192379	-0.126499	9.624799	1.000000	0.000000	0.000000	0.000000	
0.387767	0.288493	-1.419893	1.222510	-0.836736	-0.512475	-0.200763	1.246665	-1.351705	0.827289	0.401466	0.277890	-1.413620	1.299430	-0.745676	-0.508915	-0.183497	1.234329	-1.446771	0.767798	-0.172138	0.077024	-0.019031	-0.097935	-0.029048	-0.048401	-0.013402	0.158130	-0.020886	-0.388842	0.011719	0.136719	0.140625	-0.613281	0.125000	-0.039062	-0.105469	-0.011719	0.691406	-0.417969	0.010637	-0.094200	-5.303414	-0.089137	-0.487551	-0.110345	0.209704	-0.369908	9.600157	1.000000	0.000000	0.000000	0.000000	
0.386097	0.282206	-1.428180	1.226200	-0.891882	-0.514733	-0.202699	1.247311	-1.351313	0.903874	0.399541	0.278493	-1.414234	1.299261	-0.750499	-0.509046	-0.183577	1.236701	-1.447172	0.769395	-0.076538	0.020498	-0.057737	-0.062138	-0.582184	-0.050205	-0.009483	0.057689	0.001401	0.299610	-0.007812	0.125000	0.058594	-0.546875	0.011719	-0.023438	-0.132812	0.039062	0.601562	-0.265625	0.010449	-0.098845	-5.302573	-0.089856	-0.493344	-0.111624	0.211436	-0.394249	9.597692	1.000000	0.000000	0.000000	0.000000	
0.387315	0.276985	-1.429632	1.220060	-0.929233	-0.520728	-0.200622	1.244000	-1.353022	0.959753	0.397096	0.278598	-1.415229	1.299033	-0.762417	-0.509121	-0.183819	1.237466	-1.446671	0.782413	-0.161198	-0.015398	-0.065097	-0.020172	-0.982971	-0.005021	-0.023049	-0.095430	0.125767	1.429304	-0.011719	0.105469	-0.011719	-0.500000	-0.152344	-0.019531	-0.148438	0.101562	0.566406	-0.214844	0.010411	-0.099774	-5.302404	-0.089928	-0.493924	-0.111752	0.211609	-0.396683	9.597446	1.000000	0.000000	0.000000	0.000000	
0.389829	0.271143	-1.427667	1.215006	-0.954234	-0.526736	-0.198629	1.236706	-1.350834	0.992848	0.395371	0.277972	-1.416470	1.297969	-0.779752	-0.509209	-0.184280	1.236552	-1.443420	0.807020	-0.159195	-0.056211	-0.069323	-0.026445	-1.577901	-0.000502	-0.046507	-0.138659	-0.004871	2.187855	-0.011719	0.093750	-0.089844	-0.484375	-0.175781	-0.039062	-0.121094	0.156250	0.609375	-0.136719	0.010403	-0.099959	-5.302371	-0.089935	-0.493981	-0.111764	0.211627	-0.396926	9.597422	1.000000	0.000000	0.000000	0.000000	
0.391797	0.264115	-1.424850	1.215906	-0.976378	-0.529990	-0.197617	1.230615	-1.352026	1.012708	0.394445	0.276692	-1.416985	1.297611	-0.808665	-0.510002	-0.184598	1.234892	-1.442818	0.847735	-0.106650	-0.103331	-0.027870	-0.030562	-1.340776	-0.059374	-0.060485	-0.115065	-0.010956	1.761203	-0.011719	0.105469	-0.117188	-0.492188	-0.320312	-0.039062	-0.117188	0.117188	0.585938	0.125000	0.010402	-0.099996	-5.302364	-0.089936	-0.493987	-0.111766	0.211628	-0.396950	9.597419	1.000000	0.000000	0.000000	0.000000	
0.393191	0.257448	-1.421661	1.218852	-0.995208	-0.531354	-0.195821	1.226353	-1.355921	1.027081	0.393726	0.274966	-1.417234	1.297564	-0.828285	-0.512487	-0.184847	1.233178	-1.441656	0.874441	-0.073478	-0.115022	0.004192	-0.153110	-1.453159	-0.152502	-0.031639	-0.105727	0.124531	1.893020	-0.003906	0.082031	-0.101562	-0.515625	-0.316406	-0.027344	-0.125000	0.082031	0.546875	0.136719	0.010402	-0.100004	-5.302363	-0.089936	-0.493988	-0.111766	0.211629	-0.396953	9.597419	1.000000	0.000000	0.000000	0.000000	
0.394622	0.252371	-1.418712	1.222777	-1.008148	-0.532965	-0.192866	1.223480	-1.358546	1.039507	0.393389	0.272722	-1.416702	1.297045	-0.847403	-0.515068	-0.184905	1.231188	-1.439557	0.897375	-0.073651	-0.125497	0.056253	-0.165365	-1.530700	-0.203690	0.008468	-0.167606	0.232300	1.679375	0.000000	0.054688	-0.093750	-0.492188	-0.312500	-0.039062	-0.109375	0.042969	0.496094	0.152344	0.010402	-0.100005	-5.302362	-0.089936	-0.493988	-0.111766	0.211629	-0.396953	9.597419	1.000000	0.000000	0.000000	0.000000	
0.396208	0.248045	-1.415916	1.226736	-1.019921	-0.534883	-0.189643	1.220592	-1.359824	1.050284	0.393079	0.270012	-1.415553	1.293137	-0.866785	-0.516941	-0.184933	1.228705	-1.435890	0.917666	-0.042261	-0.214948	0.075418	-0.204977	-1.622205	-0.076203	-0.006132	-0.215670	0.166305	1.560301	0.011719	0.023438	-0.101562	-0.402344	-0.273438	-0.070312	-0.117188	0.042969	0.464844	0.191406	0.010402	-0.100006	-5.302362	-0.089936	-0.493988	-0.111766	0.211629	-0.396953	9.597419	1.000000	0.000000	0.000000	0.000000	
0.397605	0.244447	-1.413904	1.231254	-1.033069	-0.536836	-0.186849	1.219438	-1.361802	1.064713	0.393017	0.268209	-1.413797	1.290344	-0.896736	-0.517728	-0.184882	1.226391	-1.433509	0.946806	-0.080998	-0.219241	0.105252	-0.212427	-1.240517	-0.105330	-0.015735	-0.182090	0.184133	1.157555	0.007812	0.042969	-0.089844	-0.351562	-0.289062	-0.085938	-0.074219	0.039062	0.429688	0.183594	0.010402	-0.100006	-5.302362	-0.089936	-0.493988	-0.111766	0.211629	-0.396953	9.597419	1.000000	0.000000	0.000000	0.000000	
0.398860	0.241081	-1.411925	1.235298	-1.047401	-0.538357	-0.185339	1.219241	-1.363566	1.080316	0.393198	0.265151	-1.409859	1.288041	-0.914116	-0.519024	-0.184751	1.220985	-1.431530	0.963224	0.016328	-0.215017	0.143131	-0.174787	-1.170941	-0.136160	-0.013206	-0.276442	0.189405	0.988164	0.019531	0.039062	-0.140625	-0.335938	-0.285156	-0.058594	-0.054688	0.105469	0.414062	0.218750	0.010402	-0.100006	-5.302362	-0.089936	-0.493988	-0.111766	0.211629	-0.396953	9.597419	1.000000	0.000000	0.000000	0.000000	
0.400264	0.238883	-1.409841	1.238176	-1.058420	-0.540505	-0.182764	1.218325	-1.364734	1.095851	0.393501	0.262269	-1.406430	1.286344	-0.928594	-0.520883	-0.184506	1.216874	-1.429947	0.976588	-0.019305	-0.158761	0.213222	-0.167533	-1.094191	-0.100857	-0.005973	-0.317284	0.127119	1.034038	0.019531	-0.019531	-0.171875	-0.320312	-0.300781	-0.070312	-0.039062	0.140625	0.410156	0.214844	0.010402	-0.100006	-5.302362	-0.089936	-0.493988	-0.111766	0.211629	-0.396953	9.597419	1.000000	0.000000	0.000000	0.000000	
0.401731	0.237182	-1.407664	1.239800	-1.067461	-0.542998	-0.180037	1.216380	-1.366715	1.108727	0.394071	0.259787	-1.403175	1.285132	-0.942759	-0.522563	-0.184061	1.212926	-1.428395	0.989948	0.022497	-0.151972	0.241169	-0.006284	-1.114433	-0.167119	0.011035	-0.412098	0.002243	0.989771	0.019531	-0.035156	-0.175781	-0.320312	-0.296875	-0.066406	-0.023438	0.175781	0.410156	0.234375	0.010402	-0.100006	-5.302362	-0.089936	-0.493988	-0.111766	0.211629	-0.396953	9.597419	1.000000	0.000000	0.000000	0.000000	
0.403219	0.235346	-1.406244	1.243673	-1.077540	-0.544855	-0.178796	1.215133	-1.368262	1.122946	0.394597	0.257384	-1.400101	1.284842	-0.963549	-0.524377	-0.183787	1.209350	-1.427333	1.010044	0.072042	-0.138498	0.212557	-0.059952	-0.924528	-0.089994	-0.003549	-0.271526	0.056058	0.884144	0.011719	-0.039062	-0.167969	-0.300781	-0.296875	-0.070312	-0.007812	0.175781	0.371094	0.246094	0.010402	-0.100006	-5.302362	-0.089936	-0.493988	-0.111766	0.211629	-0.396953	9.597419	1.000000	0.000000	0.000000	0.000000	
0.404881	0.233515	-1.403981	1.245550	-1.089104	-0.547346	-0.178376	1.214430	-1.370175	1.141464	0.395914	0.255223	-1.396457	1.284832	-0.976455	-0.525952	-0.183368	1.203933	-1.426587	1.023054	0.045590	-0.130171	0.077090	-0.058340	-0.839234	-0.092751	0.008951	-0.358668	0.117274	0.925926	0.007812	-0.054688	-0.156250	-0.300781	-0.296875	-0.070312	0.007812	0.222656	0.371094	0.234375	0.010402	-0.100006	-5.302362	-0.089936	-0.493988	-0.111766	0.211629	-0.396953	9.597419	1.000000	0.000000	0.000000	0.000000	
0.406214	0.231228	-1.401122	1.248249	-1.100657	-0.548609	-0.178515	1.213037	-1.371179	1.163050	0.397074	0.253264	-1.394226	1.285121	-0.987688	-0.528157	-0.182816	1.200184	-1.426317	1.035543	-0.002420	-0.122359	0.094950	-0.019793	-0.893518	-0.131412	0.027649	-0.287120	0.025686	1.059221	0.019531	-0.054688	-0.164062	-0.273438	-0.273438	-0.058594	0.011719	0.234375	0.378906	0.218750	0.010402	-0.100006	-5.302362	-0.089936	-0.493988	-0.111766	0.211629	-0.396953	9.597419	1.000000	0.000000	0.000000	0.000000	
0.407668	0.229152	-1.397368	1.250461	-1.112828	-0.549204	-0.179088	1.211139	-1.373664	1.185040	0.398154	0.251071	-1.392616	1.285760	-0.998876	-0.530464	-0.182431	1.196938	-1.426360	1.048607	0.041634	-0.173922	0.114184	-0.047344	-0.888478	-0.170175	0.012071	-0.300903	-0.025348	1.062081	0.027344	-0.019531	-0.152344	-0.269531	-0.296875	-0.058594	0.023438	0.250000	0.378906	0.253906	0.010402	-0.100006	-5.302362	-0.089936	-0.493988	-0.111766	0.211629	-0.396953	9.597419	1.000000	0.000000	0.000000	0.000000	
0.409264	0.226976	-1.392550	1.251428	-1.127650	-0.548577	-0.179765	1.208470	-1.379440	1.205418	0.399460	0.249534	-1.391034	1.286203	-1.015848	-0.532161	-0.182225	1.194108	-1.426223	1.069540	0.066977	-0.202343	0.049804	0.026672	-0.818181	-0.247333	-0.006935	-0.260406	0.018403	0.985596	0.007812	-0.007812	-0.132812	-0.253906	-0.257812	-0.042969	0.035156	0.269531	0.347656	0.250000	0.010402	-0.100006	-5.302362	-0.089936	-0.493988	-0.111766	0.211629	-0.396953	9.597419	1.000000	0.000000	0.000000	0.000000	
0.410988	0.225886	-1.388577	1.251817	-1.144158	-0.546504	-0.180448	1.203152	-1.386059	1.221112	0.400933	0.247263	-1.388319	1.286728	-1.027651	-0.534585	-0.182167	1.189035	-1.426341	1.085117	0.041594	-0.164472	0.162014	0.051522	-0.832089	-0.206194	-0.012326	-0.245887	0.005330	1.180346	0.011719	-0.019531	-0.140625	-0.246094	-0.253906	-0.039062	0.023438	0.304688	0.339844	0.250000	0.010402	-0.100006	-5.302362	-0.089936	-0.493988	-0.111766	0.211629	-0.396953	9.597419	1.000000	0.000000	0.000000	0.000000	
0.412579	0.225761	-1.387349	1.250838	-1.166221	-0.543693	-0.179395	1.193013	-1.392681	1.227359	0.402779	0.245242	-1.385643	1.287390	-1.039342	-0.536839	-0.182164	1.185403	-1.426680	1.100567	0.150724	-0.100198	0.197662	0.015621	-1.011451	-0.125308	-0.012865	-0.258394	-0.041343	1.189352	0.000000	-0.074219	-0.132812	-0.253906	-0.253906	-0.035156	0.023438	0.316406	0.316406	0.285156	0.010402	-0.100006	-5.302362	-0.089936	-0.493988	-0.111766	0.211629	-0.396953	9.597419	1.000000	0.000000	0.000000	0.000000	
0.413396	0.226641	-1.389176	1.248902	-1.193457	-0.539704	-0.176310	1.177550	-1.402461	1.219741	0.404990	0.243707	-1.382660	1.289243	-1.051519	-0.538138	-0.182163	1.181841	-1.427232	1.115895	0.161637	-0.078649	0.229144	0.078334	-1.022408	-0.103261	-0.007103	-0.280583	-0.112313	1.260045	0.011719	-0.089844	-0.140625	-0.285156	-0.257812	-0.023438	0.027344	0.304688	0.300781	0.250000	0.010402	-0.100006	-5.302362	-0.089936	-0.493988	-0.111766	0.211629	-0.396953	9.597419	1.000000	0.000000	0.000000	0.000000	
0.413946	0.227271	-1.394020	1.246879	-1.223970	-0.535716	-0.172397	1.158810	-1.414235	1.200374	0.406159	0.242310	-1.380028	1.289929	-1.071960	-0.538834	-0.182155	1.177494	-1.428215	1.140092	0.127832	-0.105575	0.179948	0.004344	-1.020014	-0.041733	0.008595	-0.300250	-0.088003	1.001902	0.000000	-0.074219	-0.136719	-0.250000	-0.257812	-0.019531	0.023438	0.269531	0.265625	0.222656	0.010402	-0.100006	-5.302362	-0.089936	-0.493988	-0.111766	0.211629	-0.396953	9.597419	1.000000	0.000000	0.000000	0.000000	
0.415793	0.228647	-1.399935	1.244533	-1.245748	-0.533777	-0.167231	1.138904	-1.422019	1.170849	0.408016	0.240923	-1.375212	1.290042	-1.087680	-0.538876	-0.182056	1.168748	-1.430205	1.152081	0.040700	-0.080350	0.258779	-0.023993	-1.131443	0.020254	-0.004957	-0.413885	-0.214689	0.682959	0.003906	-0.042969	-0.234375	-0.253906	-0.273438	-0.003906	0.054688	0.257812	0.257812	0.222656	0.010402	-0.100006	-5.302362	-0.089936	-0.493988	-0.111766	0.211629	-0.396953	9.597419	1.000000	0.000000	0.000000	0.000000	
0.419897	0.229299	-1.401545	1.244768	-1.246197	-0.534496	-0.163889	1.124736	-1.421644	1.147177	0.409260	0.239451	-1.372189	1.289846	-1.104250	-0.538497	-0.181681	1.160190	-1.433923	1.157338	-0.020357	-0.118540	0.294580	-0.110578	-1.428736	-0.011933	0.016953	-0.543896	-0.401839	0.274184	0.007812	-0.011719	-0.316406	-0.253906	-0.285156	0.011719	0.058594	0.199219	0.269531	0.191406	0.010402	-0.100006	-5.302362	-0.089936	-0.493988	-0.111766	0.211629	-0.396953	9.597419	1.000000	0.000000	0.000000	0.000000	
0.425855	0.228895	-1.394905	1.249830	-1.220915	-0.539632	-0.166426	1.124679	-1.415182	1.146448	0.409824	0.237848	-1.369598	1.288886	-1.122031	-0.538736	-0.180960	1.151159	-1.443706	1.157614	-0.054380	-0.121196	0.203940	-0.098299	-1.447996	-0.067496	0.001695	-0.689503	-0.490346	-0.077271	0.039062	0.035156	-0.363281	-0.265625	-0.320312	0.054688	0.101562	0.109375	0.312500	0.132812	0.010402	-0.100006	-5.302362	-0.089936	-0.493988	-0.111766	0.211629	-0.396953	9.597419	1.000000	0.000000	0.000000	0.000000	
0.433501	0.227373	-1.382589	1.261347	-1.180510	-0.548701	-0.175479	1.137249	-1.403201	1.178967	0.410518	0.236897	-1.367334	1.288282	-1.146792	-0.539293	-0.180040	1.142083	-1.449927	1.153985	0.015500	-0.093544	0.201855	-0.072643	-0.895071	-0.055604	0.043208	-0.641250	-0.460811	-0.314815	0.042969	0.019531	-0.414062	-0.265625	-0.351562	0.058594	0.101562	0.070312	0.339844	0.058594	0.010402	-0.100006	-5.302362	-0.089936	-0.493988	-0.111766	0.211629	-0.396953	9.597419	1.000000	0.000000	0.000000	0.000000	
0.441875	0.226124	-1.365063	1.273015	-1.102875	-0.553755	-0.189117	1.145579	-1.400218	1.154432	0.412475	0.235665	-1.361720	1.288380	-1.155476	-0.540470	-0.179517	1.130986	-1.453934	1.150546	0.092280	-0.066352	0.201646	0.038101	-0.281437	-0.092801	0.034564	-0.447985	-0.251969	-0.310652	0.042969	0.003906	-0.437500	-0.265625	-0.339844	0.019531	0.105469	0.089844	0.328125	0.074219	0.017155	-0.124901	-5.352029	0.070413	0.403870	-0.107451	-0.084293	-1.960494	9.630776	1.000000	0.000000	0.000000	0.000000	
0.449922	0.223866	-1.350895	1.282252	-1.038462	-0.558473	-0.199361	1.153682	-1.400207	1.126354	0.415508	0.234570	-1.356453	1.289441	-1.154935	-0.541942	-0.179639	1.126901	-1.455123	1.151021	0.197668	-0.047348	0.302825	0.139906	0.289413	-0.117459	-0.003523	-0.320479	0.041106	0.164354	0.042969	-0.007812	-0.378906	-0.246094	-0.273438	-0.003906	0.054688	0.191406	0.332031	0.125000	0.018506	-0.129880	-5.361962	0.086448	0.493656	-0.107020	-0.113885	-2.116848	9.634112	1.000000	0.000000	0.000000	0.000000	
0.457836	0.219427	-1.344100	1.286674	-1.008522	-0.560914	-0.206339	1.160857	-1.391950	1.117282	0.420549	0.233608	-1.350795	1.293604	-1.143073	-0.543835	-0.181149	1.125018	-1.454246	1.150728	0.476909	-0.066385	0.218723	0.293161	1.470160	-0.088518	-0.175997	-0.168144	0.129737	-0.130129	0.035156	-0.019531	-0.230469	-0.238281	-0.246094	-0.023438	0.011719	0.246094	0.300781	0.066406	0.018776	-0.130876	-5.363949	0.088051	0.502635	-0.106977	-0.116844	-2.132484	9.634446	1.000000	0.000000	0.000000	0.000000	
0.462963	0.215578	-1.340168	1.287553	-1.004379	-0.561167	-0.213628	1.170617	-1.383996	1.126051	0.424901	0.232866	-1.345762	1.299816	-1.112250	-0.545571	-0.182502	1.124399	-1.453393	1.145508	0.424571	-0.047351	0.346408	0.709794	1.801102	-0.099582	-0.132758	-0.034263	0.009484	-0.452707	0.000000	-0.042969	-0.171875	-0.367188	-0.152344	-0.054688	-0.027344	0.312500	0.347656	0.027344	0.018830	-0.131075	-5.364347	0.088212	0.503532	-0.106973	-0.117140	-2.134047	9.634480	1.000000	0.000000	0.000000	0.000000	
0.466345	0.212837	-1.336957	1.290096	-1.007603	-0.560314	-0.219869	1.179999	-1.376696	1.146681	0.432606	0.231862	-1.340200	1.306269	-1.086554	-0.546306	-0.184380	1.122603	-1.453173	1.140344	0.492620	-0.072201	0.125371	0.580466	1.903989	-0.009958	-0.097027	-0.101136	-0.068844	-0.394234	-0.027344	-0.066406	-0.101562	-0.300781	-0.175781	-0.093750	-0.117188	0.414062	0.410156	-0.019531	0.018840	-0.131115	-5.364426	0.088228	0.503622	-0.106972	-0.117170	-2.134204	9.634483	1.000000	0.000000	0.000000	0.000000	
0.469692	0.211282	-1.333304	1.291514	-1.002266	-0.560242	-0.222555	1.188323	-1.372941	1.161252	0.441005	0.230748	-1.337512	1.311509	-1.064330	-0.546283	-0.186023	1.122122	-1.453154	1.137954	0.436611	-0.059565	0.141654	0.427948	1.600211	0.005983	-0.086475	-0.034541	0.034991	-0.126664	-0.023438	-0.093750	-0.074219	-0.289062	-0.164062	-0.093750	-0.187500	0.500000	0.460938	-0.058594	0.018843	-0.131123	-5.364442	0.088229	0.503631	-0.106972	-0.117173	-2.134219	9.634483	1.000000	0.000000	0.000000	0.000000	
0.473181	0.210483	-1.330656	1.293120	-0.987661	-0.559947	-0.221594	1.193727	-1.373800	1.162344	0.448040	0.229499	-1.335181	1.317404	-1.047114	-0.546473	-0.187838	1.122244	-1.453077	1.139221	0.357728	-0.104829	0.150261	0.105608	1.175504	-0.044767	-0.121479	-0.052309	-0.041866	0.179263	-0.007812	-0.089844	-0.066406	-0.246094	-0.132812	-0.082031	-0.203125	0.574219	0.503906	-0.019531	0.018843	-0.131124	-5.364445	0.088230	0.503632	-0.106972	-0.117173	-2.134221	9.634483	1.000000	0.000000	0.000000	0.000000	
0.475198	0.210582	-1.329077	1.292562	-0.973970	-0.559123	-0.218472	1.196253	-1.377200	1.158348	0.453203	0.228652	-1.333358	1.319722	-1.029688	-0.546486	-0.189922	1.123553	-1.452795	1.142916	0.255620	-0.102377	0.091798	0.024519	0.508389	0.009482	-0.135448	0.183209	-0.011166	0.174960	0.019531	-0.070312	-0.042969	-0.207031	-0.007812	-0.082031	-0.171875	0.585938	0.515625	0.042969	0.018843	-0.131124	-5.364446	0.088230	0.503632	-0.106972	-0.117173	-2.134221	9.634483	1.000000	0.000000	0.000000	0.000000	
0.475896	0.210750	-1.327479	1.292598	-0.969236	-0.557790	-0.216748	1.199754	-1.379710	1.161747	0.457168	0.227424	-1.331903	1.320646	-1.020847	-0.547265	-0.191785	1.128371	-1.452157	1.145496	0.207023	-0.073051	-0.046654	0.044328	0.480064	-0.107230	-0.106602	0.328898	0.114041	0.073330	0.019531	-0.074219	0.000000	-0.183594	0.023438	-0.054688	-0.191406	0.527344	0.500000	0.054688	0.018843	-0.131125	-5.364446	0.088230	0.503632	-0.106972	-0.117173	-2.134221	9.634483	1.000000	0.000000	0.000000	0.000000	
0.476192	0.210436	-1.326279	1.293401	-0.971218	-0.556728	-0.216361	1.204757	-1.378977	1.172574	0.460409	0.226306	-1.331563	1.321533	-1.013214	-0.548268	-0.193070	1.132945	-1.451690	1.146594	0.177736	-0.078261	-0.015134	0.133549	0.512128	-0.063068	-0.071147	0.339978	0.060259	-0.020584	0.027344	-0.085938	0.023438	-0.222656	0.066406	-0.054688	-0.175781	0.511719	0.484375	0.066406	0.018843	-0.131125	-5.364446	0.088230	0.503632	-0.106972	-0.117173	-2.134221	9.634483	1.000000	0.000000	0.000000	0.000000	
0.476250	0.210441	-1.325404	1.294857	-0.975554	-0.555684	-0.215787	1.208887	-1.377009	1.188113	0.462996	0.225356	-1.331496	1.326776	-1.006429	-0.548663	-0.194135	1.137447	-1.451161	1.147226	0.132931	-0.057844	-0.050368	0.327422	0.501375	-0.062141	-0.062949	0.316658	-0.032360	0.004921	0.042969	-0.089844	0.035156	-0.339844	0.082031	-0.042969	-0.164062	0.492188	0.449219	0.082031	0.018843	-0.131125	-5.364446	0.088230	0.503632	-0.106972	-0.117173	-2.134221	9.634483	1.000000	0.000000	0.000000	0.000000	
0.476415	0.211094	-1.325037	1.298515	-0.977980	-0.554190	-0.215065	1.211897	-1.375741	1.197964	0.464192	0.224519	-1.331264	1.331387	-0.999668	-0.548790	-0.194614	1.142491	-1.450207	1.148200	0.114492	-0.079067	0.019391	0.332851	0.151337	-0.016683	-0.036538	0.345733	0.059577	0.031899	0.050781	-0.082031	0.042969	-0.386719	0.121094	-0.042969	-0.171875	0.480469	0.433594	0.125000	0.018843	-0.131125	-5.364446	0.088230	0.503632	-0.106972	-0.117173	-2.134221	9.634483	1.000000	0.000000	0.000000	0.000000	
0.476469	0.212181	-1.324643	1.300923	-0.980924	-0.552151	-0.212942	1.212890	-1.377444	1.201174	0.465400	0.223859	-1.330369	1.336525	-0.997565	-0.548816	-0.195365	1.150406	-1.448998	1.150818	0.091711	-0.050945	0.043815	0.420634	0.029092	0.015780	-0.072283	0.320723	0.100178	0.226526	0.054688	-0.089844	0.035156	-0.417969	0.121094	-0.035156	-0.132812	0.437500	0.429688	0.148438	0.018843	-0.131125	-5.364446	0.088230	0.503632	-0.106972	-0.117173	-2.134221	9.634483	1.000000	0.000000	0.000000	0.000000	
0.476495	0.213403	-1.325251	1.302119	-0.984317	-0.549457	-0.210166	1.211986	-1.381371	1.194317	0.466078	0.223057	-1.329730	1.341649	-0.996950	-0.548797	-0.196306	1.155188	-1.447084	1.154613	0.016150	-0.060929	0.032299	0.422433	0.023847	-0.050767	-0.086327	0.241450	0.146113	0.256458	0.058594	-0.054688	0.035156	-0.445312	0.117188	-0.035156	-0.093750	0.445312	0.398438	0.171875	0.018843	-0.131125	-5.364446	0.088230	0.503632	-0.106972	-0.117173	-2.134221	9.634483	1.000000	0.000000	0.000000	0.000000	
0.476137	0.215225	-1.328555	1.303893	-0.992232	-0.546064	-0.206740	1.208801	-1.385341	1.180592	0.466553	0.222242	-1.329093	1.351446	-0.996803	-0.548575	-0.197254	1.158835	-1.442751	1.157965	0.067918	-0.057274	0.041616	0.391207	0.016343	-0.012056	-0.070283	0.212585	0.126280	0.245493	0.058594	-0.023438	0.023438	-0.500000	0.105469	-0.007812	-0.093750	0.445312	0.363281	0.191406	0.018843	-0.131125	-5.364446	0.088230	0.503632	-0.106972	-0.117173	-2.134221	9.634483	1.000000	0.000000	0.000000	0.000000	
0.475434	0.217618	-1.332636	1.304940	-1.002340	-0.542756	-0.202537	1.205011	-1.386760	1.168815	0.467181	0.221707	-1.328336	1.357864	-0.995513	-0.548458	-0.198098	1.161624	-1.440455	1.162029	0.059136	-0.046440	0.070465	0.370636	0.120282	-0.029123	-0.071005	0.146885	0.113827	0.087363	0.042969	-0.019531	0.007812	-0.519531	0.042969	-0.007812	-0.066406	0.445312	0.339844	0.175781	0.018843	-0.131125	-5.364446	0.088230	0.503632	-0.106972	-0.117173	-2.134221	9.634483	1.000000	0.000000	0.000000	0.000000	
0.475280	0.218932	-1.335693	1.305863	-1.008280	-0.540175	-0.199880	1.203326	-1.387322	1.159781	0.467815	0.221172	-1.327385	1.363243	-0.994989	-0.547950	-0.198598	1.164920	-1.438760	1.162260	-0.011535	-0.047683	-0.003422	0.417434	0.036456	0.038963	-0.043160	0.080992	0.109092	-0.120380	0.039062	-0.019531	-0.027344	-0.531250	0.003906	0.000000	-0.039062	0.402344	0.312500	0.148438	0.018843	-0.131125	-5.364446	0.088230	0.503632	-0.106972	-0.117173	-2.134221	9.634483	1.000000	0.000000	0.000000	0.000000	
0.475778	0.219775	-1.338399	1.308206	-1.009510	-0.538230	-0.198916	1.202724	-1.384790	1.156845	0.468306	0.220661	-1.327122	1.367954	-0.995247	-0.547218	-0.198980	1.166088	-1.437500	1.160222	0.019784	-0.037338	-0.028259	0.369769	-0.031251	0.052751	-0.029907	0.011589	0.031847	-0.245843	0.039062	0.007812	-0.054688	-0.527344	-0.039062	0.011719	-0.003906	0.363281	0.312500	0.140625	0.018843	-0.131125	-5.364446	0.088230	0.503632	-0.106972	-0.117173	-2.134221	9.634483	1.000000	0.000000	0.000000	0.000000	
0.476938	0.220681	-1.339973	1.311758	-1.006331	-0.537007	-0.199047	1.203597	-1.380941	1.156660	0.468719	0.220163	-1.326972	1.374737	-0.995832	-0.546127	-0.199227	1.167218	-1.435649	1.156615	0.019427	-0.053752	0.039050	0.214948	-0.024063	-0.026132	-0.018112	0.050014	0.097405	-0.324693	0.035156	0.011719	-0.089844	-0.535156	-0.054688	0.011719	0.007812	0.316406	0.273438	0.140625	0.018843	-0.131125	-5.364446	0.088230	0.503632	-0.106972	-0.117173	-2.134221	9.634483	1.000000	0.000000	0.000000	0.000000	
0.478516	0.221358	-1.340097	1.314472	-1.001279	-0.536681	-0.199792	1.205253	-1.377797	1.157325	0.468995	0.219547	-1.326894	1.378541	-0.996046	-0.544721	-0.199357	1.168802	-1.433921	1.151484	0.050798	-0.070515	0.021353	0.223894	-0.002406	-0.023551	-0.011117	0.053856	0.093492	-0.248827	0.035156	0.058594	-0.117188	-0.546875	-0.089844	0.019531	0.011719	0.289062	0.273438	0.109375	0.018843	-0.131125	-5.364446	0.088230	0.503632	-0.106972	-0.117173	-2.134221	9.634483	1.000000	0.000000	0.000000	0.000000	
0.479756	0.221841	-1.339714	1.316680	-0.997274	-0.536534	-0.200494	1.207327	-1.375739	1.160317	0.469487	0.218963	-1.325884	1.382088	-0.995629	-0.543931	-0.199544	1.172220	-1.431831	1.149003	0.005080	-0.024500	0.019583	0.245726	0.055593	-0.037251	-0.024376	0.162419	0.197789	-0.150509	0.035156	0.039062	-0.156250	-0.550781	-0.082031	0.039062	0.019531	0.250000	0.273438	0.093750	0.018843	-0.131125	-5.364446	0.088230	0.503632	-0.106972	-0.117173	-2.134221	9.634483	1.000000	0.000000	0.000000	0.000000	
0.480775	0.222213	-1.339915	1.318565	-0.995056	-0.536144	-0.201015	1.208909	-1.374699	1.163228	0.470094	0.218677	-1.324883	1.385294	-0.994503	-0.543676	-0.199735	1.174770	-1.429159	1.147659	0.003998	-0.008266	0.040344	0.213013	0.050925	-0.003725	-0.038497	0.169786	0.243115	-0.081354	0.042969	0.039062	-0.171875	-0.562500	-0.085938	0.042969	0.007812	0.230469	0.257812	0.089844	0.018843	-0.131125	-5.364446	0.088230	0.503632	-0.106972	-0.117173	-2.134221	9.634483	1.000000	0.000000	0.000000	0.000000	
0.481265	0.223146	-1.340853	1.319538	-0.995889	-0.535360	-0.200722	1.209259	-1.374043	1.164049	0.470603	0.218571	-1.323592	1.390806	-0.992969	-0.543528	-0.199919	1.177582	-1.424263	1.147390	-0.037986	-0.000827	0.084296	0.174845	0.134209	0.006607	-0.025951	0.205419	0.212752	-0.001156	0.050781	0.042969	-0.199219	-0.566406	-0.074219	0.050781	0.003906	0.218750	0.246094	0.082031	0.018843	-0.131125	-5.364446	0.088230	0.503632	-0.106972	-0.117173	-2.134221	9.634483	1.000000	0.000000	0.000000	0.000000	
0.481438	0.224236	-1.342102	1.319440	-0.998304	-0.534289	-0.199911	1.209019	-1.374280	1.160060	0.470899	0.218534	-1.322607	1.393896	-0.989754	-0.543426	-0.200093	1.180253	-1.421320	1.147361	-0.056143	-0.024510	0.071243	0.188477	0.107641	-0.037725	-0.010738	0.128720	0.171329	-0.073398	0.058594	0.042969	-0.175781	-0.558594	-0.085938	0.042969	0.003906	0.222656	0.246094	0.105469	0.018843	-0.131125	-5.364446	0.088230	0.503632	-0.106972	-0.117173	-2.134221	9.634483	1.000000	0.000000	0.000000	0.000000	
0.481277	0.225333	-1.343873	1.318795	-1.001241	-0.532957	-0.198603	1.207991	-1.374706	1.152505	0.471128	0.218534	-1.321877	1.395701	-0.987851	-0.543308	-0.200233	1.182725	-1.419205	1.147573	-0.012594	-0.017573	0.045510	0.060723	0.094515	-0.038669	-0.005727	0.047768	0.104374	-0.010829	0.070312	0.042969	-0.199219	-0.535156	-0.101562	0.050781	0.003906	0.230469	0.250000	0.105469	0.018843	-0.131125	-5.364446	0.088230	0.503632	-0.106972	-0.117173	-2.134221	9.634483	1.000000	0.000000	0.000000	0.000000	
0.480994	0.226296	-1.345577	1.317392	-1.003959	-0.531666	-0.197099	1.206557	-1.374294	1.144854	0.471343	0.218559	-1.321658	1.396886	-0.986550	-0.543115	-0.200301	1.183632	-1.417861	1.147373	0.005720	-0.011063	-0.005918	0.037479	0.009452	-0.056211	-0.018021	0.004777	0.073251	-0.053427	0.070312	0.054688	-0.207031	-0.519531	-0.105469	0.050781	0.003906	0.246094	0.269531	0.089844	0.018843	-0.131125	-5.364446	0.088230	0.503632	-0.106972	-0.117173	-2.134221	9.634483	1.000000	0.000000	0.000000	0.000000	
0.481176	0.226912	-1.347084	1.316511	-1.005090	-0.530397	-0.196855	1.205641	-1.373056	1.138380	0.471459	0.218628	-1.321638	1.397293	-0.985975	-0.542495	-0.200274	1.183765	-1.417156	1.146412	-0.037814	-0.005759	-0.025019	-0.052086	0.011414	0.022296	-0.001802	-0.083274	-0.031061	-0.165866	0.058594	0.066406	-0.230469	-0.515625	-0.101562	0.050781	0.027344	0.238281	0.285156	0.082031	0.018843	-0.131125	-5.364446	0.088230	0.503632	-0.106972	-0.117173	-2.134221	9.634483	1.000000	0.000000	0.000000	0.000000	
0.481502	0.227486	-1.347907	1.315709	-1.006567	-0.529461	-0.197157	1.205303	-1.370523	1.135225	0.471603	0.218723	-1.321731	1.397180	-0.985714	-0.541474	-0.200245	1.183670	-1.417112	1.143263	0.006688	-0.006392	-0.030419	-0.064532	-0.033755	0.026657	-0.000180	-0.060672	-0.093837	-0.177110	0.058594	0.070312	-0.238281	-0.519531	-0.117188	0.042969	0.035156	0.230469	0.300781	0.082031	0.018843	-0.131125	-5.364446	0.088230	0.503632	-0.106972	-0.117173	-2.134221	9.634483	1.000000	0.000000	0.000000	0.000000	
0.481980	0.228145	-1.348277	1.315320	-1.006907	-0.528752	-0.198125	1.205840	-1.367943	1.134827	0.471971	0.218847	-1.321750	1.396843	-0.985686	-0.540349	-0.200198	1.183554	-1.417200	1.139944	0.028586	-0.020414	0.021386	-0.037860	-0.038272	0.065479	0.004635	0.014871	-0.103604	-0.258496	0.054688	0.074219	-0.234375	-0.500000	-0.125000	0.042969	0.035156	0.218750	0.296875	0.085938	0.018843	-0.131125	-5.364446	0.088230	0.503632	-0.106972	-0.117173	-2.134221	9.634483	1.000000	0.000000	0.000000	0.000000	
0.482551	0.228288	-1.348117	1.315065	-1.005600	-0.528163	-0.198954	1.207270	-1.366486	1.135195	0.472433	0.218977	-1.322166	1.396024	-0.985681	-0.539518	-0.200149	1.183458	-1.417242	1.136153	0.002859	-0.009021	-0.032758	-0.101496	-0.042213	-0.045797	0.000463	0.011956	-0.027809	-0.228248	0.050781	0.074219	-0.230469	-0.492188	-0.132812	0.050781	0.023438	0.218750	0.320312	0.066406	0.018843	-0.131125	-5.364446	0.088230	0.503632	-0.106972	-0.117173	-2.134221	9.634483	1.000000	0.000000	0.000000	0.000000	
0.483493	0.228288	-1.348164	1.314802	-1.001320	-0.528057	-0.199708	1.208797	-1.364836	1.133466	0.473373	0.219116	-1.322443	1.393776	-0.985704	-0.538528	-0.200139	1.183221	-1.417493	1.133578	0.066589	0.001424	0.010683	-0.146245	-0.018180	0.093130	-0.030197	-0.019742	0.011178	-0.221734	0.027344	0.082031	-0.246094	-0.468750	-0.136719	0.039062	0.011719	0.230469	0.332031	0.070312	0.018843	-0.131125	-5.364446	0.088230	0.503632	-0.106972	-0.117173	-2.134221	9.634483	1.000000	0.000000	0.000000	0.000000	
0.484229	0.228586	-1.348233	1.313059	-0.997200	-0.528090	-0.199582	1.209279	-1.363721	1.131428	0.474506	0.219216	-1.322668	1.392018	-0.985708	-0.537288	-0.200096	1.183077	-1.417664	1.131657	0.020617	0.005958	-0.009401	-0.164679	-0.008797	0.075616	-0.016978	-0.057808	-0.086123	-0.112904	0.027344	0.074219	-0.246094	-0.453125	-0.136719	0.023438	0.007812	0.246094	0.335938	0.074219	0.018843	-0.131125	-5.364446	0.088230	0.503632	-0.106972	-0.117173	-2.134221	9.634483	1.000000	0.000000	0.000000	0.000000	
0.484829	0.228622	-1.348338	1.311837	-0.993484	-0.527864	-0.200419	1.210119	-1.363304	1.129076	0.475557	0.219414	-1.322979	1.390503	-0.985467	-0.536337	-0.200015	1.182999	-1.417747	1.128947	0.005551	0.022697	-0.063753	-0.100219	0.047975	0.035479	0.012261	-0.040677	-0.067936	-0.126448	0.027344	0.070312	-0.234375	-0.464844	-0.105469	0.039062	0.000000	0.253906	0.355469	0.070312	0.018843	-0.131125	-5.364446	0.088230	0.503632	-0.106972	-0.117173	-2.134221	9.634483	1.000000	0.000000	0.000000	0.000000	
0.485276	0.228549	-1.348711	1.311447	-0.991594	-0.527455	-0.201212	1.211249	-1.362649	1.129093	0.476640	0.219801	-1.323817	1.388940	-0.984958	-0.535929	-0.199886	1.182911	-1.417885	1.127653	0.052900	0.027860	-0.093616	-0.142628	0.025735	0.003548	0.005879	-0.004068	-0.041690	-0.085927	0.023438	0.050781	-0.222656	-0.449219	-0.093750	0.042969	-0.003906	0.269531	0.363281	0.050781	0.018843	-0.131125	-5.364446	0.088230	0.503632	-0.106972	-0.117173	-2.134221	9.634483	1.000000	0.000000	0.000000	0.000000	
0.485774	0.228384	-1.348984	1.310429	-0.989297	-0.527218	-0.201700	1.212271	-1.361871	1.130147	0.478044	0.220339	-1.324663	1.385671	-0.983984	-0.535508	-0.199779	1.182506	-1.418082	1.126595	0.015759	0.017908	-0.134988	-0.146869	0.149138	-0.024073	-0.001739	-0.077179	-0.018128	-0.127240	0.011719	0.050781	-0.203125	-0.429688	-0.089844	0.039062	-0.011719	0.285156	0.367188	0.042969	0.018843	-0.131125	-5.364446	0.088230	0.503632	-0.106972	-0.117173	-2.134221	9.634483	1.000000	0.000000	0.000000	0.000000	
0.486488	0.227889	-1.349424	1.309450	-0.986918	-0.527056	-0.202120	1.213250	-1.360608	1.130296	0.479100	0.220850	-1.325778	1.383224	-0.982723	-0.535060	-0.199709	1.182328	-1.418412	1.125632	-0.005403	0.028545	-0.160063	-0.248492	0.084706	0.008062	0.013785	-0.053083	-0.040199	-0.096475	0.023438	0.039062	-0.187500	-0.402344	-0.089844	0.039062	-0.019531	0.285156	0.367188	0.042969	0.018843	-0.131125	-5.364446	0.088230	0.503632	-0.106972	-0.117173	-2.134221	9.634483	1.000000	0.000000	0.000000	0.000000	
0.487016	0.228126	-1.350087	1.307894	-0.984424	-0.527051	-0.202077	1.213351	-1.359105	1.129776	0.479796	0.221494	-1.326897	1.381256	-0.980750	-0.534462	-0.199647	1.182220	-1.418527	1.124446	0.051804	0.031935	-0.089289	-0.195841	0.123629	0.035702	-0.011417	-0.089059	-0.077302	-0.068971	0.035156	0.035156	-0.187500	-0.410156	-0.074219	0.027344	-0.023438	0.296875	0.367188	0.042969	0.018843	-0.131125	-5.364446	0.088230	0.503632	-0.106972	-0.117173	-2.134221	9.634483	1.000000	0.000000	0.000000	0.000000	
0.487394	0.228018	-1.350430	1.306504	-0.982508	-0.526821	-0.202141	1.214149	-1.358815	1.129082	0.480105	0.221897	-1.329254	1.379166	-0.979168	-0.533591	-0.199594	1.182222	-1.418477	1.123942	-0.001799	0.014826	-0.183410	-0.183597	0.110073	-0.010388	-0.015100	-0.008906	0.044614	-0.087159	0.035156	0.042969	-0.136719	-0.386719	-0.109375	0.027344	-0.023438	0.312500	0.382812	0.042969	0.018843	-0.131125	-5.364446	0.088230	0.503632	-0.106972	-0.117173	-2.134221	9.634483	1.000000	0.000000	0.000000	0.000000	
0.487844	0.227816	-1.351307	1.305928	-0.981104	-0.526458	-0.202572	1.214759	-1.357944	1.128642	0.480869	0.222244	-1.330912	1.375501	-0.977446	-0.532811	-0.199535	1.182101	-1.418419	1.123551	0.059144	0.028236	-0.130009	-0.168414	0.052883	0.026878	-0.015469	0.020047	0.011441	-0.057571	0.011719	0.035156	-0.148438	-0.402344	-0.085938	0.027344	-0.019531	0.304688	0.394531	0.058594	0.018843	-0.131125	-5.364446	0.088230	0.503632	-0.106972	-0.117173	-2.134221	9.634483	1.000000	0.000000	0.000000	0.000000	
0.488007	0.227714	-1.352073	1.304820	-0.980649	-0.526091	-0.202483	1.215076	-1.357016	1.129817	0.481967	0.222483	-1.332238	1.373508	-0.975963	-0.532340	-0.199523	1.182029	-1.418334	1.123109	-0.004555	0.007476	-0.163055	-0.166896	0.116957	-0.004291	-0.017832	-0.008464	0.032551	-0.058102	0.007812	0.023438	-0.136719	-0.386719	-0.085938	0.023438	-0.023438	0.328125	0.394531	0.054688	0.018843	-0.131125	-5.364446	0.088230	0.503632	-0.106972	-0.117173	-2.134221	9.634483	1.000000	0.000000	0.000000	0.000000	
0.488414	0.227338	-1.352795	1.304055	-0.978964	-0.525857	-0.202862	1.215793	-1.355910	1.128756	0.482817	0.222911	-1.333593	1.371800	-0.974018	-0.531979	-0.199521	1.182039	-1.418245	1.121857	0.003034	0.020522	-0.100057	-0.096951	0.036123	0.020509	-0.019231	-0.000846	0.006745	-0.082582	0.023438	0.023438	-0.136719	-0.394531	-0.070312	0.035156	-0.023438	0.328125	0.394531	0.070312	0.018843	-0.131125	-5.364446	0.088230	0.503632	-0.106972	-0.117173	-2.134221	9.634483	1.000000	0.000000	0.000000	0.000000	
0.488658	0.227286	-1.353498	1.303510	-0.977025	-0.525546	-0.202821	1.216191	-1.354872	1.127474	0.483399	0.223311	-1.335149	1.370514	-0.973242	-0.531786	-0.199521	1.182041	-1.418154	1.121195	-0.020634	0.012521	-0.055371	-0.149280	0.028040	-0.029356	-0.018208	-0.000085	-0.002815	-0.043155	0.019531	0.023438	-0.140625	-0.402344	-0.058594	0.035156	-0.023438	0.328125	0.394531	0.070312	0.018843	-0.131125	-5.364446	0.088230	0.503632	-0.106972	-0.117173	-2.134221	9.634483	1.000000	0.000000	0.000000	0.000000	
0.489142	0.226913	-1.353954	1.302512	-0.973966	-0.525587	-0.203181	1.216869	-1.353969	1.124703	0.483879	0.223828	-1.336041	1.369045	-0.972650	-0.531360	-0.199512	1.182089	-1.417966	1.120772	0.029343	0.031496	-0.089288	-0.109148	0.041190	0.031961	0.003995	-0.080270	0.017167	-0.049681	0.019531	-0.003906	-0.136719	-0.414062	-0.050781	0.035156	-0.023438	0.335938	0.410156	0.066406	0.018843	-0.131125	-5.364446	0.088230	0.503632	-0.106972	-0.117173	-2.134221	9.634483	1.000000	0.000000	0.000000	0.000000	
0.489341	0.226771	-1.354650	1.301723	-0.973019	-0.525353	-0.203299	1.217211	-1.352658	1.123854	0.484338	0.224270	-1.336947	1.368436	-0.971853	-0.530814	-0.199511	1.182220	-1.417686	1.120372	0.093665	0.018271	-0.113618	-0.070239	0.042505	0.003196	0.007379	-0.015006	-0.050628	-0.081740	0.011719	0.007812	-0.132812	-0.414062	-0.054688	0.027344	-0.023438	0.328125	0.410156	0.054688	0.018843	-0.131125	-5.364446	0.088230	0.503632	-0.106972	-0.117173	-2.134221	9.634483	1.000000	0.000000	0.000000	0.000000	
0.489450	0.226903	-1.355440	1.301630	-0.972190	-0.525111	-0.203570	1.217725	-1.352234	1.125156	0.484915	0.224439	-1.337758	1.368145	-0.969852	-0.530123	-0.199543	1.182416	-1.417412	1.119832	0.033794	-0.007479	-0.074175	-0.034941	0.108939	0.035216	-0.010894	0.005479	0.043792	-0.046560	0.019531	0.019531	-0.136719	-0.421875	-0.054688	0.011719	-0.035156	0.335938	0.410156	0.039062	0.018843	-0.131125	-5.364446	0.088230	0.503632	-0.106972	-0.117173	-2.134221	9.634483	1.000000	0.000000	0.000000	0.000000	
0.489636	0.226911	-1.356098	1.301626	-0.971033	-0.524949	-0.203846	1.218310	-1.351967	1.126490	0.485345	0.224514	-1.338526	1.368086	-0.968798	-0.529452	-0.199565	1.182722	-1.417042	1.119336	0.013848	-0.000748	-0.021376	-0.003494	0.070218	0.020970	-0.013885	0.021486	0.046255	-0.046532	0.011719	0.023438	-0.148438	-0.437500	-0.050781	0.019531	-0.039062	0.332031	0.414062	0.050781	0.018843	-0.131125	-5.364446	0.088230	0.503632	-0.106972	-0.117173	-2.134221	9.634483	1.000000	0.000000	0.000000	0.000000	
0.489498	0.226884	-1.356528	1.301612	-0.970213	-0.524545	-0.203801	1.218681	-1.351671	1.127050	0.485964	0.224529	-1.338922	1.368220	-0.967860	-0.529002	-0.199586	1.183462	-1.416605	1.118994	-0.002105	-0.011707	-0.019586	-0.000349	0.059366	-0.071185	-0.010694	0.023086	0.022074	-0.029081	0.011719	0.027344	-0.152344	-0.433594	-0.054688	0.019531	-0.023438	0.328125	0.414062	0.050781	0.018843	-0.131125	-5.364446	0.088230	0.503632	-0.106972	-0.117173	-2.134221	9.634483	1.000000	0.000000	0.000000	0.000000	
0.489568	0.226805	-1.357256	1.301672	-0.969267	-0.524354	-0.203669	1.218776	-1.350985	1.125630	0.486355	0.224532	-1.339244	1.368295	-0.966848	-0.528695	-0.199622	1.183949	-1.415500	1.118902	0.003279	-0.018619	-0.047324	-0.097745	0.075729	0.041736	0.008236	-0.004671	0.044083	-0.013377	0.011719	0.023438	-0.152344	-0.437500	-0.050781	0.019531	-0.035156	0.332031	0.402344	0.054688	0.018843	-0.131125	-5.364446	0.088230	0.503632	-0.106972	-0.117173	-2.134221	9.634483	1.000000	0.000000	0.000000	0.000000	
0.489412	0.227063	-1.357431	1.300715	-0.968869	-0.524409	-0.203158	1.218860	-1.350307	1.124811	0.486481	0.224532	-1.339453	1.368431	-0.965895	-0.528488	-0.199662	1.184361	-1.414697	1.118883	0.000328	-0.013494	-0.004732	-0.030712	0.007573	-0.009785	-0.010808	0.034429	0.028836	-0.050193	0.019531	0.023438	-0.164062	-0.437500	-0.023438	0.023438	-0.039062	0.332031	0.402344	0.054688	0.018843	-0.131125	-5.364446	0.088230	0.503632	-0.106972	-0.117173	-2.134221	9.634483	1.000000	0.000000	0.000000	0.000000	
0.489250	0.227058	-1.357725	1.300491	-0.969279	-0.524156	-0.203242	1.219101	-1.350161	1.125477	0.486579	0.224540	-1.339665	1.368580	-0.965462	-0.528349	-0.199678	1.184662	-1.414027	1.118855	0.000033	0.003303	-0.070266	0.028335	-0.006222	0.009490	-0.010387	0.055787	0.069187	0.012429	0.023438	0.023438	-0.167969	-0.437500	-0.035156	0.023438	-0.035156	0.328125	0.398438	0.042969	0.018843	-0.131125	-5.364446	0.088230	0.503632	-0.106972	-0.117173	-2.134221	9.634483	1.000000	0.000000	0.000000	0.000000	
0.489248	0.227091	-1.358133	1.300906	-0.968412	-0.524015	-0.203345	1.219471	-1.349399	1.126110	0.486623	0.224534	-1.339707	1.368731	-0.965157	-0.528273	-0.199689	1.184964	-1.413457	1.118801	-0.003486	-0.006649	-0.020985	-0.011125	-0.021560	-0.016499	-0.018487	-0.022338	0.080201	-0.019695	0.007812	0.027344	-0.167969	-0.445312	-0.023438	0.023438	-0.027344	0.332031	0.402344	0.039062	0.018843	-0.131125	-5.364446	0.088230	0.503632	-0.106972	-0.117173	-2.134221	9.634483	1.000000	0.000000	0.000000	0.000000	
0.489145	0.227083	-1.358414	1.300721	-0.967880	-0.523890	-0.203240	1.219471	-1.348747	1.125425	0.486656	0.224525	-1.339740	1.368858	-0.964975	-0.528161	-0.199691	1.185146	-1.412931	1.118766	-0.014307	-0.025092	-0.016057	-0.015071	-0.005646	-0.019098	-0.008828	-0.016192	0.004530	-0.047335	0.007812	0.027344	-0.175781	-0.453125	-0.027344	0.027344	-0.035156	0.328125	0.410156	0.042969	0.018843	-0.131125	-5.364446	0.088230	0.503632	-0.106972	-0.117173	-2.134221	9.634483	1.000000	0.000000	0.000000	0.000000	
0.489027	0.227040	-1.358584	1.300353	-0.968230	-0.523832	-0.203188	1.219524	-1.348413	1.125195	0.486687	0.224531	-1.339844	1.369101	-0.964745	-0.528042	-0.199716	1.185376	-1.412657	1.118783	-0.001431	-0.003672	-0.050461	0.012451	0.006415	0.005069	-0.012515	0.008850	0.017901	-0.018692	0.019531	0.019531	-0.175781	-0.449219	-0.023438	0.035156	-0.027344	0.332031	0.414062	0.050781	0.018843	-0.131125	-5.364446	0.088230	0.503632	-0.106972	-0.117173	-2.134221	9.634483	1.000000	0.000000	0.000000	0.000000	
0.488844	0.227032	-1.358605	1.300389	-0.968553	-0.523741	-0.203275	1.220083	-1.348261	1.127141	0.486669	0.224532	-1.340058	1.369320	-0.964553	-0.527969	-0.199721	1.185640	-1.412432	1.118811	-0.035039	0.000796	-0.043432	-0.016203	-0.027276	-0.062306	-0.010557	0.035781	0.029707	0.019069	0.011719	0.027344	-0.171875	-0.449219	-0.023438	0.023438	-0.027344	0.332031	0.410156	0.050781	0.018843	-0.131125	-5.364446	0.088230	0.503632	-0.106972	-0.117173	-2.134221	9.634483	1.000000	0.000000	0.000000	0.000000	
0.487282	0.225211	-1.358970	1.298214	-0.960197	-0.522595	-0.201122	1.217940	-1.346770	1.114738	0.486665	0.224532	-1.340174	1.369703	-0.964345	-0.527906	-0.199714	1.186202	-1.412266	1.118817	-0.027931	0.002406	0.006126	0.036766	-0.044603	-0.065554	0.004760	-0.031318	-0.000519	0.012376	0.007812	0.019531	-0.175781	-0.460938	-0.039062	0.023438	-0.027344	0.320312	0.417969	0.039062	0.040223	-0.009533	-5.344982	-0.008763	0.286798	-0.276189	1.722920	0.656049	9.820645	1.000000	0.000000	0.000000	0.000000	
0.483345	0.228469	-1.357506	1.297316	-0.931240	-0.522720	-0.199386	1.212307	-1.344665	1.072359	0.486664	0.224532	-1.340294	1.369803	-0.964134	-0.527845	-0.199713	1.186581	-1.412039	1.118891	-0.037689	0.000241	-0.034284	-0.031220	0.044395	-0.030983	0.005129	-0.024070	-0.020990	0.001238	0.019531	0.019531	-0.171875	-0.453125	-0.027344	0.023438	-0.027344	0.320312	0.421875	0.050781	0.044499	0.014785	-5.341089	-0.018462	0.265114	-0.293111	1.906929	0.935076	9.839261	1.000000	0.000000	0.000000	0.000000	
0.475361	0.237759	-1.354885	1.293740	-0.893119	-0.521337	-0.198892	1.207447	-1.342524	1.008394	0.486616	0.224508	-1.340463	1.369799	-0.962832	-0.527736	-0.199680	1.186657	-1.411945	1.118106	-0.021217	0.004677	-0.087180	-0.006612	0.168452	-0.037995	-0.009956	-0.040793	-0.050954	-0.115034	0.003906	0.011719	-0.175781	-0.476562	-0.027344	0.027344	-0.007812	0.316406	0.429688	0.007812	0.045354	0.019649	-5.340310	-0.019432	0.262946	-0.294803	1.925330	0.962978	9.841123	1.000000	0.000000	0.000000	0.000000	
0.468948	0.242814	-1.352550	1.289634	-0.868329	-0.519962	-0.199651	1.204866	-1.336406	0.961408	0.486364	0.224576	-1.341030	1.369871	-0.957870	-0.527642	-0.199593	1.186211	-1.412144	1.112229	-0.030039	0.016753	-0.099448	0.044704	0.418153	-0.014268	0.002494	-0.011059	-0.134212	-0.653596	-0.019531	0.027344	-0.140625	-0.484375	0.007812	0.027344	0.000000	0.265625	0.480469	-0.019531	0.045525	0.020622	-5.340155	-0.019529	0.262729	-0.294972	1.927171	0.965769	9.841309	1.000000	0.000000	0.000000	0.000000	
0.465010	0.240748	-1.351541	1.286229	-0.858798	-0.517545	-0.202572	1.205772	-1.325553	0.937887	0.485392	0.225559	-1.341459	1.370879	-0.948808	-0.526847	-0.199511	1.186316	-1.412838	1.097726	-0.097224	0.065652	-0.065779	0.098690	0.760680	0.106752	0.020024	-0.029023	-0.166965	-1.346055	-0.042969	0.035156	-0.109375	-0.531250	0.082031	0.003906	-0.003906	0.199219	0.511719	-0.105469	0.045559	0.020816	-5.340123	-0.019539	0.262707	-0.294989	1.927355	0.966048	9.841328	1.000000	0.000000	0.000000	0.000000	
0.462315	0.236458	-1.352882	1.282785	-0.855260	-0.514101	-0.204304	1.208641	-1.310132	0.924600	0.483041	0.227193	-1.341666	1.371517	-0.937859	-0.524943	-0.199486	1.186507	-1.416952	1.078782	-0.198163	0.103112	-0.020536	0.016848	0.791443	0.150260	-0.000324	-0.002902	-0.191178	-1.628168	-0.027344	0.042969	-0.101562	-0.550781	0.167969	-0.007812	0.000000	0.171875	0.597656	-0.234375	0.045566	0.020855	-5.340117	-0.019540	0.262705	-0.294991	1.927373	0.966076	9.841330	1.000000	0.000000	0.000000	0.000000	
0.458854	0.235342	-1.354673	1.278205	-0.847290	-0.510762	-0.202957	1.210786	-1.294645	0.907928	0.479518	0.228393	-1.341634	1.371475	-0.923456	-0.522333	-0.199505	1.186593	-1.418186	1.054177	-0.253622	0.049860	-0.002054	-0.001805	0.640975	0.227894	-0.018644	0.045075	-0.008649	-1.049183	-0.023438	0.074219	-0.101562	-0.546875	0.203125	-0.035156	-0.027344	0.191406	0.625000	-0.394531	0.045568	0.020863	-5.340116	-0.019540	0.262705	-0.294991	1.927375	0.966078	9.841330	1.000000	0.000000	0.000000	0.000000	
0.454747	0.236476	-1.357535	1.274778	-0.838806	-0.507370	-0.200399	1.212576	-1.284011	0.891184	0.477650	0.228939	-1.341749	1.370812	-0.915486	-0.519582	-0.199525	1.187386	-1.417997	1.040217	-0.203333	0.031740	-0.021143	-0.097890	0.427019	0.158885	-0.019313	0.116176	-0.011334	-0.858679	-0.027344	0.050781	-0.093750	-0.550781	0.218750	-0.007812	-0.042969	0.171875	0.707031	-0.476562	0.045568	0.020865	-5.340116	-0.019540	0.262705	-0.294991	1.927375	0.966079	9.841330	1.000000	0.000000	0.000000	0.000000	
0.450857	0.237628	-1.360061	1.271505	-0.834703	-0.503207	-0.200014	1.216223	-1.279171	0.877850	0.474538	0.229380	-1.342354	1.368038	-0.908803	-0.517117	-0.199457	1.190114	-1.416723	1.028774	-0.187836	0.040397	-0.106803	-0.187760	0.468437	0.040316	-0.010074	0.161672	0.054701	-1.000152	-0.027344	0.039062	-0.089844	-0.527344	0.230469	0.003906	-0.039062	0.136719	0.773438	-0.480469	0.045568	0.020865	-5.340116	-0.019540	0.262705	-0.294991	1.927375	0.966079	9.841330	1.000000	0.000000	0.000000	0.000000	
0.447594	0.238858	-1.362304	1.268215	-0.832208	-0.498879	-0.200921	1.219693	-1.275991	0.865374	0.470717	0.229613	-1.343711	1.365714	-0.902062	-0.515049	-0.199193	1.192549	-1.414699	1.016961	-0.193265	0.014509	-0.206100	-0.193258	0.490027	0.115700	0.012951	0.138304	0.138076	-0.996851	-0.027344	0.042969	-0.085938	-0.519531	0.234375	0.007812	-0.027344	0.132812	0.820312	-0.492188	0.045568	0.020865	-5.340116	-0.019540	0.262705	-0.294991	1.927375	0.966079	9.841330	1.000000	0.000000	0.000000	0.000000	
0.444805	0.239098	-1.365285	1.264865	-0.829997	-0.494944	-0.201481	1.221331	-1.271085	0.854682	0.466947	0.230032	-1.345799	1.362972	-0.891966	-0.512139	-0.198752	1.195363	-1.413131	0.998677	-0.197298	0.020062	-0.233478	-0.235683	0.411925	0.168603	0.021070	0.272063	0.076621	-0.898811	-0.035156	0.042969	-0.070312	-0.527344	0.230469	0.019531	-0.042969	0.121094	0.855469	-0.492188	0.045568	0.020865	-5.340116	-0.019540	0.262705	-0.294991	1.927375	0.966079	9.841330	1.000000	0.000000	0.000000	0.000000	
0.442283	0.239055	-1.368537	1.262311	-0.827007	-0.491395	-0.202045	1.224094	-1.268428	0.845061	0.463189	0.230713	-1.350458	1.360169	-0.885996	-0.510079	-0.198171	1.200700	-1.411558	0.987581	-0.176763	0.040392	-0.215278	-0.236436	0.348280	0.128529	0.034677	0.229605	0.115841	-0.889007	-0.035156	0.042969	-0.035156	-0.527344	0.222656	0.011719	-0.058594	0.101562	0.863281	-0.531250	0.045568	0.020865	-5.340116	-0.019540	0.262705	-0.294991	1.927375	0.966079	9.841330	1.000000	0.000000	0.000000	0.000000	
0.439836	0.239083	-1.371558	1.258814	-0.825323	-0.488309	-0.202791	1.226058	-1.268092	0.839784	0.460062	0.231132	-1.354322	1.355756	-0.881216	-0.507195	-0.197788	1.204675	-1.409353	0.976977	-0.174710	0.017998	-0.353043	-0.184167	0.366343	0.169886	0.003468	0.260256	0.029032	-0.853130	-0.050781	0.066406	-0.011719	-0.531250	0.207031	0.007812	-0.054688	0.066406	0.902344	-0.503906	0.045568	0.020865	-5.340116	-0.019540	0.262705	-0.294991	1.927375	0.966079	9.841330	1.000000	0.000000	0.000000	0.000000	
0.437577	0.239121	-1.375085	1.256233	-0.822439	-0.485062	-0.203679	1.228618	-1.269425	0.833625	0.458152	0.231466	-1.358269	1.352886	-0.876068	-0.503856	-0.197591	1.208354	-1.408112	0.966422	-0.181484	0.012269	-0.352861	-0.224305	0.437942	0.177512	0.021285	0.231914	0.062227	-0.936783	-0.042969	0.066406	0.019531	-0.519531	0.164062	0.027344	-0.066406	0.054688	0.878906	-0.484375	0.045568	0.020865	-5.340116	-0.019540	0.262705	-0.294991	1.927375	0.966079	9.841330	1.000000	0.000000	0.000000	0.000000	
0.435379	0.239209	-1.378856	1.252985	-0.819081	-0.482088	-0.203247	1.229776	-1.270826	0.830087	0.455420	0.231816	-1.362839	1.350252	-0.867598	-0.500522	-0.197301	1.211949	-1.406773	0.951807	-0.178671	0.027981	-0.436594	-0.266705	0.364840	0.132909	0.007945	0.333769	0.082995	-0.662489	-0.042969	0.054688	0.039062	-0.535156	0.148438	0.023438	-0.070312	0.035156	0.886719	-0.519531	0.045568	0.020865	-5.340116	-0.019540	0.262705	-0.294991	1.927375	0.966079	9.841330	1.000000	0.000000	0.000000	0.000000	
0.433217	0.240391	-1.382740	1.250313	-0.813989	-0.479658	-0.202378	1.231267	-1.273407	0.827562	0.453031	0.232007	-1.370878	1.347714	-0.862342	-0.497190	-0.197130	1.217491	-1.405972	0.942826	-0.178390	-0.020466	-0.399602	-0.250007	0.350551	0.124959	-0.003858	0.242755	0.001320	-0.554797	-0.054688	0.066406	0.085938	-0.542969	0.136719	0.019531	-0.070312	0.023438	0.890625	-0.531250	0.045568	0.020865	-5.340116	-0.019540	0.262705	-0.294991	1.927375	0.966079	9.841330	1.000000	0.000000	0.000000	0.000000	
0.431016	0.241879	-1.385838	1.247285	-0.810045	-0.477772	-0.202043	1.231354	-1.276169	0.826946	0.451148	0.232142	-1.376315	1.344565	-0.857728	-0.493155	-0.197055	1.220828	-1.405012	0.935940	-0.056225	0.013075	-0.392413	-0.073856	0.356101	0.200936	-0.003875	0.205736	0.017580	-0.505642	-0.070312	0.074219	0.117188	-0.578125	0.140625	0.003906	-0.058594	0.011719	0.871094	-0.527344	0.045568	0.020865	-5.340116	-0.019540	0.262705	-0.294991	1.927375	0.966079	9.841330	1.000000	0.000000	0.000000	0.000000	
0.429183	0.244097	-1.388820	1.244853	-0.804277	-0.476245	-0.201501	1.230917	-1.279562	0.826531	0.449536	0.232185	-1.381158	1.343450	-0.853340	-0.490918	-0.196992	1.224089	-1.404699	0.929959	-0.152187	-0.023120	-0.381225	-0.077178	0.314781	0.208534	0.015897	0.184586	0.043634	-0.479789	-0.066406	0.074219	0.121094	-0.585938	0.148438	-0.007812	-0.058594	-0.011719	0.871094	-0.503906	0.045568	0.020865	-5.340116	-0.019540	0.262705	-0.294991	1.927375	0.966079	9.841330	1.000000	0.000000	0.000000	0.000000	
0.427580	0.246546	-1.391474	1.243061	-0.796334	-0.475105	-0.201274	1.230559	-1.282696	0.824175	0.447880	0.232372	-1.385665	1.343009	-0.846889	-0.488169	-0.196939	1.228303	-1.404758	0.921105	-0.133866	-0.005802	-0.268438	-0.042614	0.223408	0.142991	0.006243	0.175492	-0.061940	-0.417880	-0.074219	0.085938	0.101562	-0.613281	0.148438	0.011719	-0.050781	-0.019531	0.847656	-0.476562	0.045568	0.020865	-5.340116	-0.019540	0.262705	-0.294991	1.927375	0.966079	9.841330	1.000000	0.000000	0.000000	0.000000	
0.426072	0.249408	-1.393557	1.242588	-0.788202	-0.474157	-0.201131	1.230288	-1.285244	0.820335	0.446192	0.232789	-1.391389	1.342897	-0.843103	-0.485777	-0.196904	1.230455	-1.405109	0.916014	-0.149482	0.028500	-0.253670	-0.046137	0.266615	0.091071	0.022725	0.129217	-0.016663	-0.317469	-0.074219	0.074219	0.109375	-0.648438	0.164062	0.019531	-0.039062	-0.035156	0.843750	-0.476562	0.045568	0.020865	-5.340116	-0.019540	0.262705	-0.294991	1.927375	0.966079	9.841330	1.000000	0.000000	0.000000	0.000000	
0.424896	0.252982	-1.395104	1.241802	-0.778192	-0.473873	-0.201022	1.229962	-1.288354	0.814277	0.444182	0.233510	-1.394472	1.343165	-0.839510	-0.484111	-0.196913	1.231879	-1.405736	0.912209	-0.154534	0.047052	-0.227766	-0.056958	0.277915	0.092858	-0.018665	0.023391	-0.064480	-0.296959	-0.074219	0.089844	0.085938	-0.675781	0.175781	0.027344	-0.039062	-0.042969	0.828125	-0.468750	0.045568	0.020865	-5.340116	-0.019540	0.262705	-0.294991	1.927375	0.966079	9.841330	1.000000	0.000000	0.000000	0.000000	
0.423741	0.257110	-1.396086	1.240852	-0.767268	-0.474034	-0.201051	1.229734	-1.291936	0.806453	0.443175	0.234317	-1.396785	1.343316	-0.835714	-0.482348	-0.196907	1.232745	-1.406201	0.906650	-0.099205	0.057050	-0.148403	-0.012675	0.299983	0.072099	-0.001867	0.002339	-0.009938	-0.204178	-0.074219	0.089844	0.074219	-0.664062	0.207031	0.019531	-0.039062	-0.039062	0.808594	-0.484375	0.045568	0.020865	-5.340116	-0.019540	0.262705	-0.294991	1.927375	0.966079	9.841330	1.000000	0.000000	0.000000	0.000000	
0.423040	0.260769	-1.396872	1.239918	-0.758107	-0.474592	-0.201118	1.229841	-1.295543	0.800201	0.441446	0.235415	-1.398217	1.343467	-0.830859	-0.481099	-0.196897	1.234372	-1.406536	0.902993	-0.139037	0.085967	-0.088123	-0.015226	0.214949	0.073513	0.000977	0.024661	-0.046359	-0.261202	-0.054688	0.109375	0.054688	-0.679688	0.257812	0.027344	-0.039062	-0.070312	0.804688	-0.496094	0.045568	0.020865	-5.340116	-0.019540	0.262705	-0.294991	1.927375	0.966079	9.841330	1.000000	0.000000	0.000000	0.000000	
0.422369	0.264185	-1.397279	1.239881	-0.751009	-0.475041	-0.201730	1.230388	-1.298813	0.795377	0.439695	0.236168	-1.399764	1.343909	-0.827029	-0.480195	-0.196887	1.235158	-1.407016	0.899233	-0.104634	0.058615	-0.061157	0.029884	0.279728	-0.006607	0.000098	-0.014982	-0.088387	-0.305291	-0.070312	0.140625	0.058594	-0.699219	0.296875	0.027344	-0.042969	-0.066406	0.792969	-0.503906	0.045568	0.020865	-5.340116	-0.019540	0.262705	-0.294991	1.927375	0.966079	9.841330	1.000000	0.000000	0.000000	0.000000	
0.422077	0.266910	-1.397718	1.240594	-0.746556	-0.475591	-0.202578	1.231253	-1.302008	0.794237	0.438036	0.237458	-1.400582	1.344822	-0.823112	-0.479675	-0.196861	1.235509	-1.408323	0.895427	-0.167497	0.084960	-0.041012	0.037885	0.258289	0.013298	0.009315	0.047357	-0.123997	-0.369023	-0.058594	0.164062	0.058594	-0.707031	0.316406	0.027344	-0.039062	-0.054688	0.773438	-0.531250	0.045568	0.020865	-5.340116	-0.019540	0.262705	-0.294991	1.927375	0.966079	9.841330	1.000000	0.000000	0.000000	0.000000	
0.421865	0.269084	-1.398347	1.240645	-0.741953	-0.476464	-0.202642	1.231535	-1.303620	0.792974	0.436008	0.239048	-1.400964	1.345247	-0.818985	-0.479449	-0.196856	1.235507	-1.409433	0.888777	-0.103991	0.109695	-0.049466	0.003788	0.280572	-0.037056	-0.010701	-0.037140	-0.110109	-0.291646	-0.042969	0.121094	0.042969	-0.691406	0.332031	0.007812	-0.042969	-0.042969	0.761719	-0.503906	0.045568	0.020865	-5.340116	-0.019540	0.262705	-0.294991	1.927375	0.966079	9.841330	1.000000	0.000000	0.000000	0.000000	
0.421774	0.271070	-1.398645	1.239065	-0.736034	-0.477878	-0.202370	1.232308	-1.305364	0.788964	0.434197	0.240998	-1.401064	1.345404	-0.813434	-0.478992	-0.196855	1.235216	-1.410357	0.884588	-0.139515	0.124964	-0.011926	-0.034517	0.202539	0.031191	-0.006886	-0.059548	-0.077314	-0.325783	-0.035156	0.125000	0.035156	-0.695312	0.351562	0.007812	-0.058594	-0.027344	0.726562	-0.484375	0.045568	0.020865	-5.340116	-0.019540	0.262705	-0.294991	1.927375	0.966079	9.841330	1.000000	0.000000	0.000000	0.000000	
0.421630	0.273220	-1.398617	1.236459	-0.729502	-0.479540	-0.201925	1.232823	-1.307435	0.783199	0.432332	0.243262	-1.401036	1.345508	-0.809779	-0.478319	-0.196847	1.235085	-1.410979	0.880866	-0.118641	0.156735	-0.001193	0.034934	0.243590	0.065932	-0.007668	-0.023403	-0.039138	-0.385031	-0.027344	0.109375	0.023438	-0.699219	0.355469	0.000000	-0.050781	-0.027344	0.726562	-0.468750	0.045568	0.020865	-5.340116	-0.019540	0.262705	-0.294991	1.927375	0.966079	9.841330	1.000000	0.000000	0.000000	0.000000	
0.421011	0.275670	-1.399149	1.236362	-0.724491	-0.480096	-0.201738	1.232700	-1.309002	0.778607	0.431111	0.245363	-1.401055	1.345675	-0.806164	-0.478015	-0.196764	1.235034	-1.411733	0.877311	-0.057229	0.111057	-0.038505	-0.013955	0.303530	-0.003876	0.005049	-0.019788	0.006555	-0.282777	-0.027344	0.152344	0.023438	-0.710938	0.367188	0.003906	-0.050781	-0.027344	0.722656	-0.480469	0.045568	0.020865	-5.340116	-0.019540	0.262705	-0.294991	1.927375	0.966079	9.841330	1.000000	0.000000	0.000000	0.000000	
0.420253	0.277640	-1.399843	1.236318	-0.720912	-0.480609	-0.201531	1.233105	-1.310240	0.775469	0.430455	0.246946	-1.401058	1.345563	-0.802533	-0.478027	-0.196619	1.234951	-1.412344	0.871850	-0.092964	0.073919	-0.031768	-0.099105	0.288586	-0.073670	0.006321	-0.054323	-0.065648	-0.255104	-0.039062	0.183594	0.027344	-0.707031	0.382812	0.000000	-0.066406	-0.011719	0.722656	-0.511719	0.045568	0.020865	-5.340116	-0.019540	0.262705	-0.294991	1.927375	0.966079	9.841330	1.000000	0.000000	0.000000	0.000000	
0.419730	0.279059	-1.400116	1.234827	-0.718609	-0.481638	-0.201279	1.234178	-1.311422	0.773587	0.429403	0.248507	-1.401059	1.345298	-0.796597	-0.478078	-0.196387	1.234790	-1.413072	0.867971	-0.089558	0.088817	-0.034583	-0.090172	0.210319	-0.028305	0.008775	0.001547	-0.072868	-0.301191	-0.023438	0.183594	0.027344	-0.699219	0.382812	-0.007812	-0.070312	-0.003906	0.722656	-0.480469	0.045568	0.020865	-5.340116	-0.019540	0.262705	-0.294991	1.927375	0.966079	9.841330	1.000000	0.000000	0.000000	0.000000	
0.419481	0.280525	-1.400605	1.233495	-0.717072	-0.482802	-0.201036	1.234947	-1.312301	0.772740	0.428175	0.249385	-1.401059	1.344881	-0.792307	-0.478112	-0.195921	1.234660	-1.413993	0.864166	-0.096197	0.082164	-0.038355	-0.082299	0.300203	-0.006320	0.041590	-0.020783	-0.094528	-0.309290	-0.023438	0.203125	0.011719	-0.710938	0.355469	-0.011719	-0.089844	-0.011719	0.710938	-0.476562	0.045568	0.020865	-5.340116	-0.019540	0.262705	-0.294991	1.927375	0.966079	9.841330	1.000000	0.000000	0.000000	0.000000	
0.419192	0.281576	-1.401205	1.232770	-0.715476	-0.483617	-0.200872	1.235651	-1.312813	0.771096	0.427250	0.250659	-1.401083	1.344023	-0.788566	-0.478143	-0.195319	1.234562	-1.415123	0.860570	-0.023578	0.074519	-0.021284	-0.098960	0.211481	0.002858	0.016954	-0.016037	-0.047839	-0.317079	-0.019531	0.191406	0.007812	-0.707031	0.367188	-0.027344	-0.093750	0.003906	0.691406	-0.480469	0.045568	0.020865	-5.340116	-0.019540	0.262705	-0.294991	1.927375	0.966079	9.841330	1.000000	0.000000	0.000000	0.000000	
0.418947	0.282864	-1.401628	1.231447	-0.713188	-0.484766	-0.200530	1.235783	-1.312789	0.768013	0.426217	0.252238	-1.401209	1.343318	-0.785297	-0.478174	-0.194488	1.234421	-1.415518	0.855440	-0.103557	0.087713	0.018809	-0.037813	0.209588	-0.041590	0.063346	-0.057438	-0.105983	-0.181762	-0.023438	0.167969	0.007812	-0.710938	0.355469	-0.027344	-0.125000	0.007812	0.695312	-0.476562	0.045568	0.020865	-5.340116	-0.019540	0.262705	-0.294991	1.927375	0.966079	9.841330	1.000000	0.000000	0.000000	0.000000	
0.418543	0.283725	-1.402393	1.231040	-0.710935	-0.485497	-0.200274	1.235426	-1.311848	0.765939	0.425260	0.253976	-1.401646	1.342523	-0.779821	-0.478277	-0.193813	1.234393	-1.415743	0.852354	-0.080148	0.094849	-0.092339	-0.049147	0.198930	0.002820	0.047047	-0.065068	-0.122267	-0.178699	-0.011719	0.164062	0.011719	-0.691406	0.339844	-0.027344	-0.101562	0.007812	0.679688	-0.460938	0.045568	0.020865	-5.340116	-0.019540	0.262705	-0.294991	1.927375	0.966079	9.841330	1.000000	0.000000	0.000000	0.000000	
0.418195	0.284394	-1.403343	1.230985	-0.709343	-0.485979	-0.200179	1.235730	-1.311391	0.765102	0.424462	0.255632	-1.403139	1.341418	-0.776763	-0.478540	-0.193371	1.234387	-1.416103	0.850283	-0.109214	0.080441	-0.110433	-0.123562	0.131561	-0.034614	0.057049	-0.044893	-0.102957	-0.133028	-0.019531	0.175781	0.050781	-0.683594	0.351562	-0.027344	-0.117188	0.023438	0.695312	-0.484375	0.045568	0.020865	-5.340116	-0.019540	0.262705	-0.294991	1.927375	0.966079	9.841330	1.000000	0.000000	0.000000	0.000000	
0.417767	0.284644	-1.404492	1.230641	-0.709001	-0.486465	-0.200145	1.235773	-1.311337	0.766413	0.424036	0.257215	-1.404747	1.339477	-0.774067	-0.478617	-0.192709	1.234362	-1.417071	0.848512	-0.059776	0.097611	-0.175056	-0.061211	0.222534	0.017476	0.041764	-0.056834	-0.080088	-0.117992	-0.035156	0.164062	0.070312	-0.679688	0.339844	-0.035156	-0.109375	0.007812	0.710938	-0.496094	0.045568	0.020865	-5.340116	-0.019540	0.262705	-0.294991	1.927375	0.966079	9.841330	1.000000	0.000000	0.000000	0.000000	
0.417226	0.285043	-1.406447	1.231543	-0.709799	-0.486305	-0.200151	1.234973	-1.310291	0.767549	0.423927	0.258816	-1.406086	1.338337	-0.771638	-0.478705	-0.191987	1.234405	-1.417628	0.847043	0.014960	0.097002	-0.087298	-0.121279	0.228142	-0.001742	0.069316	-0.005683	-0.133636	-0.067633	-0.023438	0.156250	0.066406	-0.683594	0.347656	-0.050781	-0.125000	0.011719	0.726562	-0.527344	0.045568	0.020865	-5.340116	-0.019540	0.262705	-0.294991	1.927375	0.966079	9.841330	1.000000	0.000000	0.000000	0.000000	
0.416657	0.284950	-1.407835	1.231113	-0.710542	-0.486466	-0.199638	1.234839	-1.309558	0.767741	0.423881	0.260381	-1.407590	1.337407	-0.768195	-0.478843	-0.191438	1.234535	-1.418152	0.846724	-0.033400	0.087635	-0.137846	-0.120307	0.110055	-0.035071	0.032522	-0.024996	-0.083156	-0.090515	-0.027344	0.132812	0.085938	-0.675781	0.332031	-0.039062	-0.109375	0.011719	0.714844	-0.527344	0.045568	0.020865	-5.340116	-0.019540	0.262705	-0.294991	1.927375	0.966079	9.841330	1.000000	0.000000	0.000000	0.000000	
0.416150	0.285362	-1.408902	1.230778	-0.709576	-0.486615	-0.199242	1.234674	-1.309985	0.767434	0.423847	0.261267	-1.410895	1.336784	-0.766101	-0.479017	-0.190965	1.234658	-1.418596	0.846830	-0.052195	0.079719	-0.205714	-0.071354	0.143612	-0.024445	0.027680	0.014949	0.019601	-0.023010	-0.042969	0.156250	0.105469	-0.679688	0.332031	-0.042969	-0.125000	0.003906	0.730469	-0.527344	0.045568	0.020865	-5.340116	-0.019540	0.262705	-0.294991	1.927375	0.966079	9.841330	1.000000	0.000000	0.000000	0.000000	
0.415719	0.285676	-1.410564	1.231171	-0.708933	-0.486456	-0.198819	1.233551	-1.310259	0.767917	0.423792	0.262325	-1.413374	1.335933	-0.764883	-0.479294	-0.190370	1.234755	-1.420042	0.846973	-0.033137	0.056827	-0.139219	-0.055990	0.052747	-0.051299	0.030685	-0.033401	-0.074812	-0.016260	-0.042969	0.171875	0.109375	-0.679688	0.328125	-0.035156	-0.125000	0.000000	0.773438	-0.531250	0.045568	0.020865	-5.340116	-0.019540	0.262705	-0.294991	1.927375	0.966079	9.841330	1.000000	0.000000	0.000000	0.000000	
0.415089	0.285826	-1.412118	1.231938	-0.709249	-0.486312	-0.198711	1.232292	-1.310295	0.769580	0.423757	0.263223	-1.415421	1.335617	-0.763597	-0.479519	-0.189839	1.234823	-1.421349	0.847171	-0.038210	0.044069	-0.174445	-0.057944	0.137881	-0.040026	0.040291	-0.013809	-0.052846	0.015822	-0.039062	0.167969	0.132812	-0.691406	0.320312	-0.035156	-0.125000	0.000000	0.777344	-0.519531	0.045568	0.020865	-5.340116	-0.019540	0.262705	-0.294991	1.927375	0.966079	9.841330	1.000000	0.000000	0.000000	0.000000	
0.414677	0.285696	-1.413562	1.232392	-0.709885	-0.486189	-0.198640	1.230956	-1.310137	0.771316	0.423677	0.263863	-1.417599	1.335457	-0.761935	-0.479976	-0.189038	1.234812	-1.422604	0.847380	0.013627	0.036977	-0.170988	-0.054649	-0.007150	-0.056347	0.048231	-0.036277	-0.102994	0.043458	-0.042969	0.183594	0.125000	-0.679688	0.328125	-0.027344	-0.164062	-0.003906	0.781250	-0.531250	0.045568	0.020865	-5.340116	-0.019540	0.262705	-0.294991	1.927375	0.966079	9.841330	1.000000	0.000000	0.000000	0.000000	
0.414321	0.285572	-1.415062	1.232964	-0.710211	-0.486153	-0.198374	1.229973	-1.309823	0.773091	0.423443	0.264467	-1.421016	1.335425	-0.761190	-0.480430	-0.188538	1.234738	-1.424066	0.847567	-0.030044	0.039757	-0.146215	-0.029892	0.065588	-0.075427	0.039719	-0.048993	-0.149885	-0.020082	-0.042969	0.183594	0.140625	-0.675781	0.335938	-0.035156	-0.156250	-0.011719	0.789062	-0.511719	0.045568	0.020865	-5.340116	-0.019540	0.262705	-0.294991	1.927375	0.966079	9.841330	1.000000	0.000000	0.000000	0.000000	
0.414286	0.285533	-1.416087	1.233081	-0.709934	-0.486385	-0.198221	1.229033	-1.310653	0.775192	0.423226	0.264887	-1.422862	1.335467	-0.760871	-0.480618	-0.187574	1.234504	-1.426564	0.847823	-0.093735	0.031893	-0.140248	-0.006479	0.010048	-0.038949	0.045848	0.002080	-0.084781	-0.008987	-0.042969	0.187500	0.136719	-0.679688	0.332031	-0.027344	-0.167969	-0.023438	0.808594	-0.511719	0.045568	0.020865	-5.340116	-0.019540	0.262705	-0.294991	1.927375	0.966079	9.841330	1.000000	0.000000	0.000000	0.000000	
0.414165	0.285464	-1.417349	1.233942	-0.710257	-0.486413	-0.198352	1.227663	-1.310611	0.777829	0.423110	0.265141	-1.424564	1.335500	-0.760662	-0.480680	-0.186509	1.234094	-1.428057	0.848359	-0.023332	0.011332	-0.191996	-0.000648	0.042880	-0.007385	0.072051	-0.024219	-0.134105	-0.018347	-0.039062	0.183594	0.140625	-0.675781	0.335938	-0.027344	-0.175781	-0.027344	0.812500	-0.500000	0.045568	0.020865	-5.340116	-0.019540	0.262705	-0.294991	1.927375	0.966079	9.841330	1.000000	0.000000	0.000000	0.000000	
0.413744	0.285447	-1.418387	1.234780	-0.709914	-0.486152	-0.198224	1.226723	-1.310300	0.777861	0.422845	0.265410	-1.425801	1.335531	-0.760378	-0.480765	-0.185512	1.233164	-1.429156	0.848684	-0.030250	0.010439	-0.130868	-0.038451	0.000798	-0.074021	0.043265	-0.051277	-0.055286	0.026082	-0.050781	0.171875	0.121094	-0.679688	0.328125	-0.035156	-0.183594	-0.019531	0.808594	-0.484375	0.045568	0.020865	-5.340116	-0.019540	0.262705	-0.294991	1.927375	0.966079	9.841330	1.000000	0.000000	0.000000	0.000000	
0.413630	0.285602	-1.419012	1.234078	-0.707431	-0.486640	-0.197841	1.225769	-1.310602	0.775980	0.422574	0.265633	-1.427551	1.335634	-0.760176	-0.480782	-0.184909	1.232324	-1.429981	0.849185	-0.037921	0.039430	-0.096838	0.006624	0.076852	-0.000423	0.021775	-0.043514	-0.029956	0.044484	-0.042969	0.167969	0.125000	-0.667969	0.328125	-0.035156	-0.152344	-0.019531	0.792969	-0.492188	0.045568	0.020865	-5.340116	-0.019540	0.262705	-0.294991	1.927375	0.966079	9.841330	1.000000	0.000000	0.000000	0.000000	
0.413527	0.286118	-1.419631	1.233381	-0.705196	-0.487014	-0.197505	1.224325	-1.310890	0.772671	0.422107	0.265985	-1.428604	1.335654	-0.759966	-0.480810	-0.184562	1.231622	-1.431019	0.849673	-0.066606	0.013249	-0.051559	-0.027255	-0.016742	-0.000042	0.025442	-0.063675	-0.107685	0.028876	-0.035156	0.164062	0.125000	-0.667969	0.316406	-0.023438	-0.152344	-0.027344	0.808594	-0.492188	0.045568	0.020865	-5.340116	-0.019540	0.262705	-0.294991	1.927375	0.966079	9.841330	1.000000	0.000000	0.000000	0.000000	
0.413061	0.286419	-1.420031	1.233711	-0.705108	-0.486946	-0.197914	1.223495	-1.311046	0.771177	0.421505	0.266305	-1.429251	1.335683	-0.759318	-0.480840	-0.184218	1.230876	-1.431638	0.850231	-0.041557	0.029242	-0.106355	0.011233	0.054160	-0.020942	0.018829	-0.034285	-0.115457	-0.000602	-0.035156	0.175781	0.117188	-0.675781	0.320312	-0.039062	-0.156250	-0.019531	0.824219	-0.484375	0.045568	0.020865	-5.340116	-0.019540	0.262705	-0.294991	1.927375	0.966079	9.841330	1.000000	0.000000	0.000000	0.000000	
0.412738	0.286912	-1.420602	1.234102	-0.705068	-0.486892	-0.198176	1.222760	-1.311495	0.769499	0.420997	0.266628	-1.429598	1.335640	-0.758049	-0.480894	-0.183955	1.229007	-1.432247	0.850125	0.016782	0.005251	-0.056001	-0.054711	0.022864	0.008375	0.005373	-0.101138	-0.095297	-0.020998	-0.035156	0.167969	0.101562	-0.664062	0.328125	-0.027344	-0.148438	-0.011719	0.820312	-0.503906	0.045568	0.020865	-5.340116	-0.019540	0.262705	-0.294991	1.927375	0.966079	9.841330	1.000000	0.000000	0.000000	0.000000	
0.412583	0.287053	-1.420897	1.232884	-0.704693	-0.487368	-0.197940	1.222230	-1.312491	0.767716	0.420217	0.267072	-1.429813	1.335631	-0.757166	-0.480953	-0.183871	1.228051	-1.432853	0.849861	-0.085563	0.017973	-0.061434	-0.015940	0.047652	-0.034059	0.001700	-0.024072	-0.089791	-0.061424	-0.023438	0.167969	0.101562	-0.667969	0.320312	-0.035156	-0.136719	-0.019531	0.820312	-0.503906	0.045568	0.020865	-5.340116	-0.019540	0.262705	-0.294991	1.927375	0.966079	9.841330	1.000000	0.000000	0.000000	0.000000	
0.412433	0.287878	-1.420812	1.232035	-0.702022	-0.487979	-0.197976	1.221961	-1.314317	0.763480	0.419600	0.267420	-1.429832	1.335654	-0.756335	-0.480941	-0.183829	1.227375	-1.433411	0.849469	-0.067880	0.004124	0.000836	0.001896	0.133882	-0.017364	-0.023094	-0.110586	0.008469	-0.051508	-0.035156	0.171875	0.093750	-0.664062	0.312500	-0.035156	-0.140625	-0.023438	0.812500	-0.515625	0.045568	0.020865	-5.340116	-0.019540	0.262705	-0.294991	1.927375	0.966079	9.841330	1.000000	0.000000	0.000000	0.000000	
0.412234	0.288517	-1.421364	1.231877	-0.700231	-0.488297	-0.197859	1.220726	-1.314849	0.759549	0.419453	0.267635	-1.429836	1.335586	-0.755369	-0.480987	-0.183797	1.226780	-1.433740	0.848809	-0.041684	-0.008893	-0.034813	-0.080072	0.132036	-0.012205	-0.002309	-0.091320	-0.110821	0.019277	-0.039062	0.187500	0.085938	-0.679688	0.312500	-0.039062	-0.136719	-0.027344	0.804688	-0.511719	0.045568	0.020865	-5.340116	-0.019540	0.262705	-0.294991	1.927375	0.966079	9.841330	1.000000	0.000000	0.000000	0.000000	
0.411840	0.288593	-1.421424	1.231390	-0.700410	-0.488561	-0.198116	1.220712	-1.315466	0.757328	0.419302	0.267936	-1.429812	1.335548	-0.753770	-0.481093	-0.183774	1.226079	-1.434024	0.847950	-0.007658	0.020048	-0.038378	-0.032435	0.086486	-0.022158	-0.014189	-0.012622	-0.049468	-0.032969	-0.027344	0.171875	0.089844	-0.679688	0.320312	-0.035156	-0.136719	-0.035156	0.792969	-0.519531	0.045568	0.020865	-5.340116	-0.019540	0.262705	-0.294991	1.927375	0.966079	9.841330	1.000000	0.000000	0.000000	0.000000	
0.411767	0.288441	-1.421867	1.231346	-0.700742	-0.488646	-0.198306	1.221043	-1.316717	0.757013	0.419175	0.268190	-1.429904	1.335492	-0.752457	-0.481187	-0.183754	1.225551	-1.434299	0.846930	-0.028683	0.038064	-0.059672	-0.073036	0.043545	-0.037112	0.009050	-0.088503	-0.022395	-0.118455	-0.039062	0.171875	0.089844	-0.679688	0.304688	-0.039062	-0.136719	-0.027344	0.796875	-0.550781	0.045568	0.020865	-5.340116	-0.019540	0.262705	-0.294991	1.927375	0.966079	9.841330	1.000000	0.000000	0.000000	0.000000	
0.411727	0.288038	-1.422324	1.230841	-0.701079	-0.488731	-0.198409	1.220911	-1.317473	0.757238	0.418980	0.268645	-1.430020	1.335505	-0.751394	-0.481279	-0.183741	1.225106	-1.434814	0.845757	-0.037765	0.016602	-0.093208	-0.042200	-0.020073	-0.031628	-0.004911	-0.008850	-0.037136	-0.123514	-0.039062	0.167969	0.089844	-0.683594	0.316406	-0.050781	-0.136719	-0.035156	0.792969	-0.531250	0.045568	0.020865	-5.340116	-0.019540	0.262705	-0.294991	1.927375	0.966079	9.841330	1.000000	0.000000	0.000000	0.000000	
0.411706	0.287870	-1.422778	1.230450	-0.700461	-0.489024	-0.198334	1.220814	-1.318351	0.757221	0.418772	0.269067	-1.430091	1.335507	-0.750649	-0.481345	-0.183739	1.224896	-1.435111	0.843414	-0.038673	0.016782	-0.044217	-0.032137	0.029399	-0.048528	-0.010960	-0.028802	-0.010693	-0.124020	-0.039062	0.167969	0.074219	-0.683594	0.328125	-0.039062	-0.140625	-0.027344	0.789062	-0.535156	0.045568	0.020865	-5.340116	-0.019540	0.262705	-0.294991	1.927375	0.966079	9.841330	1.000000	0.000000	0.000000	0.000000	
0.411774	0.288037	-1.423182	1.230121	-0.699675	-0.489433	-0.198253	1.220410	-1.318882	0.756414	0.418560	0.269612	-1.430106	1.335459	-0.750112	-0.481407	-0.183738	1.224709	-1.435340	0.842194	-0.035274	0.030758	0.013026	-0.086965	0.013409	-0.011832	-0.001096	-0.002880	-0.032476	-0.036829	-0.039062	0.140625	0.070312	-0.683594	0.316406	-0.039062	-0.140625	-0.039062	0.789062	-0.519531	0.045568	0.020865	-5.340116	-0.019540	0.262705	-0.294991	1.927375	0.966079	9.841330	1.000000	0.000000	0.000000	0.000000	
0.411708	0.288447	-1.422874	1.229004	-0.698990	-0.490141	-0.198209	1.220399	-1.319502	0.754559	0.418348	0.270052	-1.430133	1.335498	-0.749907	-0.481468	-0.183730	1.224574	-1.435629	0.841078	-0.031444	0.013545	0.011772	0.022710	0.001341	-0.018631	-0.000110	-0.014247	-0.055592	-0.090924	-0.027344	0.156250	0.074219	-0.683594	0.328125	-0.039062	-0.136719	-0.027344	0.789062	-0.527344	0.045568	0.020865	-5.340116	-0.019540	0.262705	-0.294991	1.927375	0.966079	9.841330	1.000000	0.000000	0.000000	0.000000	
0.411425	0.288925	-1.423015	1.229532	-0.699234	-0.490143	-0.198241	1.220101	-1.320076	0.754559	0.418088	0.270374	-1.430162	1.335506	-0.749745	-0.481529	-0.183745	1.224475	-1.436510	0.840030	0.024773	0.002518	-0.061636	0.002271	0.000134	-0.012332	-0.036070	-0.001425	-0.043945	-0.099823	-0.035156	0.152344	0.066406	-0.691406	0.328125	-0.050781	-0.136719	-0.035156	0.789062	-0.519531	0.045568	0.020865	-5.340116	-0.019540	0.262705	-0.294991	1.927375	0.966079	9.841330	1.000000	0.000000	0.000000	0.000000	
0.411260	0.288978	-1.423519	1.229762	-0.700563	-0.490073	-0.198322	1.219822	-1.320802	0.756485	0.417866	0.270713	-1.430168	1.335483	-0.749471	-0.481614	-0.183731	1.224382	-1.437123	0.838609	0.002477	-0.005564	-0.082936	-0.031180	-0.010455	-0.036130	-0.007097	-0.000142	-0.081166	-0.086754	-0.023438	0.148438	0.082031	-0.707031	0.328125	-0.050781	-0.136719	-0.027344	0.789062	-0.515625	0.045568	0.020865	-5.340116	-0.019540	0.262705	-0.294991	1.927375	0.966079	9.841330	1.000000	0.000000	0.000000	0.000000	
0.411107	0.289072	-1.423871	1.229728	-0.701845	-0.490127	-0.198333	1.219745	-1.321504	0.758745	0.417604	0.271072	-1.430266	1.335527	-0.749052	-0.481655	-0.183729	1.224267	-1.437706	0.837428	0.003737	0.006423	-0.043190	0.024799	0.005934	-0.055957	-0.019321	0.017434	-0.098847	-0.095916	-0.027344	0.167969	0.074219	-0.699219	0.320312	-0.054688	-0.140625	-0.035156	0.796875	-0.503906	0.045568	0.020865	-5.340116	-0.019540	0.262705	-0.294991	1.927375	0.966079	9.841330	1.000000	0.000000	0.000000	0.000000	
0.411302	0.289328	-1.423975	1.229113	-0.701280	-0.490627	-0.198026	1.219833	-1.322667	0.759998	0.417381	0.271233	-1.430528	1.335560	-0.748944	-0.481639	-0.183728	1.224147	-1.438234	0.836368	-0.100826	0.001805	-0.042705	0.023418	-0.034303	-0.005596	-0.011238	-0.033153	-0.083167	-0.117770	-0.035156	0.164062	0.082031	-0.695312	0.332031	-0.050781	-0.140625	-0.035156	0.789062	-0.492188	0.045568	0.020865	-5.340116	-0.019540	0.262705	-0.294991	1.927375	0.966079	9.841330	1.000000	0.000000	0.000000	0.000000	
0.411375	0.289775	-1.423955	1.228698	-0.698485	-0.490876	-0.197684	1.219986	-1.323142	0.757566	0.417216	0.271378	-1.430775	1.335567	-0.748899	-0.481732	-0.183728	1.224050	-1.438679	0.835696	-0.013572	0.011813	-0.004270	-0.025575	0.003549	-0.059883	-0.005777	-0.055660	-0.071130	-0.140893	-0.035156	0.171875	0.074219	-0.695312	0.312500	-0.050781	-0.136719	-0.039062	0.781250	-0.492188	0.045568	0.020865	-5.340116	-0.019540	0.262705	-0.294991	1.927375	0.966079	9.841330	1.000000	0.000000	0.000000	0.000000	
0.411409	0.290267	-1.423792	1.228296	-0.697202	-0.491103	-0.197309	1.219884	-1.323449	0.756176	0.417062	0.271447	-1.431042	1.335544	-0.748889	-0.481800	-0.183720	1.224031	-1.438986	0.835271	-0.053702	-0.010451	-0.056261	-0.013026	-0.027562	-0.068802	-0.006394	0.025841	-0.087375	-0.010600	-0.039062	0.171875	0.074219	-0.699219	0.320312	-0.050781	-0.136719	-0.035156	0.781250	-0.492188	0.045568	0.020865	-5.340116	-0.019540	0.262705	-0.294991	1.927375	0.966079	9.841330	1.000000	0.000000	0.000000	0.000000	
0.406616	0.288759	-1.426348	1.231548	-0.740619	-0.492113	-0.200697	1.226116	-1.339351	0.814424	0.416958	0.271550	-1.431265	1.335564	-0.748573	-0.481886	-0.183702	1.224002	-1.439290	0.834919	-0.019329	0.008261	-0.061460	0.009166	-0.006246	-0.055735	0.004013	0.006074	-0.082020	-0.035956	-0.027344	0.187500	0.082031	-0.707031	0.316406	-0.054688	-0.132812	-0.035156	0.781250	-0.492188	0.022596	-0.011387	-5.325995	-0.053894	-0.352725	-0.034454	0.662984	0.408670	9.926340	1.000000	0.000000	0.000000	0.000000	
0.403122	0.287672	-1.431849	1.233307	-0.784325	-0.492764	-0.202006	1.226654	-1.350520	0.873835	0.416840	0.271676	-1.431722	1.335568	-0.747928	-0.481976	-0.183691	1.223997	-1.439763	0.834364	-0.092663	0.008969	-0.013125	0.018365	0.051720	-0.089325	-0.010068	0.007587	-0.022161	-0.069899	-0.035156	0.171875	0.089844	-0.707031	0.316406	-0.054688	-0.136719	-0.035156	0.789062	-0.496094	0.018002	-0.017837	-5.323172	-0.057330	-0.414268	-0.008401	0.536544	0.352930	9.934841	1.000000	0.000000	0.000000	0.000000	
0.401843	0.283808	-1.434778	1.231921	-0.825192	-0.496700	-0.202877	1.224423	-1.355032	0.924201	0.416332	0.271676	-1.432201	1.335302	-0.751506	-0.482430	-0.183721	1.224311	-1.439688	0.844576	-0.065100	-0.016551	-0.039698	-0.095873	-0.392646	-0.043829	-0.018455	0.049614	0.001274	0.408276	-0.058594	0.167969	0.058594	-0.667969	0.218750	-0.042969	-0.167969	0.003906	0.664062	-0.382812	0.017083	-0.019127	-5.322607	-0.057673	-0.420422	-0.005795	0.523900	0.347356	9.935691	1.000000	0.000000	0.000000	0.000000	
0.402659	0.279872	-1.433201	1.228130	-0.852512	-0.502221	-0.202444	1.219383	-1.359340	0.954199	0.415770	0.271636	-1.432927	1.332534	-0.760534	-0.483417	-0.183832	1.224155	-1.440012	0.857330	-0.090261	-0.013287	-0.038866	-0.068911	-0.936100	-0.070686	-0.011151	-0.099728	0.007107	1.143552	-0.042969	0.156250	0.027344	-0.632812	0.171875	-0.027344	-0.175781	0.035156	0.562500	-0.316406	0.016899	-0.019385	-5.322494	-0.057708	-0.421038	-0.005535	0.522636	0.346798	9.935776	1.000000	0.000000	0.000000	0.000000	
0.404745	0.275577	-1.429624	1.227706	-0.869927	-0.507198	-0.201747	1.212580	-1.362314	0.969146	0.414325	0.271200	-1.433605	1.332029	-0.780830	-0.484802	-0.183959	1.221895	-1.439641	0.875778	-0.127674	-0.052510	-0.087638	-0.020850	-1.077686	-0.083841	-0.012747	-0.243778	0.136806	1.635835	-0.042969	0.132812	0.003906	-0.648438	0.101562	-0.042969	-0.167969	0.089844	0.519531	-0.265625	0.016862	-0.019437	-5.322471	-0.057711	-0.421099	-0.005509	0.522510	0.346742	9.935784	1.000000	0.000000	0.000000	0.000000	
0.406378	0.270960	-1.426124	1.230901	-0.881566	-0.510619	-0.200938	1.204695	-1.365700	0.978749	0.412921	0.270871	-1.433765	1.332001	-0.796764	-0.486412	-0.184114	1.218874	-1.440172	0.898418	-0.075581	-0.032005	-0.036681	-0.040471	-1.098824	-0.106094	-0.022213	-0.282611	-0.153822	1.876993	-0.039062	0.121094	0.007812	-0.679688	0.011719	-0.070312	-0.167969	0.085938	0.585938	-0.269531	0.016855	-0.019447	-5.322466	-0.057712	-0.421105	-0.005506	0.522497	0.346737	9.935785	1.000000	0.000000	0.000000	0.000000	
0.407024	0.265920	-1.422309	1.237434	-0.893207	-0.512728	-0.200657	1.200555	-1.372432	0.992667	0.411986	0.269956	-1.433554	1.332722	-0.810613	-0.489400	-0.184330	1.215483	-1.442072	0.930960	-0.077351	-0.063687	-0.038564	0.125069	-1.027656	-0.233946	-0.033628	-0.244618	-0.193353	1.314851	-0.027344	0.121094	0.027344	-0.738281	-0.035156	-0.058594	-0.152344	0.042969	0.593750	-0.207031	0.016854	-0.019449	-5.322465	-0.057712	-0.421106	-0.005506	0.522496	0.346736	9.935785	1.000000	0.000000	0.000000	0.000000	
0.407269	0.260920	-1.418894	1.245630	-0.903636	-0.513857	-0.200513	1.199149	-1.379263	1.006583	0.411557	0.268433	-1.432688	1.334636	-0.821356	-0.491112	-0.184487	1.211751	-1.443760	0.948156	-0.021694	-0.107568	0.076405	-0.078224	-0.929809	-0.215324	0.004780	-0.265246	-0.085638	0.968997	-0.011719	0.136719	0.039062	-0.683594	-0.093750	-0.066406	-0.140625	0.023438	0.546875	-0.136719	0.016853	-0.019450	-5.322465	-0.057712	-0.421106	-0.005506	0.522496	0.346736	9.935785	1.000000	0.000000	0.000000	0.000000	
0.407863	0.257852	-1.415120	1.251952	-0.908096	-0.515730	-0.198044	1.197039	-1.383352	1.015486	0.411204	0.266496	-1.430746	1.334897	-0.837002	-0.494072	-0.184558	1.206691	-1.445043	0.960731	-0.012638	-0.123588	0.185612	-0.088084	-0.686218	-0.272786	0.002804	-0.305695	0.001905	0.773888	-0.011719	0.117188	0.011719	-0.625000	-0.132812	-0.050781	-0.152344	0.039062	0.496094	-0.066406	0.016853	-0.019450	-5.322465	-0.057712	-0.421106	-0.005506	0.522496	0.346736	9.935785	1.000000	0.000000	0.000000	0.000000	
0.408767	0.255827	-1.411000	1.256344	-0.906302	-0.518354	-0.195343	1.194079	-1.387004	1.016888	0.410698	0.264275	-1.427958	1.334659	-0.846505	-0.496966	-0.184581	1.202674	-1.445518	0.970637	-0.074546	-0.146128	0.234918	-0.103028	-0.689776	-0.170354	-0.014841	-0.435367	0.017639	0.743909	-0.003906	0.089844	0.007812	-0.562500	-0.140625	-0.050781	-0.152344	0.082031	0.445312	-0.019531	0.016853	-0.019450	-5.322465	-0.057712	-0.421106	-0.005506	0.522496	0.346736	9.935785	1.000000	0.000000	0.000000	0.000000	
0.409396	0.254288	-1.406778	1.259581	-0.903636	-0.521091	-0.193866	1.191608	-1.388582	1.015154	0.409966	0.262514	-1.421512	1.333933	-0.854440	-0.499387	-0.184529	1.198115	-1.445928	0.985099	-0.024903	-0.099527	0.243339	-0.167336	-0.588933	-0.191517	-0.017769	-0.490210	-0.015684	0.566429	0.007812	0.050781	-0.042969	-0.496094	-0.167969	-0.050781	-0.132812	0.121094	0.421875	-0.007812	0.016853	-0.019450	-5.322465	-0.057712	-0.421106	-0.005506	0.522496	0.346736	9.935785	1.000000	0.000000	0.000000	0.000000	
0.409408	0.253071	-1.402188	1.261652	-0.903318	-0.523611	-0.193929	1.190207	-1.389632	1.014132	0.409529	0.261209	-1.416564	1.331340	-0.860025	-0.501882	-0.184300	1.192817	-1.446567	0.992620	-0.005980	-0.058808	0.348870	-0.107464	-0.393898	-0.162227	0.022651	-0.492204	-0.109747	0.419565	0.007812	0.023438	-0.058594	-0.445312	-0.167969	-0.054688	-0.121094	0.183594	0.417969	0.003906	0.016853	-0.019450	-5.322465	-0.057712	-0.421106	-0.005506	0.522496	0.346736	9.935785	1.000000	0.000000	0.000000	0.000000	
0.409497	0.252382	-1.398017	1.263289	-0.904381	-0.526220	-0.193770	1.188915	-1.389503	1.015923	0.409369	0.260286	-1.411988	1.329900	-0.866789	-0.504126	-0.184045	1.183493	-1.447228	0.997662	0.006381	-0.068694	0.373381	-0.111946	-0.262726	-0.145339	-0.010530	-0.391204	-0.035402	0.317637	0.007812	0.000000	-0.070312	-0.429688	-0.152344	-0.058594	-0.101562	0.230469	0.410156	0.000000	0.016853	-0.019450	-5.322465	-0.057712	-0.421106	-0.005506	0.522496	0.346736	9.935785	1.000000	0.000000	0.000000	0.000000	
0.409807	0.251247	-1.394182	1.264613	-0.907518	-0.528655	-0.194159	1.187984	-1.388967	1.020017	0.409313	0.259673	-1.407268	1.329031	-0.870516	-0.505883	-0.183905	1.178357	-1.448523	1.001191	0.018086	-0.058051	0.319998	-0.046091	-0.242630	-0.070368	-0.009196	-0.332250	-0.062864	0.251611	0.003906	0.000000	-0.074219	-0.429688	-0.136719	-0.085938	-0.101562	0.234375	0.417969	0.003906	0.016853	-0.019450	-5.322465	-0.057712	-0.421106	-0.005506	0.522496	0.346736	9.935785	1.000000	0.000000	0.000000	0.000000	
0.409635	0.250139	-1.391086	1.265521	-0.912229	-0.530451	-0.194231	1.186506	-1.388300	1.026600	0.409156	0.258880	-1.400750	1.328542	-0.873588	-0.507858	-0.183844	1.174301	-1.449461	1.007010	-0.008660	-0.070945	0.237888	-0.074402	-0.268537	-0.202456	-0.027673	-0.368230	-0.149361	0.286884	0.007812	-0.003906	-0.058594	-0.414062	-0.117188	-0.082031	-0.101562	0.253906	0.421875	-0.035156	0.016853	-0.019450	-5.322465	-0.057712	-0.421106	-0.005506	0.522496	0.346736	9.935785	1.000000	0.000000	0.000000	0.000000	
0.409822	0.248314	-1.388269	1.266993	-0.917687	-0.532109	-0.195076	1.186218	-1.387820	1.036003	0.409003	0.258067	-1.397023	1.328274	-0.876699	-0.508981	-0.183824	1.171018	-1.450133	1.010936	-0.021804	-0.040828	0.163374	-0.038847	-0.288576	-0.090038	-0.013236	-0.249691	-0.039364	0.224108	0.007812	-0.023438	-0.035156	-0.421875	-0.101562	-0.089844	-0.093750	0.257812	0.421875	-0.035156	0.016853	-0.019450	-5.322465	-0.057712	-0.421106	-0.005506	0.522496	0.346736	9.935785	1.000000	0.000000	0.000000	0.000000	
0.410122	0.246921	-1.385941	1.267526	-0.923582	-0.533729	-0.195374	1.185431	-1.387374	1.047152	0.408803	0.257306	-1.393903	1.328221	-0.882943	-0.510513	-0.183828	1.166459	-1.450655	1.014993	-0.030097	-0.061080	0.148943	-0.059719	-0.315008	-0.106714	-0.019935	-0.199451	-0.077219	0.259706	0.011719	-0.007812	-0.050781	-0.410156	-0.082031	-0.089844	-0.105469	0.285156	0.421875	-0.023438	0.016853	-0.019450	-5.322465	-0.057712	-0.421106	-0.005506	0.522496	0.346736	9.935785	1.000000	0.000000	0.000000	0.000000	
0.410534	0.245955	-1.383206	1.267510	-0.926804	-0.535536	-0.195553	1.184671	-1.387780	1.056197	0.408521	0.256468	-1.390831	1.328259	-0.887415	-0.512250	-0.183829	1.163827	-1.451075	1.019270	-0.111188	-0.066595	0.189376	-0.037379	-0.352547	-0.129319	-0.033400	-0.180468	-0.018191	0.367955	0.011719	-0.019531	-0.066406	-0.398438	-0.082031	-0.089844	-0.105469	0.281250	0.421875	-0.003906	0.016853	-0.019450	-5.322465	-0.057712	-0.421106	-0.005506	0.522496	0.346736	9.935785	1.000000	0.000000	0.000000	0.000000	
0.412819	0.253457	-1.377603	1.268444	-0.883877	-0.535182	-0.199074	1.180303	-1.382806	1.006308	0.408392	0.255605	-1.388278	1.328242	-0.892793	-0.513688	-0.183861	1.161047	-1.451159	1.025069	0.006329	-0.042719	0.238784	-0.028165	-0.262081	-0.145538	-0.014972	-0.192528	-0.022757	0.410186	0.011719	-0.023438	-0.066406	-0.398438	-0.101562	-0.093750	-0.109375	0.281250	0.429688	0.003906	0.018902	-0.046421	-5.311001	0.170069	0.286522	-0.156507	-0.006935	-0.741179	11.303480	1.000000	0.000000	0.000000	0.000000	
0.414595	0.258953	-1.372374	1.268980	-0.840171	-0.533492	-0.201195	1.182123	-1.383405	0.957151	0.408245	0.254770	-1.385029	1.328215	-0.896388	-0.515478	-0.183892	1.159279	-1.450982	1.030906	0.025060	-0.074065	0.135547	-0.079588	-0.260013	-0.143670	0.006645	-0.130921	-0.026703	0.417899	0.019531	-0.011719	-0.058594	-0.398438	-0.101562	-0.085938	-0.105469	0.300781	0.417969	0.011719	0.019311	-0.051815	-5.308709	0.192847	0.357285	-0.171607	-0.059878	-0.849970	11.440249	1.000000	0.000000	0.000000	0.000000	
0.416595	0.261172	-1.369213	1.274336	-0.811014	-0.530520	-0.201500	1.184972	-1.377324	0.929917	0.408264	0.254482	-1.380478	1.328621	-0.894805	-0.517023	-0.184141	1.157108	-1.450825	1.033478	0.002506	-0.001590	0.167099	0.033917	0.336920	-0.119056	-0.015620	-0.222470	-0.068973	-0.331601	0.019531	0.000000	-0.023438	-0.429688	-0.050781	-0.093750	-0.132812	0.285156	0.453125	-0.070312	0.019393	-0.052894	-5.308250	0.195124	0.364362	-0.173117	-0.065172	-0.860849	11.453927	1.000000	0.000000	0.000000	0.000000	
0.419252	0.259869	-1.368576	1.278282	-0.804069	-0.527820	-0.201476	1.187170	-1.366135	0.929137	0.408413	0.254530	-1.378065	1.331683	-0.886855	-0.517381	-0.184360	1.155777	-1.450939	1.026166	-0.010218	0.020779	0.096971	0.177873	0.797922	0.022991	-0.024826	-0.140895	-0.097628	-0.877651	0.035156	0.039062	0.011719	-0.492188	0.027344	-0.109375	-0.125000	0.257812	0.460938	-0.136719	0.019410	-0.053109	-5.308158	0.195352	0.365069	-0.173268	-0.065701	-0.861937	11.455295	1.000000	0.000000	0.000000	0.000000	
0.421019	0.257971	-1.369940	1.281416	-0.807733	-0.524552	-0.201811	1.188571	-1.352608	0.940192	0.408782	0.254668	-1.376031	1.334816	-0.871670	-0.516895	-0.184856	1.156408	-1.451229	1.014040	-0.011491	-0.009554	0.191158	0.352792	0.819594	-0.029108	-0.059480	0.041745	-0.142369	-0.932256	0.042969	0.042969	-0.007812	-0.511719	0.105469	-0.093750	-0.140625	0.257812	0.515625	-0.234375	0.019413	-0.053152	-5.308140	0.195375	0.365140	-0.173283	-0.065754	-0.862046	11.455431	1.000000	0.000000	0.000000	0.000000	
0.422459	0.255597	-1.372169	1.284853	-0.812163	-0.521130	-0.203197	1.189162	-1.340272	0.948385	0.409098	0.254728	-1.372329	1.337987	-0.861799	-0.516289	-0.185085	1.157334	-1.451141	1.003618	-0.018597	-0.009098	0.169170	0.255126	0.657749	0.007558	-0.019907	0.053029	0.013680	-0.703911	0.066406	0.042969	-0.023438	-0.484375	0.140625	-0.074219	-0.156250	0.269531	0.558594	-0.253906	0.019414	-0.053161	-5.308136	0.195377	0.365147	-0.173285	-0.065760	-0.862057	11.455444	1.000000	0.000000	0.000000	0.000000	
0.423643	0.254131	-1.374011	1.285479	-0.809840	-0.518475	-0.203315	1.187691	-1.332877	0.945166	0.409477	0.254749	-1.370813	1.342207	-0.854978	-0.516022	-0.185260	1.158197	-1.450082	0.994458	0.008609	-0.019521	0.055303	0.168588	0.460103	0.011225	-0.033397	0.001813	0.137464	-0.244873	0.066406	0.039062	-0.011719	-0.449219	0.167969	-0.042969	-0.164062	0.269531	0.601562	-0.257812	0.019414	-0.053163	-5.308136	0.195377	0.365148	-0.173285	-0.065760	-0.862058	11.455446	1.000000	0.000000	0.000000	0.000000	
0.424328	0.253347	-1.375513	1.284630	-0.804834	-0.515864	-0.203677	1.185873	-1.330704	0.935621	0.410279	0.254712	-1.370364	1.344384	-0.847943	-0.515654	-0.185343	1.159436	-1.448101	0.991705	0.004351	0.007354	0.005530	0.180871	0.321691	0.036019	-0.011482	0.069974	0.184738	-0.101259	0.058594	0.007812	-0.011719	-0.433594	0.132812	-0.039062	-0.164062	0.246094	0.640625	-0.257812	0.019414	-0.053163	-5.308136	0.195377	0.365148	-0.173285	-0.065760	-0.862058	11.455446	1.000000	0.000000	0.000000	0.000000	
0.418335	0.251768	-1.377324	1.273670	-0.836000	-0.515098	-0.203401	1.191506	-1.347705	0.972328	0.411336	0.254632	-1.370541	1.346468	-0.843919	-0.514684	-0.185432	1.162616	-1.445426	0.990136	0.049290	-0.013223	-0.100646	0.216996	0.265975	0.062926	0.000015	0.188458	0.123163	-0.139242	0.054688	0.000000	-0.023438	-0.468750	0.125000	-0.042969	-0.171875	0.183594	0.675781	-0.250000	0.030580	-0.049640	-5.325566	-0.123882	-0.171745	-0.011658	0.378660	1.084567	10.447163	1.000000	0.000000	0.000000	0.000000	
0.412856	0.249129	-1.381908	1.266407	-0.870834	-0.514050	-0.204349	1.192163	-1.356499	1.013136	0.412614	0.254527	-1.371328	1.348702	-0.839261	-0.513423	-0.185515	1.165022	-1.441693	0.987714	0.116597	-0.023423	-0.086837	0.185712	0.274361	0.093533	-0.004651	0.179369	0.015806	-0.268667	0.050781	0.000000	-0.007812	-0.480469	0.085938	-0.042969	-0.171875	0.148438	0.691406	-0.250000	0.032814	-0.048935	-5.329051	-0.155808	-0.225435	0.004505	0.423102	1.279229	10.346334	1.000000	0.000000	0.000000	0.000000	
0.410327	0.248200	-1.384741	1.258014	-0.894205	-0.515682	-0.202344	1.189784	-1.365512	1.046211	0.412991	0.254337	-1.372430	1.350990	-0.837990	-0.512250	-0.185564	1.167829	-1.440461	0.985558	-0.058133	-0.029096	-0.085456	0.084874	0.013478	0.016333	-0.015587	0.161012	0.137676	0.151105	0.007812	-0.007812	-0.007812	-0.515625	0.023438	-0.039062	-0.171875	0.152344	0.562500	-0.132812	0.033260	-0.048794	-5.329749	-0.159001	-0.230804	0.006121	0.427546	1.298696	10.336251	1.000000	0.000000	0.000000	0.000000	
0.409878	0.246784	-1.385159	1.255310	-0.901516	-0.517945	-0.199879	1.185997	-1.372438	1.061191	0.413066	0.253935	-1.374153	1.351157	-0.841880	-0.511289	-0.185800	1.169747	-1.439827	0.989900	-0.005813	-0.052928	-0.109745	-0.019430	-0.288292	-0.012325	-0.037618	0.078915	0.107988	0.447825	0.000000	-0.007812	-0.027344	-0.562500	-0.050781	-0.023438	-0.148438	0.191406	0.527344	-0.011719	0.033350	-0.048766	-5.329888	-0.159320	-0.231341	0.006283	0.427990	1.300642	10.335242	1.000000	0.000000	0.000000	0.000000	
0.410159	0.245618	-1.384459	1.254987	-0.901820	-0.520594	-0.197273	1.181821	-1.378714	1.065632	0.413009	0.252958	-1.376073	1.350512	-0.849419	-0.511072	-0.186186	1.169986	-1.439822	0.997385	-0.025009	-0.073922	-0.216863	-0.165956	-0.461544	-0.053577	-0.046801	-0.047943	-0.041546	0.655468	-0.019531	0.011719	-0.023438	-0.574219	-0.148438	-0.035156	-0.132812	0.203125	0.496094	0.085938	0.033368	-0.048760	-5.329916	-0.159352	-0.231394	0.006299	0.428035	1.300837	10.335142	1.000000	0.000000	0.000000	0.000000	
0.410885	0.245055	-1.382746	1.256580	-0.900691	-0.523447	-0.195907	1.178988	-1.384601	1.065428	0.412997	0.252246	-1.378468	1.349874	-0.854950	-0.511247	-0.186433	1.169331	-1.438900	1.006467	-0.047866	-0.109755	-0.126375	-0.082899	-0.412566	-0.124005	-0.023291	-0.112973	0.044700	0.753004	-0.019531	0.042969	-0.027344	-0.609375	-0.175781	-0.035156	-0.125000	0.187500	0.417969	0.101562	0.033371	-0.048759	-5.329922	-0.159355	-0.231400	0.006301	0.428039	1.300856	10.335132	1.000000	0.000000	0.000000	0.000000	
0.412029	0.243725	-1.381312	1.260748	-0.902852	-0.525851	-0.196202	1.177861	-1.389185	1.066955	0.412995	0.250851	-1.379553	1.349214	-0.858891	-0.511912	-0.186483	1.168521	-1.438473	1.018534	-0.036193	-0.143582	-0.082430	-0.078083	-0.285531	-0.071724	-0.008145	-0.049683	-0.002509	0.382388	-0.011719	0.054688	-0.019531	-0.609375	-0.199219	-0.050781	-0.101562	0.140625	0.378906	0.152344	0.033372	-0.048759	-5.329923	-0.159356	-0.231400	0.006301	0.428040	1.300858	10.335131	1.000000	0.000000	0.000000	0.000000	
0.412806	0.242415	-1.379606	1.263800	-0.906760	-0.528054	-0.196383	1.177470	-1.391900	1.069072	0.412970	0.249143	-1.380134	1.348888	-0.861618	-0.512384	-0.186492	1.167632	-1.438388	1.024655	0.010339	-0.107415	-0.036160	-0.081091	-0.171628	-0.069986	-0.018263	-0.092209	-0.000251	0.341837	-0.007812	0.058594	-0.007812	-0.597656	-0.191406	-0.050781	-0.089844	0.140625	0.355469	0.136719	0.033372	-0.048759	-5.329923	-0.159356	-0.231400	0.006301	0.428040	1.300858	10.335131	1.000000	0.000000	0.000000	0.000000	
0.413630	0.241576	-1.378067	1.266088	-0.909249	-0.530183	-0.195913	1.176796	-1.392739	1.071353	0.413038	0.247581	-1.380274	1.348847	-0.864490	-0.513206	-0.186511	1.165225	-1.438564	1.029005	-0.054800	-0.091003	-0.021064	-0.018578	-0.107893	-0.048874	-0.022764	-0.141827	-0.083776	0.292417	-0.007812	0.058594	-0.007812	-0.582031	-0.207031	-0.058594	-0.093750	0.167969	0.332031	0.136719	0.033372	-0.048759	-5.329923	-0.159356	-0.231400	0.006301	0.428040	1.300858	10.335131	1.000000	0.000000	0.000000	0.000000	
0.414249	0.240890	-1.376429	1.268827	-0.909773	-0.532046	-0.195582	1.176223	-1.393076	1.071475	0.413076	0.246211	-1.379502	1.349032	-0.866252	-0.514315	-0.186530	1.163532	-1.438963	1.032468	0.004989	-0.073077	0.071176	-0.026285	-0.164333	-0.106087	-0.022051	-0.199133	-0.050253	0.353777	0.000000	0.027344	-0.035156	-0.574219	-0.214844	-0.066406	-0.089844	0.191406	0.320312	0.140625	0.033372	-0.048759	-5.329923	-0.159356	-0.231400	0.006301	0.428040	1.300858	10.335131	1.000000	0.000000	0.000000	0.000000	
0.414829	0.240025	-1.374642	1.271150	-0.909112	-0.533722	-0.195723	1.176226	-1.393623	1.069846	0.413156	0.245306	-1.378258	1.349118	-0.867743	-0.515821	-0.186526	1.161521	-1.439431	1.037353	0.056333	-0.036388	0.125765	-0.016587	-0.124612	-0.171132	0.004774	-0.232781	-0.081797	0.147046	0.000000	0.000000	-0.027344	-0.542969	-0.222656	-0.058594	-0.089844	0.203125	0.320312	0.167969	0.033372	-0.048759	-5.329923	-0.159356	-0.231400	0.006301	0.428040	1.300858	10.335131	1.000000	0.000000	0.000000	0.000000	
0.415718	0.239060	-1.372571	1.272118	-0.909224	-0.535262	-0.195977	1.176701	-1.394209	1.068557	0.413099	0.244827	-1.376870	1.349111	-0.869471	-0.517286	-0.186533	1.159713	-1.440009	1.039736	-0.053690	-0.028066	0.068411	-0.043534	-0.193922	-0.160188	-0.016971	-0.141926	-0.060524	0.133352	0.011719	-0.011719	-0.035156	-0.515625	-0.207031	-0.074219	-0.085938	0.218750	0.332031	0.156250	0.033372	-0.048759	-5.329923	-0.159356	-0.231400	0.006301	0.428040	1.300858	10.335131	1.000000	0.000000	0.000000	0.000000	
0.416717	0.238579	-1.370479	1.273291	-0.908903	-0.537187	-0.196679	1.177858	-1.394167	1.068586	0.413064	0.244375	-1.374847	1.349182	-0.872362	-0.518475	-0.186535	1.156662	-1.441264	1.041279	-0.092610	-0.042356	0.209240	0.020074	-0.134550	-0.089301	-0.019145	-0.143309	-0.096783	0.034273	0.007812	-0.019531	-0.054688	-0.511719	-0.187500	-0.070312	-0.082031	0.234375	0.332031	0.152344	0.033372	-0.048759	-5.329923	-0.159356	-0.231400	0.006301	0.428040	1.300858	10.335131	1.000000	0.000000	0.000000	0.000000	
0.417372	0.238242	-1.368511	1.273511	-0.909516	-0.538921	-0.196968	1.178509	-1.394103	1.069104	0.413057	0.244115	-1.371438	1.349221	-0.874176	-0.519125	-0.186535	1.154985	-1.442048	1.042169	-0.044157	-0.020521	0.163999	-0.029399	-0.104185	-0.085702	-0.019363	-0.185323	-0.107388	-0.007042	0.023438	-0.019531	-0.066406	-0.511719	-0.187500	-0.082031	-0.089844	0.253906	0.339844	0.156250	0.033372	-0.048759	-5.329923	-0.159356	-0.231400	0.006301	0.428040	1.300858	10.335131	1.000000	0.000000	0.000000	0.000000	
0.417915	0.238093	-1.366530	1.273463	-0.910576	-0.540445	-0.196780	1.179223	-1.393690	1.070466	0.413007	0.243886	-1.369593	1.349252	-0.875629	-0.520443	-0.186543	1.153899	-1.442616	1.043680	-0.021864	-0.012521	0.107130	-0.058774	-0.153493	-0.106280	-0.041485	-0.088325	-0.042145	0.079557	0.011719	-0.050781	-0.042969	-0.500000	-0.171875	-0.082031	-0.101562	0.257812	0.332031	0.132812	0.033372	-0.048759	-5.329923	-0.159356	-0.231400	0.006301	0.428040	1.300858	10.335131	1.000000	0.000000	0.000000	0.000000	
0.418436	0.237785	-1.364850	1.273945	-0.912228	-0.541807	-0.197113	1.180154	-1.393224	1.072780	0.412948	0.243807	-1.367842	1.349259	-0.877398	-0.521675	-0.186529	1.152615	-1.443045	1.044951	-0.040572	0.004564	0.174726	-0.065201	-0.200300	-0.094379	-0.008801	-0.106542	-0.070518	0.039362	0.027344	-0.042969	-0.058594	-0.492188	-0.148438	-0.089844	-0.105469	0.273438	0.332031	0.125000	0.033372	-0.048759	-5.329923	-0.159356	-0.231400	0.006301	0.428040	1.300858	10.335131	1.000000	0.000000	0.000000	0.000000	
0.418845	0.237340	-1.363207	1.273516	-0.915322	-0.543182	-0.197052	1.180443	-1.392753	1.076451	0.412864	0.243768	-1.366111	1.349139	-0.881774	-0.522673	-0.186502	1.151947	-1.443858	1.046054	-0.038954	-0.013502	0.048879	-0.010010	-0.187532	-0.082720	0.010752	-0.136281	-0.094293	0.059770	0.042969	-0.054688	-0.042969	-0.496094	-0.101562	-0.089844	-0.105469	0.285156	0.347656	0.132812	0.033372	-0.048759	-5.329923	-0.159356	-0.231400	0.006301	0.428040	1.300858	10.335131	1.000000	0.000000	0.000000	0.000000	
0.419263	0.236897	-1.361756	1.273694	-0.918280	-0.544411	-0.196928	1.181069	-1.392155	1.080950	0.412798	0.243751	-1.363438	1.348945	-0.884927	-0.523915	-0.186496	1.151474	-1.444384	1.047389	-0.035302	-0.009493	0.043274	0.002489	-0.259538	-0.123430	-0.003578	-0.076441	-0.044326	0.093218	0.039062	-0.054688	-0.058594	-0.480469	-0.089844	-0.085938	-0.101562	0.300781	0.355469	0.125000	0.033372	-0.048759	-5.329923	-0.159356	-0.231400	0.006301	0.428040	1.300858	10.335131	1.000000	0.000000	0.000000	0.000000	
0.419700	0.236496	-1.360348	1.273799	-0.920504	-0.545730	-0.196720	1.181699	-1.391816	1.085165	0.412713	0.243732	-1.361813	1.348349	-0.888175	-0.525205	-0.186479	1.150870	-1.444829	1.051097	-0.041916	0.004867	0.102037	-0.052096	-0.319083	-0.085625	-0.003847	-0.105354	0.002547	0.197762	0.039062	-0.054688	-0.042969	-0.492188	-0.082031	-0.089844	-0.105469	0.316406	0.363281	0.093750	0.033372	-0.048759	-5.329923	-0.159356	-0.231400	0.006301	0.428040	1.300858	10.335131	1.000000	0.000000	0.000000	0.000000	
0.420050	0.236158	-1.358923	1.273485	-0.923306	-0.547093	-0.196089	1.181772	-1.390997	1.089314	0.412671	0.243680	-1.360567	1.348036	-0.891491	-0.526287	-0.186467	1.149732	-1.445184	1.054262	-0.028619	-0.008819	0.045100	-0.022658	-0.258734	-0.095803	-0.012017	-0.055901	-0.066048	0.246602	0.042969	-0.066406	-0.050781	-0.468750	-0.085938	-0.093750	-0.101562	0.332031	0.355469	0.093750	0.033372	-0.048759	-5.329923	-0.159356	-0.231400	0.006301	0.428040	1.300858	10.335131	1.000000	0.000000	0.000000	0.000000	
0.420376	0.235440	-1.357631	1.274148	-0.925966	-0.547992	-0.196055	1.182784	-1.391090	1.092855	0.412639	0.243629	-1.359155	1.347877	-0.896540	-0.527715	-0.186417	1.149140	-1.445498	1.057222	-0.037758	-0.002045	0.035917	-0.009245	-0.287596	-0.177083	0.004614	-0.096321	-0.010094	0.202632	0.042969	-0.058594	-0.039062	-0.476562	-0.070312	-0.085938	-0.093750	0.339844	0.351562	0.105469	0.033372	-0.048759	-5.329923	-0.159356	-0.231400	0.006301	0.428040	1.300858	10.335131	1.000000	0.000000	0.000000	0.000000	
0.420693	0.234950	-1.356383	1.274930	-0.928350	-0.548858	-0.195952	1.183589	-1.390922	1.096451	0.412608	0.243586	-1.357419	1.347699	-0.899804	-0.528631	-0.186374	1.148659	-1.445536	1.060479	-0.042162	-0.009510	0.034998	-0.063738	-0.255586	-0.125887	-0.005355	-0.072445	0.023418	0.285475	0.054688	-0.058594	-0.039062	-0.476562	-0.070312	-0.085938	-0.093750	0.339844	0.363281	0.101562	0.033372	-0.048759	-5.329923	-0.159356	-0.231400	0.006301	0.428040	1.300858	10.335131	1.000000	0.000000	0.000000	0.000000	
0.421156	0.234464	-1.355326	1.275646	-0.930161	-0.549845	-0.195743	1.184245	-1.390552	1.099257	0.412626	0.243481	-1.356126	1.347543	-0.902443	-0.529832	-0.186350	1.148271	-1.445519	1.065832	0.006253	-0.026542	0.038396	-0.041270	-0.182592	-0.106809	-0.012168	-0.094485	0.009321	0.154174	0.050781	-0.070312	-0.050781	-0.480469	-0.093750	-0.089844	-0.089844	0.355469	0.363281	0.105469	0.033372	-0.048759	-5.329923	-0.159356	-0.231400	0.006301	0.428040	1.300858	10.335131	1.000000	0.000000	0.000000	0.000000	
0.421415	0.234198	-1.353981	1.275732	-0.932248	-0.550742	-0.195601	1.184827	-1.390889	1.102045	0.412727	0.243298	-1.354777	1.347584	-0.904741	-0.531066	-0.186337	1.147394	-1.445492	1.069108	-0.041250	-0.017776	0.059674	0.009832	-0.182272	-0.087453	0.003436	-0.061793	0.025360	0.200368	0.050781	-0.058594	-0.042969	-0.480469	-0.082031	-0.082031	-0.089844	0.378906	0.355469	0.105469	0.033372	-0.048759	-5.329923	-0.159356	-0.231400	0.006301	0.428040	1.300858	10.335131	1.000000	0.000000	0.000000	0.000000	
0.421747	0.233896	-1.353034	1.276968	-0.934000	-0.551321	-0.195344	1.185318	-1.390187	1.104343	0.412795	0.242955	-1.353562	1.347568	-0.908471	-0.532718	-0.186334	1.146686	-1.445486	1.072041	-0.039021	-0.040164	0.086229	-0.093237	-0.206667	-0.165779	0.001507	-0.065503	-0.000954	0.184050	0.054688	-0.050781	-0.042969	-0.468750	-0.074219	-0.066406	-0.085938	0.386719	0.363281	0.105469	0.033372	-0.048759	-5.329923	-0.159356	-0.231400	0.006301	0.428040	1.300858	10.335131	1.000000	0.000000	0.000000	0.000000	
0.422166	0.233380	-1.351704	1.277008	-0.936418	-0.552355	-0.195333	1.186233	-1.389868	1.106623	0.412809	0.242612	-1.351332	1.347638	-0.910769	-0.534042	-0.186342	1.146132	-1.445461	1.074227	-0.017861	-0.006343	0.022581	-0.030261	-0.156762	-0.061943	-0.016134	-0.076343	-0.017544	0.102156	0.054688	-0.070312	-0.054688	-0.468750	-0.093750	-0.082031	-0.085938	0.402344	0.363281	0.125000	0.033372	-0.048759	-5.329923	-0.159356	-0.231400	0.006301	0.428040	1.300858	10.335131	1.000000	0.000000	0.000000	0.000000	
0.422448	0.233330	-1.350559	1.277246	-0.939707	-0.553331	-0.195165	1.186999	-1.389445	1.109865	0.412812	0.242325	-1.350159	1.347918	-0.912658	-0.535397	-0.186335	1.145924	-1.445383	1.076966	0.001704	-0.034367	0.065072	-0.006516	-0.207606	-0.048070	0.003039	-0.059979	-0.054099	0.107925	0.066406	-0.058594	-0.042969	-0.476562	-0.082031	-0.082031	-0.082031	0.394531	0.367188	0.136719	0.033372	-0.048759	-5.329923	-0.159356	-0.231400	0.006301	0.428040	1.300858	10.335131	1.000000	0.000000	0.000000	0.000000	
0.422707	0.233272	-1.349699	1.278135	-0.942752	-0.554078	-0.194858	1.187685	-1.388873	1.113008	0.412933	0.242146	-1.349343	1.348119	-0.914441	-0.536735	-0.186342	1.145956	-1.445222	1.078678	0.014129	-0.037170	0.051872	-0.028569	-0.132429	-0.095537	0.000304	-0.005998	0.032976	0.105013	0.050781	-0.054688	-0.035156	-0.468750	-0.101562	-0.070312	-0.085938	0.378906	0.355469	0.140625	0.033372	-0.048759	-5.329923	-0.159356	-0.231400	0.006301	0.428040	1.300858	10.335131	1.000000	0.000000	0.000000	0.000000	
0.423110	0.232788	-1.348697	1.279049	-0.946321	-0.554733	-0.194665	1.188721	-1.388585	1.115945	0.413152	0.241682	-1.348719	1.348402	-0.917100	-0.537729	-0.186351	1.146131	-1.445045	1.080498	0.018861	-0.040940	-0.019240	0.007612	-0.156318	-0.100284	-0.005786	0.016848	0.024235	0.153576	0.054688	-0.039062	-0.027344	-0.476562	-0.105469	-0.082031	-0.074219	0.402344	0.371094	0.140625	0.033372	-0.048759	-5.329923	-0.159356	-0.231400	0.006301	0.428040	1.300858	10.335131	1.000000	0.000000	0.000000	0.000000	
0.423262	0.232523	-1.347836	1.280164	-0.950144	-0.555437	-0.194570	1.189728	-1.388282	1.119568	0.413244	0.241073	-1.347358	1.348895	-0.918674	-0.538728	-0.186353	1.146409	-1.444912	1.081953	-0.001604	-0.050622	0.043441	0.070554	-0.165686	-0.100759	-0.006395	0.026112	-0.022004	0.085150	0.070312	-0.039062	-0.050781	-0.492188	-0.121094	-0.074219	-0.082031	0.398438	0.371094	0.171875	0.033372	-0.048759	-5.329923	-0.159356	-0.231400	0.006301	0.428040	1.300858	10.335131	1.000000	0.000000	0.000000	0.000000	
0.423564	0.232123	-1.347129	1.281108	-0.953847	-0.556205	-0.194426	1.190507	-1.388362	1.122607	0.413286	0.240296	-1.346577	1.350181	-0.920006	-0.539897	-0.186353	1.146901	-1.444643	1.083964	0.006819	-0.058570	0.018303	0.069869	-0.142195	-0.041483	-0.000639	-0.004368	-0.019649	0.032942	0.066406	-0.023438	-0.039062	-0.500000	-0.117188	-0.070312	-0.085938	0.398438	0.363281	0.175781	0.033372	-0.048759	-5.329923	-0.159356	-0.231400	0.006301	0.428040	1.300858	10.335131	1.000000	0.000000	0.000000	0.000000	
0.423955	0.231917	-1.346425	1.282357	-0.956928	-0.556796	-0.194088	1.191389	-1.387867	1.124655	0.413586	0.239697	-1.345767	1.351141	-0.922381	-0.540615	-0.186362	1.147484	-1.444226	1.085627	-0.009787	-0.040753	0.033237	-0.031399	-0.094481	-0.073941	-0.008206	0.090294	0.008504	0.101004	0.054688	-0.039062	-0.039062	-0.500000	-0.140625	-0.066406	-0.074219	0.394531	0.363281	0.191406	0.033372	-0.048759	-5.329923	-0.159356	-0.231400	0.006301	0.428040	1.300858	10.335131	1.000000	0.000000	0.000000	0.000000	
0.424155	0.231737	-1.344937	1.283248	-0.959474	-0.557615	-0.194087	1.193159	-1.387896	1.127136	0.414130	0.238987	-1.344393	1.352060	-0.924213	-0.541559	-0.186371	1.148836	-1.443828	1.087340	-0.000979	-0.059909	0.045199	0.028267	-0.215336	-0.087656	-0.012453	0.120698	0.035747	0.142706	0.054688	-0.011719	-0.050781	-0.492188	-0.132812	-0.074219	-0.074219	0.402344	0.351562	0.183594	0.033372	-0.048759	-5.329923	-0.159356	-0.231400	0.006301	0.428040	1.300858	10.335131	1.000000	0.000000	0.000000	0.000000	
0.424058	0.231382	-1.343354	1.284495	-0.961703	-0.558290	-0.194424	1.194546	-1.387615	1.130459	0.414578	0.238506	-1.343367	1.353940	-0.926349	-0.542620	-0.186357	1.149567	-1.443118	1.089210	0.052247	-0.050193	0.042906	0.100536	-0.182057	-0.106475	0.015040	0.057435	0.021023	0.171304	0.050781	-0.011719	-0.042969	-0.503906	-0.136719	-0.070312	-0.070312	0.398438	0.351562	0.183594	0.033372	-0.048759	-5.329923	-0.159356	-0.231400	0.006301	0.428040	1.300858	10.335131	1.000000	0.000000	0.000000	0.000000	
0.426506	0.231639	-1.340927	1.290265	-0.950065	-0.559306	-0.196551	1.195958	-1.384379	1.123610	0.415225	0.237691	-1.342556	1.355188	-0.929829	-0.543826	-0.186370	1.150489	-1.442637	1.091862	0.075017	-0.075975	0.084552	0.006564	-0.217115	-0.073461	-0.001986	0.079026	-0.022325	0.097392	0.050781	0.003906	-0.027344	-0.511719	-0.148438	-0.066406	-0.066406	0.394531	0.347656	0.183594	0.024125	-0.069548	-5.319570	-0.007316	-0.050998	0.071016	-0.466181	-1.829452	9.544213	1.000000	0.000000	0.000000	0.000000	
0.428847	0.230245	-1.338929	1.293220	-0.944445	-0.559851	-0.198132	1.198538	-1.384027	1.116390	0.415573	0.236930	-1.341909	1.356311	-0.931592	-0.544842	-0.186405	1.151715	-1.442250	1.093604	0.007502	-0.059942	0.064289	0.049511	-0.154318	-0.091097	-0.011831	0.025351	0.008236	0.065573	0.042969	-0.007812	-0.023438	-0.496094	-0.156250	-0.070312	-0.085938	0.382812	0.351562	0.203125	0.022275	-0.073705	-5.317500	0.007888	-0.032958	0.077487	-0.555603	-2.142483	9.465121	1.000000	0.000000	0.000000	0.000000	
0.430088	0.227643	-1.337765	1.296430	-0.946059	-0.559696	-0.200531	1.202300	-1.382154	1.117270	0.416176	0.236245	-1.341077	1.357989	-0.931896	-0.545457	-0.186542	1.153996	-1.441905	1.094170	-0.023677	-0.028095	0.030856	0.203860	-0.004963	-0.044006	-0.019794	0.061859	0.000824	-0.052766	0.058594	-0.007812	-0.007812	-0.503906	-0.125000	-0.074219	-0.089844	0.378906	0.378906	0.199219	0.021905	-0.074537	-5.317085	0.009409	-0.031153	0.078134	-0.564545	-2.173786	9.457212	1.000000	0.000000	0.000000	0.000000	
0.430449	0.225885	-1.337361	1.299665	-0.950323	-0.559422	-0.202242	1.205593	-1.379232	1.127432	0.416829	0.235728	-1.340402	1.361402	-0.931472	-0.546017	-0.186642	1.156124	-1.441619	1.093872	0.036018	-0.057480	0.031003	0.177419	0.037890	-0.067214	-0.022917	0.145771	0.021020	-0.050642	0.070312	-0.023438	-0.003906	-0.515625	-0.093750	-0.074219	-0.089844	0.363281	0.386719	0.167969	0.021831	-0.074703	-5.317002	0.009561	-0.030973	0.078199	-0.565439	-2.176916	9.456421	1.000000	0.000000	0.000000	0.000000	
0.430336	0.224809	-1.336387	1.300670	-0.953316	-0.559720	-0.203015	1.208750	-1.377154	1.140653	0.417299	0.235011	-1.339564	1.363951	-0.931193	-0.546589	-0.187090	1.158101	-1.441537	1.093691	0.076884	-0.047624	0.062424	0.185244	-0.045066	-0.076514	-0.054636	0.119266	-0.032794	-0.067878	0.074219	-0.011719	-0.003906	-0.496094	-0.101562	-0.074219	-0.082031	0.386719	0.386719	0.156250	0.021816	-0.074736	-5.316986	0.009576	-0.030955	0.078206	-0.565529	-2.177229	9.456342	1.000000	0.000000	0.000000	0.000000	
0.430267	0.223921	-1.334535	1.300174	-0.953569	-0.560230	-0.203286	1.211622	-1.377483	1.151526	0.417708	0.234278	-1.338766	1.366278	-0.931549	-0.546897	-0.187914	1.160071	-1.441230	1.094624	0.014668	-0.061760	0.041139	0.193006	-0.098727	-0.077444	-0.047339	0.151512	0.024638	0.042067	0.082031	-0.035156	0.000000	-0.492188	-0.093750	-0.070312	-0.093750	0.386719	0.398438	0.175781	0.021813	-0.074743	-5.316983	0.009577	-0.030953	0.078206	-0.565538	-2.177261	9.456334	1.000000	0.000000	0.000000	0.000000	
0.430581	0.222939	-1.333053	1.300446	-0.951127	-0.560623	-0.203177	1.213456	-1.377768	1.158169	0.417911	0.233396	-1.337952	1.367955	-0.932663	-0.547395	-0.188863	1.162622	-1.440878	1.097500	0.001467	-0.056194	0.042500	0.117010	-0.121541	-0.021703	-0.071037	0.060516	0.016422	0.300826	0.074219	-0.039062	0.007812	-0.476562	-0.085938	-0.066406	-0.066406	0.417969	0.402344	0.183594	0.021813	-0.074744	-5.316982	0.009578	-0.030953	0.078206	-0.565539	-2.177264	9.456333	1.000000	0.000000	0.000000	0.000000	
0.430879	0.222187	-1.331875	1.301197	-0.947607	-0.560836	-0.202623	1.214888	-1.378111	1.160877	0.417976	0.232905	-1.337450	1.370133	-0.934121	-0.547883	-0.189973	1.164344	-1.440468	1.101541	-0.006833	-0.053311	0.053105	0.078004	-0.106374	-0.047536	-0.090855	0.044438	0.029559	0.277846	0.070312	-0.023438	0.019531	-0.484375	-0.089844	-0.070312	-0.042969	0.437500	0.394531	0.222656	0.021813	-0.074745	-5.316982	0.009578	-0.030953	0.078206	-0.565539	-2.177264	9.456333	1.000000	0.000000	0.000000	0.000000	
0.430980	0.221580	-1.330409	1.301991	-0.947107	-0.560712	-0.202713	1.216246	-1.378919	1.163758	0.418135	0.231910	-1.337083	1.371368	-0.937054	-0.548174	-0.191044	1.165634	-1.438762	1.105912	0.044682	-0.071634	-0.019117	0.088062	-0.213036	-0.057098	-0.068409	0.084705	0.090197	0.369769	0.074219	-0.023438	0.035156	-0.503906	-0.050781	-0.082031	-0.042969	0.445312	0.371094	0.218750	0.021813	-0.074745	-5.316982	0.009578	-0.030953	0.078206	-0.565539	-2.177264	9.456333	1.000000	0.000000	0.000000	0.000000	
0.430541	0.221227	-1.329584	1.303242	-0.951253	-0.560480	-0.203215	1.217366	-1.378625	1.169920	0.418336	0.230855	-1.336646	1.372560	-0.938126	-0.548353	-0.191807	1.166934	-1.437525	1.112723	0.039365	-0.060671	0.019026	0.089068	-0.049221	-0.040606	-0.051043	0.113160	0.054385	0.256824	0.082031	-0.027344	0.027344	-0.511719	-0.050781	-0.082031	-0.074219	0.429688	0.351562	0.214844	0.021813	-0.074745	-5.316982	0.009578	-0.030953	0.078206	-0.565539	-2.177264	9.456333	1.000000	0.000000	0.000000	0.000000	
0.430147	0.221418	-1.329236	1.303712	-0.955697	-0.560155	-0.202570	1.217628	-1.379505	1.174021	0.418812	0.230021	-1.335711	1.374955	-0.938631	-0.548389	-0.192315	1.169156	-1.436308	1.116945	0.021385	-0.061901	0.068206	0.096148	-0.109611	-0.000571	-0.065591	0.042723	0.106638	0.336260	0.070312	-0.019531	0.035156	-0.519531	-0.035156	-0.070312	-0.066406	0.433594	0.332031	0.187500	0.021813	-0.074745	-5.316982	0.009578	-0.030953	0.078206	-0.565539	-2.177264	9.456333	1.000000	0.000000	0.000000	0.000000	
0.429670	0.221689	-1.329234	1.304376	-0.958674	-0.559494	-0.201143	1.216707	-1.380104	1.173965	0.419320	0.229144	-1.334966	1.376525	-0.939677	-0.548445	-0.192651	1.170376	-1.433811	1.121497	0.033545	-0.069004	0.069634	0.096856	-0.143567	-0.041933	-0.050761	0.053127	0.118842	0.347693	0.066406	-0.023438	0.039062	-0.527344	-0.035156	-0.082031	-0.058594	0.429688	0.328125	0.191406	0.021813	-0.074745	-5.316982	0.009578	-0.030953	0.078206	-0.565539	-2.177264	9.456333	1.000000	0.000000	0.000000	0.000000	
0.429718	0.221561	-1.329136	1.305020	-0.961403	-0.559027	-0.200094	1.215959	-1.381851	1.171332	0.419421	0.228597	-1.334309	1.378099	-0.942794	-0.548504	-0.193130	1.171469	-1.433311	1.125679	-0.111803	-0.053429	0.017432	0.086457	-0.133004	-0.000704	-0.030667	0.019271	0.120063	0.345347	0.066406	-0.007812	0.027344	-0.535156	-0.027344	-0.074219	-0.074219	0.433594	0.328125	0.175781	0.021813	-0.074745	-5.316982	0.009578	-0.030953	0.078206	-0.565539	-2.177264	9.456333	1.000000	0.000000	0.000000	0.000000	
0.429426	0.221360	-1.329741	1.307041	-0.966421	-0.558374	-0.200059	1.215532	-1.381207	1.171000	0.419490	0.227898	-1.333159	1.379480	-0.945235	-0.548516	-0.193291	1.172172	-1.430715	1.130368	0.006268	-0.019301	0.012212	0.071459	-0.145906	-0.021008	-0.013536	0.036823	0.074820	0.226464	0.070312	-0.035156	0.019531	-0.535156	-0.023438	-0.070312	-0.070312	0.417969	0.296875	0.187500	0.021813	-0.074745	-5.316982	0.009578	-0.030953	0.078206	-0.565539	-2.177264	9.456333	1.000000	0.000000	0.000000	0.000000	
0.429219	0.221684	-1.329689	1.308354	-0.970493	-0.558190	-0.199801	1.215855	-1.381352	1.173077	0.419504	0.227491	-1.332130	1.382325	-0.947323	-0.548519	-0.193355	1.172652	-1.429421	1.135450	0.011096	-0.008909	0.060545	0.111835	-0.203031	-0.030018	-0.003680	-0.006787	0.105192	0.120356	0.070312	-0.023438	0.000000	-0.546875	-0.039062	-0.070312	-0.058594	0.417969	0.281250	0.171875	0.021813	-0.074745	-5.316982	0.009578	-0.030953	0.078206	-0.565539	-2.177264	9.456333	1.000000	0.000000	0.000000	0.000000	
0.429257	0.221834	-1.329337	1.309693	-0.974267	-0.558437	-0.199690	1.215950	-1.380715	1.177721	0.419482	0.227047	-1.331173	1.384130	-0.949509	-0.548495	-0.193424	1.172917	-1.428483	1.137630	0.036006	-0.019502	0.040951	0.105404	-0.194785	-0.003002	-0.029448	0.027238	0.017498	0.116725	0.058594	-0.035156	-0.003906	-0.558594	-0.039062	-0.054688	-0.054688	0.410156	0.281250	0.187500	0.021813	-0.074745	-5.316982	0.009578	-0.030953	0.078206	-0.565539	-2.177264	9.456333	1.000000	0.000000	0.000000	0.000000	
0.429816	0.221542	-1.328312	1.310671	-0.977186	-0.559223	-0.199570	1.216628	-1.380855	1.184703	0.419454	0.226820	-1.330375	1.385896	-0.953436	-0.548514	-0.193543	1.173358	-1.427593	1.139350	-0.048744	-0.020562	-0.058718	0.090802	-0.239325	-0.059624	-0.020393	-0.028683	0.040136	0.158237	0.070312	-0.039062	-0.019531	-0.558594	-0.039062	-0.066406	-0.050781	0.410156	0.285156	0.167969	0.021813	-0.074745	-5.316982	0.009578	-0.030953	0.078206	-0.565539	-2.177264	9.456333	1.000000	0.000000	0.000000	0.000000	
0.430224	0.221725	-1.326956	1.312676	-0.978341	-0.559960	-0.200029	1.217593	-1.380784	1.190068	0.419472	0.226735	-1.328471	1.387607	-0.956281	-0.548518	-0.193729	1.173592	-1.425864	1.141536	-0.015343	-0.026484	0.105796	0.120748	-0.184456	-0.082734	-0.020651	0.004111	0.035420	0.211243	0.066406	-0.039062	-0.039062	-0.558594	-0.039062	-0.058594	-0.039062	0.410156	0.269531	0.175781	0.021813	-0.074745	-5.316982	0.009578	-0.030953	0.078206	-0.565539	-2.177264	9.456333	1.000000	0.000000	0.000000	0.000000	
0.430260	0.222291	-1.326195	1.313538	-0.981757	-0.560798	-0.199548	1.217155	-1.382103	1.195142	0.419524	0.226629	-1.327048	1.390760	-0.958644	-0.548471	-0.193927	1.173832	-1.424888	1.146456	0.036852	-0.014280	0.076883	0.134212	-0.119645	-0.015253	-0.017187	0.024839	0.034949	0.265399	0.070312	-0.039062	-0.042969	-0.566406	-0.066406	-0.066406	-0.035156	0.414062	0.265625	0.164062	0.021813	-0.074745	-5.316982	0.009578	-0.030953	0.078206	-0.565539	-2.177264	9.456333	1.000000	0.000000	0.000000	0.000000	
0.430118	0.222787	-1.325767	1.314675	-0.986956	-0.561067	-0.198501	1.216603	-1.383864	1.199029	0.419559	0.226486	-1.326085	1.392699	-0.960813	-0.548461	-0.194121	1.174365	-1.423990	1.150324	-0.010273	-0.037488	0.025136	0.097172	-0.210874	-0.053870	-0.027309	0.051339	0.066308	0.260345	0.070312	-0.035156	-0.023438	-0.578125	-0.054688	-0.070312	-0.042969	0.410156	0.253906	0.164062	0.021813	-0.074745	-5.316982	0.009578	-0.030953	0.078206	-0.565539	-2.177264	9.456333	1.000000	0.000000	0.000000	0.000000	
0.430095	0.223031	-1.325673	1.316301	-0.992153	-0.561044	-0.198314	1.216056	-1.386010	1.200576	0.419590	0.226417	-1.325117	1.394323	-0.964566	-0.548508	-0.194175	1.175102	-1.423108	1.154103	-0.025455	-0.007238	0.051369	0.041124	-0.206038	-0.040283	-0.006221	0.022582	0.086892	0.249371	0.066406	-0.027344	-0.027344	-0.566406	-0.035156	-0.070312	-0.042969	0.402344	0.250000	0.175781	0.021813	-0.074745	-5.316982	0.009578	-0.030953	0.078206	-0.565539	-2.177264	9.456333	1.000000	0.000000	0.000000	0.000000	
0.429828	0.223560	-1.325809	1.317468	-0.999839	-0.560921	-0.197988	1.214746	-1.386779	1.202566	0.419669	0.226396	-1.324075	1.395520	-0.967498	-0.548541	-0.194186	1.175491	-1.422010	1.157306	0.025372	-0.005377	0.043523	0.035519	-0.216023	-0.042414	-0.007601	0.099968	0.001710	0.199419	0.070312	-0.035156	-0.050781	-0.566406	-0.050781	-0.085938	-0.035156	0.398438	0.238281	0.191406	0.021813	-0.074745	-5.316982	0.009578	-0.030953	0.078206	-0.565539	-2.177264	9.456333	1.000000	0.000000	0.000000	0.000000	
0.429910	0.224078	-1.325429	1.317921	-1.005989	-0.560952	-0.197300	1.213688	-1.389015	1.202460	0.419685	0.226375	-1.322728	1.396607	-0.970532	-0.548548	-0.194188	1.175739	-1.421597	1.160273	-0.032359	0.000626	-0.009606	0.034959	-0.244939	-0.039138	-0.014719	-0.024900	0.031578	0.204892	0.070312	-0.027344	-0.039062	-0.550781	-0.054688	-0.070312	-0.035156	0.398438	0.222656	0.183594	0.021813	-0.074745	-5.316982	0.009578	-0.030953	0.078206	-0.565539	-2.177264	9.456333	1.000000	0.000000	0.000000	0.000000	
0.430197	0.224179	-1.325394	1.319833	-1.011754	-0.560600	-0.197196	1.212837	-1.389971	1.203109	0.419688	0.226355	-1.322192	1.397649	-0.973805	-0.548574	-0.194189	1.175861	-1.421490	1.165374	-0.052091	0.005879	-0.035857	-0.003483	-0.258299	-0.031831	-0.013104	0.046365	0.006647	0.149606	0.070312	-0.023438	-0.039062	-0.542969	-0.070312	-0.074219	-0.035156	0.382812	0.230469	0.167969	0.021813	-0.074745	-5.316982	0.009578	-0.030953	0.078206	-0.565539	-2.177264	9.456333	1.000000	0.000000	0.000000	0.000000	
0.430606	0.224529	-1.325129	1.321230	-1.016591	-0.560457	-0.196961	1.211930	-1.390928	1.204841	0.419689	0.226351	-1.321794	1.398148	-0.979427	-0.548603	-0.194173	1.175910	-1.421566	1.167969	-0.012188	-0.011044	-0.003586	-0.007328	-0.301511	-0.059017	-0.005963	-0.044218	-0.034232	0.161525	0.066406	-0.023438	-0.039062	-0.531250	-0.070312	-0.070312	-0.035156	0.363281	0.222656	0.167969	0.021813	-0.074745	-5.316982	0.009578	-0.030953	0.078206	-0.565539	-2.177264	9.456333	1.000000	0.000000	0.000000	0.000000	
0.431149	0.224748	-1.324049	1.322203	-1.020203	-0.560658	-0.196660	1.211498	-1.391673	1.208235	0.419713	0.226358	-1.321496	1.398514	-0.983508	-0.548633	-0.194162	1.175920	-1.421678	1.170354	-0.018667	0.004712	-0.007338	0.020205	-0.337239	-0.058246	-0.012228	-0.000932	-0.003423	0.201103	0.070312	-0.011719	-0.050781	-0.519531	-0.070312	-0.074219	-0.027344	0.367188	0.203125	0.140625	0.021813	-0.074745	-5.316982	0.009578	-0.030953	0.078206	-0.565539	-2.177264	9.456333	1.000000	0.000000	0.000000	0.000000	
0.431952	0.224746	-1.323056	1.323576	-1.023001	-0.560601	-0.196846	1.211118	-1.392604	1.210767	0.419863	0.226368	-1.320297	1.398733	-0.987329	-0.548687	-0.194151	1.175800	-1.421749	1.174369	0.015581	0.007450	0.034163	0.026448	-0.288467	-0.082597	0.005756	-0.017541	-0.014301	0.152716	0.070312	-0.007812	-0.070312	-0.511719	-0.093750	-0.074219	-0.023438	0.367188	0.203125	0.148438	0.021813	-0.074745	-5.316982	0.009578	-0.030953	0.078206	-0.565539	-2.177264	9.456333	1.000000	0.000000	0.000000	0.000000	
0.433101	0.224925	-1.322135	1.324757	-1.023928	-0.560437	-0.196354	1.210705	-1.393718	1.208911	0.419990	0.226361	-1.319258	1.398753	-0.990711	-0.548723	-0.194133	1.175631	-1.421763	1.176505	-0.008911	-0.016703	0.090657	-0.056679	-0.314997	-0.029197	-0.007567	-0.047119	0.054404	0.060637	0.070312	-0.019531	-0.070312	-0.503906	-0.101562	-0.070312	-0.023438	0.363281	0.191406	0.167969	0.021813	-0.074745	-5.316982	0.009578	-0.030953	0.078206	-0.565539	-2.177264	9.456333	1.000000	0.000000	0.000000	0.000000	
0.434408	0.225259	-1.321207	1.324670	-1.025230	-0.560375	-0.195675	1.209380	-1.394934	1.204384	0.420282	0.226360	-1.318347	1.398757	-0.995676	-0.548778	-0.194129	1.175113	-1.421838	1.178386	-0.007870	-0.017955	0.057921	-0.082440	-0.265305	-0.027347	-0.014715	-0.088463	-0.039925	0.100284	0.070312	-0.011719	-0.070312	-0.484375	-0.101562	-0.082031	-0.023438	0.367188	0.187500	0.164062	0.021813	-0.074745	-5.316982	0.009578	-0.030953	0.078206	-0.565539	-2.177264	9.456333	1.000000	0.000000	0.000000	0.000000	
0.435399	0.225820	-1.320457	1.325128	-1.027799	-0.559982	-0.195386	1.208606	-1.395297	1.201452	0.420656	0.226384	-1.317463	1.398782	-0.998317	-0.548813	-0.194104	1.174645	-1.421975	1.179708	0.030620	-0.015754	0.082564	-0.043140	-0.176585	-0.030652	-0.001472	-0.043743	-0.024930	0.044925	0.074219	-0.007812	-0.074219	-0.492188	-0.117188	-0.074219	-0.023438	0.382812	0.183594	0.156250	0.021813	-0.074745	-5.316982	0.009578	-0.030953	0.078206	-0.565539	-2.177264	9.456333	1.000000	0.000000	0.000000	0.000000	
0.436594	0.226151	-1.319366	1.325486	-1.031387	-0.559806	-0.195569	1.208530	-1.395223	1.201771	0.420973	0.226405	-1.315759	1.398690	-1.000421	-0.548820	-0.194051	1.174043	-1.422220	1.180602	0.020510	-0.002739	0.046642	-0.049679	-0.230526	-0.006555	0.005669	-0.088125	-0.037389	0.021941	0.082031	-0.011719	-0.085938	-0.484375	-0.109375	-0.070312	-0.007812	0.363281	0.183594	0.164062	0.021813	-0.074745	-5.316982	0.009578	-0.030953	0.078206	-0.565539	-2.177264	9.456333	1.000000	0.000000	0.000000	0.000000	
0.437990	0.226248	-1.318611	1.326071	-1.033953	-0.559774	-0.195806	1.208468	-1.393731	1.203449	0.421618	0.226458	-1.314812	1.398550	-1.001980	-0.548846	-0.194000	1.173341	-1.422463	1.180805	0.061375	0.012521	0.039561	-0.081740	-0.117273	0.009813	0.000567	-0.120481	-0.087490	-0.032702	0.066406	-0.007812	-0.074219	-0.476562	-0.121094	-0.074219	-0.011719	0.363281	0.191406	0.136719	0.021813	-0.074745	-5.316982	0.009578	-0.030953	0.078206	-0.565539	-2.177264	9.456333	1.000000	0.000000	0.000000	0.000000	
0.439216	0.226516	-1.317347	1.326641	-1.035015	-0.559939	-0.195568	1.209002	-1.392997	1.207275	0.422886	0.226517	-1.313969	1.398377	-1.004691	-0.548876	-0.193982	1.172716	-1.422657	1.180846	0.117806	-0.015033	0.070259	-0.032601	-0.189699	-0.044384	-0.008086	-0.036476	-0.043645	0.038605	0.066406	-0.003906	-0.070312	-0.468750	-0.125000	-0.070312	-0.023438	0.363281	0.183594	0.132812	0.021813	-0.074745	-5.316982	0.009578	-0.030953	0.078206	-0.565539	-2.177264	9.456333	1.000000	0.000000	0.000000	0.000000	
0.440643	0.226074	-1.315964	1.327439	-1.035906	-0.560281	-0.196266	1.209720	-1.392970	1.212675	0.423721	0.226585	-1.312734	1.398269	-1.006518	-0.548857	-0.193970	1.172518	-1.422744	1.180902	0.046677	0.005476	0.007026	-0.055605	-0.141107	0.006031	-0.013604	0.010311	-0.035771	-0.034525	0.066406	-0.007812	-0.070312	-0.468750	-0.132812	-0.074219	-0.011719	0.363281	0.191406	0.140625	0.021813	-0.074745	-5.316982	0.009578	-0.030953	0.078206	-0.565539	-2.177264	9.456333	1.000000	0.000000	0.000000	0.000000	
0.441792	0.225715	-1.315158	1.327923	-1.037582	-0.560485	-0.196692	1.209728	-1.393991	1.216393	0.424881	0.226623	-1.311954	1.398199	-1.008410	-0.548878	-0.193927	1.172454	-1.422858	1.181374	0.081440	-0.008758	0.014661	-0.019519	-0.129269	-0.034293	-0.001360	-0.086210	-0.066391	0.031444	0.066406	-0.003906	-0.070312	-0.468750	-0.105469	-0.074219	-0.011719	0.355469	0.191406	0.152344	0.021813	-0.074745	-5.316982	0.009578	-0.030953	0.078206	-0.565539	-2.177264	9.456333	1.000000	0.000000	0.000000	0.000000	
0.442521	0.225744	-1.314906	1.327944	-1.039879	-0.560619	-0.196657	1.208740	-1.395043	1.219526	0.426519	0.226639	-1.311410	1.398234	-1.010218	-0.548882	-0.193919	1.172539	-1.422954	1.182898	0.116323	0.004940	0.018914	-0.036848	-0.159491	-0.038326	0.009170	-0.026069	-0.058984	0.090385	0.050781	0.000000	-0.050781	-0.476562	-0.117188	-0.070312	-0.019531	0.371094	0.203125	0.167969	0.021813	-0.074745	-5.316982	0.009578	-0.030953	0.078206	-0.565539	-2.177264	9.456333	1.000000	0.000000	0.000000	0.000000	
0.443329	0.225749	-1.314815	1.327834	-1.042767	-0.560489	-0.196398	1.207307	-1.396954	1.221154	0.428228	0.226642	-1.311059	1.398314	-1.012955	-0.548858	-0.193917	1.172604	-1.423119	1.184100	0.084915	0.005147	-0.026026	-0.038581	-0.127617	-0.052687	-0.016531	-0.030524	-0.019857	0.050914	0.058594	-0.007812	-0.039062	-0.460938	-0.117188	-0.074219	-0.023438	0.371094	0.199219	0.187500	0.021813	-0.074745	-5.316982	0.009578	-0.030953	0.078206	-0.565539	-2.177264	9.456333	1.000000	0.000000	0.000000	0.000000	
0.443917	0.225938	-1.315591	1.327711	-1.047232	-0.560119	-0.195912	1.204825	-1.399417	1.220508	0.430024	0.226634	-1.310819	1.398378	-1.014350	-0.548854	-0.193908	1.172544	-1.423321	1.185455	0.141098	-0.008791	-0.054947	-0.010837	-0.141878	0.008690	-0.014448	-0.076335	-0.036882	0.127229	0.039062	0.000000	-0.039062	-0.453125	-0.136719	-0.074219	-0.023438	0.355469	0.187500	0.175781	0.021813	-0.074745	-5.316982	0.009578	-0.030953	0.078206	-0.565539	-2.177264	9.456333	1.000000	0.000000	0.000000	0.000000	
0.444312	0.226496	-1.316808	1.327911	-1.051423	-0.559358	-0.194860	1.201888	-1.401272	1.218782	0.432079	0.226633	-1.310577	1.398318	-1.015817	-0.548877	-0.193891	1.172435	-1.423774	1.186986	0.073434	-0.009022	-0.005495	-0.039470	-0.122366	-0.044496	-0.009587	-0.018102	0.013760	0.082516	0.035156	-0.007812	-0.050781	-0.460938	-0.125000	-0.074219	-0.011719	0.339844	0.175781	0.183594	0.021813	-0.074745	-5.316982	0.009578	-0.030953	0.078206	-0.565539	-2.177264	9.456333	1.000000	0.000000	0.000000	0.000000	
0.444834	0.226815	-1.318503	1.327958	-1.055266	-0.558431	-0.193943	1.198604	-1.403517	1.212286	0.434065	0.226633	-1.310359	1.398258	-1.017830	-0.548882	-0.193863	1.172099	-1.424373	1.189013	0.157398	-0.012534	0.016899	-0.024885	-0.137863	-0.011429	-0.012591	-0.120458	-0.082375	0.036169	0.019531	0.000000	-0.054688	-0.464844	-0.132812	-0.070312	-0.011719	0.332031	0.191406	0.175781	0.021813	-0.074745	-5.316982	0.009578	-0.030953	0.078206	-0.565539	-2.177264	9.456333	1.000000	0.000000	0.000000	0.000000	
0.445153	0.227239	-1.319298	1.327884	-1.060069	-0.557856	-0.192731	1.196308	-1.404289	1.210050	0.435844	0.226624	-1.310243	1.398173	-1.021820	-0.548883	-0.193793	1.171304	-1.425220	1.189951	0.064595	-0.011722	-0.033206	-0.019937	-0.219675	-0.043018	-0.001259	-0.039963	-0.105947	0.035024	0.023438	0.000000	-0.066406	-0.460938	-0.132812	-0.066406	0.000000	0.304688	0.187500	0.167969	0.021813	-0.074745	-5.316982	0.009578	-0.030953	0.078206	-0.565539	-2.177264	9.456333	1.000000	0.000000	0.000000	0.000000	
0.446169	0.227126	-1.319326	1.329560	-1.062296	-0.557593	-0.192929	1.195598	-1.404032	1.210388	0.436709	0.226623	-1.310001	1.398156	-1.024726	-0.548859	-0.193738	1.170418	-1.426165	1.190066	0.076252	-0.012804	-0.003321	-0.015952	-0.199939	-0.028729	-0.015248	-0.059830	-0.066429	-0.031394	0.023438	0.003906	-0.082031	-0.453125	-0.125000	-0.054688	-0.003906	0.300781	0.183594	0.148438	0.021813	-0.074745	-5.316982	0.009578	-0.030953	0.078206	-0.565539	-2.177264	9.456333	1.000000	0.000000	0.000000	0.000000	
0.447594	0.226697	-1.318643	1.330608	-1.062870	-0.558116	-0.193165	1.195999	-1.403212	1.214561	0.438142	0.226623	-1.309905	1.398104	-1.027585	-0.548854	-0.193550	1.169514	-1.428244	1.189968	0.049501	-0.012913	-0.035228	-0.036492	-0.285206	-0.013342	0.000802	-0.096713	-0.142739	-0.038036	0.007812	0.007812	-0.105469	-0.464844	-0.125000	-0.054688	-0.003906	0.289062	0.203125	0.136719	0.021813	-0.074745	-5.316982	0.009578	-0.030953	0.078206	-0.565539	-2.177264	9.456333	1.000000	0.000000	0.000000	0.000000	
0.449123	0.226429	-1.317337	1.332129	-1.061275	-0.558837	-0.193807	1.196843	-1.402150	1.219616	0.439373	0.226614	-1.309570	1.398142	-1.030193	-0.548829	-0.193383	1.168897	-1.429605	1.189948	0.004950	-0.009434	0.052311	-0.024587	-0.175085	-0.032741	-0.002246	0.004287	-0.091046	0.010155	0.019531	0.000000	-0.105469	-0.453125	-0.136719	-0.050781	0.000000	0.273438	0.203125	0.132812	0.021813	-0.074745	-5.316982	0.009578	-0.030953	0.078206	-0.565539	-2.177264	9.456333	1.000000	0.000000	0.000000	0.000000	
0.450947	0.225876	-1.315632	1.333109	-1.058170	-0.559902	-0.195005	1.197933	-1.402742	1.223338	0.440516	0.226605	-1.309043	1.398295	-1.033307	-0.548848	-0.193244	1.168241	-1.430507	1.190114	0.063308	-0.012575	0.036638	0.025458	-0.104749	-0.020722	0.016060	-0.083322	-0.061449	-0.012943	0.023438	0.000000	-0.109375	-0.453125	-0.156250	-0.058594	-0.007812	0.285156	0.199219	0.156250	0.021813	-0.074745	-5.316982	0.009578	-0.030953	0.078206	-0.565539	-2.177264	9.456333	1.000000	0.000000	0.000000	0.000000	
0.452306	0.225993	-1.314422	1.333423	-1.056132	-0.560630	-0.195290	1.197826	-1.403629	1.225114	0.441496	0.226587	-1.307823	1.398520	-1.034536	-0.548852	-0.193208	1.167940	-1.431148	1.190705	0.016800	-0.029175	0.042050	0.002546	-0.059330	0.008397	0.000443	-0.025780	-0.020103	0.078967	0.027344	0.000000	-0.105469	-0.437500	-0.148438	-0.058594	-0.003906	0.300781	0.199219	0.167969	0.021813	-0.074745	-5.316982	0.009578	-0.030953	0.078206	-0.565539	-2.177264	9.456333	1.000000	0.000000	0.000000	0.000000	
0.453488	0.226099	-1.314259	1.333417	-1.056322	-0.560835	-0.195509	1.196661	-1.405000	1.225355	0.442589	0.226575	-1.307045	1.398783	-1.035242	-0.548877	-0.193209	1.167734	-1.431834	1.191477	0.029597	0.004062	0.039101	-0.003235	-0.037340	0.004329	-0.011588	-0.013047	-0.036907	0.025345	0.035156	0.000000	-0.089844	-0.437500	-0.132812	-0.070312	-0.011719	0.304688	0.203125	0.191406	0.021813	-0.074745	-5.316982	0.009578	-0.030953	0.078206	-0.565539	-2.177264	9.456333	1.000000	0.000000	0.000000	0.000000	
0.454268	0.226418	-1.313908	1.332843	-1.057835	-0.560713	-0.195375	1.195620	-1.407360	1.223940	0.443438	0.226564	-1.306502	1.398835	-1.035577	-0.548930	-0.193210	1.167378	-1.432286	1.191971	-0.052874	-0.008900	-0.017028	-0.003813	-0.056078	-0.069360	-0.003485	-0.074587	-0.021139	0.016493	0.042969	0.003906	-0.085938	-0.429688	-0.125000	-0.070312	-0.023438	0.316406	0.214844	0.203125	0.021813	-0.074745	-5.316982	0.009578	-0.030953	0.078206	-0.565539	-2.177264	9.456333	1.000000	0.000000	0.000000	0.000000	
0.454951	0.226677	-1.314400	1.333119	-1.060838	-0.560409	-0.195525	1.194016	-1.408197	1.221779	0.444334	0.226570	-1.306103	1.398797	-1.036129	-0.548941	-0.193201	1.166798	-1.432982	1.192942	0.015650	-0.003216	0.001787	-0.045747	-0.064932	0.014002	0.004304	-0.059803	-0.071907	-0.026268	0.035156	0.000000	-0.085938	-0.429688	-0.121094	-0.082031	-0.019531	0.332031	0.203125	0.199219	0.021813	-0.074745	-5.316982	0.009578	-0.030953	0.078206	-0.565539	-2.177264	9.456333	1.000000	0.000000	0.000000	0.000000	
0.455320	0.227515	-1.314932	1.332343	-1.064302	-0.560159	-0.194246	1.192036	-1.408600	1.220795	0.445216	0.226572	-1.305587	1.398717	-1.036554	-0.549040	-0.193208	1.165010	-1.433945	1.193524	0.008544	-0.004974	0.000179	-0.074367	-0.027431	-0.036986	-0.017018	-0.107180	-0.125838	0.032270	0.039062	0.000000	-0.089844	-0.429688	-0.125000	-0.070312	-0.019531	0.328125	0.214844	0.183594	0.021813	-0.074745	-5.316982	0.009578	-0.030953	0.078206	-0.565539	-2.177264	9.456333	1.000000	0.000000	0.000000	0.000000	
0.455923	0.227782	-1.314842	1.332688	-1.065681	-0.559922	-0.193796	1.191185	-1.408782	1.218915	0.445684	0.226580	-1.305241	1.398677	-1.037197	-0.549084	-0.193201	1.163998	-1.434889	1.193786	0.032261	-0.009803	0.017466	-0.066760	-0.093474	-0.083960	-0.001702	-0.066552	-0.103314	0.003227	0.042969	0.000000	-0.105469	-0.429688	-0.132812	-0.070312	-0.023438	0.328125	0.214844	0.183594	0.021813	-0.074745	-5.316982	0.009578	-0.030953	0.078206	-0.565539	-2.177264	9.456333	1.000000	0.000000	0.000000	0.000000	
0.456777	0.227742	-1.314717	1.333224	-1.066475	-0.559902	-0.193538	1.190619	-1.408854	1.217723	0.446359	0.226598	-1.305027	1.398572	-1.038125	-0.549069	-0.193159	1.162778	-1.437356	1.193838	0.034633	-0.009123	-0.008722	-0.107875	-0.096588	-0.025844	-0.010639	-0.135772	-0.153406	0.010792	0.050781	0.000000	-0.093750	-0.421875	-0.136719	-0.070312	-0.011719	0.332031	0.234375	0.171875	0.021813	-0.074745	-5.316982	0.009578	-0.030953	0.078206	-0.565539	-2.177264	9.456333	1.000000	0.000000	0.000000	0.000000	
0.457712	0.227372	-1.313980	1.333928	-1.065807	-0.560211	-0.193591	1.190905	-1.408741	1.219913	0.447100	0.226609	-1.304838	1.398526	-1.040080	-0.549090	-0.193095	1.161613	-1.438891	1.193800	0.024401	-0.005565	-0.060196	-0.028236	-0.093410	-0.040970	-0.005717	-0.107797	-0.116540	0.001079	0.039062	0.007812	-0.109375	-0.437500	-0.136719	-0.066406	-0.007812	0.316406	0.238281	0.164062	0.021813	-0.074745	-5.316982	0.009578	-0.030953	0.078206	-0.565539	-2.177264	9.456333	1.000000	0.000000	0.000000	0.000000	
0.458765	0.226949	-1.313206	1.335331	-1.064573	-0.560630	-0.194522	1.191449	-1.408213	1.224323	0.448096	0.226636	-1.304316	1.398517	-1.040955	-0.549094	-0.193033	1.160289	-1.440434	1.193696	0.058274	-0.016841	0.021897	-0.013292	-0.065175	-0.038993	-0.016857	-0.077083	-0.161708	-0.048747	0.039062	0.011719	-0.093750	-0.421875	-0.148438	-0.054688	-0.003906	0.320312	0.250000	0.171875	0.021813	-0.074745	-5.316982	0.009578	-0.030953	0.078206	-0.565539	-2.177264	9.456333	1.000000	0.000000	0.000000	0.000000	
0.459882	0.226599	-1.311743	1.335820	-1.061897	-0.561491	-0.195164	1.192265	-1.408926	1.229725	0.448925	0.226633	-1.304163	1.398734	-1.041276	-0.549119	-0.192988	1.159661	-1.442148	1.193747	-0.018600	-0.001684	-0.001300	-0.011798	-0.072821	-0.056244	-0.001686	-0.087970	-0.065026	-0.004875	0.042969	0.003906	-0.101562	-0.429688	-0.156250	-0.066406	-0.007812	0.320312	0.238281	0.167969	0.021813	-0.074745	-5.316982	0.009578	-0.030953	0.078206	-0.565539	-2.177264	9.456333	1.000000	0.000000	0.000000	0.000000	
0.460854	0.226227	-1.310848	1.337142	-1.059423	-0.561931	-0.196474	1.192256	-1.409170	1.233146	0.449721	0.226625	-1.303963	1.398898	-1.041340	-0.549124	-0.192963	1.159390	-1.442758	1.194097	0.060953	-0.011801	0.041746	-0.025607	-0.038689	-0.033541	0.012627	-0.005307	-0.055357	-0.000487	0.042969	0.000000	-0.093750	-0.421875	-0.136719	-0.074219	-0.019531	0.332031	0.234375	0.187500	0.021813	-0.074745	-5.316982	0.009578	-0.030953	0.078206	-0.565539	-2.177264	9.456333	1.000000	0.000000	0.000000	0.000000	
0.461353	0.226585	-1.310590	1.336740	-1.058560	-0.562087	-0.196388	1.190837	-1.410967	1.234090	0.450632	0.226623	-1.303753	1.398979	-1.041328	-0.549149	-0.192983	1.159263	-1.442977	1.195354	0.044481	-0.010486	-0.009784	-0.072353	-0.007359	-0.041740	-0.010369	-0.066834	-0.005536	0.132557	0.039062	0.003906	-0.085938	-0.414062	-0.132812	-0.070312	-0.027344	0.332031	0.230469	0.199219	0.021813	-0.074745	-5.316982	0.009578	-0.030953	0.078206	-0.565539	-2.177264	9.456333	1.000000	0.000000	0.000000	0.000000	
0.461665	0.226977	-1.311012	1.335940	-1.058973	-0.561808	-0.196147	1.188452	-1.413601	1.231069	0.451468	0.226623	-1.303542	1.399044	-1.041229	-0.549203	-0.192986	1.158874	-1.443093	1.196721	0.042834	-0.011517	-0.007958	0.010213	-0.021674	-0.039070	-0.016159	-0.086945	-0.004043	0.124924	0.039062	0.003906	-0.074219	-0.398438	-0.109375	-0.082031	-0.027344	0.339844	0.222656	0.191406	0.021813	-0.074745	-5.316982	0.009578	-0.030953	0.078206	-0.565539	-2.177264	9.456333	1.000000	0.000000	0.000000	0.000000	
0.465835	0.228139	-1.312972	1.330824	-1.026172	-0.561274	-0.194960	1.180469	-1.422638	1.182606	0.452314	0.226622	-1.303378	1.399009	-1.041161	-0.549286	-0.192987	1.158215	-1.443383	1.198618	0.067097	-0.010457	-0.018244	-0.047834	-0.012636	-0.038803	-0.013248	-0.071508	-0.035301	0.131140	0.050781	0.000000	-0.074219	-0.410156	-0.109375	-0.082031	-0.027344	0.347656	0.230469	0.183594	0.025174	-0.031168	-5.337672	-0.003845	0.222953	-0.013433	0.310389	-0.528713	10.150403	1.000000	0.000000	0.000000	0.000000	
0.469920	0.228848	-1.310754	1.326591	-0.995449	-0.562202	-0.196243	1.177314	-1.426697	1.135603	0.452604	0.226631	-1.303321	1.399026	-1.041172	-0.549375	-0.192995	1.157380	-1.443974	1.199821	0.013689	0.000117	-0.040210	0.044071	-0.025691	-0.049246	-0.032731	-0.052516	-0.143115	0.023583	0.054688	0.007812	-0.070312	-0.421875	-0.109375	-0.082031	-0.027344	0.320312	0.230469	0.183594	0.025846	-0.022452	-5.341810	-0.005187	0.248343	-0.022597	0.397981	-0.363858	10.219810	1.000000	0.000000	0.000000	0.000000	
0.473135	0.229364	-1.307861	1.326951	-0.974585	-0.561712	-0.199439	1.181328	-1.417282	1.105288	0.453292	0.226673	-1.303310	1.398860	-1.038411	-0.549393	-0.192957	1.155638	-1.445570	1.196887	0.029286	0.004665	-0.007511	0.011386	0.321967	-0.057269	-0.014905	-0.134368	-0.213221	-0.503638	0.066406	0.019531	-0.093750	-0.453125	-0.039062	-0.070312	-0.007812	0.300781	0.230469	0.074219	0.025981	-0.020709	-5.342638	-0.005321	0.250882	-0.023513	0.406741	-0.347372	10.226750	1.000000	0.000000	0.000000	0.000000	
0.474520	0.230051	-1.305383	1.326458	-0.970026	-0.559348	-0.202325	1.186107	-1.402028	1.095554	0.454569	0.226689	-1.303550	1.398778	-1.031849	-0.549373	-0.192989	1.153787	-1.447635	1.185492	0.107618	0.007446	-0.035647	0.084890	0.674289	-0.026665	-0.017775	-0.065781	-0.342368	-1.205432	0.058594	0.023438	-0.058594	-0.492188	0.007812	-0.070312	-0.027344	0.246094	0.234375	0.082031	0.026008	-0.020360	-5.342803	-0.005335	0.251136	-0.023605	0.407617	-0.345724	10.227445	1.000000	0.000000	0.000000	0.000000	
0.474469	0.231105	-1.304065	1.324452	-0.969792	-0.556850	-0.203517	1.190797	-1.386697	1.092741	0.456666	0.226741	-1.303380	1.399731	-1.022588	-0.549223	-0.193149	1.153683	-1.452264	1.171096	0.104982	0.004234	0.031332	0.039896	0.733949	-0.016625	-0.012246	-0.006578	-0.212208	-1.212798	0.054688	0.023438	-0.054688	-0.496094	0.058594	-0.066406	-0.054688	0.269531	0.289062	-0.019531	0.026013	-0.020291	-5.342837	-0.005336	0.251162	-0.023614	0.407704	-0.345559	10.227514	1.000000	0.000000	0.000000	0.000000	
0.473312	0.232457	-1.304910	1.322258	-0.962712	-0.554490	-0.201917	1.194017	-1.374591	1.086923	0.459024	0.226824	-1.302619	1.400527	-1.014023	-0.548999	-0.193456	1.154002	-1.453578	1.157409	0.115187	0.006239	0.083395	-0.009969	0.610798	0.005317	-0.032631	0.009811	-0.077055	-0.997178	0.066406	0.023438	-0.050781	-0.515625	0.070312	-0.082031	-0.066406	0.312500	0.335938	-0.058594	0.026014	-0.020277	-5.342844	-0.005336	0.251164	-0.023615	0.407713	-0.345542	10.227521	1.000000	0.000000	0.000000	0.000000	
0.471111	0.234038	-1.306190	1.317625	-0.949190	-0.552809	-0.198663	1.195401	-1.368262	1.075460	0.460053	0.226994	-1.301376	1.401050	-1.004289	-0.548397	-0.193760	1.155035	-1.453356	1.141973	-0.016398	0.002950	0.130477	-0.032404	0.259989	0.007511	-0.024201	0.063795	-0.032133	-0.514984	0.082031	0.035156	-0.058594	-0.511719	0.117188	-0.070312	-0.070312	0.316406	0.429688	-0.140625	0.026014	-0.020274	-5.342844	-0.005336	0.251164	-0.023615	0.407714	-0.345541	10.227522	1.000000	0.000000	0.000000	0.000000	
0.468963	0.234652	-1.307798	1.312932	-0.934028	-0.551150	-0.196860	1.196599	-1.364981	1.061346	0.460259	0.227262	-1.299940	1.401179	-0.999628	-0.547889	-0.193845	1.157374	-1.452415	1.134693	-0.026067	0.014254	-0.021849	-0.017199	0.277252	-0.023676	-0.022195	0.030807	0.028193	-0.435358	0.085938	0.035156	-0.050781	-0.515625	0.152344	-0.054688	-0.070312	0.328125	0.484375	-0.164062	0.026014	-0.020273	-5.342845	-0.005336	0.251164	-0.023615	0.407714	-0.345541	10.227522	1.000000	0.000000	0.000000	0.000000	
0.466369	0.235394	-1.309599	1.309076	-0.924572	-0.549363	-0.196699	1.198328	-1.361779	1.054016	0.460130	0.227736	-1.299750	1.401302	-0.994649	-0.547230	-0.193757	1.159102	-1.451136	1.128900	-0.047972	0.040975	-0.071978	-0.015678	0.415074	-0.002368	0.000107	0.160114	-0.053015	-0.416927	0.070312	0.019531	-0.054688	-0.562500	0.167969	-0.042969	-0.050781	0.312500	0.542969	-0.207031	0.026014	-0.020273	-5.342845	-0.005336	0.251164	-0.023615	0.407714	-0.345541	10.227522	1.000000	0.000000	0.000000	0.000000	
0.463351	0.236594	-1.312250	1.306108	-0.920300	-0.547631	-0.196771	1.199791	-1.358388	1.054583	0.460032	0.228210	-1.300221	1.401278	-0.989363	-0.546492	-0.193569	1.161023	-1.450662	1.123088	-0.018756	0.019219	-0.080480	-0.071360	0.425367	0.013722	-0.010458	0.134659	0.008657	-0.439511	0.054688	0.039062	-0.050781	-0.574219	0.214844	-0.050781	-0.042969	0.296875	0.558594	-0.234375	0.026014	-0.020273	-5.342845	-0.005336	0.251164	-0.023615	0.407714	-0.345541	10.227522	1.000000	0.000000	0.000000	0.000000	
0.460380	0.237522	-1.314763	1.302345	-0.916422	-0.545882	-0.196863	1.200901	-1.356061	1.055791	0.459770	0.228588	-1.301623	1.400885	-0.981085	-0.545376	-0.193322	1.162910	-1.450107	1.114171	-0.047241	0.028676	-0.175550	-0.097867	0.422907	0.008351	0.018729	0.160030	0.056700	-0.476666	0.050781	0.054688	-0.023438	-0.593750	0.234375	-0.042969	-0.039062	0.289062	0.566406	-0.234375	0.026014	-0.020273	-5.342845	-0.005336	0.251164	-0.023615	0.407714	-0.345541	10.227522	1.000000	0.000000	0.000000	0.000000	
0.457657	0.238372	-1.317516	1.298754	-0.912076	-0.544312	-0.196555	1.201186	-1.355083	1.056673	0.459402	0.228841	-1.304642	1.400395	-0.975576	-0.544401	-0.193159	1.166801	-1.449584	1.108801	-0.029152	0.029621	-0.240892	-0.002807	0.387764	0.039221	0.016995	0.169547	-0.018757	-0.326837	0.027344	0.042969	-0.011719	-0.613281	0.230469	-0.023438	-0.042969	0.246094	0.582031	-0.238281	0.026014	-0.020273	-5.342845	-0.005336	0.251164	-0.023615	0.407714	-0.345541	10.227522	1.000000	0.000000	0.000000	0.000000	
0.455506	0.239261	-1.320560	1.296715	-0.905408	-0.542837	-0.196367	1.201489	-1.354632	1.055105	0.459038	0.229376	-1.307209	1.399352	-0.970815	-0.543697	-0.193070	1.169566	-1.448292	1.104867	-0.058749	0.037858	-0.149716	-0.084032	0.380760	0.031839	-0.002953	0.156540	0.109793	-0.332792	0.011719	0.042969	-0.011719	-0.628906	0.234375	-0.019531	-0.039062	0.253906	0.585938	-0.218750	0.026014	-0.020273	-5.342845	-0.005336	0.251164	-0.023615	0.407714	-0.345541	10.227522	1.000000	0.000000	0.000000	0.000000	
0.453663	0.239602	-1.322773	1.293432	-0.897521	-0.541718	-0.195649	1.201304	-1.355612	1.052194	0.458626	0.229847	-1.310122	1.398707	-0.966615	-0.543362	-0.193012	1.171912	-1.447209	1.101633	-0.096605	0.015418	-0.311590	-0.071217	0.345164	-0.010775	-0.015417	0.148260	0.112179	-0.221719	0.000000	0.058594	0.019531	-0.640625	0.238281	-0.019531	-0.035156	0.222656	0.582031	-0.214844	0.026014	-0.020273	-5.342845	-0.005336	0.251164	-0.023615	0.407714	-0.345541	10.227522	1.000000	0.000000	0.000000	0.000000	
0.451787	0.240168	-1.325433	1.291618	-0.890173	-0.540505	-0.195278	1.200700	-1.354948	1.049544	0.458253	0.230402	-1.313030	1.398287	-0.959305	-0.542665	-0.192944	1.173715	-1.446048	1.097739	-0.023619	0.022480	-0.299861	-0.014101	0.289260	-0.018526	0.004274	0.109046	0.087990	-0.154778	-0.007812	0.050781	0.011719	-0.660156	0.222656	-0.019531	-0.027344	0.230469	0.582031	-0.218750	0.026014	-0.020273	-5.342845	-0.005336	0.251164	-0.023615	0.407714	-0.345541	10.227522	1.000000	0.000000	0.000000	0.000000	
0.450045	0.240845	-1.328564	1.290972	-0.885132	-0.539456	-0.195098	1.200076	-1.354290	1.049131	0.457936	0.230836	-1.317465	1.398009	-0.954208	-0.541508	-0.192914	1.176983	-1.445186	1.095119	-0.030279	-0.009384	-0.253323	-0.001410	0.370910	0.088878	-0.011205	0.091166	0.057654	-0.249283	-0.023438	0.070312	0.023438	-0.691406	0.250000	-0.023438	-0.023438	0.199219	0.582031	-0.207031	0.026014	-0.020273	-5.342845	-0.005336	0.251164	-0.023615	0.407714	-0.345541	10.227522	1.000000	0.000000	0.000000	0.000000	
0.448237	0.241206	-1.331360	1.289793	-0.880889	-0.538320	-0.194712	1.199375	-1.354006	1.048172	0.457509	0.231092	-1.320340	1.398075	-0.949263	-0.540283	-0.192835	1.178703	-1.443995	1.092583	-0.023966	0.023489	-0.245179	-0.000141	0.396523	0.047274	0.004696	0.099847	0.051131	-0.164514	-0.023438	0.082031	0.019531	-0.707031	0.257812	-0.011719	-0.023438	0.187500	0.566406	-0.222656	0.026014	-0.020273	-5.342845	-0.005336	0.251164	-0.023615	0.407714	-0.345541	10.227522	1.000000	0.000000	0.000000	0.000000	
0.446524	0.241906	-1.333910	1.288462	-0.875573	-0.537237	-0.194227	1.199227	-1.353910	1.046068	0.457060	0.231273	-1.323144	1.397991	-0.944445	-0.539335	-0.192787	1.179798	-1.443200	1.090501	-0.075679	0.011655	-0.164103	-0.048869	0.353719	0.050093	0.006286	0.062329	-0.012335	-0.190933	-0.023438	0.082031	0.007812	-0.699219	0.273438	-0.011719	-0.011719	0.183594	0.574219	-0.214844	0.026014	-0.020273	-5.342845	-0.005336	0.251164	-0.023615	0.407714	-0.345541	10.227522	1.000000	0.000000	0.000000	0.000000	
0.444841	0.242563	-1.335747	1.286543	-0.869361	-0.536242	-0.193596	1.199151	-1.354003	1.042079	0.456171	0.231535	-1.325740	1.397804	-0.937835	-0.538419	-0.192737	1.180381	-1.442459	1.087685	-0.038975	0.016287	-0.211830	-0.004887	0.230791	0.046885	-0.011004	-0.014705	-0.004723	-0.200554	-0.019531	0.082031	0.019531	-0.699219	0.281250	-0.011719	-0.011719	0.171875	0.566406	-0.203125	0.026014	-0.020273	-5.342845	-0.005336	0.251164	-0.023615	0.407714	-0.345541	10.227522	1.000000	0.000000	0.000000	0.000000	
0.443329	0.243465	-1.337630	1.285210	-0.863369	-0.535119	-0.193073	1.199038	-1.353678	1.037638	0.455217	0.231708	-1.329434	1.397622	-0.933532	-0.537218	-0.192655	1.181152	-1.441972	1.085523	-0.028325	0.010934	-0.185196	0.020449	0.284802	0.053543	0.003552	-0.025898	-0.017920	-0.208496	-0.035156	0.085938	0.011719	-0.714844	0.273438	-0.019531	-0.011719	0.167969	0.578125	-0.203125	0.026014	-0.020273	-5.342845	-0.005336	0.251164	-0.023615	0.407714	-0.345541	10.227522	1.000000	0.000000	0.000000	0.000000	
0.441973	0.244288	-1.339697	1.284276	-0.858518	-0.533857	-0.192527	1.198975	-1.353051	1.034031	0.454469	0.232034	-1.331554	1.397440	-0.929133	-0.536275	-0.192557	1.181597	-1.441777	1.083491	-0.037729	0.003420	-0.119719	-0.025872	0.318120	0.008844	-0.001971	0.025327	0.022635	-0.240696	-0.042969	0.082031	0.007812	-0.726562	0.273438	-0.003906	-0.019531	0.167969	0.585938	-0.207031	0.026014	-0.020273	-5.342845	-0.005336	0.251164	-0.023615	0.407714	-0.345541	10.227522	1.000000	0.000000	0.000000	0.000000	
0.440683	0.245070	-1.341247	1.282397	-0.853895	-0.532862	-0.191760	1.198960	-1.353350	1.031557	0.453593	0.232358	-1.333723	1.397331	-0.925152	-0.535868	-0.192441	1.181976	-1.441738	1.081339	-0.118931	0.009648	-0.165516	-0.002587	0.310983	0.000884	0.007945	0.006022	0.012732	-0.167145	-0.042969	0.089844	0.019531	-0.738281	0.289062	-0.003906	-0.011719	0.164062	0.585938	-0.230469	0.026014	-0.020273	-5.342845	-0.005336	0.251164	-0.023615	0.407714	-0.345541	10.227522	1.000000	0.000000	0.000000	0.000000	
0.439480	0.245840	-1.343051	1.280925	-0.850310	-0.531773	-0.191323	1.199117	-1.352613	1.031383	0.452351	0.232770	-1.335369	1.397139	-0.918636	-0.535351	-0.192183	1.182416	-1.441755	1.078340	-0.151478	0.038188	-0.107282	-0.035155	0.212559	-0.038298	0.032201	0.059926	-0.054561	-0.145831	-0.027344	0.082031	0.003906	-0.738281	0.300781	0.000000	-0.011719	0.148438	0.585938	-0.222656	0.026014	-0.020273	-5.342845	-0.005336	0.251164	-0.023615	0.407714	-0.345541	10.227522	1.000000	0.000000	0.000000	0.000000	
0.438544	0.246325	-1.344726	1.280127	-0.847659	-0.530944	-0.191300	1.200002	-1.351636	1.032149	0.451206	0.233377	-1.338218	1.396883	-0.914667	-0.534617	-0.191978	1.183352	-1.441758	1.076335	-0.095409	0.034062	-0.063073	-0.094246	0.195738	0.031067	0.024158	0.082765	-0.022904	-0.161148	-0.042969	0.085938	0.000000	-0.746094	0.316406	-0.007812	-0.019531	0.140625	0.585938	-0.238281	0.026014	-0.020273	-5.342845	-0.005336	0.251164	-0.023615	0.407714	-0.345541	10.227522	1.000000	0.000000	0.000000	0.000000	
0.437431	0.247415	-1.345768	1.278423	-0.843837	-0.530208	-0.190718	1.200877	-1.351795	1.030196	0.450323	0.233911	-1.339757	1.396517	-0.911329	-0.533574	-0.191703	1.183854	-1.441735	1.074625	-0.103761	0.019691	-0.076100	-0.072238	0.291765	0.038003	-0.009216	0.015256	0.011668	-0.166169	-0.054688	0.085938	0.003906	-0.750000	0.316406	-0.007812	-0.011719	0.136719	0.585938	-0.238281	0.026014	-0.020273	-5.342845	-0.005336	0.251164	-0.023615	0.407714	-0.345541	10.227522	1.000000	0.000000	0.000000	0.000000	
0.436198	0.248417	-1.346988	1.276811	-0.840285	-0.529133	-0.190052	1.200845	-1.351920	1.027099	0.449879	0.234526	-1.341180	1.395959	-0.908529	-0.532662	-0.191527	1.184245	-1.441681	1.073484	-0.069700	0.028723	-0.133237	-0.070037	0.189700	0.035207	-0.018370	0.005015	-0.054667	-0.075941	-0.058594	0.082031	0.000000	-0.738281	0.332031	0.000000	-0.003906	0.152344	0.597656	-0.246094	0.026014	-0.020273	-5.342845	-0.005336	0.251164	-0.023615	0.407714	-0.345541	10.227522	1.000000	0.000000	0.000000	0.000000	
0.435038	0.249107	-1.348485	1.275771	-0.838521	-0.528046	-0.189875	1.200322	-1.351508	1.026255	0.448967	0.235045	-1.342361	1.395144	-0.904043	-0.532068	-0.191346	1.184469	-1.441743	1.072407	-0.097700	0.033116	-0.152909	-0.094245	0.221369	0.038417	0.012122	0.014460	-0.075259	-0.059939	-0.042969	0.101562	0.000000	-0.742188	0.328125	0.000000	-0.003906	0.164062	0.593750	-0.253906	0.026014	-0.020273	-5.342845	-0.005336	0.251164	-0.023615	0.407714	-0.345541	10.227522	1.000000	0.000000	0.000000	0.000000	
0.433962	0.249574	-1.349869	1.275092	-0.837203	-0.527006	-0.189898	1.200163	-1.351401	1.026122	0.447863	0.235335	-1.344221	1.394521	-0.901207	-0.531392	-0.191124	1.184514	-1.441756	1.071417	-0.041177	0.033555	-0.113001	-0.023383	0.189639	0.042228	-0.005767	-0.040430	-0.042422	-0.079276	-0.058594	0.101562	0.003906	-0.757812	0.347656	0.000000	0.000000	0.164062	0.597656	-0.257812	0.026014	-0.020273	-5.342845	-0.005336	0.251164	-0.023615	0.407714	-0.345541	10.227522	1.000000	0.000000	0.000000	0.000000	
0.433140	0.250151	-1.350971	1.274147	-0.834740	-0.525995	-0.189842	1.199927	-1.351731	1.024686	0.446770	0.235885	-1.345635	1.393403	-0.899065	-0.530214	-0.190765	1.184499	-1.441710	1.070298	-0.143703	0.012661	-0.154375	-0.086089	0.162039	0.084484	0.008729	-0.014512	0.044613	-0.119596	-0.050781	0.101562	0.003906	-0.750000	0.339844	-0.007812	-0.011719	0.164062	0.585938	-0.257812	0.026014	-0.020273	-5.342845	-0.005336	0.251164	-0.023615	0.407714	-0.345541	10.227522	1.000000	0.000000	0.000000	0.000000	
0.432206	0.250900	-1.351881	1.272978	-0.832287	-0.525128	-0.189869	1.199419	-1.351561	1.022265	0.445728	0.236327	-1.346717	1.392525	-0.897182	-0.529397	-0.190515	1.184447	-1.441773	1.069056	-0.084163	-0.004550	-0.078251	-0.078402	0.092976	0.085220	0.022974	-0.001451	-0.079290	-0.102690	-0.050781	0.117188	0.000000	-0.746094	0.339844	-0.007812	-0.019531	0.156250	0.597656	-0.269531	0.026014	-0.020273	-5.342845	-0.005336	0.251164	-0.023615	0.407714	-0.345541	10.227522	1.000000	0.000000	0.000000	0.000000	
0.431165	0.251751	-1.352617	1.271652	-0.829180	-0.524211	-0.189626	1.198915	-1.351160	1.017493	0.444453	0.236803	-1.347831	1.391598	-0.893898	-0.528362	-0.190223	1.184170	-1.441762	1.068420	-0.081699	0.036768	-0.102045	-0.105550	0.120966	0.109721	-0.000029	-0.108324	0.023478	-0.087041	-0.039062	0.101562	0.003906	-0.757812	0.351562	0.000000	-0.007812	0.167969	0.597656	-0.273438	0.026014	-0.020273	-5.342845	-0.005336	0.251164	-0.023615	0.407714	-0.345541	10.227522	1.000000	0.000000	0.000000	0.000000	
0.430247	0.252561	-1.353545	1.270504	-0.826313	-0.522904	-0.189373	1.198719	-1.351051	1.012699	0.443253	0.237302	-1.350258	1.390661	-0.891690	-0.527524	-0.189947	1.183945	-1.441832	1.067687	-0.088431	0.024615	-0.066039	-0.097796	0.092358	-0.009966	0.037220	-0.045729	-0.049997	-0.095945	-0.050781	0.109375	0.019531	-0.746094	0.328125	-0.007812	-0.011719	0.167969	0.593750	-0.265625	0.026014	-0.020273	-5.342845	-0.005336	0.251164	-0.023615	0.407714	-0.345541	10.227522	1.000000	0.000000	0.000000	0.000000	
0.429500	0.253032	-1.354452	1.270196	-0.824585	-0.521680	-0.189602	1.198751	-1.350772	1.010213	0.442649	0.237709	-1.351568	1.389989	-0.889601	-0.526242	-0.189528	1.183876	-1.441871	1.066304	-0.113532	0.030379	-0.135720	-0.062124	0.148821	0.012962	0.035129	-0.008063	0.012448	-0.159649	-0.066406	0.117188	0.019531	-0.757812	0.339844	-0.011719	-0.050781	0.152344	0.601562	-0.269531	0.026014	-0.020273	-5.342845	-0.005336	0.251164	-0.023615	0.407714	-0.345541	10.227522	1.000000	0.000000	0.000000	0.000000	
0.429044	0.253311	-1.355976	1.270090	-0.823901	-0.520540	-0.189678	1.198542	-1.349823	1.010117	0.442068	0.238283	-1.352896	1.388498	-0.887583	-0.524750	-0.188862	1.183741	-1.441927	1.063919	-0.088125	0.048403	-0.107792	-0.103922	0.171916	0.036193	0.030267	-0.039192	-0.051100	-0.134612	-0.066406	0.101562	0.039062	-0.738281	0.335938	-0.011719	-0.042969	0.152344	0.601562	-0.281250	0.026014	-0.020273	-5.342845	-0.005336	0.251164	-0.023615	0.407714	-0.345541	10.227522	1.000000	0.000000	0.000000	0.000000	
0.428593	0.253316	-1.357709	1.269729	-0.823739	-0.519481	-0.189822	1.197919	-1.348464	1.009835	0.441274	0.238713	-1.354277	1.387157	-0.884393	-0.523918	-0.188083	1.183617	-1.442035	1.061940	-0.085584	0.053695	-0.132916	-0.181384	0.195163	0.118777	0.053045	-0.031836	-0.081882	-0.177474	-0.054688	0.093750	0.035156	-0.742188	0.347656	-0.007812	-0.074219	0.156250	0.609375	-0.289062	0.026014	-0.020273	-5.342845	-0.005336	0.251164	-0.023615	0.407714	-0.345541	10.227522	1.000000	0.000000	0.000000	0.000000	
0.427715	0.254297	-1.358873	1.268969	-0.822054	-0.518303	-0.189691	1.197593	-1.348470	1.007237	0.440460	0.239429	-1.356782	1.386065	-0.882349	-0.522467	-0.187354	1.183519	-1.442032	1.060526	-0.071372	0.057714	-0.093553	-0.091421	0.183529	0.064222	0.042527	-0.038080	-0.004699	-0.111967	-0.054688	0.082031	0.054688	-0.730469	0.335938	-0.023438	-0.058594	0.156250	0.609375	-0.296875	0.026014	-0.020273	-5.342845	-0.005336	0.251164	-0.023615	0.407714	-0.345541	10.227522	1.000000	0.000000	0.000000	0.000000	
0.427041	0.254969	-1.360223	1.268492	-0.819895	-0.516928	-0.189723	1.196969	-1.348607	1.004533	0.439861	0.240202	-1.358519	1.384829	-0.880850	-0.520844	-0.186465	1.183427	-1.442008	1.059056	-0.059482	0.027872	-0.173368	-0.131279	0.060228	0.058767	0.047292	-0.031725	0.006509	-0.154272	-0.058594	0.085938	0.050781	-0.710938	0.347656	-0.019531	-0.089844	0.148438	0.617188	-0.273438	0.026014	-0.020273	-5.342845	-0.005336	0.251164	-0.023615	0.407714	-0.345541	10.227522	1.000000	0.000000	0.000000	0.000000	
0.426390	0.255501	-1.361480	1.267725	-0.817783	-0.515780	-0.189701	1.196011	-1.348218	1.001199	0.439451	0.241027	-1.359957	1.382643	-0.879121	-0.519696	-0.185657	1.183312	-1.442027	1.056411	-0.054803	0.050479	-0.122026	-0.100369	0.121181	0.051242	0.047768	-0.052027	-0.034245	-0.113137	-0.074219	0.070312	0.050781	-0.714844	0.320312	-0.007812	-0.089844	0.140625	0.617188	-0.281250	0.026014	-0.020273	-5.342845	-0.005336	0.251164	-0.023615	0.407714	-0.345541	10.227522	1.000000	0.000000	0.000000	0.000000	
0.425807	0.256108	-1.362795	1.266960	-0.815426	-0.514607	-0.189298	1.195073	-1.348073	0.998885	0.439344	0.242040	-1.361529	1.381431	-0.875624	-0.518642	-0.185067	1.183216	-1.442031	1.054525	-0.078763	0.053903	-0.148298	-0.069361	0.137745	0.008614	0.014082	-0.005203	-0.017383	-0.136940	-0.074219	0.042969	0.050781	-0.710938	0.304688	-0.007812	-0.058594	0.136719	0.617188	-0.265625	0.026014	-0.020273	-5.342845	-0.005336	0.251164	-0.023615	0.407714	-0.345541	10.227522	1.000000	0.000000	0.000000	0.000000	
0.425362	0.256703	-1.364407	1.267100	-0.813582	-0.513362	-0.189411	1.194544	-1.348084	0.997783	0.439275	0.243091	-1.363564	1.380364	-0.873374	-0.517462	-0.184836	1.183124	-1.442056	1.052840	-0.042773	0.061224	-0.105560	-0.083708	0.111484	0.021799	0.020020	-0.007500	-0.082000	-0.139321	-0.082031	0.066406	0.054688	-0.714844	0.328125	-0.007812	-0.066406	0.125000	0.625000	-0.296875	0.026014	-0.020273	-5.342845	-0.005336	0.251164	-0.023615	0.407714	-0.345541	10.227522	1.000000	0.000000	0.000000	0.000000	
0.424873	0.257393	-1.365862	1.266983	-0.811599	-0.512243	-0.189120	1.193790	-1.347823	0.996077	0.439043	0.244052	-1.365255	1.379157	-0.871518	-0.516620	-0.184556	1.182912	-1.442036	1.051048	-0.032194	0.035203	-0.153631	-0.109570	0.185630	0.005670	0.015960	-0.035646	0.023207	-0.115131	-0.070312	0.070312	0.066406	-0.691406	0.316406	0.003906	-0.070312	0.125000	0.625000	-0.285156	0.026014	-0.020273	-5.342845	-0.005336	0.251164	-0.023615	0.407714	-0.345541	10.227522	1.000000	0.000000	0.000000	0.000000	
0.424477	0.258053	-1.367395	1.266163	-0.808947	-0.511191	-0.189053	1.193222	-1.347554	0.992331	0.438560	0.244883	-1.366514	1.376783	-0.869475	-0.515895	-0.184217	1.182579	-1.442033	1.048121	-0.041605	0.064007	-0.106094	-0.164501	0.172107	0.031974	0.010902	-0.038461	-0.050024	-0.179016	-0.074219	0.070312	0.050781	-0.667969	0.316406	0.003906	-0.070312	0.132812	0.617188	-0.269531	0.026014	-0.020273	-5.342845	-0.005336	0.251164	-0.023615	0.407714	-0.345541	10.227522	1.000000	0.000000	0.000000	0.000000	
0.423868	0.259207	-1.368459	1.264811	-0.805803	-0.510237	-0.188801	1.192527	-1.347862	0.986257	0.438173	0.245275	-1.367711	1.375242	-0.865868	-0.514974	-0.183923	1.181882	-1.442032	1.046155	-0.084422	0.037807	-0.111809	-0.124629	0.219609	0.045073	0.017375	-0.042232	-0.001513	-0.126080	-0.074219	0.093750	0.054688	-0.683594	0.296875	0.000000	-0.066406	0.132812	0.617188	-0.285156	0.026014	-0.020273	-5.342845	-0.005336	0.251164	-0.023615	0.407714	-0.345541	10.227522	1.000000	0.000000	0.000000	0.000000	
0.422033	0.257039	-1.370853	1.263958	-0.814728	-0.509555	-0.188638	1.193781	-1.348956	0.997307	0.437901	0.245669	-1.369574	1.374062	-0.863353	-0.514281	-0.183775	1.181403	-1.442007	1.044501	-0.036359	0.015413	-0.046077	-0.075276	0.196443	0.035914	0.009880	-0.035630	-0.000151	-0.152193	-0.085938	0.093750	0.042969	-0.675781	0.285156	-0.003906	-0.050781	0.132812	0.625000	-0.296875	0.024285	0.043318	-5.344927	-0.035856	-0.080079	-0.032084	0.625082	1.113621	10.054274	1.000000	0.000000	0.000000	0.000000	
0.419659	0.256431	-1.371019	1.260577	-0.814867	-0.508806	-0.187900	1.192343	-1.349457	0.993755	0.437338	0.246103	-1.370577	1.372977	-0.860960	-0.513076	-0.183665	1.180993	-1.442027	1.042377	-0.094366	0.028295	-0.098828	-0.133154	0.183657	0.021040	-0.010644	-0.069866	-0.000015	-0.189701	-0.070312	0.101562	0.039062	-0.667969	0.304688	-0.003906	-0.054688	0.121094	0.617188	-0.304688	0.023940	0.056036	-5.345344	-0.038908	-0.113204	-0.032931	0.646818	1.259537	10.036948	1.000000	0.000000	0.000000	0.000000	
0.415961	0.261353	-1.368472	1.255490	-0.801817	-0.508240	-0.187977	1.192297	-1.350350	0.970379	0.436377	0.246303	-1.371408	1.370483	-0.860215	-0.512157	-0.183562	1.180838	-1.441958	1.040135	-0.058291	0.008646	-0.048269	-0.173839	-0.027000	0.050959	0.001262	0.003482	-0.006981	-0.085273	-0.074219	0.101562	0.027344	-0.660156	0.300781	0.003906	-0.054688	0.136719	0.601562	-0.257812	0.023871	0.058580	-5.345427	-0.039213	-0.116516	-0.033016	0.648992	1.274129	10.035216	1.000000	0.000000	0.000000	0.000000	
0.413126	0.266228	-1.366358	1.251805	-0.789205	-0.507898	-0.187954	1.192725	-1.351358	0.946621	0.435773	0.246359	-1.372349	1.368408	-0.859096	-0.511682	-0.183501	1.180516	-1.441944	1.038766	-0.089580	-0.007278	-0.130454	-0.191865	0.004279	0.015565	0.000126	-0.058976	-0.035594	-0.162071	-0.074219	0.093750	0.039062	-0.656250	0.257812	0.011719	-0.042969	0.132812	0.613281	-0.257812	0.023857	0.059089	-5.345444	-0.039244	-0.116848	-0.033024	0.649209	1.275588	10.035043	1.000000	0.000000	0.000000	0.000000	
0.411606	0.269584	-1.365173	1.250364	-0.781520	-0.507750	-0.188845	1.194590	-1.351531	0.929908	0.434271	0.246669	-1.373822	1.366709	-0.856667	-0.511078	-0.183424	1.179797	-1.442111	1.035414	-0.162502	0.001599	-0.082838	-0.088979	0.220275	0.057391	0.008155	-0.040794	-0.062883	-0.351212	-0.082031	0.125000	0.070312	-0.707031	0.269531	0.003906	-0.042969	0.125000	0.617188	-0.300781	0.023854	0.059190	-5.345447	-0.039247	-0.116881	-0.033025	0.649231	1.275734	10.035026	1.000000	0.000000	0.000000	0.000000	
0.411186	0.270988	-1.365419	1.251381	-0.777871	-0.507559	-0.190194	1.196419	-1.350243	0.921422	0.432105	0.247401	-1.374213	1.365812	-0.852377	-0.510158	-0.183328	1.179799	-1.442556	1.029219	-0.152346	0.040872	-0.039690	-0.036815	0.357032	0.061573	0.005468	0.009879	0.011160	-0.621379	-0.074219	0.121094	0.074219	-0.714844	0.269531	-0.003906	-0.050781	0.121094	0.601562	-0.328125	0.023853	0.059211	-5.345448	-0.039247	-0.116884	-0.033025	0.649233	1.275748	10.035024	1.000000	0.000000	0.000000	0.000000	
0.411030	0.271509	-1.366383	1.252549	-0.774941	-0.507681	-0.191269	1.197607	-1.346769	0.913393	0.429733	0.248533	-1.374292	1.364227	-0.847254	-0.509319	-0.183236	1.180066	-1.442694	1.016420	-0.221123	0.071553	0.013479	-0.118839	0.423052	0.055012	0.014505	-0.065315	-0.002374	-0.582093	-0.042969	0.136719	0.089844	-0.714844	0.281250	-0.003906	-0.054688	0.140625	0.609375	-0.355469	0.023853	0.059215	-5.345448	-0.039247	-0.116884	-0.033025	0.649234	1.275750	10.035024	1.000000	0.000000	0.000000	0.000000	
0.410481	0.271460	-1.367394	1.252229	-0.772124	-0.508119	-0.192031	1.198620	-1.342287	0.904296	0.426835	0.249228	-1.374332	1.362820	-0.839831	-0.509055	-0.183218	1.180192	-1.442794	1.007899	-0.224511	0.061826	-0.054486	-0.158449	0.359862	0.068315	-0.004366	0.007427	-0.097947	-0.637488	-0.042969	0.152344	0.089844	-0.695312	0.289062	0.003906	-0.066406	0.140625	0.625000	-0.363281	0.023853	0.059216	-5.345448	-0.039247	-0.116884	-0.033025	0.649234	1.275750	10.035024	1.000000	0.000000	0.000000	0.000000	
0.409337	0.271814	-1.368018	1.251405	-0.769531	-0.508165	-0.193176	1.200621	-1.340108	0.894034	0.424171	0.250159	-1.374194	1.361545	-0.835245	-0.508880	-0.183214	1.180653	-1.442742	1.000233	-0.134119	0.064343	-0.001959	-0.137982	0.266302	0.024280	0.000727	-0.055091	0.032081	-0.639538	-0.035156	0.140625	0.074219	-0.667969	0.296875	0.003906	-0.074219	0.156250	0.632812	-0.367188	0.023853	0.059216	-5.345448	-0.039247	-0.116884	-0.033025	0.649234	1.275750	10.035024	1.000000	0.000000	0.000000	0.000000	
0.408096	0.271532	-1.369422	1.249190	-0.769305	-0.508307	-0.193461	1.200804	-1.337828	0.886558	0.422088	0.251145	-1.374191	1.360223	-0.831638	-0.508894	-0.183213	1.181182	-1.442658	0.992811	-0.135549	0.077390	-0.028113	-0.069632	0.295332	-0.015020	0.004726	0.025898	-0.031688	-0.618805	-0.027344	0.132812	0.074219	-0.667969	0.289062	0.003906	-0.085938	0.164062	0.664062	-0.378906	0.023853	0.059216	-5.345448	-0.039247	-0.116884	-0.033025	0.649234	1.275750	10.035024	1.000000	0.000000	0.000000	0.000000	
0.406812	0.270858	-1.371331	1.247099	-0.770480	-0.508307	-0.193326	1.200584	-1.335516	0.880131	0.420193	0.252158	-1.374239	1.357875	-0.828008	-0.508945	-0.183229	1.181942	-1.442617	0.982118	-0.076368	0.049615	-0.027239	-0.177955	0.280787	-0.057336	-0.012323	0.051445	-0.055513	-0.546939	-0.039062	0.132812	0.066406	-0.656250	0.289062	0.003906	-0.101562	0.167969	0.679688	-0.386719	0.023853	0.059216	-5.345448	-0.039247	-0.116884	-0.033025	0.649234	1.275750	10.035024	1.000000	0.000000	0.000000	0.000000	
0.405599	0.270224	-1.372836	1.244559	-0.772168	-0.508506	-0.193339	1.201593	-1.334742	0.875154	0.419329	0.253095	-1.374563	1.356145	-0.822605	-0.509028	-0.183225	1.183403	-1.442609	0.974600	-0.087898	0.030552	-0.048089	-0.146912	0.220008	-0.033651	0.004584	0.074937	0.011897	-0.599077	-0.042969	0.136719	0.058594	-0.660156	0.269531	0.007812	-0.101562	0.140625	0.695312	-0.386719	0.023853	0.059216	-5.345448	-0.039247	-0.116884	-0.033025	0.649234	1.275750	10.035024	1.000000	0.000000	0.000000	0.000000	
0.404466	0.270262	-1.374249	1.241634	-0.772321	-0.508590	-0.193192	1.202371	-1.335022	0.868504	0.418042	0.253889	-1.375646	1.354781	-0.819683	-0.509069	-0.183232	1.184422	-1.442608	0.967353	-0.106500	0.029809	-0.081581	-0.105422	0.175545	-0.038261	-0.011174	0.028432	0.025617	-0.586842	-0.039062	0.117188	0.070312	-0.667969	0.253906	0.000000	-0.089844	0.132812	0.714844	-0.386719	0.023853	0.059216	-5.345448	-0.039247	-0.116884	-0.033025	0.649234	1.275750	10.035024	1.000000	0.000000	0.000000	0.000000	
0.403484	0.270411	-1.375840	1.238839	-0.771846	-0.508682	-0.192789	1.202446	-1.335141	0.862115	0.416476	0.254492	-1.376881	1.353224	-0.817451	-0.509077	-0.183217	1.185425	-1.442607	0.960741	-0.090912	0.002981	-0.081440	-0.164086	0.153650	-0.038722	0.004699	0.079615	-0.014886	-0.501868	-0.035156	0.132812	0.074219	-0.644531	0.253906	0.003906	-0.089844	0.132812	0.714844	-0.394531	0.023853	0.059216	-5.345448	-0.039247	-0.116884	-0.033025	0.649234	1.275750	10.035024	1.000000	0.000000	0.000000	0.000000	
0.402617	0.270816	-1.377141	1.235096	-0.770904	-0.509252	-0.192261	1.202820	-1.335510	0.855710	0.415266	0.254919	-1.377879	1.349156	-0.815768	-0.509079	-0.183222	1.186353	-1.442607	0.951374	-0.152166	0.011930	-0.043040	-0.204849	0.158440	-0.038769	-0.007673	0.063796	-0.029406	-0.406129	-0.039062	0.132812	0.058594	-0.628906	0.238281	0.000000	-0.089844	0.136719	0.710938	-0.394531	0.023853	0.059216	-5.345448	-0.039247	-0.116884	-0.033025	0.649234	1.275750	10.035024	1.000000	0.000000	0.000000	0.000000	
0.402074	0.271522	-1.378157	1.231755	-0.769355	-0.509959	-0.192358	1.203719	-1.336222	0.848182	0.414466	0.255183	-1.378951	1.346307	-0.812863	-0.509055	-0.183223	1.187144	-1.442656	0.944993	-0.123395	0.018641	-0.035711	-0.208925	0.078657	0.024040	-0.011236	0.002890	-0.086692	-0.431452	-0.058594	0.117188	0.054688	-0.632812	0.230469	0.007812	-0.085938	0.125000	0.707031	-0.394531	0.023853	0.059216	-5.345448	-0.039247	-0.116884	-0.033025	0.649234	1.275750	10.035024	1.000000	0.000000	0.000000	0.000000	
0.401352	0.272480	-1.379056	1.229338	-0.767559	-0.510074	-0.192805	1.205342	-1.337692	0.840806	0.413701	0.255510	-1.381104	1.343581	-0.810707	-0.509123	-0.183215	1.188490	-1.442568	0.939257	-0.089111	0.007680	-0.139667	-0.205843	0.199796	0.012873	0.004692	0.056123	0.022738	-0.465391	-0.050781	0.136719	0.074219	-0.660156	0.191406	0.000000	-0.082031	0.121094	0.707031	-0.386719	0.023853	0.059216	-5.345448	-0.039247	-0.116884	-0.033025	0.649234	1.275750	10.035024	1.000000	0.000000	0.000000	0.000000	
0.400885	0.273172	-1.380513	1.227026	-0.766497	-0.510139	-0.192975	1.206606	-1.338713	0.835514	0.412820	0.255737	-1.382455	1.341121	-0.808531	-0.509233	-0.183222	1.189365	-1.442575	0.932973	-0.068235	-0.017843	-0.118656	-0.261369	0.124669	-0.037099	-0.007673	0.033529	-0.081477	-0.479254	-0.042969	0.148438	0.070312	-0.628906	0.199219	0.000000	-0.082031	0.125000	0.710938	-0.394531	0.023853	0.059216	-5.345448	-0.039247	-0.116884	-0.033025	0.649234	1.275750	10.035024	1.000000	0.000000	0.000000	0.000000	
0.400351	0.273844	-1.381838	1.224493	-0.764764	-0.510343	-0.193218	1.208319	-1.339311	0.830315	0.412184	0.255944	-1.383695	1.336970	-0.806181	-0.509280	-0.183231	1.190291	-1.442552	0.923210	-0.090575	0.016827	-0.085148	-0.207598	0.190438	-0.000220	-0.015889	0.041739	-0.011637	-0.564391	-0.054688	0.156250	0.089844	-0.648438	0.187500	0.000000	-0.089844	0.117188	0.707031	-0.367188	0.023853	0.059216	-5.345448	-0.039247	-0.116884	-0.033025	0.649234	1.275750	10.035024	1.000000	0.000000	0.000000	0.000000	
0.399915	0.274570	-1.383275	1.221637	-0.763665	-0.510827	-0.193059	1.209023	-1.339305	0.825195	0.411936	0.256171	-1.385033	1.334686	-0.802803	-0.509362	-0.183225	1.191228	-1.442620	0.916096	-0.043954	0.013315	-0.116693	-0.191752	0.120243	-0.007001	-0.001589	0.084435	-0.053508	-0.485664	-0.058594	0.140625	0.070312	-0.660156	0.175781	0.000000	-0.089844	0.117188	0.683594	-0.363281	0.023853	0.059216	-5.345448	-0.039247	-0.116884	-0.033025	0.649234	1.275750	10.035024	1.000000	0.000000	0.000000	0.000000	
0.399245	0.275330	-1.384640	1.220064	-0.762788	-0.511092	-0.193170	1.210468	-1.339525	0.820687	0.411571	0.256572	-1.386367	1.332678	-0.800625	-0.509402	-0.183232	1.193329	-1.442658	0.909972	-0.035802	0.014127	-0.060524	-0.193657	0.095775	-0.028617	-0.011791	0.106153	-0.033268	-0.533625	-0.058594	0.136719	0.070312	-0.656250	0.175781	0.000000	-0.093750	0.109375	0.691406	-0.351562	0.023853	0.059216	-5.345448	-0.039247	-0.116884	-0.033025	0.649234	1.275750	10.035024	1.000000	0.000000	0.000000	0.000000	
0.398461	0.276617	-1.385500	1.218448	-0.761884	-0.511515	-0.193452	1.211560	-1.340672	0.817243	0.411013	0.257137	-1.387385	1.331040	-0.798420	-0.509410	-0.183225	1.194986	-1.442642	0.904312	-0.038477	0.025840	-0.047928	-0.082179	0.149163	-0.037758	0.005800	0.115304	0.007142	-0.426753	-0.050781	0.148438	0.070312	-0.648438	0.167969	-0.003906	-0.089844	0.089844	0.683594	-0.367188	0.023853	0.059216	-5.345448	-0.039247	-0.116884	-0.033025	0.649234	1.275750	10.035024	1.000000	0.000000	0.000000	0.000000	
0.397792	0.277556	-1.386961	1.217541	-0.760702	-0.511514	-0.193474	1.212194	-1.340792	0.814347	0.410126	0.257847	-1.388558	1.327587	-0.795265	-0.509436	-0.183224	1.196553	-1.442614	0.896080	-0.115516	0.067724	-0.179274	-0.186189	0.144033	-0.042162	0.006396	0.119709	0.018162	-0.416066	-0.042969	0.125000	0.074219	-0.648438	0.156250	-0.003906	-0.093750	0.109375	0.683594	-0.371094	0.023853	0.059216	-5.345448	-0.039247	-0.116884	-0.033025	0.649234	1.275750	10.035024	1.000000	0.000000	0.000000	0.000000	
0.397240	0.278748	-1.387925	1.216160	-0.758181	-0.511758	-0.193680	1.213843	-1.341401	0.809462	0.408979	0.258280	-1.389665	1.325224	-0.793083	-0.509466	-0.183231	1.197545	-1.442657	0.891016	-0.165095	0.043995	-0.094699	-0.234976	0.091175	-0.039113	-0.012156	0.071295	-0.033080	-0.352184	-0.042969	0.136719	0.070312	-0.640625	0.156250	-0.007812	-0.093750	0.093750	0.683594	-0.351562	0.023853	0.059216	-5.345448	-0.039247	-0.116884	-0.033025	0.649234	1.275750	10.035024	1.000000	0.000000	0.000000	0.000000	
0.396553	0.279896	-1.388713	1.215006	-0.755879	-0.511904	-0.194212	1.215482	-1.342141	0.804009	0.408144	0.258852	-1.391510	1.323128	-0.791169	-0.509714	-0.183217	1.199682	-1.442666	0.886538	-0.145626	0.035806	-0.135097	-0.229386	0.152192	-0.035318	0.018559	0.055984	-0.041694	-0.345796	-0.042969	0.148438	0.085938	-0.640625	0.140625	0.000000	-0.101562	0.093750	0.679688	-0.351562	0.023853	0.059216	-5.345448	-0.039247	-0.116884	-0.033025	0.649234	1.275750	10.035024	1.000000	0.000000	0.000000	0.000000	
0.395874	0.280564	-1.389833	1.213962	-0.755246	-0.511971	-0.194726	1.216503	-1.341631	0.799041	0.407808	0.259661	-1.392946	1.319219	-0.789501	-0.509860	-0.183230	1.200861	-1.442619	0.881935	-0.025031	0.041967	-0.163564	-0.228827	0.105950	-0.003532	0.003019	0.009088	-0.066983	-0.355626	-0.050781	0.132812	0.082031	-0.601562	0.164062	-0.011719	-0.093750	0.101562	0.667969	-0.332031	0.023853	0.059216	-5.345448	-0.039247	-0.116884	-0.033025	0.649234	1.275750	10.035024	1.000000	0.000000	0.000000	0.000000	
0.395386	0.281425	-1.390599	1.211538	-0.754027	-0.512479	-0.194850	1.217887	-1.341851	0.792844	0.407062	0.260638	-1.393863	1.316450	-0.786769	-0.509866	-0.183241	1.201993	-1.442610	0.874156	-0.093234	0.046072	-0.044273	-0.190385	0.115284	-0.014312	-0.003188	0.032316	-0.027636	-0.422912	-0.042969	0.125000	0.070312	-0.597656	0.152344	-0.011719	-0.101562	0.101562	0.667969	-0.320312	0.023853	0.059216	-5.345448	-0.039247	-0.116884	-0.033025	0.649234	1.275750	10.035024	1.000000	0.000000	0.000000	0.000000	
0.394861	0.282588	-1.391198	1.209722	-0.752357	-0.512957	-0.194897	1.218750	-1.341783	0.785433	0.405943	0.261456	-1.394531	1.314272	-0.785011	-0.509721	-0.183251	1.203213	-1.442632	0.869086	-0.079116	0.041830	0.009531	-0.197010	0.105748	-0.081693	-0.003808	0.080003	-0.048129	-0.356358	-0.035156	0.140625	0.070312	-0.601562	0.148438	-0.011719	-0.105469	0.089844	0.667969	-0.332031	0.023853	0.059216	-5.345448	-0.039247	-0.116884	-0.033025	0.649234	1.275750	10.035024	1.000000	0.000000	0.000000	0.000000	
0.393263	0.280223	-1.396152	1.215660	-0.778552	-0.512516	-0.197769	1.220779	-1.344474	0.817580	0.404702	0.262169	-1.395779	1.312480	-0.783084	-0.509571	-0.183261	1.205493	-1.442661	0.864025	-0.119580	0.026284	-0.072329	-0.159286	0.150160	-0.011659	-0.017829	0.133627	-0.060647	-0.433454	-0.027344	0.152344	0.070312	-0.628906	0.132812	-0.011719	-0.105469	0.082031	0.675781	-0.328125	0.022817	-0.001983	-5.325641	-0.025345	-0.360883	-0.081281	0.519028	0.449322	9.762776	1.000000	0.000000	0.000000	0.000000	
0.391561	0.277333	-1.401982	1.222064	-0.809602	-0.512254	-0.201327	1.223216	-1.345539	0.859757	0.403726	0.262796	-1.396441	1.310013	-0.781220	-0.509614	-0.183255	1.207354	-1.442715	0.858772	-0.074771	0.035198	-0.038640	-0.134576	0.137153	-0.046531	-0.013415	0.118052	0.007894	-0.451632	-0.039062	0.156250	0.070312	-0.617188	0.140625	-0.011719	-0.117188	0.058594	0.667969	-0.335938	0.022610	-0.014223	-5.321680	-0.023955	-0.385283	-0.086107	0.506008	0.366680	9.735552	1.000000	0.000000	0.000000	0.000000	
0.391462	0.274672	-1.406567	1.225996	-0.836146	-0.513388	-0.203789	1.224188	-1.348436	0.903499	0.402610	0.263212	-1.397494	1.308768	-0.780775	-0.509719	-0.183294	1.208914	-1.442653	0.854450	-0.080759	0.008173	-0.084126	-0.121636	-0.136339	-0.008143	0.003311	0.074619	0.042665	-0.006777	-0.039062	0.152344	0.039062	-0.562500	0.070312	-0.011719	-0.136719	0.082031	0.628906	-0.273438	0.022569	-0.016671	-5.320888	-0.023816	-0.387723	-0.086590	0.504706	0.358415	9.732829	1.000000	0.000000	0.000000	0.000000	
0.392981	0.272172	-1.408005	1.226317	-0.851095	-0.516350	-0.203796	1.222399	-1.351555	0.932182	0.401030	0.263303	-1.397947	1.307696	-0.785242	-0.509765	-0.183496	1.209783	-1.442422	0.858748	-0.109275	-0.011978	-0.015392	-0.134301	-0.460307	-0.025242	-0.022933	0.052827	0.004266	0.491360	-0.027344	0.136719	0.027344	-0.531250	0.003906	-0.007812	-0.164062	0.093750	0.609375	-0.191406	0.022561	-0.017161	-5.320729	-0.023802	-0.387967	-0.086638	0.504575	0.357589	9.732557	1.000000	0.000000	0.000000	0.000000	
0.395555	0.268789	-1.406861	1.225761	-0.860047	-0.520065	-0.203782	1.218829	-1.355611	0.946551	0.399745	0.263265	-1.399589	1.306633	-0.792799	-0.509822	-0.183835	1.209957	-1.442134	0.868961	-0.098168	-0.025625	-0.120187	-0.104161	-0.579944	-0.030441	-0.041842	-0.033103	0.101626	0.991337	-0.027344	0.117188	-0.035156	-0.515625	-0.050781	-0.019531	-0.171875	0.156250	0.597656	-0.117188	0.022559	-0.017259	-5.320698	-0.023801	-0.387991	-0.086643	0.504562	0.357506	9.732530	1.000000	0.000000	0.000000	0.000000	
0.397875	0.264888	-1.405123	1.227381	-0.867736	-0.522839	-0.204691	1.214958	-1.360337	0.956185	0.399270	0.263185	-1.400547	1.306105	-0.800732	-0.510149	-0.184113	1.209362	-1.442537	0.881642	-0.069141	-0.003726	-0.053894	0.007032	-0.651232	-0.058878	-0.025122	-0.048676	-0.087547	0.961073	-0.023438	0.093750	-0.035156	-0.527344	-0.109375	-0.023438	-0.175781	0.148438	0.613281	-0.007812	0.022559	-0.017278	-5.320691	-0.023801	-0.387994	-0.086643	0.504561	0.357498	9.732527	1.000000	0.000000	0.000000	0.000000	
0.399463	0.261189	-1.403151	1.230977	-0.874853	-0.524391	-0.206144	1.212685	-1.366902	0.964133	0.399102	0.262951	-1.401005	1.305781	-0.810898	-0.510699	-0.184258	1.208758	-1.442496	0.897968	-0.076707	-0.014331	-0.117058	-0.023724	-0.421066	-0.026826	-0.021124	-0.043254	0.068017	0.630021	-0.007812	0.070312	-0.039062	-0.515625	-0.183594	-0.042969	-0.183594	0.101562	0.566406	0.089844	0.022558	-0.017282	-5.320690	-0.023801	-0.387994	-0.086643	0.504561	0.357497	9.732527	1.000000	0.000000	0.000000	0.000000	
0.400625	0.258194	-1.401293	1.234504	-0.879780	-0.525397	-0.206661	1.210335	-1.372292	0.970021	0.399141	0.262330	-1.401339	1.305353	-0.816905	-0.511293	-0.184375	1.207910	-1.442391	0.906952	0.023736	-0.043309	-0.074519	-0.058207	-0.405028	-0.072475	-0.027703	-0.126463	-0.056012	0.562020	0.000000	0.070312	-0.050781	-0.492188	-0.183594	-0.066406	-0.175781	0.093750	0.519531	0.140625	0.022558	-0.017283	-5.320690	-0.023801	-0.387994	-0.086643	0.504561	0.357497	9.732527	1.000000	0.000000	0.000000	0.000000	
0.401690	0.256291	-1.399421	1.236434	-0.880378	-0.526991	-0.205655	1.208108	-1.375984	0.972131	0.399173	0.261592	-1.400970	1.304638	-0.822275	-0.511921	-0.184787	1.206602	-1.442394	0.913547	-0.032523	-0.050859	0.006507	-0.127958	-0.462748	-0.035165	-0.038830	-0.187128	-0.037008	0.513344	0.000000	0.042969	-0.035156	-0.453125	-0.191406	-0.066406	-0.171875	0.105469	0.500000	0.164062	0.022558	-0.017283	-5.320690	-0.023801	-0.387994	-0.086643	0.504561	0.357497	9.732527	1.000000	0.000000	0.000000	0.000000	
0.402501	0.255212	-1.396485	1.237314	-0.878362	-0.528852	-0.204710	1.207493	-1.379430	0.970021	0.399204	0.261057	-1.399999	1.303792	-0.827662	-0.512459	-0.185152	1.204547	-1.442565	0.918671	-0.020700	-0.072552	0.094871	-0.051182	-0.433624	-0.097737	-0.023658	-0.189705	0.031196	0.333995	0.003906	0.042969	-0.042969	-0.453125	-0.187500	-0.058594	-0.191406	0.121094	0.460938	0.175781	0.022558	-0.017283	-5.320690	-0.023801	-0.387994	-0.086643	0.504561	0.357497	9.732527	1.000000	0.000000	0.000000	0.000000	
0.402777	0.254724	-1.393580	1.238211	-0.876143	-0.530543	-0.203674	1.205894	-1.382908	0.967140	0.399331	0.260182	-1.398400	1.303719	-0.834968	-0.513463	-0.185281	1.202052	-1.442841	0.927474	-0.071863	-0.085190	0.096728	0.029778	-0.235292	-0.065608	-0.000039	-0.294651	-0.059694	0.410280	0.019531	0.023438	-0.050781	-0.445312	-0.207031	-0.066406	-0.199219	0.152344	0.449219	0.156250	0.022558	-0.017283	-5.320690	-0.023801	-0.387994	-0.086643	0.504561	0.357497	9.732527	1.000000	0.000000	0.000000	0.000000	
0.403205	0.254053	-1.391513	1.239831	-0.875379	-0.532137	-0.202510	1.204193	-1.383908	0.968947	0.399429	0.259143	-1.397135	1.303729	-0.838125	-0.514124	-0.185315	1.197748	-1.443114	0.932191	-0.087448	-0.089944	0.041079	0.006467	-0.163115	-0.030988	0.009302	-0.200457	-0.040866	0.267854	0.011719	0.011719	-0.050781	-0.433594	-0.207031	-0.085938	-0.187500	0.164062	0.433594	0.156250	0.022558	-0.017283	-5.320690	-0.023801	-0.387994	-0.086643	0.504561	0.357497	9.732527	1.000000	0.000000	0.000000	0.000000	
0.403579	0.252867	-1.389413	1.241781	-0.877260	-0.533519	-0.202403	1.203923	-1.383722	0.974771	0.399643	0.258152	-1.394289	1.303804	-0.839847	-0.514693	-0.185338	1.195361	-1.443533	0.935025	-0.050620	-0.040401	0.119266	0.052991	-0.096573	-0.065912	-0.017681	-0.138693	-0.077369	0.201267	0.007812	0.011719	-0.023438	-0.433594	-0.191406	-0.089844	-0.171875	0.167969	0.414062	0.164062	0.022558	-0.017283	-5.320690	-0.023801	-0.387994	-0.086643	0.504561	0.357497	9.732527	1.000000	0.000000	0.000000	0.000000	
0.403954	0.251817	-1.387453	1.243727	-0.879081	-0.534629	-0.202412	1.204281	-1.383398	0.980496	0.399782	0.257315	-1.392435	1.304376	-0.841718	-0.515412	-0.185326	1.192896	-1.444004	0.939057	-0.078344	-0.051732	0.155002	-0.005170	-0.124815	-0.048467	0.005211	-0.160434	-0.021695	0.198098	0.027344	0.027344	-0.035156	-0.433594	-0.167969	-0.093750	-0.167969	0.175781	0.417969	0.125000	0.022558	-0.017283	-5.320690	-0.023801	-0.387994	-0.086643	0.504561	0.357497	9.732527	1.000000	0.000000	0.000000	0.000000	
0.404342	0.250953	-1.385155	1.244445	-0.879292	-0.536038	-0.202105	1.204471	-1.382150	0.983490	0.399834	0.256502	-1.390319	1.304975	-0.845170	-0.516138	-0.185340	1.190804	-1.444534	0.942651	-0.046220	-0.044722	0.158575	0.006462	-0.162536	-0.039743	-0.018090	-0.218442	-0.002170	0.239657	0.019531	0.023438	-0.039062	-0.429688	-0.148438	-0.093750	-0.171875	0.191406	0.410156	0.109375	0.022558	-0.017283	-5.320690	-0.023801	-0.387994	-0.086643	0.504561	0.357497	9.732527	1.000000	0.000000	0.000000	0.000000	
0.404608	0.250202	-1.383124	1.245065	-0.880129	-0.537268	-0.201746	1.203485	-1.381522	0.987336	0.399845	0.255636	-1.388685	1.305749	-0.847291	-0.516840	-0.185343	1.188059	-1.444907	0.946786	-0.095352	-0.042858	0.117057	0.063460	-0.169797	-0.035381	0.009823	-0.123044	-0.049072	0.313605	0.027344	0.007812	-0.050781	-0.433594	-0.148438	-0.101562	-0.167969	0.187500	0.414062	0.117188	0.022558	-0.017283	-5.320690	-0.023801	-0.387994	-0.086643	0.504561	0.357497	9.732527	1.000000	0.000000	0.000000	0.000000	
0.404619	0.249112	-1.381293	1.247160	-0.883157	-0.538006	-0.201947	1.202728	-1.380973	0.994023	0.399823	0.254987	-1.385401	1.306752	-0.849581	-0.517514	-0.185352	1.186855	-1.445127	0.950909	-0.016515	-0.047325	0.109415	0.086608	-0.229847	-0.073331	0.004472	-0.116993	-0.029335	0.334959	0.039062	0.003906	-0.035156	-0.445312	-0.117188	-0.105469	-0.156250	0.191406	0.421875	0.101562	0.022558	-0.017283	-5.320690	-0.023801	-0.387994	-0.086643	0.504561	0.357497	9.732527	1.000000	0.000000	0.000000	0.000000	
0.404494	0.247927	-1.379489	1.249404	-0.887714	-0.538586	-0.202339	1.202545	-1.380681	1.002789	0.399746	0.254550	-1.383266	1.308940	-0.852147	-0.517891	-0.185353	1.186033	-1.445195	0.954642	-0.012120	-0.047771	0.143548	0.088922	-0.225383	-0.024781	0.006263	-0.039616	-0.055278	0.246363	0.039062	0.003906	-0.050781	-0.460938	-0.093750	-0.109375	-0.156250	0.191406	0.421875	0.093750	0.022558	-0.017283	-5.320690	-0.023801	-0.387994	-0.086643	0.504561	0.357497	9.732527	1.000000	0.000000	0.000000	0.000000	
0.404430	0.246561	-1.377660	1.250775	-0.892459	-0.539150	-0.202239	1.202043	-1.380763	1.011091	0.399609	0.253994	-1.381458	1.310517	-0.857337	-0.518693	-0.185378	1.185457	-1.445282	0.962101	-0.001212	-0.031531	0.091127	0.110092	-0.277282	-0.047843	-0.013332	-0.052816	-0.005528	0.303807	0.039062	-0.003906	-0.035156	-0.453125	-0.074219	-0.101562	-0.164062	0.187500	0.414062	0.085938	0.022558	-0.017283	-5.320690	-0.023801	-0.387994	-0.086643	0.504561	0.357497	9.732527	1.000000	0.000000	0.000000	0.000000	
0.404394	0.245350	-1.375703	1.252100	-0.895352	-0.539629	-0.201809	1.201492	-1.380900	1.018278	0.399436	0.253220	-1.380006	1.311971	-0.861259	-0.519872	-0.185423	1.184663	-1.445275	0.967567	-0.007100	-0.046192	0.110312	0.105229	-0.355754	-0.119942	-0.007149	-0.047157	0.055281	0.382834	0.035156	0.003906	-0.054688	-0.445312	-0.054688	-0.085938	-0.156250	0.187500	0.421875	0.082031	0.022558	-0.017283	-5.320690	-0.023801	-0.387994	-0.086643	0.504561	0.357497	9.732527	1.000000	0.000000	0.000000	0.000000	
0.404440	0.244373	-1.373869	1.253288	-0.897820	-0.540467	-0.201060	1.200196	-1.380180	1.025597	0.399281	0.252322	-1.377728	1.313062	-0.865436	-0.520786	-0.185497	1.184019	-1.445273	0.973410	0.055124	-0.068596	0.084313	0.055888	-0.363601	-0.064339	-0.018163	-0.036122	0.005528	0.530322	0.039062	0.007812	-0.023438	-0.433594	-0.066406	-0.101562	-0.156250	0.191406	0.433594	0.070312	0.022558	-0.017283	-5.320690	-0.023801	-0.387994	-0.086643	0.504561	0.357497	9.732527	1.000000	0.000000	0.000000	0.000000	
0.404780	0.242994	-1.372075	1.254047	-0.900367	-0.541280	-0.200365	1.199771	-1.380018	1.033206	0.399177	0.251311	-1.376691	1.314516	-0.869785	-0.521211	-0.185528	1.183430	-1.445249	0.979377	-0.029384	-0.062694	0.029369	0.036996	-0.416730	0.004035	-0.005306	-0.073405	0.007532	0.388037	0.039062	0.011719	-0.003906	-0.433594	-0.039062	-0.109375	-0.156250	0.199219	0.429688	0.058594	0.022558	-0.017283	-5.320690	-0.023801	-0.387994	-0.086643	0.504561	0.357497	9.732527	1.000000	0.000000	0.000000	0.000000	
0.404877	0.241668	-1.370477	1.255562	-0.903582	-0.541648	-0.200414	1.199413	-1.380371	1.040438	0.399180	0.249986	-1.375684	1.315630	-0.876980	-0.521441	-0.185550	1.182658	-1.445220	0.990264	0.007531	-0.073736	0.041323	0.063023	-0.348761	-0.034493	-0.009836	-0.101561	-0.013205	0.422663	0.035156	0.035156	-0.007812	-0.445312	-0.019531	-0.117188	-0.148438	0.203125	0.433594	0.066406	0.022558	-0.017283	-5.320690	-0.023801	-0.387994	-0.086643	0.504561	0.357497	9.732527	1.000000	0.000000	0.000000	0.000000	
0.405053	0.240730	-1.368992	1.257296	-0.906439	-0.542050	-0.200558	1.198700	-1.381034	1.048306	0.399205	0.248662	-1.374756	1.316653	-0.881715	-0.521633	-0.185555	1.181219	-1.445165	0.997482	-0.037633	-0.081819	0.059966	0.104012	-0.324516	-0.024387	0.001343	-0.065990	-0.004810	0.443574	0.039062	0.019531	-0.011719	-0.437500	-0.003906	-0.125000	-0.140625	0.207031	0.417969	0.066406	0.022558	-0.017283	-5.320690	-0.023801	-0.387994	-0.086643	0.504561	0.357497	9.732527	1.000000	0.000000	0.000000	0.000000	
0.405255	0.239944	-1.367278	1.259231	-0.909614	-0.542558	-0.200418	1.198022	-1.381297	1.056584	0.399234	0.247461	-1.372922	1.317657	-0.886055	-0.521720	-0.185596	1.180398	-1.445154	1.003942	-0.066577	-0.096586	0.075789	0.108111	-0.343029	-0.030356	-0.004519	-0.027537	-0.031888	0.525927	0.035156	0.011719	0.000000	-0.445312	-0.003906	-0.125000	-0.140625	0.203125	0.429688	0.058594	0.022558	-0.017283	-5.320690	-0.023801	-0.387994	-0.086643	0.504561	0.357497	9.732527	1.000000	0.000000	0.000000	0.000000	
0.405618	0.239042	-1.365721	1.261796	-0.912534	-0.543122	-0.200409	1.197856	-1.381420	1.063806	0.399337	0.246671	-1.371586	1.319676	-0.890146	-0.521761	-0.185669	1.179677	-1.445128	1.014370	0.000322	-0.078288	0.070392	0.077114	-0.303005	-0.003036	-0.019063	-0.096974	-0.006678	0.474838	0.039062	0.019531	-0.007812	-0.449219	0.003906	-0.125000	-0.140625	0.207031	0.417969	0.058594	0.022558	-0.017283	-5.320690	-0.023801	-0.387994	-0.086643	0.504561	0.357497	9.732527	1.000000	0.000000	0.000000	0.000000	
0.406185	0.238045	-1.363975	1.263734	-0.915578	-0.543450	-0.200494	1.197852	-1.381707	1.069917	0.399358	0.245810	-1.370398	1.320976	-0.896707	-0.521866	-0.185764	1.178975	-1.445123	1.021326	-0.024395	-0.063663	0.073342	0.042608	-0.354836	-0.070096	-0.013538	-0.089959	-0.042543	0.434833	0.039062	0.000000	0.003906	-0.429688	0.027344	-0.136719	-0.132812	0.218750	0.421875	0.054688	0.022558	-0.017283	-5.320690	-0.023801	-0.387994	-0.086643	0.504561	0.357497	9.732527	1.000000	0.000000	0.000000	0.000000	
0.408670	0.241642	-1.360359	1.266786	-0.903579	-0.544371	-0.201916	1.198295	-1.382606	1.062881	0.399362	0.245162	-1.369700	1.322230	-0.901146	-0.521984	-0.185880	1.177332	-1.445097	1.028000	-0.082701	-0.026141	0.003845	0.067074	-0.269289	0.003459	-0.008333	-0.117175	-0.014723	0.497136	0.042969	-0.035156	0.003906	-0.433594	0.023438	-0.132812	-0.132812	0.230469	0.421875	0.042969	0.023284	-0.105292	-5.349127	0.058251	0.005807	-0.030637	0.710092	-2.038929	9.218161	1.000000	0.000000	0.000000	0.000000	
0.412576	0.239809	-1.360530	1.271553	-0.904633	-0.544093	-0.202643	1.201553	-1.381585	1.069212	0.399411	0.244741	-1.367767	1.323813	-0.904578	-0.522226	-0.186000	1.176374	-1.445092	1.034763	-0.043166	-0.032858	0.139970	0.083479	-0.316568	-0.034550	-0.019445	-0.109427	-0.015431	0.506855	0.042969	-0.039062	0.000000	-0.449219	0.023438	-0.132812	-0.125000	0.246094	0.414062	0.054688	0.023429	-0.122893	-5.354815	0.066457	0.045188	-0.025036	0.730645	-2.278571	9.166724	1.000000	0.000000	0.000000	0.000000	
0.413876	0.235360	-1.362006	1.279143	-0.920677	-0.542862	-0.205153	1.205836	-1.378189	1.092701	0.399518	0.244641	-1.366193	1.328249	-0.906355	-0.522541	-0.186121	1.175722	-1.445140	1.040696	-0.021765	-0.014918	0.076810	0.179340	-0.077022	-0.080227	-0.032188	-0.070266	-0.039929	0.410118	0.050781	-0.023438	0.027344	-0.492188	0.050781	-0.136719	-0.132812	0.238281	0.429688	0.042969	0.023458	-0.126414	-5.355952	0.067277	0.049126	-0.024476	0.732700	-2.302535	9.161580	1.000000	0.000000	0.000000	0.000000	
0.414801	0.230967	-1.362178	1.285129	-0.937333	-0.542037	-0.208413	1.210897	-1.375451	1.120150	0.400072	0.244572	-1.365175	1.331924	-0.908940	-0.522652	-0.186275	1.175664	-1.445149	1.046851	-0.044052	-0.010797	0.049557	0.227312	-0.147288	-0.060367	-0.004382	-0.041923	0.020435	0.278307	0.074219	-0.042969	0.019531	-0.496094	0.085938	-0.132812	-0.164062	0.257812	0.421875	0.054688	0.023464	-0.127118	-5.356180	0.067359	0.049519	-0.024420	0.732906	-2.304932	9.161066	1.000000	0.000000	0.000000	0.000000	
0.415951	0.228002	-1.360274	1.288192	-0.949168	-0.542167	-0.209469	1.214951	-1.373156	1.145260	0.400644	0.244389	-1.363978	1.335736	-0.912171	-0.522650	-0.186507	1.176210	-1.445103	1.053389	-0.028833	-0.027834	0.109645	0.211171	-0.279941	-0.040933	-0.028355	0.051642	0.016002	0.484973	0.082031	-0.042969	0.000000	-0.464844	0.058594	-0.132812	-0.167969	0.296875	0.433594	0.054688	0.023465	-0.127259	-5.356225	0.067367	0.049559	-0.024415	0.732926	-2.305171	9.161015	1.000000	0.000000	0.000000	0.000000	
0.417327	0.225659	-1.356829	1.289986	-0.955678	-0.542426	-0.208829	1.218064	-1.372481	1.166382	0.401170	0.243561	-1.362357	1.339019	-0.917300	-0.522626	-0.186958	1.176828	-1.444900	1.062693	-0.023821	-0.050475	0.007475	0.153723	-0.429302	-0.004093	-0.050527	0.036571	-0.001889	0.802258	0.082031	-0.066406	-0.011719	-0.429688	0.023438	-0.132812	-0.167969	0.332031	0.453125	0.085938	0.023465	-0.127287	-5.356234	0.067368	0.049563	-0.024414	0.732928	-2.305195	9.161010	1.000000	0.000000	0.000000	0.000000	
0.418268	0.223348	-1.353646	1.293319	-0.963339	-0.541305	-0.207995	1.220270	-1.373386	1.181707	0.402075	0.242353	-1.361597	1.343868	-0.923294	-0.522645	-0.187775	1.177533	-1.444738	1.071776	0.074390	-0.079493	-0.002742	0.235219	-0.500072	-0.017857	-0.058560	0.045533	0.066114	0.638567	0.070312	-0.058594	0.000000	-0.433594	0.003906	-0.125000	-0.164062	0.351562	0.464844	0.089844	0.023465	-0.127292	-5.356236	0.067368	0.049563	-0.024414	0.732929	-2.305198	9.161009	1.000000	0.000000	0.000000	0.000000	
0.418126	0.222239	-1.352026	1.296098	-0.977102	-0.538823	-0.205841	1.219166	-1.378054	1.192688	0.403758	0.240714	-1.360888	1.346825	-0.932466	-0.522746	-0.188528	1.178474	-1.444463	1.090871	0.213327	-0.121944	0.041601	0.114252	-0.412929	-0.019234	-0.086118	-0.002426	0.058956	0.901369	0.050781	-0.027344	0.023438	-0.445312	-0.011719	-0.132812	-0.140625	0.371094	0.453125	0.167969	0.023465	-0.127293	-5.356236	0.067368	0.049563	-0.024414	0.732929	-2.305198	9.161009	1.000000	0.000000	0.000000	0.000000	
0.417251	0.221512	-1.350975	1.296745	-0.994435	-0.536007	-0.202208	1.215675	-1.384995	1.200368	0.405379	0.238722	-1.360576	1.349476	-0.938638	-0.522815	-0.189002	1.179534	-1.443802	1.103947	0.073677	-0.138984	0.021608	0.210334	-0.421663	-0.033330	-0.044671	0.013716	0.065219	0.882283	0.054688	-0.007812	0.035156	-0.445312	-0.011719	-0.109375	-0.140625	0.386719	0.433594	0.203125	0.023465	-0.127294	-5.356236	0.067368	0.049563	-0.024414	0.732929	-2.305198	9.161009	1.000000	0.000000	0.000000	0.000000	
0.416212	0.220526	-1.351867	1.297641	-1.015819	-0.532362	-0.198804	1.208745	-1.392136	1.199516	0.406867	0.236555	-1.358939	1.352284	-0.944913	-0.522804	-0.189444	1.179771	-1.442313	1.115287	0.070181	-0.126730	0.026588	0.185046	-0.460922	-0.003333	-0.031221	-0.050973	0.010012	0.918761	0.042969	-0.003906	0.039062	-0.445312	-0.039062	-0.101562	-0.132812	0.382812	0.402344	0.199219	0.023465	-0.127294	-5.356236	0.067368	0.049563	-0.024414	0.732929	-2.305198	9.161009	1.000000	0.000000	0.000000	0.000000	
0.415771	0.220731	-1.354325	1.298178	-1.036050	-0.529932	-0.195105	1.199678	-1.398364	1.192005	0.407673	0.234683	-1.357618	1.356893	-0.952323	-0.522705	-0.189686	1.179527	-1.441942	1.125382	0.052383	-0.119688	0.093389	0.227883	-0.646309	0.048522	-0.032202	-0.039994	0.018449	0.709541	0.039062	-0.023438	0.039062	-0.464844	-0.042969	-0.082031	-0.105469	0.367188	0.378906	0.183594	0.023465	-0.127294	-5.356236	0.067368	0.049563	-0.024414	0.732929	-2.305198	9.161009	1.000000	0.000000	0.000000	0.000000	
0.416025	0.221324	-1.357398	1.298963	-1.053555	-0.528389	-0.192261	1.190376	-1.404792	1.179951	0.408392	0.232993	-1.356554	1.359632	-0.965437	-0.522491	-0.189774	1.178364	-1.442183	1.139930	-0.008720	-0.130616	0.072152	0.165863	-0.724171	0.015321	-0.000894	-0.143585	0.019293	0.562992	0.039062	-0.011719	0.007812	-0.445312	-0.085938	-0.066406	-0.074219	0.339844	0.335938	0.175781	0.023465	-0.127294	-5.356236	0.067368	0.049563	-0.024414	0.732929	-2.305198	9.161009	1.000000	0.000000	0.000000	0.000000	
0.417328	0.220967	-1.358765	1.301914	-1.062964	-0.527973	-0.191317	1.184753	-1.405888	1.172670	0.408851	0.231968	-1.355032	1.361707	-0.976348	-0.522352	-0.189808	1.175829	-1.442571	1.146620	-0.000872	-0.095650	0.132842	0.159661	-0.857584	-0.022895	-0.002416	-0.126027	-0.060884	0.345939	0.039062	-0.007812	-0.019531	-0.464844	-0.093750	-0.054688	-0.042969	0.285156	0.300781	0.187500	0.023465	-0.127294	-5.356236	0.067368	0.049563	-0.024414	0.732929	-2.305198	9.161009	1.000000	0.000000	0.000000	0.000000	
0.420162	0.219969	-1.357647	1.305942	-1.063218	-0.528829	-0.191509	1.183454	-1.403732	1.170300	0.409112	0.230600	-1.351893	1.363454	-0.987448	-0.522178	-0.189783	1.173044	-1.443375	1.149484	0.017361	-0.084010	0.194745	0.043883	-0.884884	-0.016248	-0.018853	-0.204532	-0.058433	0.121835	0.039062	-0.007812	-0.121094	-0.449219	-0.125000	-0.039062	-0.023438	0.218750	0.273438	0.164062	0.023465	-0.127294	-5.356236	0.067368	0.049563	-0.024414	0.732929	-2.305198	9.161009	1.000000	0.000000	0.000000	0.000000	
0.423886	0.218732	-1.353691	1.309986	-1.057001	-0.531034	-0.192999	1.185939	-1.399903	1.173547	0.409213	0.229187	-1.349665	1.365258	-0.998125	-0.522144	-0.189802	1.170791	-1.444191	1.151487	0.040122	-0.101458	0.228852	0.025326	-0.793394	-0.033032	-0.025150	-0.194935	-0.103553	0.123852	0.058594	0.007812	-0.148438	-0.437500	-0.148438	-0.035156	-0.007812	0.203125	0.285156	0.132812	0.023465	-0.127294	-5.356236	0.067368	0.049563	-0.024414	0.732929	-2.305198	9.161009	1.000000	0.000000	0.000000	0.000000	
0.428045	0.217322	-1.348182	1.314512	-1.049480	-0.534074	-0.196178	1.190681	-1.396945	1.185091	0.409548	0.227741	-1.347039	1.366467	-1.011409	-0.522137	-0.189943	1.169177	-1.444572	1.152833	-0.041353	-0.084591	0.281118	0.082794	-0.438772	-0.031220	-0.021126	-0.033452	-0.013845	0.015875	0.054688	0.007812	-0.183594	-0.421875	-0.175781	-0.039062	0.000000	0.175781	0.273438	0.105469	0.023465	-0.127294	-5.356236	0.067368	0.049563	-0.024414	0.732929	-2.305198	9.161009	1.000000	0.000000	0.000000	0.000000	
0.431806	0.215531	-1.342317	1.318432	-1.045035	-0.537271	-0.199877	1.195989	-1.395942	1.202645	0.410487	0.226450	-1.344478	1.367799	-1.017288	-0.522160	-0.190125	1.168248	-1.444551	1.154023	0.037740	-0.074762	0.237490	0.123437	-0.319558	-0.041508	-0.034683	-0.006835	0.043981	0.120235	0.074219	0.000000	-0.203125	-0.410156	-0.156250	-0.054688	0.000000	0.183594	0.300781	0.085938	0.023465	-0.127294	-5.356236	0.067368	0.049563	-0.024414	0.732929	-2.305198	9.161009	1.000000	0.000000	0.000000	0.000000	
0.434368	0.213806	-1.336317	1.320045	-1.046131	-0.539467	-0.202269	1.199923	-1.396588	1.227409	0.412057	0.225247	-1.339361	1.369447	-1.020524	-0.522310	-0.190670	1.168135	-1.443602	1.156611	0.028201	-0.087738	0.131928	0.148439	-0.227375	-0.028578	-0.049997	-0.028601	0.042784	0.231870	0.070312	-0.007812	-0.156250	-0.414062	-0.125000	-0.074219	-0.011719	0.222656	0.269531	0.101562	0.023465	-0.127294	-5.356236	0.067368	0.049563	-0.024414	0.732929	-2.305198	9.161009	1.000000	0.000000	0.000000	0.000000	
0.435800	0.212939	-1.331674	1.320724	-1.053243	-0.539962	-0.203395	1.201128	-1.399194	1.248293	0.413655	0.224102	-1.335818	1.373436	-1.022577	-0.522485	-0.191619	1.168646	-1.442491	1.159552	0.100530	-0.056465	0.212102	0.206774	-0.207688	-0.055202	-0.053855	-0.002860	0.056623	0.225586	0.089844	-0.027344	-0.148438	-0.445312	-0.093750	-0.093750	-0.023438	0.257812	0.265625	0.085938	0.023465	-0.127294	-5.356236	0.067368	0.049563	-0.024414	0.732929	-2.305198	9.161009	1.000000	0.000000	0.000000	0.000000	
0.435920	0.213826	-1.329760	1.319053	-1.071940	-0.538150	-0.202492	1.194601	-1.407743	1.259351	0.415550	0.222839	-1.332710	1.376197	-1.026889	-0.522859	-0.192512	1.169305	-1.441372	1.171773	0.125211	-0.090561	0.181733	0.149794	-0.254574	-0.057865	-0.064709	0.017162	0.075455	0.772830	0.074219	0.000000	-0.117188	-0.433594	-0.042969	-0.085938	-0.035156	0.312500	0.253906	0.074219	0.023465	-0.127294	-5.356236	0.067368	0.049563	-0.024414	0.732929	-2.305198	9.161009	1.000000	0.000000	0.000000	0.000000	
0.435708	0.215154	-1.332751	1.314800	-1.100012	-0.534366	-0.199526	1.179258	-1.421601	1.255908	0.416656	0.221980	-1.330562	1.378348	-1.030465	-0.523370	-0.193288	1.169291	-1.440349	1.183159	0.068355	-0.113745	0.101925	0.172013	-0.311607	-0.082558	-0.036714	-0.043649	0.080828	0.831044	0.089844	0.007812	-0.089844	-0.429688	-0.042969	-0.085938	-0.054688	0.316406	0.234375	0.132812	0.023465	-0.127294	-5.356236	0.067368	0.049563	-0.024414	0.732929	-2.305198	9.161009	1.000000	0.000000	0.000000	0.000000	
0.435265	0.218395	-1.342910	1.308647	-1.142007	-0.529115	-0.192694	1.154880	-1.438329	1.227782	0.418137	0.220815	-1.327660	1.379820	-1.036003	-0.524127	-0.193928	1.168537	-1.439587	1.193627	0.170848	-0.084657	0.086964	0.118401	-0.523199	-0.095497	-0.045547	-0.084626	-0.040772	0.777541	0.070312	0.019531	-0.054688	-0.414062	-0.042969	-0.070312	-0.050781	0.269531	0.214844	0.152344	0.023465	-0.127294	-5.356236	0.067368	0.049563	-0.024414	0.732929	-2.305198	9.161009	1.000000	0.000000	0.000000	0.000000	
0.434841	0.222609	-1.357785	1.301095	-1.184962	-0.524040	-0.182224	1.126838	-1.453144	1.185142	0.420420	0.219661	-1.326692	1.380454	-1.044405	-0.524472	-0.194104	1.165455	-1.440646	1.202603	0.093857	-0.074769	0.026145	-0.078890	-0.792122	-0.054915	0.000098	-0.252737	-0.122725	0.629116	0.050781	0.039062	-0.074219	-0.414062	-0.085938	-0.054688	-0.050781	0.234375	0.175781	0.140625	0.023465	-0.127294	-5.356236	0.067368	0.049563	-0.024414	0.732929	-2.305198	9.161009	1.000000	0.000000	0.000000	0.000000	
0.436824	0.225003	-1.369149	1.296397	-1.210791	-0.521139	-0.173953	1.104899	-1.458583	1.140601	0.422840	0.218873	-1.327177	1.378812	-1.061910	-0.524759	-0.193922	1.158901	-1.444105	1.211353	0.148971	-0.048189	-0.081137	-0.280080	-1.042351	-0.106691	0.000010	-0.520802	-0.434518	0.129215	0.023438	0.027344	-0.140625	-0.355469	-0.152344	-0.027344	0.003906	0.148438	0.175781	0.058594	0.023465	-0.127294	-5.356236	0.067368	0.049563	-0.024414	0.732929	-2.305198	9.161009	1.000000	0.000000	0.000000	0.000000	
0.442428	0.224804	-1.365715	1.302193	-1.198241	-0.522468	-0.175351	1.100557	-1.446651	1.123221	0.424681	0.218562	-1.327129	1.375503	-1.079200	-0.524526	-0.193457	1.146564	-1.449014	1.208838	0.116096	-0.028083	0.058189	-0.408378	-1.444254	-0.035097	0.065141	-0.659276	-0.444760	-0.482606	0.035156	0.050781	-0.175781	-0.355469	-0.175781	0.000000	0.019531	0.054688	0.125000	0.023438	0.023465	-0.127294	-5.356236	0.067368	0.049563	-0.024414	0.732929	-2.305198	9.161009	1.000000	0.000000	0.000000	0.000000	
0.450636	0.221396	-1.353810	1.313567	-1.163696	-0.526957	-0.183507	1.108749	-1.427314	1.139658	0.426503	0.218451	-1.329154	1.371230	-1.097634	-0.524382	-0.191765	1.135784	-1.460900	1.198812	0.123278	-0.013277	-0.081422	-0.494490	-1.484444	-0.104709	0.079796	-0.879012	-0.616776	-1.011399	0.019531	0.066406	-0.371094	-0.347656	-0.238281	0.023438	0.074219	-0.007812	0.246094	-0.023438	0.023465	-0.127294	-5.356236	0.067368	0.049563	-0.024414	0.732929	-2.305198	9.161009	1.000000	0.000000	0.000000	0.000000	
0.458976	0.218165	-1.340844	1.322858	-1.127190	-0.533364	-0.191947	1.120443	-1.409269	1.168240	0.427789	0.218275	-1.329342	1.363832	-1.111911	-0.524475	-0.190610	1.127061	-1.467834	1.187767	0.085610	-0.025755	-0.001163	-0.332109	-0.947570	-0.010471	0.054508	-0.649732	-0.466475	-0.823494	0.050781	0.074219	-0.371094	-0.304688	-0.253906	0.007812	0.105469	-0.054688	0.281250	-0.035156	0.023465	-0.127294	-5.356236	0.067368	0.049563	-0.024414	0.732929	-2.305198	9.161009	1.000000	0.000000	0.000000	0.000000	
0.466072	0.215658	-1.328349	1.330123	-1.093448	-0.542097	-0.200543	1.135571	-1.395882	1.208788	0.431269	0.217893	-1.326786	1.362038	-1.123806	-0.524469	-0.190476	1.122069	-1.470505	1.175404	0.207470	-0.003739	0.254627	-0.005294	-0.129653	0.012911	-0.006181	-0.295289	-0.098992	-0.267300	0.023438	0.042969	-0.367188	-0.335938	-0.234375	-0.019531	0.070312	-0.027344	0.300781	-0.156250	0.023465	-0.127294	-5.356236	0.067368	0.049563	-0.024414	0.732929	-2.305198	9.161009	1.000000	0.000000	0.000000	0.000000	
0.470487	0.211949	-1.317966	1.336027	-1.063391	-0.548806	-0.207927	1.151991	-1.390539	1.255013	0.436545	0.217534	-1.323949	1.362697	-1.121725	-0.524322	-0.190870	1.118235	-1.470385	1.175016	0.272001	-0.023638	0.154579	0.076243	0.391832	-0.005688	-0.019230	-0.130728	0.094790	0.252441	0.023438	0.003906	-0.355469	-0.300781	-0.183594	-0.070312	0.023438	0.050781	0.355469	-0.136719	0.023465	-0.127294	-5.356236	0.067368	0.049563	-0.024414	0.732929	-2.305198	9.161009	1.000000	0.000000	0.000000	0.000000	
0.471895	0.208787	-1.311657	1.339584	-1.038287	-0.550081	-0.212335	1.163972	-1.393476	1.294169	0.442641	0.217341	-1.317565	1.364355	-1.113627	-0.524850	-0.191764	1.117977	-1.466629	1.181287	0.281943	-0.004690	0.210877	0.133251	0.754558	-0.011038	-0.034493	-0.047969	0.176981	0.583585	0.027344	-0.011719	-0.191406	-0.304688	-0.156250	-0.105469	-0.027344	0.187500	0.402344	-0.050781	0.023465	-0.127294	-5.356236	0.067368	0.049563	-0.024414	0.732929	-2.305198	9.161009	1.000000	0.000000	0.000000	0.000000	
0.471266	0.208407	-1.309512	1.338073	-1.032521	-0.547559	-0.215478	1.168153	-1.404448	1.323670	0.448828	0.217197	-1.314664	1.366432	-1.101248	-0.525538	-0.192888	1.119162	-1.464205	1.188188	0.415544	-0.022570	0.024577	0.187807	1.073491	-0.112772	-0.040672	0.058016	0.132856	0.501542	0.003906	-0.027344	-0.050781	-0.328125	-0.136719	-0.105469	-0.085938	0.296875	0.414062	-0.035156	0.023465	-0.127294	-5.356236	0.067368	0.049563	-0.024414	0.732929	-2.305198	9.161009	1.000000	0.000000	0.000000	0.000000	
0.468930	0.212500	-1.309975	1.332974	-1.049822	-0.542315	-0.217996	1.162367	-1.425632	1.340102	0.454621	0.216684	-1.313479	1.372445	-1.086655	-0.527784	-0.193880	1.121386	-1.461418	1.211185	0.299787	-0.034827	-0.001032	0.245607	1.140280	-0.150863	-0.054085	0.120960	0.229643	1.198243	0.003906	-0.039062	0.003906	-0.316406	-0.093750	-0.093750	-0.121094	0.363281	0.355469	0.089844	0.023465	-0.127294	-5.356236	0.067368	0.049563	-0.024414	0.732929	-2.305198	9.161009	1.000000	0.000000	0.000000	0.000000	
0.465942	0.218466	-1.320946	1.320480	-1.095198	-0.534477	-0.214197	1.135226	-1.455197	1.319169	0.458954	0.216306	-1.313023	1.375901	-1.066773	-0.529226	-0.194523	1.121128	-1.459698	1.228773	0.190502	-0.003483	-0.003593	0.146698	0.665390	-0.112796	-0.025183	-0.106552	0.085778	1.383071	0.011719	-0.066406	0.027344	-0.316406	-0.035156	-0.089844	-0.175781	0.511719	0.312500	0.156250	0.023465	-0.127294	-5.356236	0.067368	0.049563	-0.024414	0.732929	-2.305198	9.161009	1.000000	0.000000	0.000000	0.000000	
0.462438	0.227410	-1.345216	1.300587	-1.168175	-0.525417	-0.200383	1.088241	-1.489381	1.250579	0.461881	0.216288	-1.313684	1.377780	-1.058605	-0.529902	-0.195015	1.118653	-1.459838	1.244722	0.106291	-0.005001	0.006620	0.018159	0.237531	-0.049666	-0.051373	-0.265398	-0.193821	1.150301	0.000000	-0.027344	0.058594	-0.320312	-0.050781	-0.066406	-0.187500	0.519531	0.281250	0.234375	0.023465	-0.127294	-5.356236	0.067368	0.049563	-0.024414	0.732929	-2.305198	9.161009	1.000000	0.000000	0.000000	0.000000	
0.459668	0.234923	-1.373209	1.277929	-1.250912	-0.516835	-0.182022	1.035498	-1.517283	1.162981	0.463120	0.216575	-1.315221	1.378738	-1.059903	-0.529529	-0.195162	1.112366	-1.464326	1.258696	0.062974	-0.007479	-0.097048	-0.106363	-0.398492	0.057847	-0.016769	-0.487171	-0.514910	1.099106	0.003906	0.000000	-0.023438	-0.289062	-0.085938	-0.054688	-0.183594	0.398438	0.265625	0.175781	0.023465	-0.127294	-5.356236	0.067368	0.049563	-0.024414	0.732929	-2.305198	9.161009	1.000000	0.000000	0.000000	0.000000	
0.462527	0.233003	-1.386586	1.271758	-1.276517	-0.516985	-0.170936	1.001653	-1.517858	1.087674	0.463150	0.217529	-1.319091	1.373622	-1.072352	-0.528000	-0.194359	1.099695	-1.474359	1.264423	-0.004172	0.042291	-0.292365	-0.418923	-1.456640	0.058129	0.023914	-1.001387	-1.084422	-0.354210	0.007812	0.035156	-0.152344	-0.304688	-0.105469	-0.027344	-0.089844	0.265625	0.281250	0.054688	0.023465	-0.127294	-5.356236	0.067368	0.049563	-0.024414	0.732929	-2.305198	9.161009	1.000000	0.000000	0.000000	0.000000	
0.469100	0.226107	-1.374451	1.285608	-1.245803	-0.517931	-0.175590	1.009072	-1.485079	1.084303	0.462163	0.218487	-1.326117	1.365401	-1.104843	-0.525804	-0.192656	1.077192	-1.488240	1.250883	-0.000417	0.021677	-0.584088	-0.917790	-1.855584	0.113992	0.081490	-1.056298	-1.406586	-1.609245	0.007812	0.117188	-0.257812	-0.273438	-0.281250	0.003906	0.011719	0.011719	0.296875	0.011719	0.023465	-0.127294	-5.356236	0.067368	0.049563	-0.024414	0.732929	-2.305198	9.161009	1.000000	0.000000	0.000000	0.000000	
0.476402	0.223499	-1.357012	1.299154	-1.192368	-0.524794	-0.186129	1.026124	-1.453775	1.129506	0.461844	0.218816	-1.333581	1.358571	-1.131649	-0.524904	-0.190659	1.059969	-1.517358	1.223821	-0.034938	0.024269	-0.156119	-0.552411	-2.021105	0.060254	0.104695	-1.222312	-1.253851	-2.373352	0.000000	0.148438	-0.464844	-0.386719	-0.238281	0.054688	0.085938	-0.152344	0.437500	-0.058594	0.023465	-0.127294	-5.356236	0.067368	0.049563	-0.024414	0.732929	-2.305198	9.161009	1.000000	0.000000	0.000000	0.000000	
0.483235	0.224188	-1.342984	1.309922	-1.135352	-0.534738	-0.194524	1.045780	-1.428730	1.182371	0.462265	0.218623	-1.334250	1.352383	-1.150218	-0.524870	-0.189824	1.049933	-1.530864	1.196937	0.010465	-0.039449	0.085588	-0.435611	-1.175718	0.002536	0.032571	-0.561925	-0.774457	-1.880952	0.035156	0.121094	-0.433594	-0.410156	-0.250000	0.054688	0.121094	-0.207031	0.546875	-0.058594	0.023465	-0.127294	-5.356236	0.067368	0.049563	-0.024414	0.732929	-2.305198	9.161009	1.000000	0.000000	0.000000	0.000000	
0.489386	0.223079	-1.327925	1.323949	-1.075535	-0.547495	-0.203008	1.071015	-1.414400	1.235461	0.463391	0.217971	-1.330797	1.348407	-1.156209	-0.525760	-0.190166	1.046496	-1.534534	1.174839	0.060370	-0.046984	0.245854	-0.036582	-0.141999	-0.006726	-0.017681	-0.178330	0.079588	-0.327681	0.050781	0.085938	-0.363281	-0.320312	-0.230469	0.007812	0.054688	-0.140625	0.468750	-0.218750	0.023465	-0.127294	-5.356236	0.067368	0.049563	-0.024414	0.732929	-2.305198	9.161009	1.000000	0.000000	0.000000	0.000000	
0.494756	0.216746	-1.312034	1.337711	-1.017438	-0.556203	-0.213469	1.098085	-1.406823	1.283354	0.465991	0.217800	-1.324848	1.349623	-1.149726	-0.526277	-0.190767	1.045299	-1.531246	1.174951	0.013016	0.008097	0.520113	0.202230	0.662789	-0.056507	-0.041317	0.006594	0.587238	0.560470	0.058594	0.058594	-0.367188	-0.351562	-0.207031	-0.042969	-0.003906	-0.019531	0.445312	-0.164062	0.023465	-0.127294	-5.356236	0.067368	0.049563	-0.024414	0.732929	-2.305198	9.161009	1.000000	0.000000	0.000000	0.000000	
0.497809	0.211253	-1.301811	1.348193	-0.970423	-0.558753	-0.223098	1.121047	-1.406389	1.321189	0.468789	0.217846	-1.319780	1.351562	-1.133671	-0.528343	-0.191719	1.048477	-1.517066	1.186460	0.130418	0.011279	0.292796	0.240070	1.542394	-0.134767	-0.044844	0.119307	0.641492	1.148302	0.074219	0.039062	-0.335938	-0.250000	-0.171875	-0.074219	-0.058594	0.164062	0.445312	-0.082031	0.023465	-0.127294	-5.356236	0.067368	0.049563	-0.024414	0.732929	-2.305198	9.161009	1.000000	0.000000	0.000000	0.000000	
0.497872	0.210105	-1.296011	1.352155	-0.944597	-0.556845	-0.230986	1.136638	-1.412778	1.352608	0.472305	0.217799	-1.311158	1.353186	-1.109425	-0.531350	-0.192500	1.053232	-1.507953	1.197850	0.271275	0.005781	0.182823	0.236875	2.101454	-0.226344	-0.105684	0.325998	0.727179	0.812757	0.050781	-0.007812	-0.089844	-0.296875	-0.136719	-0.089844	-0.101562	0.320312	0.414062	-0.035156	0.023465	-0.127294	-5.356236	0.067368	0.049563	-0.024414	0.732929	-2.305198	9.161009	1.000000	0.000000	0.000000	0.000000	
0.495058	0.212910	-1.292098	1.348895	-0.956728	-0.552257	-0.235914	1.141398	-1.427843	1.379991	0.477952	0.217531	-1.307179	1.362938	-1.081093	-0.534762	-0.194287	1.059466	-1.499248	1.226615	0.327236	-0.018033	0.157868	0.498278	2.251581	-0.214564	-0.073382	0.395522	0.669445	1.379419	0.000000	-0.039062	-0.007812	-0.281250	-0.054688	-0.089844	-0.199219	0.449219	0.351562	0.093750	0.023465	-0.127294	-5.356236	0.067368	0.049563	-0.024414	0.732929	-2.305198	9.161009	1.000000	0.000000	0.000000	0.000000	
0.489521	0.218637	-1.295265	1.340974	-0.997596	-0.546320	-0.235839	1.132586	-1.449896	1.387612	0.480947	0.217340	-1.304421	1.369929	-1.056743	-0.537116	-0.196099	1.064397	-1.491934	1.247151	0.249081	-0.022741	0.169331	0.499990	1.648928	-0.171511	-0.115517	0.105855	0.545024	1.436085	0.011719	-0.050781	0.003906	-0.296875	0.000000	-0.093750	-0.222656	0.667969	0.320312	0.183594	0.023465	-0.127294	-5.356236	0.067368	0.049563	-0.024414	0.732929	-2.305198	9.161009	1.000000	0.000000	0.000000	0.000000	
0.482783	0.226274	-1.312678	1.322823	-1.073384	-0.537545	-0.225285	1.098678	-1.480868	1.343391	0.483437	0.217342	-1.302415	1.375544	-1.027252	-0.537587	-0.198214	1.066231	-1.485188	1.266719	0.140066	-0.002274	0.023912	0.301253	0.813964	-0.013661	-0.123220	-0.020821	0.141743	1.556910	0.035156	-0.039062	0.082031	-0.289062	0.167969	-0.105469	-0.234375	0.738281	0.339844	0.230469	0.023465	-0.127294	-5.356236	0.067368	0.049563	-0.024414	0.732929	-2.305198	9.161009	1.000000	0.000000	0.000000	0.000000	
0.475882	0.233672	-1.343154	1.298632	-1.170894	-0.526100	-0.206103	1.045404	-1.513498	1.259909	0.484492	0.217504	-1.302814	1.379138	-1.019706	-0.536833	-0.200212	1.066113	-1.484832	1.283306	0.017496	0.039322	-0.098808	0.099918	0.060459	-0.057200	-0.121664	-0.057916	-0.135880	1.143257	0.019531	-0.019531	0.101562	-0.304688	0.148438	-0.082031	-0.238281	0.664062	0.273438	0.238281	0.023465	-0.127294	-5.356236	0.067368	0.049563	-0.024414	0.732929	-2.305198	9.161009	1.000000	0.000000	0.000000	0.000000	
0.471018	0.237171	-1.372695	1.276589	-1.264951	-0.516990	-0.186006	0.993790	-1.533364	1.169323	0.484170	0.218102	-1.306068	1.379251	-1.026726	-0.534647	-0.200862	1.061533	-1.489753	1.301116	-0.057574	0.023707	-0.261134	-0.070270	-0.890790	0.130376	-0.045899	-0.361734	-0.634743	0.403965	0.019531	0.042969	0.035156	-0.347656	0.042969	-0.066406	-0.218750	0.492188	0.281250	0.148438	0.023465	-0.127294	-5.356236	0.067368	0.049563	-0.024414	0.732929	-2.305198	9.161009	1.000000	0.000000	0.000000	0.000000	
0.474607	0.232002	-1.385544	1.272044	-1.291396	-0.516865	-0.174092	0.967813	-1.525470	1.100936	0.481997	0.219127	-1.313213	1.376657	-1.037945	-0.532465	-0.200338	1.048380	-1.499825	1.296777	-0.155812	0.039593	-0.539089	-0.443231	-0.860288	0.274760	-0.001100	-0.734100	-1.064999	-0.880867	0.007812	0.093750	-0.070312	-0.371094	0.058594	-0.050781	-0.082031	0.257812	0.281250	0.093750	0.023465	-0.127294	-5.356236	0.067368	0.049563	-0.024414	0.732929	-2.305198	9.161009	1.000000	0.000000	0.000000	0.000000	
0.481162	0.225171	-1.369872	1.288801	-1.242727	-0.518597	-0.180394	0.983290	-1.494774	1.110682	0.478921	0.220034	-1.322809	1.370806	-1.083252	-0.528684	-0.198755	1.033317	-1.526751	1.276717	-0.190063	0.037692	-0.566885	-0.805063	-2.605544	0.163572	0.076662	-0.966756	-1.275527	-2.049260	0.007812	0.125000	-0.273438	-0.347656	-0.187500	0.007812	0.019531	-0.011719	0.437500	0.000000	0.023465	-0.127294	-5.356236	0.067368	0.049563	-0.024414	0.732929	-2.305198	9.161009	1.000000	0.000000	0.000000	0.000000	
0.489527	0.225219	-1.351114	1.304143	-1.179950	-0.527283	-0.188636	1.001912	-1.463941	1.163357	0.477119	0.220135	-1.329163	1.364644	-1.118607	-0.527080	-0.197461	1.019084	-1.543866	1.254844	-0.116716	0.000280	-0.126481	-0.534159	-2.528816	0.026826	0.182148	-1.010959	-1.240746	-1.604269	0.019531	0.136719	-0.515625	-0.414062	-0.250000	0.066406	0.054688	-0.140625	0.566406	-0.003906	0.023465	-0.127294	-5.356236	0.067368	0.049563	-0.024414	0.732929	-2.305198	9.161009	1.000000	0.000000	0.000000	0.000000	
0.496854	0.225829	-1.334134	1.318373	-1.113454	-0.539114	-0.197750	1.026721	-1.436960	1.227200	0.476055	0.219121	-1.328350	1.357281	-1.141260	-0.527268	-0.196184	1.011706	-1.552984	1.213441	-0.064016	-0.091866	0.119958	-0.213939	-1.257896	-0.119455	0.075212	-0.401204	-0.459079	-1.531853	0.039062	0.148438	-0.476562	-0.386719	-0.265625	0.105469	0.089844	-0.156250	0.511719	-0.140625	0.023465	-0.127294	-5.356236	0.067368	0.049563	-0.024414	0.732929	-2.305198	9.161009	1.000000	0.000000	0.000000	0.000000	
0.502870	0.222569	-1.316226	1.336766	-1.047822	-0.552223	-0.208036	1.055574	-1.423106	1.284368	0.476545	0.218304	-1.322444	1.357456	-1.154369	-0.528614	-0.195864	1.008413	-1.555122	1.200920	0.052922	-0.031288	0.517993	0.310121	-0.910957	0.029930	0.022643	-0.092465	0.146022	-0.289281	0.039062	0.089844	-0.476562	-0.453125	-0.300781	0.007812	0.054688	-0.058594	0.535156	-0.199219	0.023465	-0.127294	-5.356236	0.067368	0.049563	-0.024414	0.732929	-2.305198	9.161009	1.000000	0.000000	0.000000	0.000000	
0.507446	0.213853	-1.298719	1.354001	-0.988677	-0.559571	-0.220524	1.085162	-1.414015	1.344002	0.478776	0.218036	-1.314138	1.360617	-1.146692	-0.529610	-0.196132	1.011074	-1.542973	1.203795	0.082064	-0.003129	0.494983	0.355548	1.119807	-0.035393	-0.032632	0.311800	0.782321	0.724833	0.074219	0.070312	-0.398438	-0.421875	-0.207031	-0.035156	0.007812	0.027344	0.402344	-0.085938	0.023465	-0.127294	-5.356236	0.067368	0.049563	-0.024414	0.732929	-2.305198	9.161009	1.000000	0.000000	0.000000	0.000000	
0.510228	0.208362	-1.288888	1.365662	-0.939553	-0.561453	-0.232226	1.110450	-1.413972	1.381046	0.481258	0.217950	-1.303195	1.365103	-1.126545	-0.532742	-0.197195	1.017520	-1.531286	1.210744	0.200136	-0.013108	0.429868	0.429883	1.944038	-0.118697	-0.074219	0.401081	1.030902	0.473791	0.085938	0.042969	-0.289062	-0.355469	-0.175781	-0.074219	-0.027344	0.222656	0.363281	-0.070312	0.023465	-0.127294	-5.356236	0.067368	0.049563	-0.024414	0.732929	-2.305198	9.161009	1.000000	0.000000	0.000000	0.000000	
0.509641	0.210412	-1.281634	1.366333	-0.918929	-0.559730	-0.239820	1.120781	-1.429147	1.408101	0.485583	0.217521	-1.295530	1.375669	-1.098936	-0.535767	-0.199079	1.025836	-1.518891	1.240026	0.302674	-0.019922	0.346585	0.688570	2.535947	-0.158434	-0.110948	0.542615	1.111594	1.481618	0.019531	-0.011719	-0.164062	-0.394531	-0.140625	-0.093750	-0.085938	0.386719	0.316406	0.101562	0.023465	-0.127294	-5.356236	0.067368	0.049563	-0.024414	0.732929	-2.305198	9.161009	1.000000	0.000000	0.000000	0.000000	
0.505115	0.216591	-1.283139	1.360859	-0.939763	-0.555654	-0.243693	1.114820	-1.453818	1.418195	0.491052	0.216870	-1.289756	1.385028	-1.073882	-0.537390	-0.201209	1.034964	-1.506598	1.264543	0.278031	-0.081091	0.397580	0.766784	1.666896	-0.176367	-0.101825	0.249681	0.976588	1.847613	0.035156	-0.035156	-0.136719	-0.382812	-0.003906	-0.093750	-0.199219	0.628906	0.273438	0.136719	0.023465	-0.127294	-5.356236	0.067368	0.049563	-0.024414	0.732929	-2.305198	9.161009	1.000000	0.000000	0.000000	0.000000	
0.497000	0.225633	-1.298581	1.343250	-1.014244	-0.548371	-0.237411	1.086890	-1.485267	1.381799	0.494279	0.216529	-1.285209	1.393516	-1.034460	-0.539823	-0.203259	1.039285	-1.492168	1.287427	0.125513	-0.036026	0.186323	0.617571	1.520667	-0.136284	-0.114872	0.105230	0.415215	1.692283	0.066406	-0.042969	-0.050781	-0.398438	0.218750	-0.089844	-0.238281	0.761719	0.281250	0.214844	0.023465	-0.127294	-5.356236	0.067368	0.049563	-0.024414	0.732929	-2.305198	9.161009	1.000000	0.000000	0.000000	0.000000	
0.487991	0.233847	-1.328658	1.315235	-1.120750	-0.537325	-0.220680	1.037774	-1.520602	1.303638	0.495191	0.216607	-1.284008	1.400714	-1.017367	-0.540382	-0.204412	1.040149	-1.488967	1.305720	0.005572	-0.003603	-0.040691	0.403741	0.829055	0.017778	-0.127808	-0.024373	-0.063167	1.320807	0.054688	-0.003906	0.023438	-0.421875	0.238281	-0.105469	-0.265625	0.738281	0.234375	0.230469	0.023465	-0.127294	-5.356236	0.067368	0.049563	-0.024414	0.732929	-2.305198	9.161009	1.000000	0.000000	0.000000	0.000000	
0.478751	0.239021	-1.362580	1.288899	-1.236552	-0.524708	-0.197176	0.982237	-1.542089	1.208709	0.495034	0.217293	-1.287258	1.403996	-1.015548	-0.539767	-0.205685	1.036784	-1.492301	1.326900	-0.009912	0.043842	-0.353032	-0.064315	-0.248610	0.005267	-0.098858	-0.278118	-0.529762	0.491513	0.035156	0.035156	0.003906	-0.402344	0.136719	-0.066406	-0.218750	0.601562	0.246094	0.207031	0.023465	-0.127294	-5.356236	0.067368	0.049563	-0.024414	0.732929	-2.305198	9.161009	1.000000	0.000000	0.000000	0.000000	
0.476313	0.235577	-1.382688	1.275880	-1.304521	-0.520638	-0.176543	0.948775	-1.538843	1.132637	0.494300	0.218302	-1.295541	1.402640	-1.018843	-0.537318	-0.205850	1.026490	-1.501304	1.325174	-0.109170	0.042770	-0.701823	-0.355395	-0.370335	0.077299	-0.021518	-0.624539	-1.030073	-0.767423	0.000000	0.101562	-0.058594	-0.460938	0.152344	-0.054688	-0.132812	0.351562	0.222656	0.109375	0.023465	-0.127294	-5.356236	0.067368	0.049563	-0.024414	0.732929	-2.305198	9.161009	1.000000	0.000000	0.000000	0.000000	
0.480241	0.228136	-1.371625	1.287198	-1.276693	-0.520316	-0.174554	0.958406	-1.510657	1.126153	0.491584	0.219215	-1.307449	1.396844	-1.062129	-0.534502	-0.204074	1.011879	-1.527823	1.307405	-0.199357	0.014746	-0.834412	-0.667163	-2.643789	0.091481	0.108353	-1.018613	-1.411620	-1.947186	0.000000	0.171875	-0.230469	-0.492188	-0.125000	0.011719	-0.070312	0.093750	0.437500	0.011719	0.023465	-0.127294	-5.356236	0.067368	0.049563	-0.024414	0.732929	-2.305198	9.161009	1.000000	0.000000	0.000000	0.000000	
0.488512	0.227647	-1.351598	1.304775	-1.213399	-0.528533	-0.180825	0.976691	-1.478472	1.175660	0.488884	0.219398	-1.317294	1.390111	-1.102096	-0.533066	-0.200956	0.996815	-1.546528	1.286476	-0.166500	-0.026442	-0.128806	-0.694850	-3.031658	0.061493	0.156237	-1.235992	-1.359044	-1.437028	-0.023438	0.175781	-0.597656	-0.535156	-0.250000	0.070312	0.070312	-0.054688	0.531250	0.003906	0.023465	-0.127294	-5.356236	0.067368	0.049563	-0.024414	0.732929	-2.305198	9.161009	1.000000	0.000000	0.000000	0.000000	
0.497813	0.227807	-1.331233	1.319291	-1.136172	-0.540824	-0.189290	0.999600	-1.448318	1.241294	0.486357	0.218796	-1.318003	1.379822	-1.132626	-0.533385	-0.198782	0.987235	-1.558145	1.243080	-0.177173	-0.048009	0.098788	-0.477772	-2.079389	-0.098540	0.100538	-0.577251	-0.791955	-1.693100	0.003906	0.136719	-0.566406	-0.453125	-0.285156	0.125000	0.132812	-0.085938	0.542969	-0.132812	0.023465	-0.127294	-5.356236	0.067368	0.049563	-0.024414	0.732929	-2.305198	9.161009	1.000000	0.000000	0.000000	0.000000	
0.504728	0.227712	-1.312250	1.332532	-1.042210	-0.549892	-0.194715	1.019084	-1.439658	1.210385	0.485997	0.218086	-1.313541	1.376771	-1.153757	-0.534078	-0.197878	0.981175	-1.562794	1.227519	-0.063083	-0.044350	0.355352	0.011547	-1.488634	-0.009854	0.041460	-0.071684	0.032473	-0.455460	0.007812	0.136719	-0.531250	-0.480469	-0.332031	0.039062	0.125000	-0.023438	0.546875	-0.203125	0.029066	-0.018135	-5.353067	0.003372	0.454790	0.087519	0.813634	-0.434975	9.885210	1.000000	0.000000	0.000000	0.000000	
0.512988	0.227434	-1.298163	1.344593	-0.963802	-0.554527	-0.199997	1.034483	-1.440472	1.136858	0.486846	0.217904	-1.305887	1.376815	-1.155560	-0.534750	-0.197584	0.982969	-1.551729	1.228090	0.018119	0.006034	0.457781	0.116313	0.740993	-0.035882	0.006472	0.219658	0.854718	0.432534	0.054688	0.089844	-0.433594	-0.421875	-0.183594	-0.019531	0.070312	0.070312	0.386719	-0.101562	0.030186	0.003696	-5.352434	-0.003027	0.495312	0.098712	0.821705	-0.247952	9.957630	1.000000	0.000000	0.000000	0.000000	
0.520986	0.227757	-1.290963	1.346581	-0.912545	-0.556741	-0.209666	1.047693	-1.436615	1.053966	0.488009	0.218012	-1.296941	1.378254	-1.135977	-0.536193	-0.197485	0.987689	-1.541567	1.233148	0.099522	0.021541	0.286563	0.217520	2.188817	-0.101298	0.000647	0.269730	0.594958	0.329403	0.082031	0.074219	-0.257812	-0.394531	-0.156250	-0.058594	0.035156	0.207031	0.449219	-0.082031	0.030410	0.008063	-5.352307	-0.003667	0.499365	0.099831	0.822512	-0.229250	9.964871	1.000000	0.000000	0.000000	0.000000	
0.525642	0.229671	-1.287143	1.346252	-0.900749	-0.555914	-0.219248	1.062995	-1.427743	1.006744	0.491635	0.218374	-1.292340	1.384503	-1.102664	-0.536918	-0.197530	0.992414	-1.533815	1.225871	0.341467	0.028908	0.098449	0.440508	3.206007	0.000339	-0.005751	0.267758	0.289812	-0.909260	0.023438	0.058594	-0.105469	-0.445312	-0.156250	-0.109375	-0.019531	0.316406	0.511719	-0.253906	0.030455	0.008936	-5.352282	-0.003731	0.499770	0.099943	0.822593	-0.227380	9.965596	1.000000	0.000000	0.000000	0.000000	
0.525173	0.228528	-1.285735	1.341511	-0.913586	-0.551809	-0.224454	1.078042	-1.414224	1.001091	0.495413	0.219068	-1.289312	1.390939	-1.070484	-0.537305	-0.197854	0.997842	-1.529939	1.208737	0.463372	0.020339	0.271567	0.550048	2.389953	-0.038352	-0.021513	0.176830	-0.107115	-1.525165	0.011719	0.039062	-0.109375	-0.468750	-0.085938	-0.109375	-0.101562	0.421875	0.664062	-0.464844	0.030464	0.009110	-5.352277	-0.003737	0.499810	0.099954	0.822601	-0.227193	9.965669	1.000000	0.000000	0.000000	0.000000	
0.520935	0.224769	-1.289088	1.334792	-0.926882	-0.547011	-0.224000	1.091422	-1.395939	1.005412	0.500361	0.219974	-1.286016	1.396031	-1.022972	-0.537795	-0.198533	1.002587	-1.532168	1.185899	0.259205	0.066010	0.180701	0.295789	1.704641	-0.059669	-0.051006	0.286385	-0.049097	-1.764727	0.070312	0.011719	-0.082031	-0.429688	0.175781	-0.074219	-0.156250	0.484375	0.699219	-0.578125	0.030466	0.009145	-5.352276	-0.003738	0.499814	0.099955	0.822602	-0.227174	9.965675	1.000000	0.000000	0.000000	0.000000	
0.516824	0.222670	-1.293881	1.327474	-0.922796	-0.543606	-0.219185	1.103367	-1.381961	1.003868	0.503314	0.220591	-1.283976	1.398939	-1.001620	-0.538571	-0.199517	1.008358	-1.531863	1.167349	0.130609	0.067088	-0.072660	0.060986	1.067300	-0.138573	-0.049303	0.346195	0.061393	-1.408313	0.117188	0.019531	0.000000	-0.398438	0.222656	-0.054688	-0.199219	0.546875	0.746094	-0.601562	0.030466	0.009152	-5.352275	-0.003738	0.499815	0.099955	0.822602	-0.227172	9.965676	1.000000	0.000000	0.000000	0.000000	
0.511798	0.223655	-1.299386	1.319472	-0.907750	-0.542415	-0.212708	1.111870	-1.373164	0.993970	0.504849	0.221200	-1.284852	1.397073	-0.990491	-0.539235	-0.199948	1.016443	-1.529379	1.144106	0.075874	0.032299	-0.192217	-0.168383	0.640644	0.003591	-0.024705	0.655774	0.219007	-0.849227	0.082031	0.000000	0.011719	-0.332031	0.207031	-0.042969	-0.234375	0.503906	0.781250	-0.613281	0.030466	0.009154	-5.352275	-0.003738	0.499815	0.099956	0.822602	-0.227172	9.965676	1.000000	0.000000	0.000000	0.000000	
0.506600	0.225747	-1.305093	1.312452	-0.892307	-0.542166	-0.207703	1.119958	-1.368689	0.984165	0.505253	0.221507	-1.288154	1.393913	-0.983104	-0.538981	-0.199816	1.033037	-1.525634	1.132721	-0.048247	0.002067	-0.319330	-0.247154	0.542144	0.017807	0.003346	0.735587	0.234768	-0.699098	0.085938	0.003906	0.054688	-0.339844	0.207031	-0.035156	-0.199219	0.386719	0.843750	-0.628906	0.030466	0.009154	-5.352275	-0.003738	0.499815	0.099956	0.822602	-0.227172	9.965676	1.000000	0.000000	0.000000	0.000000	
0.501339	0.227455	-1.310638	1.306226	-0.882971	-0.541175	-0.205686	1.128130	-1.363294	0.979210	0.505165	0.221641	-1.293152	1.390519	-0.971424	-0.539002	-0.199353	1.045176	-1.519918	1.124095	-0.032742	0.008349	-0.496054	-0.237583	0.588128	-0.068012	0.018946	0.722630	0.180510	-0.586375	0.050781	0.007812	0.121094	-0.394531	0.203125	-0.011719	-0.156250	0.386719	0.875000	-0.644531	0.030466	0.009154	-5.352275	-0.003738	0.499815	0.099956	0.822602	-0.227172	9.965676	1.000000	0.000000	0.000000	0.000000	
0.496429	0.228740	-1.317213	1.302987	-0.877991	-0.539247	-0.204720	1.135902	-1.357355	0.979950	0.504832	0.221822	-1.303748	1.388071	-0.962545	-0.539225	-0.199002	1.055020	-1.516303	1.116723	-0.083536	0.000835	-0.450913	-0.152875	0.655540	-0.080083	0.030975	0.735293	0.189043	-0.589062	0.035156	0.027344	0.175781	-0.460938	0.222656	-0.007812	-0.136719	0.355469	0.906250	-0.617188	0.030466	0.009154	-5.352275	-0.003738	0.499815	0.099956	0.822602	-0.227172	9.965676	1.000000	0.000000	0.000000	0.000000	
0.491847	0.229221	-1.323330	1.301035	-0.873822	-0.537490	-0.204345	1.142438	-1.351876	0.981607	0.503432	0.222148	-1.310689	1.386539	-0.954129	-0.539245	-0.198076	1.065204	-1.512914	1.102211	-0.116532	0.023348	-0.477806	-0.074611	0.620406	-0.011498	0.049626	0.778435	0.238751	-0.659123	0.011719	0.023438	0.156250	-0.511719	0.253906	-0.011719	-0.136719	0.339844	0.906250	-0.578125	0.030466	0.009154	-5.352275	-0.003738	0.499815	0.099956	0.822602	-0.227172	9.965676	1.000000	0.000000	0.000000	0.000000	
0.487336	0.229664	-1.328948	1.299754	-0.867484	-0.535940	-0.203767	1.149058	-1.347167	0.978307	0.501480	0.222755	-1.316391	1.385360	-0.947090	-0.539104	-0.197155	1.081126	-1.508868	1.093590	-0.077956	0.043047	-0.410702	-0.073764	0.463348	0.009319	0.064286	0.705977	0.320494	-0.599826	0.011719	0.019531	0.132812	-0.511719	0.250000	0.000000	-0.121094	0.281250	0.875000	-0.562500	0.030466	0.009154	-5.352275	-0.003738	0.499815	0.099956	0.822602	-0.227172	9.965676	1.000000	0.000000	0.000000	0.000000	
0.482551	0.230150	-1.333709	1.295993	-0.857463	-0.534335	-0.201604	1.154903	-1.341849	0.966415	0.498715	0.223401	-1.321700	1.383937	-0.936861	-0.538906	-0.196559	1.091460	-1.500061	1.086752	-0.189257	0.043854	-0.369096	-0.146962	0.377850	-0.023496	0.023877	0.635918	0.475233	-0.485718	0.003906	0.003906	0.125000	-0.496094	0.238281	0.003906	-0.101562	0.269531	0.824219	-0.511719	0.030466	0.009154	-5.352275	-0.003738	0.499815	0.099956	0.822602	-0.227172	9.965676	1.000000	0.000000	0.000000	0.000000	
0.477905	0.230456	-1.338262	1.292537	-0.847682	-0.532710	-0.200155	1.159625	-1.336114	0.949584	0.495884	0.223935	-1.329305	1.382901	-0.929993	-0.538745	-0.196101	1.099972	-1.494326	1.081071	-0.175959	0.043935	-0.281184	-0.035634	0.505396	-0.002350	0.022162	0.660319	0.365080	-0.446390	0.003906	-0.007812	0.125000	-0.531250	0.246094	0.011719	-0.101562	0.257812	0.820312	-0.500000	0.030466	0.009154	-5.352275	-0.003738	0.499815	0.099956	0.822602	-0.227172	9.965676	1.000000	0.000000	0.000000	0.000000	
0.473012	0.230473	-1.342904	1.290071	-0.840597	-0.530695	-0.199259	1.163717	-1.329802	0.935070	0.493549	0.224582	-1.333952	1.382694	-0.922876	-0.538228	-0.195613	1.108194	-1.488090	1.069417	-0.118795	0.009046	-0.261924	0.013885	0.594922	0.052110	0.021991	0.627863	0.434326	-0.613449	-0.027344	0.023438	0.101562	-0.578125	0.207031	0.007812	-0.082031	0.238281	0.796875	-0.464844	0.030466	0.009154	-5.352275	-0.003738	0.499815	0.099956	0.822602	-0.227172	9.965676	1.000000	0.000000	0.000000	0.000000	
0.468444	0.229790	-1.347350	1.287751	-0.836202	-0.528006	-0.199122	1.169074	-1.324512	0.925454	0.490998	0.225229	-1.338032	1.382701	-0.916194	-0.537446	-0.195201	1.122173	-1.482068	1.059792	-0.210789	0.028822	-0.284425	0.029306	0.544551	0.078493	0.033606	0.715348	0.416823	-0.881409	-0.039062	0.007812	0.101562	-0.601562	0.214844	0.011719	-0.058594	0.117188	0.808594	-0.433594	0.030466	0.009154	-5.352275	-0.003738	0.499815	0.099956	0.822602	-0.227172	9.965676	1.000000	0.000000	0.000000	0.000000	
0.463491	0.229685	-1.352293	1.284744	-0.832318	-0.524583	-0.198858	1.173648	-1.315667	0.911491	0.488500	0.225665	-1.341901	1.382654	-0.903225	-0.536732	-0.194803	1.131294	-1.471704	1.049095	-0.160664	0.004045	-0.293655	-0.084310	0.581390	0.067173	0.018482	0.591490	0.429032	-0.946591	-0.054688	0.035156	0.082031	-0.617188	0.207031	0.035156	-0.066406	0.105469	0.761719	-0.433594	0.030466	0.009154	-5.352275	-0.003738	0.499815	0.099956	0.822602	-0.227172	9.965676	1.000000	0.000000	0.000000	0.000000	
0.458729	0.230043	-1.357064	1.279239	-0.825416	-0.521352	-0.196854	1.177625	-1.306589	0.895860	0.486959	0.225825	-1.347400	1.382645	-0.895058	-0.536105	-0.194587	1.138788	-1.464954	1.039637	-0.218465	0.019016	-0.298067	-0.032858	0.550177	-0.031669	0.015807	0.600042	0.475618	-0.684407	-0.066406	0.039062	0.101562	-0.613281	0.199219	0.042969	-0.050781	0.101562	0.765625	-0.449219	0.030466	0.009154	-5.352275	-0.003738	0.499815	0.099956	0.822602	-0.227172	9.965676	1.000000	0.000000	0.000000	0.000000	
0.454733	0.231051	-1.362255	1.273607	-0.815699	-0.518405	-0.195041	1.181620	-1.297543	0.877213	0.482918	0.225849	-1.350972	1.382449	-0.887972	-0.534962	-0.194462	1.146297	-1.458369	1.023302	-0.269610	-0.015547	-0.207778	-0.073078	0.554035	0.066626	-0.010051	0.478760	0.413973	-0.766367	-0.070312	0.039062	0.054688	-0.640625	0.171875	0.039062	-0.042969	0.074219	0.781250	-0.449219	0.030466	0.009154	-5.352275	-0.003738	0.499815	0.099956	0.822602	-0.227172	9.965676	1.000000	0.000000	0.000000	0.000000	
0.451130	0.232006	-1.366619	1.268879	-0.806952	-0.514982	-0.194440	1.186749	-1.289953	0.858050	0.480729	0.225870	-1.353964	1.382022	-0.881902	-0.532843	-0.194316	1.157226	-1.451891	1.011844	-0.288683	-0.003881	-0.216197	-0.084080	0.418325	0.128800	0.015280	0.487570	0.502029	-0.830397	-0.066406	0.050781	0.039062	-0.667969	0.167969	0.035156	-0.027344	0.023438	0.781250	-0.468750	0.030466	0.009154	-5.352275	-0.003738	0.499815	0.099956	0.822602	-0.227172	9.965676	1.000000	0.000000	0.000000	0.000000	
0.447470	0.233373	-1.370700	1.263937	-0.799031	-0.510714	-0.194877	1.192185	-1.283376	0.837898	0.477286	0.225963	-1.357277	1.381040	-0.869468	-0.530141	-0.194190	1.164137	-1.441701	1.000828	-0.273143	0.007754	-0.255425	-0.123566	0.485016	0.155955	0.000365	0.491940	0.406145	-1.046178	-0.070312	0.050781	0.042969	-0.667969	0.132812	0.019531	-0.011719	0.000000	0.777344	-0.464844	0.030466	0.009154	-5.352275	-0.003738	0.499815	0.099956	0.822602	-0.227172	9.965676	1.000000	0.000000	0.000000	0.000000	
0.444021	0.235024	-1.374744	1.260266	-0.793209	-0.506484	-0.195518	1.198127	-1.278802	0.820261	0.473496	0.226038	-1.362689	1.379268	-0.861238	-0.528559	-0.194108	1.170924	-1.434332	0.989707	-0.282057	0.010081	-0.339609	-0.186838	0.519602	0.088878	-0.012759	0.506336	0.469839	-0.861868	-0.066406	0.050781	0.054688	-0.664062	0.167969	0.042969	0.000000	-0.035156	0.789062	-0.464844	0.030466	0.009154	-5.352275	-0.003738	0.499815	0.099956	0.822602	-0.227172	9.965676	1.000000	0.000000	0.000000	0.000000	
0.441124	0.235715	-1.378073	1.255774	-0.789258	-0.503203	-0.196995	1.206278	-1.277440	0.804476	0.469224	0.226271	-1.366559	1.375206	-0.854284	-0.525213	-0.194092	1.182508	-1.428423	0.969792	-0.289928	0.018456	-0.281725	-0.165248	0.512592	0.151963	-0.012908	0.507775	0.434333	-1.185421	-0.058594	0.050781	0.054688	-0.656250	0.187500	0.023438	-0.003906	-0.074219	0.792969	-0.480469	0.030466	0.009154	-5.352275	-0.003738	0.499815	0.099956	0.822602	-0.227172	9.965676	1.000000	0.000000	0.000000	0.000000	
0.438143	0.237003	-1.381236	1.251752	-0.787257	-0.500140	-0.198680	1.212811	-1.275567	0.786515	0.466722	0.226698	-1.369998	1.372140	-0.844897	-0.520836	-0.194081	1.189841	-1.423292	0.954759	-0.269777	0.007662	-0.202654	-0.271268	0.445588	0.161761	-0.012923	0.448596	0.322604	-1.154963	-0.070312	0.050781	0.035156	-0.644531	0.191406	0.007812	-0.007812	-0.093750	0.808594	-0.496094	0.030466	0.009154	-5.352275	-0.003738	0.499815	0.099956	0.822602	-0.227172	9.965676	1.000000	0.000000	0.000000	0.000000	
0.435247	0.238360	-1.383670	1.246078	-0.785523	-0.498071	-0.199750	1.219173	-1.274060	0.767831	0.462707	0.227033	-1.374757	1.368789	-0.839530	-0.516641	-0.194103	1.196978	-1.415819	0.941041	-0.253804	0.017051	-0.254071	-0.306297	0.428418	0.197637	-0.019904	0.467105	0.276535	-1.120511	-0.050781	0.074219	0.027344	-0.632812	0.207031	0.003906	-0.023438	-0.089844	0.804688	-0.496094	0.030466	0.009154	-5.352275	-0.003738	0.499815	0.099956	0.822602	-0.227172	9.965676	1.000000	0.000000	0.000000	0.000000	
0.432934	0.240348	-1.385514	1.239761	-0.784498	-0.497062	-0.200918	1.225364	-1.274074	0.751161	0.458802	0.227278	-1.377672	1.365404	-0.835015	-0.513790	-0.194115	1.203519	-1.411320	0.918111	-0.283613	0.007521	-0.178951	-0.281883	0.311544	0.288465	0.010805	0.475935	0.153280	-1.082169	-0.042969	0.085938	0.019531	-0.625000	0.207031	-0.011719	-0.035156	-0.074219	0.824219	-0.484375	0.030466	0.009154	-5.352275	-0.003738	0.499815	0.099956	0.822602	-0.227172	9.965676	1.000000	0.000000	0.000000	0.000000	
0.431150	0.242486	-1.387242	1.233379	-0.783354	-0.496498	-0.201890	1.232254	-1.275764	0.738289	0.455841	0.227634	-1.379879	1.359275	-0.831592	-0.508955	-0.194174	1.212266	-1.408748	0.903323	-0.338939	0.021690	-0.241232	-0.317828	0.170740	0.203328	-0.003572	0.358171	0.095590	-1.137658	-0.027344	0.074219	0.023438	-0.656250	0.218750	-0.019531	-0.058594	-0.058594	0.847656	-0.496094	0.030466	0.009154	-5.352275	-0.003738	0.499815	0.099956	0.822602	-0.227172	9.965676	1.000000	0.000000	0.000000	0.000000	
0.429532	0.245505	-1.388521	1.227161	-0.781552	-0.495959	-0.203146	1.239358	-1.278430	0.725165	0.451419	0.228174	-1.381798	1.355528	-0.827514	-0.505104	-0.194202	1.217724	-1.406610	0.889193	-0.243272	0.006822	-0.142771	-0.258609	0.191556	0.156428	0.000806	0.335926	0.051435	-1.157166	-0.042969	0.093750	0.011719	-0.667969	0.222656	-0.003906	-0.054688	-0.039062	0.863281	-0.519531	0.030466	0.009154	-5.352275	-0.003738	0.499815	0.099956	0.822602	-0.227172	9.965676	1.000000	0.000000	0.000000	0.000000	
0.428058	0.248384	-1.390387	1.220514	-0.778843	-0.495750	-0.202630	1.244977	-1.280213	0.714741	0.447724	0.228710	-1.385405	1.351677	-0.825463	-0.502299	-0.194224	1.222790	-1.405915	0.865769	-0.237195	0.034415	-0.164331	-0.332949	0.141293	0.130801	0.005897	0.424431	0.026081	-1.026511	-0.042969	0.101562	0.042969	-0.683594	0.234375	-0.007812	-0.070312	-0.050781	0.839844	-0.468750	0.030466	0.009154	-5.352275	-0.003738	0.499815	0.099956	0.822602	-0.227172	9.965676	1.000000	0.000000	0.000000	0.000000	
0.426528	0.251339	-1.392052	1.213770	-0.774913	-0.495802	-0.201200	1.250319	-1.282147	0.704808	0.445070	0.229213	-1.387702	1.344412	-0.824156	-0.500913	-0.194293	1.227002	-1.405607	0.851536	-0.198201	0.069745	-0.229301	-0.329914	0.111839	0.107300	-0.013369	0.286717	0.023546	-1.006466	-0.050781	0.093750	0.054688	-0.656250	0.238281	-0.003906	-0.085938	-0.054688	0.847656	-0.496094	0.030466	0.009154	-5.352275	-0.003738	0.499815	0.099956	0.822602	-0.227172	9.965676	1.000000	0.000000	0.000000	0.000000	
0.424966	0.255044	-1.393904	1.209074	-0.771217	-0.495486	-0.200559	1.255560	-1.284683	0.695686	0.442916	0.230307	-1.389930	1.339712	-0.821956	-0.499231	-0.194291	1.234872	-1.405618	0.838996	-0.159405	0.083746	-0.131109	-0.395913	0.077487	0.073543	0.000990	0.328780	-0.029052	-0.917221	-0.054688	0.093750	0.054688	-0.679688	0.250000	-0.007812	-0.085938	-0.027344	0.820312	-0.480469	0.030466	0.009154	-5.352275	-0.003738	0.499815	0.099956	0.822602	-0.227172	9.965676	1.000000	0.000000	0.000000	0.000000	
0.423253	0.258744	-1.395440	1.204581	-0.769273	-0.495597	-0.199721	1.259903	-1.288057	0.690876	0.441395	0.231600	-1.391830	1.335864	-0.820716	-0.497513	-0.194242	1.240057	-1.405669	0.826795	-0.061306	0.071188	-0.218999	-0.283866	0.032176	0.070168	0.000099	0.298090	-0.069208	-0.904806	-0.054688	0.117188	0.082031	-0.707031	0.257812	-0.007812	-0.070312	-0.003906	0.839844	-0.480469	0.030466	0.009154	-5.352275	-0.003738	0.499815	0.099956	0.822602	-0.227172	9.965676	1.000000	0.000000	0.000000	0.000000	
0.421665	0.262777	-1.397300	1.203094	-0.766066	-0.495332	-0.198787	1.263917	-1.292121	0.687195	0.439782	0.233176	-1.395384	1.331993	-0.819281	-0.496539	-0.194167	1.244413	-1.405655	0.815000	-0.089882	0.100176	-0.196382	-0.311047	0.107907	0.055872	-0.002317	0.218249	-0.017390	-0.921013	-0.066406	0.105469	0.082031	-0.710938	0.269531	-0.007812	-0.070312	0.007812	0.781250	-0.468750	0.030466	0.009154	-5.352275	-0.003738	0.499815	0.099956	0.822602	-0.227172	9.965676	1.000000	0.000000	0.000000	0.000000	
0.420193	0.266849	-1.398394	1.200840	-0.759425	-0.495683	-0.197451	1.266288	-1.295507	0.680941	0.438151	0.235001	-1.397549	1.325644	-0.817903	-0.496005	-0.194080	1.248459	-1.405627	0.798150	-0.089250	0.096095	-0.117348	-0.352151	0.052666	0.005587	0.016053	0.206775	-0.012208	-0.664401	-0.058594	0.125000	0.058594	-0.683594	0.285156	0.000000	-0.066406	0.007812	0.773438	-0.464844	0.030466	0.009154	-5.352275	-0.003738	0.499815	0.099956	0.822602	-0.227172	9.965676	1.000000	0.000000	0.000000	0.000000	
0.418954	0.271002	-1.398247	1.198166	-0.750869	-0.496815	-0.195904	1.269657	-1.300317	0.674165	0.436249	0.236853	-1.399170	1.321225	-0.816731	-0.495705	-0.193893	1.254140	-1.405646	0.788745	-0.148510	0.074749	-0.161789	-0.321365	0.029694	-0.051786	0.036502	0.195159	0.044144	-0.628271	-0.050781	0.148438	0.066406	-0.683594	0.320312	-0.003906	-0.066406	0.011719	0.757812	-0.460938	0.030466	0.009154	-5.352275	-0.003738	0.499815	0.099956	0.822602	-0.227172	9.965676	1.000000	0.000000	0.000000	0.000000	
0.417864	0.275536	-1.397991	1.197925	-0.743833	-0.497903	-0.195642	1.272186	-1.305149	0.669130	0.435069	0.238830	-1.400802	1.317699	-0.815285	-0.495233	-0.193564	1.256948	-1.405795	0.781170	-0.140478	0.122633	-0.155764	-0.238025	0.163493	0.047166	0.021098	0.193998	0.025352	-0.614189	-0.050781	0.152344	0.082031	-0.679688	0.320312	-0.011719	-0.066406	0.023438	0.761719	-0.449219	0.030466	0.009154	-5.352275	-0.003738	0.499815	0.099956	0.822602	-0.227172	9.965676	1.000000	0.000000	0.000000	0.000000	
0.416759	0.279355	-1.398404	1.199216	-0.739927	-0.498489	-0.195925	1.273511	-1.309142	0.668515	0.432943	0.241229	-1.403552	1.314643	-0.813033	-0.494532	-0.192965	1.259957	-1.406674	0.773402	-0.216446	0.134400	-0.162141	-0.247139	0.152445	0.025654	0.030027	0.211330	-0.084706	-0.619760	-0.039062	0.140625	0.105469	-0.699219	0.347656	-0.023438	-0.054688	0.011719	0.707031	-0.437500	0.030466	0.009154	-5.352275	-0.003738	0.499815	0.099956	0.822602	-0.227172	9.965676	1.000000	0.000000	0.000000	0.000000	
0.415302	0.282607	-1.398187	1.201430	-0.737864	-0.499331	-0.196846	1.274832	-1.313676	0.670080	0.431112	0.242937	-1.405193	1.311730	-0.809674	-0.494126	-0.192353	1.263128	-1.407091	0.761768	-0.157740	0.168147	-0.099965	-0.049141	0.266498	0.051420	0.026267	0.247959	-0.057325	-0.494690	-0.050781	0.121094	0.101562	-0.714844	0.328125	-0.035156	-0.082031	0.000000	0.691406	-0.433594	0.030466	0.009154	-5.352275	-0.003738	0.499815	0.099956	0.822602	-0.227172	9.965676	1.000000	0.000000	0.000000	0.000000	
0.413974	0.285661	-1.398075	1.203108	-0.733798	-0.500422	-0.196997	1.275347	-1.317497	0.669074	0.429243	0.245766	-1.406175	1.310663	-0.803890	-0.493826	-0.191673	1.266839	-1.407732	0.755054	-0.130932	0.155237	-0.069320	-0.050279	0.194152	0.036549	0.023564	0.150423	-0.040629	-0.510101	-0.039062	0.164062	0.093750	-0.726562	0.335938	-0.035156	-0.066406	0.019531	0.675781	-0.421875	0.030466	0.009154	-5.352275	-0.003738	0.499815	0.099956	0.822602	-0.227172	9.965676	1.000000	0.000000	0.000000	0.000000	
0.412556	0.288514	-1.397787	1.204058	-0.727670	-0.501756	-0.196640	1.275234	-1.318680	0.662539	0.427488	0.248279	-1.406856	1.310352	-0.800648	-0.493815	-0.191279	1.268551	-1.408660	0.750319	-0.117782	0.152783	-0.090683	-0.053883	0.162490	-0.010304	0.020968	0.070876	-0.094793	-0.298774	-0.039062	0.191406	0.089844	-0.714844	0.347656	-0.027344	-0.074219	0.035156	0.691406	-0.417969	0.030466	0.009154	-5.352275	-0.003738	0.499815	0.099956	0.822602	-0.227172	9.965676	1.000000	0.000000	0.000000	0.000000	
0.411203	0.290971	-1.397609	1.205032	-0.722435	-0.502784	-0.196340	1.275510	-1.319780	0.658121	0.425586	0.250551	-1.407695	1.310436	-0.797843	-0.493958	-0.190877	1.269838	-1.411512	0.746464	-0.109488	0.151374	-0.141674	-0.040285	0.176772	-0.084782	0.039320	0.111777	-0.142085	-0.302069	-0.027344	0.203125	0.105469	-0.714844	0.351562	-0.035156	-0.089844	0.027344	0.675781	-0.410156	0.030466	0.009154	-5.352275	-0.003738	0.499815	0.099956	0.822602	-0.227172	9.965676	1.000000	0.000000	0.000000	0.000000	
0.410088	0.293599	-1.397602	1.206802	-0.719540	-0.503855	-0.196811	1.275686	-1.321366	0.656761	0.424406	0.253065	-1.408396	1.310961	-0.795077	-0.493987	-0.190586	1.270581	-1.413657	0.741282	-0.080741	0.150070	-0.087450	0.023889	0.206117	0.012460	0.030686	0.063522	-0.146815	-0.243074	-0.027344	0.191406	0.125000	-0.710938	0.355469	-0.042969	-0.089844	0.039062	0.691406	-0.437500	0.030466	0.009154	-5.352275	-0.003738	0.499815	0.099956	0.822602	-0.227172	9.965676	1.000000	0.000000	0.000000	0.000000	
0.409140	0.295781	-1.397947	1.207600	-0.717150	-0.504873	-0.196775	1.275527	-1.322733	0.655832	0.423007	0.255628	-1.409142	1.311357	-0.789920	-0.494041	-0.190157	1.271214	-1.415540	0.737992	-0.116253	0.126675	-0.113434	-0.025528	0.142749	-0.026671	0.020517	0.006352	-0.175205	-0.258113	-0.042969	0.199219	0.132812	-0.714844	0.371094	-0.054688	-0.085938	0.023438	0.683594	-0.445312	0.030466	0.009154	-5.352275	-0.003738	0.499815	0.099956	0.822602	-0.227172	9.965676	1.000000	0.000000	0.000000	0.000000	
0.406516	0.291040	-1.404212	1.213074	-0.739997	-0.501848	-0.197072	1.273297	-1.329935	0.693343	0.421540	0.258297	-1.409946	1.311703	-0.786780	-0.494149	-0.189691	1.271607	-1.417395	0.735347	-0.095376	0.147600	-0.088115	0.011406	0.111985	-0.002667	0.022989	-0.051709	-0.122209	-0.228210	-0.039062	0.199219	0.152344	-0.695312	0.367188	-0.058594	-0.117188	0.039062	0.699219	-0.437500	0.059181	0.045449	-5.299800	-0.130052	0.023802	-0.103856	1.898680	1.691475	9.266226	1.000000	0.000000	0.000000	0.000000	
0.404141	0.287399	-1.405495	1.217261	-0.758099	-0.501789	-0.198497	1.267402	-1.339744	0.721997	0.420277	0.261028	-1.411779	1.312014	-0.783825	-0.494461	-0.188911	1.271879	-1.420165	0.733194	-0.079330	0.147366	-0.123969	0.011609	0.220576	0.010202	0.049991	0.082070	-0.113420	-0.148448	-0.050781	0.175781	0.183594	-0.695312	0.355469	-0.054688	-0.125000	0.035156	0.691406	-0.464844	0.064925	0.052708	-5.289305	-0.142683	-0.023800	-0.124237	2.006287	1.883340	9.196280	1.000000	0.000000	0.000000	0.000000	
0.404228	0.286019	-1.405560	1.215470	-0.759196	-0.502924	-0.199469	1.261458	-1.349744	0.736693	0.419176	0.262277	-1.413623	1.311931	-0.783186	-0.494572	-0.187875	1.271837	-1.422076	0.733273	-0.091684	0.072897	-0.113596	-0.065142	-0.044245	-0.040855	0.065486	0.018676	-0.091604	0.191044	-0.058594	0.203125	0.121094	-0.644531	0.300781	-0.042969	-0.156250	0.019531	0.625000	-0.339844	0.066073	0.054160	-5.287206	-0.143946	-0.028560	-0.126275	2.017048	1.902526	9.189286	1.000000	0.000000	0.000000	0.000000	
0.404890	0.285623	-1.403339	1.208719	-0.746300	-0.505165	-0.199519	1.256597	-1.355505	0.733155	0.418059	0.263173	-1.414695	1.311890	-0.784827	-0.494618	-0.186949	1.270423	-1.423040	0.738523	-0.075471	0.025901	-0.102090	-0.093755	-0.234740	-0.056430	0.058893	-0.151676	-0.023119	0.566977	-0.066406	0.203125	0.121094	-0.617188	0.265625	-0.042969	-0.183594	0.019531	0.550781	-0.328125	0.066303	0.054450	-5.286786	-0.144073	-0.029036	-0.126479	2.018124	1.904445	9.188586	1.000000	0.000000	0.000000	0.000000	
0.405450	0.287704	-1.399785	1.201196	-0.728082	-0.507478	-0.199025	1.252762	-1.362255	0.724008	0.416721	0.263554	-1.415443	1.311882	-0.787482	-0.494676	-0.186093	1.267935	-1.423451	0.746552	-0.126195	0.003753	-0.066043	-0.009376	-0.260769	-0.016112	0.036133	-0.186160	-0.065125	0.660404	-0.054688	0.214844	0.109375	-0.632812	0.265625	-0.054688	-0.175781	0.019531	0.558594	-0.296875	0.066349	0.054508	-5.286702	-0.144085	-0.029084	-0.126500	2.018232	1.904637	9.188517	1.000000	0.000000	0.000000	0.000000	
0.405791	0.290178	-1.397220	1.200502	-0.716407	-0.507916	-0.199607	1.248604	-1.368954	0.722287	0.415872	0.263663	-1.416780	1.312002	-0.788812	-0.494882	-0.185445	1.264893	-1.428477	0.753635	-0.019599	-0.026379	-0.055459	0.020000	-0.109828	-0.060935	0.025714	-0.311745	-0.320579	0.551099	-0.058594	0.218750	0.167969	-0.699219	0.289062	-0.058594	-0.164062	0.007812	0.613281	-0.304688	0.066358	0.054520	-5.286685	-0.144087	-0.029088	-0.126502	2.018243	1.904656	9.188510	1.000000	0.000000	0.000000	0.000000	
0.405808	0.292471	-1.396079	1.204722	-0.713861	-0.507173	-0.200806	1.244919	-1.376027	0.729937	0.415630	0.263814	-1.417532	1.313116	-0.788012	-0.495165	-0.185211	1.261885	-1.433723	0.763267	0.008509	-0.007291	-0.078828	0.026427	0.048341	-0.051459	-0.004408	-0.359200	-0.454304	0.323812	-0.066406	0.230469	0.199219	-0.746094	0.347656	-0.074219	-0.140625	0.000000	0.628906	-0.363281	0.066360	0.054522	-5.286682	-0.144087	-0.029089	-0.126502	2.018244	1.904658	9.188509	1.000000	0.000000	0.000000	0.000000	
0.405560	0.294645	-1.395339	1.208539	-0.714948	-0.506674	-0.200949	1.241122	-1.382261	0.742070	0.415678	0.264094	-1.418118	1.313824	-0.784920	-0.495561	-0.185147	1.256001	-1.439740	0.767035	0.021789	0.020209	-0.070696	0.096863	0.231660	-0.074939	-0.017889	-0.294153	-0.547938	0.185925	-0.058594	0.238281	0.234375	-0.765625	0.371094	-0.070312	-0.148438	0.011719	0.644531	-0.355469	0.066360	0.054523	-5.286681	-0.144087	-0.029089	-0.126502	2.018244	1.904658	9.188509	1.000000	0.000000	0.000000	0.000000	
0.405423	0.296509	-1.394791	1.211747	-0.715114	-0.506399	-0.200959	1.238077	-1.386779	0.752441	0.415591	0.264603	-1.418866	1.314813	-0.781830	-0.495761	-0.185135	1.252716	-1.444481	0.770187	-0.053655	0.020632	-0.101290	0.058541	0.176710	-0.038901	-0.001789	-0.189938	-0.358392	0.210522	-0.054688	0.246094	0.238281	-0.761719	0.363281	-0.070312	-0.148438	0.003906	0.597656	-0.347656	0.066360	0.054523	-5.286681	-0.144087	-0.029089	-0.126502	2.018244	1.904658	9.188509	1.000000	0.000000	0.000000	0.000000	
0.405469	0.298420	-1.393386	1.213248	-0.710517	-0.506615	-0.200722	1.235532	-1.388491	0.755521	0.415428	0.265149	-1.419088	1.315908	-0.779225	-0.495923	-0.185124	1.249756	-1.450252	0.774186	-0.043751	0.034633	-0.045025	0.079136	0.223559	-0.063214	-0.010648	-0.298164	-0.290582	0.307202	-0.054688	0.253906	0.222656	-0.726562	0.355469	-0.058594	-0.152344	0.003906	0.527344	-0.332031	0.066360	0.054523	-5.286681	-0.144087	-0.029089	-0.126502	2.018244	1.904658	9.188509	1.000000	0.000000	0.000000	0.000000	
0.405581	0.300044	-1.391941	1.215197	-0.704562	-0.506621	-0.200598	1.232794	-1.386953	0.753068	0.415105	0.265597	-1.418817	1.316272	-0.777201	-0.496027	-0.185090	1.246475	-1.453902	0.781457	0.013073	0.032544	0.009456	0.025362	0.137514	-0.020280	0.012894	-0.260132	-0.280312	0.355256	-0.054688	0.238281	0.218750	-0.679688	0.355469	-0.066406	-0.152344	0.007812	0.527344	-0.328125	0.066360	0.054523	-5.286681	-0.144087	-0.029089	-0.126502	2.018244	1.904658	9.188509	1.000000	0.000000	0.000000	0.000000	
0.405770	0.301253	-1.390469	1.215758	-0.699363	-0.506927	-0.200010	1.229897	-1.384319	0.748257	0.414967	0.266737	-1.418133	1.316345	-0.773428	-0.496436	-0.185043	1.240366	-1.456983	0.786715	-0.054527	0.081189	0.042821	0.002536	0.170785	-0.036924	0.002453	-0.287736	-0.251368	0.332144	-0.058594	0.218750	0.222656	-0.683594	0.351562	-0.066406	-0.152344	0.050781	0.535156	-0.335938	0.066360	0.054523	-5.286681	-0.144087	-0.029089	-0.126502	2.018244	1.904658	9.188509	1.000000	0.000000	0.000000	0.000000	
0.405561	0.301768	-1.390072	1.219069	-0.698418	-0.506315	-0.199849	1.227024	-1.380272	0.745142	0.414916	0.268168	-1.417608	1.316408	-0.770541	-0.496639	-0.184985	1.236454	-1.460095	0.790893	0.008506	0.105829	0.028710	-0.055581	0.181091	-0.087444	-0.007897	-0.210234	-0.377590	0.277489	-0.066406	0.207031	0.230469	-0.675781	0.355469	-0.058594	-0.156250	0.054688	0.578125	-0.351562	0.066360	0.054523	-5.286681	-0.144087	-0.029089	-0.126502	2.018244	1.904658	9.188509	1.000000	0.000000	0.000000	0.000000	
0.404990	0.301894	-1.390169	1.223359	-0.702311	-0.505409	-0.200462	1.224809	-1.376794	0.744425	0.414929	0.269884	-1.417189	1.316712	-0.767637	-0.496777	-0.184836	1.233321	-1.466485	0.793886	0.000851	0.104803	-0.004108	0.053766	0.223997	-0.047130	0.001537	-0.310663	-0.400681	0.135927	-0.054688	0.191406	0.265625	-0.675781	0.371094	-0.066406	-0.164062	0.050781	0.660156	-0.351562	0.066360	0.054523	-5.286681	-0.144087	-0.029089	-0.126502	2.018244	1.904658	9.188509	1.000000	0.000000	0.000000	0.000000	
0.404205	0.301590	-1.391585	1.227693	-0.707480	-0.504020	-0.200815	1.222409	-1.373327	0.744624	0.414956	0.271577	-1.417129	1.317596	-0.764851	-0.496828	-0.184709	1.230416	-1.470332	0.796810	0.017533	0.094231	-0.035307	0.008866	0.214330	-0.025651	-0.003336	-0.247424	-0.301791	0.027551	-0.058594	0.207031	0.273438	-0.660156	0.367188	-0.058594	-0.167969	0.039062	0.695312	-0.363281	0.066360	0.054523	-5.286681	-0.144087	-0.029089	-0.126502	2.018244	1.904658	9.188509	1.000000	0.000000	0.000000	0.000000	
0.403651	0.300342	-1.393460	1.228879	-0.713139	-0.503163	-0.200681	1.219810	-1.369838	0.745460	0.414962	0.273062	-1.417117	1.318185	-0.761482	-0.496911	-0.184425	1.227097	-1.473452	0.798050	-0.026164	0.076889	-0.038427	0.025314	0.077267	-0.037461	0.010135	-0.129431	-0.291901	0.006245	-0.066406	0.199219	0.269531	-0.632812	0.355469	-0.050781	-0.187500	0.019531	0.707031	-0.382812	0.066360	0.054523	-5.286681	-0.144087	-0.029089	-0.126502	2.018244	1.904658	9.188509	1.000000	0.000000	0.000000	0.000000	
0.403291	0.299100	-1.395037	1.229466	-0.716728	-0.502470	-0.200744	1.217889	-1.366615	0.743806	0.414963	0.274232	-1.417066	1.318569	-0.760373	-0.496928	-0.184013	1.225149	-1.475772	0.799170	-0.044492	0.068176	0.013605	-0.049813	0.007727	-0.056091	0.012646	-0.152528	-0.168775	0.018073	-0.070312	0.214844	0.269531	-0.601562	0.332031	-0.039062	-0.187500	0.007812	0.714844	-0.382812	0.066360	0.054523	-5.286681	-0.144087	-0.029089	-0.126502	2.018244	1.904658	9.188509	1.000000	0.000000	0.000000	0.000000	
0.403172	0.298173	-1.396254	1.228746	-0.718562	-0.502232	-0.200717	1.215646	-1.363398	0.739570	0.414769	0.275185	-1.417032	1.318743	-0.760126	-0.496907	-0.183656	1.223644	-1.478805	0.800339	-0.060283	0.055672	0.015319	-0.039878	-0.002717	-0.016078	0.022202	-0.186245	-0.170421	0.120455	-0.066406	0.187500	0.234375	-0.585938	0.312500	-0.039062	-0.183594	0.000000	0.777344	-0.386719	0.066360	0.054523	-5.286681	-0.144087	-0.029089	-0.126502	2.018244	1.904658	9.188509	1.000000	0.000000	0.000000	0.000000	
0.402811	0.297089	-1.397610	1.228014	-0.719974	-0.501743	-0.200452	1.213690	-1.360255	0.735008	0.414294	0.275658	-1.417073	1.318681	-0.760174	-0.496903	-0.183391	1.221914	-1.480769	0.802197	-0.075821	0.038137	-0.061281	-0.014457	0.006708	-0.019056	0.008036	-0.137272	-0.107773	0.071369	-0.058594	0.187500	0.218750	-0.582031	0.289062	-0.035156	-0.183594	0.019531	0.804688	-0.417969	0.066360	0.054523	-5.286681	-0.144087	-0.029089	-0.126502	2.018244	1.904658	9.188509	1.000000	0.000000	0.000000	0.000000	
0.402352	0.295958	-1.399462	1.227789	-0.722175	-0.501048	-0.200444	1.211841	-1.358079	0.731223	0.413787	0.276310	-1.417154	1.318572	-0.760208	-0.496902	-0.183087	1.218829	-1.482131	0.803174	-0.042478	0.018935	-0.044514	-0.018894	-0.006309	-0.026333	0.015925	-0.258002	-0.153852	0.024585	-0.066406	0.183594	0.207031	-0.582031	0.273438	-0.035156	-0.191406	0.019531	0.820312	-0.433594	0.066360	0.054523	-5.286681	-0.144087	-0.029089	-0.126502	2.018244	1.904658	9.188509	1.000000	0.000000	0.000000	0.000000	
0.401897	0.294689	-1.401681	1.226986	-0.725090	-0.500546	-0.200051	1.210090	-1.356239	0.728771	0.413395	0.276642	-1.417267	1.318308	-0.760287	-0.496902	-0.182752	1.216807	-1.483494	0.803394	-0.074040	0.026321	-0.046327	-0.089130	-0.000631	0.000856	0.010898	-0.147937	-0.161950	-0.011500	-0.042969	0.191406	0.207031	-0.578125	0.269531	-0.023438	-0.191406	0.000000	0.843750	-0.453125	0.066360	0.054523	-5.286681	-0.144087	-0.029089	-0.126502	2.018244	1.904658	9.188509	1.000000	0.000000	0.000000	0.000000	
0.401463	0.293319	-1.403544	1.225412	-0.728232	-0.500246	-0.199755	1.209354	-1.355763	0.727002	0.412808	0.276749	-1.417944	1.317964	-0.760424	-0.496902	-0.182515	1.215409	-1.485245	0.803292	-0.063238	0.001469	-0.070936	-0.099643	-0.073345	-0.038300	0.010396	-0.119483	-0.065050	-0.053494	-0.050781	0.187500	0.191406	-0.578125	0.253906	-0.023438	-0.183594	0.003906	0.855469	-0.476562	0.066360	0.054523	-5.286681	-0.144087	-0.029089	-0.126502	2.018244	1.904658	9.188509	1.000000	0.000000	0.000000	0.000000	
0.400898	0.292323	-1.405523	1.224654	-0.731399	-0.499792	-0.199634	1.208583	-1.355305	0.724597	0.412448	0.276762	-1.418589	1.317144	-0.760839	-0.496902	-0.182427	1.213893	-1.485861	0.803175	-0.051689	0.002473	-0.069907	-0.121633	-0.091086	-0.059664	0.005692	-0.165492	-0.086767	-0.040246	-0.050781	0.175781	0.175781	-0.574219	0.250000	-0.023438	-0.175781	0.007812	0.863281	-0.480469	0.066360	0.054523	-5.286681	-0.144087	-0.029089	-0.126502	2.018244	1.904658	9.188509	1.000000	0.000000	0.000000	0.000000	
0.400572	0.291639	-1.407233	1.222955	-0.733486	-0.499864	-0.199293	1.207703	-1.355318	0.721236	0.411891	0.276733	-1.419202	1.316447	-0.761601	-0.496878	-0.182353	1.212015	-1.486082	0.802958	-0.071472	-0.002079	-0.034908	-0.113363	-0.057963	-0.009456	-0.000594	-0.131707	-0.064511	-0.087776	-0.054688	0.171875	0.171875	-0.574219	0.234375	-0.023438	-0.167969	0.000000	0.859375	-0.492188	0.066360	0.054523	-5.286681	-0.144087	-0.029089	-0.126502	2.018244	1.904658	9.188509	1.000000	0.000000	0.000000	0.000000	
0.400141	0.290982	-1.408784	1.221282	-0.736449	-0.500004	-0.199278	1.206571	-1.355526	0.720010	0.411538	0.276646	-1.419640	1.315823	-0.762286	-0.496849	-0.182330	1.211106	-1.486126	0.802551	-0.028085	-0.000208	-0.041877	-0.046233	-0.113975	-0.004435	-0.003549	-0.020150	-0.083223	-0.075081	-0.058594	0.156250	0.175781	-0.582031	0.222656	-0.011719	-0.171875	0.000000	0.863281	-0.496094	0.066360	0.054523	-5.286681	-0.144087	-0.029089	-0.126502	2.018244	1.904658	9.188509	1.000000	0.000000	0.000000	0.000000	
0.399375	0.290244	-1.410612	1.221552	-0.740242	-0.499679	-0.199606	1.205685	-1.356040	0.721797	0.411031	0.276540	-1.420769	1.315140	-0.762932	-0.496818	-0.182318	1.210440	-1.485989	0.801670	-0.006298	-0.017469	-0.112366	-0.081395	-0.039315	-0.024871	-0.011987	0.001475	-0.008322	-0.091259	-0.054688	0.167969	0.152344	-0.585938	0.214844	-0.023438	-0.156250	-0.007812	0.859375	-0.484375	0.066360	0.054523	-5.286681	-0.144087	-0.029089	-0.126502	2.018244	1.904658	9.188509	1.000000	0.000000	0.000000	0.000000	
0.398894	0.289750	-1.411875	1.220827	-0.742899	-0.499851	-0.200203	1.205315	-1.357458	0.722759	0.410324	0.276462	-1.421335	1.314059	-0.763740	-0.496812	-0.182331	1.209967	-1.485792	0.799821	-0.042505	-0.023848	-0.021706	-0.070953	-0.101641	0.001003	-0.011668	-0.003342	-0.025260	-0.113815	-0.054688	0.152344	0.132812	-0.585938	0.218750	-0.023438	-0.156250	-0.019531	0.859375	-0.500000	0.066360	0.054523	-5.286681	-0.144087	-0.029089	-0.126502	2.018244	1.904658	9.188509	1.000000	0.000000	0.000000	0.000000	
0.398488	0.289156	-1.412685	1.219466	-0.743766	-0.500122	-0.200174	1.205078	-1.358627	0.721610	0.409552	0.276309	-1.421835	1.313503	-0.765889	-0.496836	-0.182358	1.209533	-1.485486	0.798991	-0.042636	-0.017507	-0.030088	-0.090846	-0.156729	-0.041775	0.004649	0.038052	0.049819	-0.112581	-0.050781	0.148438	0.117188	-0.585938	0.218750	-0.011719	-0.156250	-0.023438	0.839844	-0.484375	0.066360	0.054523	-5.286681	-0.144087	-0.029089	-0.126502	2.018244	1.904658	9.188509	1.000000	0.000000	0.000000	0.000000	
0.398179	0.288949	-1.412843	1.217718	-0.743118	-0.500640	-0.200013	1.204835	-1.360328	0.718644	0.408865	0.276165	-1.421984	1.313223	-0.767627	-0.496816	-0.182420	1.209301	-1.484989	0.798292	-0.039160	-0.016872	-0.037905	-0.026533	-0.172706	-0.032095	-0.018146	-0.006664	0.078264	-0.077561	-0.050781	0.140625	0.121094	-0.597656	0.214844	-0.011719	-0.167969	-0.039062	0.828125	-0.468750	0.066360	0.054523	-5.286681	-0.144087	-0.029089	-0.126502	2.018244	1.904658	9.188509	1.000000	0.000000	0.000000	0.000000	
0.397882	0.289204	-1.413059	1.216693	-0.741377	-0.501060	-0.199695	1.204389	-1.362714	0.715707	0.408485	0.275999	-1.422014	1.313142	-0.769671	-0.496860	-0.182465	1.209231	-1.484332	0.797328	-0.063240	-0.022625	-0.017749	-0.051508	-0.146387	-0.038106	-0.013447	-0.007646	0.095067	-0.094997	-0.054688	0.140625	0.089844	-0.617188	0.222656	-0.011719	-0.167969	-0.035156	0.820312	-0.464844	0.066360	0.054523	-5.286681	-0.144087	-0.029089	-0.126502	2.018244	1.904658	9.188509	1.000000	0.000000	0.000000	0.000000	
0.397578	0.289602	-1.413039	1.215847	-0.740367	-0.501708	-0.199657	1.203824	-1.365501	0.714122	0.408021	0.275789	-1.421971	1.313223	-0.771219	-0.496869	-0.182482	1.209241	-1.484128	0.795900	-0.051689	-0.023200	0.019163	-0.005151	-0.105369	-0.038707	-0.012977	-0.018213	0.006017	-0.096741	-0.050781	0.152344	0.085938	-0.632812	0.214844	-0.023438	-0.167969	-0.035156	0.812500	-0.480469	0.066360	0.054523	-5.286681	-0.144087	-0.029089	-0.126502	2.018244	1.904658	9.188509	1.000000	0.000000	0.000000	0.000000	
0.397112	0.290008	-1.413124	1.216058	-0.740254	-0.502115	-0.199673	1.203398	-1.368177	0.714149	0.407686	0.275439	-1.421987	1.313239	-0.772983	-0.496871	-0.182526	1.209340	-1.484087	0.794741	-0.015638	-0.050012	-0.032980	-0.059839	-0.076840	-0.045746	-0.015256	-0.036718	0.000602	-0.135301	-0.050781	0.164062	0.089844	-0.640625	0.230469	-0.023438	-0.171875	-0.042969	0.808594	-0.484375	0.066360	0.054523	-5.286681	-0.144087	-0.029089	-0.126502	2.018244	1.904658	9.188509	1.000000	0.000000	0.000000	0.000000	
0.396621	0.290460	-1.412953	1.215913	-0.740834	-0.502701	-0.199982	1.203327	-1.371233	0.716592	0.407401	0.275119	-1.421990	1.313267	-0.773650	-0.496871	-0.182575	1.209456	-1.484103	0.793419	-0.015522	-0.038734	-0.055642	0.007975	-0.025132	-0.049940	-0.005015	0.027735	-0.020878	-0.132178	-0.050781	0.164062	0.089844	-0.640625	0.234375	-0.027344	-0.164062	-0.050781	0.781250	-0.468750	0.066360	0.054523	-5.286681	-0.144087	-0.029089	-0.126502	2.018244	1.904658	9.188509	1.000000	0.000000	0.000000	0.000000	
0.397360	0.292160	-1.414413	1.227169	-0.750722	-0.502724	-0.204472	1.203968	-1.367146	0.738757	0.407102	0.274942	-1.421942	1.313297	-0.773978	-0.496872	-0.182625	1.209455	-1.484131	0.791337	-0.029469	-0.012016	-0.036971	-0.034099	-0.065327	-0.025932	-0.016786	-0.032123	-0.057922	-0.149313	-0.050781	0.164062	0.085938	-0.640625	0.222656	-0.027344	-0.164062	-0.054688	0.765625	-0.476562	0.024122	-0.040396	-5.308138	0.135066	0.022923	-0.092307	-0.080108	-0.161412	10.179577	1.000000	0.000000	0.000000	0.000000	
0.398714	0.291267	-1.420700	1.236501	-0.769100	-0.502023	-0.208085	1.204816	-1.362632	0.781747	0.406896	0.274874	-1.421860	1.313375	-0.774189	-0.496896	-0.182676	1.209455	-1.484136	0.790194	0.024970	-0.002365	-0.035104	-0.027837	-0.062367	-0.034000	-0.020290	0.000277	-0.005792	-0.126600	-0.058594	0.167969	0.089844	-0.644531	0.230469	-0.027344	-0.171875	-0.054688	0.750000	-0.460938	0.015675	-0.059379	-5.312429	0.162981	0.028124	-0.088887	-0.289943	-0.368019	10.278684	1.000000	0.000000	0.000000	0.000000	
0.400575	0.288287	-1.425159	1.241039	-0.790347	-0.503122	-0.212536	1.207675	-1.359261	0.831458	0.406831	0.274861	-1.421795	1.313900	-0.775006	-0.496876	-0.183009	1.209334	-1.483822	0.791056	0.030414	0.003253	-0.027938	-0.009763	-0.096967	0.024517	-0.022967	-0.017420	0.041296	0.074581	-0.050781	0.171875	0.066406	-0.578125	0.191406	-0.023438	-0.183594	-0.042969	0.742188	-0.382812	0.013985	-0.063176	-5.313287	0.165773	0.028644	-0.088546	-0.310927	-0.388679	10.288594	1.000000	0.000000	0.000000	0.000000	
0.403997	0.285233	-1.427989	1.241061	-0.802737	-0.505479	-0.214488	1.208029	-1.358312	0.866413	0.406794	0.274842	-1.421588	1.314683	-0.777908	-0.496921	-0.183625	1.209140	-1.480270	0.797044	-0.035345	0.000325	-0.009773	-0.000976	-0.288867	-0.008017	-0.061620	-0.061066	0.171632	0.673978	-0.050781	0.167969	0.058594	-0.519531	0.164062	-0.039062	-0.203125	-0.035156	0.699219	-0.347656	0.013647	-0.063936	-5.313459	0.166052	0.028696	-0.088511	-0.313025	-0.390745	10.289586	1.000000	0.000000	0.000000	0.000000	
0.408650	0.281780	-1.428998	1.239807	-0.808040	-0.508776	-0.214220	1.206341	-1.359871	0.886815	0.406617	0.274652	-1.422225	1.315203	-0.782851	-0.497027	-0.184313	1.209126	-1.477596	0.814963	-0.024472	-0.020905	-0.042853	0.034799	-0.486029	-0.063615	-0.051527	-0.020065	0.271906	1.232935	-0.027344	0.156250	-0.011719	-0.492188	0.105469	-0.027344	-0.234375	-0.003906	0.667969	-0.332031	0.013580	-0.064087	-5.313493	0.166080	0.028701	-0.088508	-0.313235	-0.390952	10.289685	1.000000	0.000000	0.000000	0.000000	
0.413211	0.278403	-1.428048	1.238935	-0.811264	-0.511942	-0.213491	1.204624	-1.363360	0.901611	0.406605	0.274017	-1.422862	1.316107	-0.789316	-0.497266	-0.184774	1.209099	-1.474178	0.833087	-0.002447	-0.061414	-0.074078	0.045355	-0.495276	-0.076154	-0.055171	-0.057841	0.320320	1.519147	-0.011719	0.156250	-0.023438	-0.515625	0.089844	-0.042969	-0.234375	-0.011719	0.632812	-0.320312	0.013566	-0.064118	-5.313500	0.166082	0.028702	-0.088508	-0.313256	-0.390973	10.289695	1.000000	0.000000	0.000000	0.000000	
0.416721	0.274928	-1.426825	1.239308	-0.815432	-0.514251	-0.212105	1.203074	-1.366959	0.917151	0.407015	0.273211	-1.423886	1.316506	-0.796861	-0.498017	-0.185351	1.207760	-1.471337	0.852100	-0.017693	-0.073608	-0.105118	0.004536	-0.290312	-0.046001	-0.035761	-0.141880	0.136721	1.446568	0.000000	0.148438	-0.007812	-0.515625	0.019531	-0.066406	-0.253906	0.035156	0.664062	-0.289062	0.013564	-0.064124	-5.313502	0.166083	0.028702	-0.088508	-0.313258	-0.390975	10.289696	1.000000	0.000000	0.000000	0.000000	
0.419028	0.271670	-1.425650	1.241020	-0.820828	-0.515466	-0.210508	1.201871	-1.369884	0.932693	0.408066	0.272089	-1.425060	1.317216	-0.800866	-0.498337	-0.185806	1.206039	-1.469630	0.869837	0.054065	-0.075990	-0.108221	0.059777	-0.193044	-0.046476	-0.033820	-0.174711	0.104403	1.404414	0.003906	0.140625	-0.007812	-0.546875	0.007812	-0.074219	-0.238281	0.039062	0.679688	-0.253906	0.013563	-0.064125	-5.313502	0.166083	0.028702	-0.088508	-0.313258	-0.390975	10.289696	1.000000	0.000000	0.000000	0.000000	
0.420788	0.268437	-1.424594	1.244268	-0.828132	-0.515983	-0.209662	1.201814	-1.372555	0.949635	0.409440	0.270774	-1.426216	1.318230	-0.803921	-0.498788	-0.186123	1.204265	-1.469144	0.884992	0.075199	-0.115778	-0.066656	0.117646	-0.281027	-0.098868	-0.013851	-0.076795	-0.013987	0.953526	0.023438	0.117188	0.003906	-0.562500	0.003906	-0.082031	-0.238281	0.019531	0.664062	-0.199219	0.013563	-0.064125	-5.313502	0.166083	0.028702	-0.088508	-0.313258	-0.390975	10.289696	1.000000	0.000000	0.000000	0.000000	
0.422251	0.264958	-1.423538	1.247962	-0.835714	-0.516055	-0.208846	1.202571	-1.375537	0.962324	0.410950	0.269396	-1.426568	1.319524	-0.806737	-0.500139	-0.186210	1.202771	-1.468925	0.905374	0.080802	-0.093003	-0.069479	0.004785	-0.209564	-0.139003	-0.000222	-0.143775	0.043967	0.737445	0.019531	0.121094	0.007812	-0.531250	-0.023438	-0.058594	-0.234375	0.035156	0.644531	-0.105469	0.013563	-0.064125	-5.313502	0.166083	0.028702	-0.088508	-0.313258	-0.390975	10.289696	1.000000	0.000000	0.000000	0.000000	
0.423833	0.262963	-1.422282	1.249745	-0.839404	-0.516995	-0.206889	1.201897	-1.377121	0.970594	0.412343	0.267674	-1.426541	1.319806	-0.810548	-0.501524	-0.186228	1.199152	-1.468833	0.917933	0.102300	-0.131437	0.010500	-0.069314	-0.230334	-0.048797	-0.010491	-0.209797	-0.016541	0.750733	0.035156	0.121094	0.011719	-0.500000	-0.039062	-0.070312	-0.222656	0.101562	0.625000	-0.066406	0.013563	-0.064125	-5.313502	0.166083	0.028702	-0.088508	-0.313258	-0.390975	10.289696	1.000000	0.000000	0.000000	0.000000	
0.425306	0.262061	-1.420448	1.250293	-0.839576	-0.518317	-0.204625	1.200737	-1.378346	0.972957	0.413106	0.266716	-1.426197	1.319887	-0.814267	-0.502237	-0.186207	1.196514	-1.468717	0.927690	0.024189	-0.103874	0.060374	-0.055786	-0.214963	-0.046755	-0.012681	-0.247806	-0.033061	0.724145	0.042969	0.101562	0.003906	-0.468750	-0.039062	-0.082031	-0.222656	0.125000	0.613281	-0.039062	0.013563	-0.064125	-5.313502	0.166083	0.028702	-0.088508	-0.313258	-0.390975	10.289696	1.000000	0.000000	0.000000	0.000000	
0.426611	0.260899	-1.418249	1.252504	-0.839688	-0.519164	-0.203751	1.200254	-1.379336	0.972641	0.414083	0.264982	-1.424989	1.319879	-0.817967	-0.502622	-0.186122	1.193539	-1.468646	0.936669	0.075701	-0.106934	0.068851	-0.002089	-0.272750	-0.063999	0.003385	-0.289993	0.003673	0.564453	0.050781	0.089844	0.000000	-0.468750	-0.042969	-0.085938	-0.207031	0.187500	0.609375	0.000000	0.013563	-0.064125	-5.313502	0.166083	0.028702	-0.088508	-0.313258	-0.390975	10.289696	1.000000	0.000000	0.000000	0.000000	
0.427789	0.259625	-1.416431	1.254549	-0.841523	-0.519852	-0.203305	1.199440	-1.379158	0.974260	0.415272	0.263520	-1.423923	1.319563	-0.820791	-0.503135	-0.185911	1.190520	-1.468729	0.948086	0.059915	-0.060711	0.118553	-0.042084	-0.236653	-0.058744	-0.018273	-0.220929	-0.034529	0.485670	0.039062	0.054688	0.003906	-0.449219	-0.054688	-0.082031	-0.203125	0.187500	0.593750	0.000000	0.013563	-0.064125	-5.313502	0.166083	0.028702	-0.088508	-0.313258	-0.390975	10.289696	1.000000	0.000000	0.000000	0.000000	
0.429264	0.257591	-1.415017	1.256408	-0.844374	-0.520396	-0.203359	1.198794	-1.377873	0.977731	0.416503	0.262436	-1.422547	1.319402	-0.825282	-0.503504	-0.185611	1.186233	-1.468818	0.954295	0.054846	-0.057252	0.116544	-0.063532	-0.156271	-0.054729	0.015621	-0.214023	0.010506	0.303310	0.039062	0.042969	0.000000	-0.433594	-0.023438	-0.089844	-0.199219	0.214844	0.593750	0.011719	0.013563	-0.064125	-5.313502	0.166083	0.028702	-0.088508	-0.313258	-0.390975	10.289696	1.000000	0.000000	0.000000	0.000000	
0.430479	0.255587	-1.413752	1.257634	-0.849597	-0.520785	-0.203571	1.197832	-1.376369	0.985947	0.417331	0.261678	-1.421012	1.319419	-0.827828	-0.503893	-0.185438	1.184067	-1.468932	0.958396	-0.036391	-0.051090	-0.009283	0.007605	-0.207557	-0.040369	0.025990	-0.091195	-0.054784	0.316481	0.054688	0.011719	0.027344	-0.421875	-0.023438	-0.101562	-0.187500	0.203125	0.597656	-0.003906	0.013563	-0.064125	-5.313502	0.166083	0.028702	-0.088508	-0.313258	-0.390975	10.289696	1.000000	0.000000	0.000000	0.000000	
0.431553	0.253599	-1.412874	1.260429	-0.853716	-0.520814	-0.204306	1.197758	-1.374884	0.993594	0.418296	0.260904	-1.419929	1.319495	-0.830421	-0.504189	-0.185282	1.182349	-1.468980	0.962149	0.027768	-0.052801	0.103761	0.000761	-0.195237	-0.087788	0.015394	-0.134746	-0.008968	0.150296	0.042969	0.003906	0.027344	-0.417969	-0.019531	-0.101562	-0.183594	0.207031	0.601562	0.011719	0.013563	-0.064125	-5.313502	0.166083	0.028702	-0.088508	-0.313258	-0.390975	10.289696	1.000000	0.000000	0.000000	0.000000	
0.432215	0.252297	-1.411748	1.260979	-0.857382	-0.521177	-0.204115	1.197066	-1.374196	0.999699	0.418974	0.260160	-1.418646	1.319559	-0.832999	-0.504369	-0.185251	1.181109	-1.468989	0.968037	0.034183	-0.050645	0.073189	-0.003414	-0.221922	-0.043675	-0.010093	-0.069309	-0.042772	0.283731	0.050781	0.007812	0.007812	-0.398438	0.000000	-0.105469	-0.171875	0.187500	0.609375	-0.003906	0.013563	-0.064125	-5.313502	0.166083	0.028702	-0.088508	-0.313258	-0.390975	10.289696	1.000000	0.000000	0.000000	0.000000	
0.432638	0.251230	-1.410610	1.261491	-0.860673	-0.521620	-0.203401	1.195578	-1.373646	1.006217	0.420055	0.259090	-1.417372	1.319717	-0.838071	-0.504575	-0.185244	1.180061	-1.468894	0.973116	0.052273	-0.072531	0.035236	0.010128	-0.273446	-0.081139	-0.006825	-0.017400	-0.032194	0.447129	0.058594	0.019531	0.023438	-0.386719	-0.007812	-0.101562	-0.187500	0.187500	0.625000	0.003906	0.013563	-0.064125	-5.313502	0.166083	0.028702	-0.088508	-0.313258	-0.390975	10.289696	1.000000	0.000000	0.000000	0.000000	
0.433051	0.249955	-1.409495	1.262733	-0.864610	-0.521863	-0.203188	1.194921	-1.373554	1.013885	0.420659	0.258327	-1.415930	1.319845	-0.841945	-0.504980	-0.185251	1.179391	-1.468754	0.978203	0.015696	-0.078209	0.069827	-0.072270	-0.261150	-0.095355	-0.007662	-0.029657	-0.083481	0.442531	0.066406	0.023438	0.011719	-0.398438	-0.003906	-0.089844	-0.183594	0.191406	0.613281	0.000000	0.013563	-0.064125	-5.313502	0.166083	0.028702	-0.088508	-0.313258	-0.390975	10.289696	1.000000	0.000000	0.000000	0.000000	
0.433429	0.249190	-1.407284	1.263082	-0.867131	-0.522513	-0.203061	1.195261	-1.374905	1.019502	0.420949	0.257197	-1.414623	1.320234	-0.845579	-0.505569	-0.185261	1.178482	-1.468120	0.983437	-0.033327	-0.082266	0.069796	0.003242	-0.225024	-0.054901	-0.011235	-0.048331	0.030038	0.452540	0.074219	0.019531	0.007812	-0.386719	-0.007812	-0.089844	-0.183594	0.199219	0.609375	0.019531	0.013563	-0.064125	-5.313502	0.166083	0.028702	-0.088508	-0.313258	-0.390975	10.289696	1.000000	0.000000	0.000000	0.000000	
0.433939	0.248338	-1.405460	1.264658	-0.867651	-0.522658	-0.202980	1.195319	-1.375675	1.021844	0.421152	0.255913	-1.413490	1.320627	-0.848366	-0.506002	-0.185279	1.177500	-1.467605	0.991100	0.000157	-0.084999	0.048855	-0.034572	-0.207453	-0.103200	-0.012756	-0.106032	0.009983	0.313956	0.074219	0.023438	0.011719	-0.394531	0.000000	-0.085938	-0.171875	0.199219	0.597656	0.039062	0.013563	-0.064125	-5.313502	0.166083	0.028702	-0.088508	-0.313258	-0.390975	10.289696	1.000000	0.000000	0.000000	0.000000	
0.434242	0.248219	-1.403100	1.265532	-0.866569	-0.523115	-0.202907	1.195502	-1.376821	1.021682	0.421193	0.254759	-1.412124	1.321118	-0.853697	-0.506743	-0.185323	1.176214	-1.466921	0.996122	-0.069777	-0.081782	0.172388	0.007012	-0.174289	-0.041727	-0.028029	-0.097844	0.049853	0.307077	0.085938	0.019531	0.003906	-0.386719	-0.007812	-0.082031	-0.171875	0.214844	0.578125	0.035156	0.013563	-0.064125	-5.313502	0.166083	0.028702	-0.088508	-0.313258	-0.390975	10.289696	1.000000	0.000000	0.000000	0.000000	
0.434587	0.247885	-1.400662	1.266007	-0.866072	-0.523790	-0.202535	1.194784	-1.376848	1.022408	0.421322	0.253729	-1.409088	1.321846	-0.856823	-0.507740	-0.185348	1.175375	-1.465887	1.000228	-0.059322	-0.074481	0.114949	0.032108	-0.209359	-0.049538	-0.014435	-0.055150	0.074778	0.334306	0.085938	0.023438	-0.011719	-0.402344	0.000000	-0.066406	-0.167969	0.214844	0.574219	0.050781	0.013563	-0.064125	-5.313502	0.166083	0.028702	-0.088508	-0.313258	-0.390975	10.289696	1.000000	0.000000	0.000000	0.000000	
0.434610	0.247115	-1.398498	1.267781	-0.867155	-0.524040	-0.202766	1.194452	-1.375808	1.025056	0.421494	0.252699	-1.406760	1.324221	-0.858830	-0.508617	-0.185377	1.174601	-1.464081	1.003376	0.011516	-0.051650	0.144101	0.090452	-0.181459	-0.050319	-0.006096	-0.078797	0.031905	0.221871	0.085938	0.011719	-0.023438	-0.445312	-0.003906	-0.082031	-0.167969	0.230469	0.546875	0.039062	0.013563	-0.064125	-5.313502	0.166083	0.028702	-0.088508	-0.313258	-0.390975	10.289696	1.000000	0.000000	0.000000	0.000000	
0.434508	0.246221	-1.396440	1.269694	-0.868795	-0.524132	-0.202901	1.193933	-1.375118	1.028143	0.421576	0.251661	-1.404744	1.326489	-0.861461	-0.509084	-0.185423	1.173816	-1.462945	1.008659	0.001152	-0.041225	0.188892	0.173058	-0.091428	-0.064356	-0.012242	-0.116058	0.010170	0.196669	0.082031	0.019531	-0.007812	-0.484375	0.000000	-0.085938	-0.156250	0.230469	0.542969	0.011719	0.013563	-0.064125	-5.313502	0.166083	0.028702	-0.088508	-0.313258	-0.390975	10.289696	1.000000	0.000000	0.000000	0.000000	
0.434424	0.245491	-1.394177	1.271786	-0.869842	-0.524423	-0.202970	1.192950	-1.374904	1.031757	0.421690	0.250548	-1.402329	1.329197	-0.862762	-0.509274	-0.185473	1.173126	-1.461918	1.011581	-0.031292	-0.084384	0.172433	0.286007	-0.138259	0.004033	-0.012856	-0.074419	0.063830	0.176700	0.085938	0.042969	-0.039062	-0.468750	0.000000	-0.085938	-0.164062	0.218750	0.546875	0.019531	0.013563	-0.064125	-5.313502	0.166083	0.028702	-0.088508	-0.313258	-0.390975	10.289696	1.000000	0.000000	0.000000	0.000000	
0.434314	0.244697	-1.392153	1.274079	-0.870274	-0.524513	-0.202911	1.191784	-1.374704	1.035043	0.421761	0.249857	-1.398526	1.332161	-0.863822	-0.509409	-0.185531	1.172818	-1.461131	1.014346	-0.048494	-0.087537	0.128912	0.203082	-0.104556	0.000403	-0.023387	-0.087703	0.083155	0.157255	0.085938	0.042969	-0.035156	-0.492188	0.003906	-0.093750	-0.171875	0.214844	0.542969	0.011719	0.013563	-0.064125	-5.313502	0.166083	0.028702	-0.088508	-0.313258	-0.390975	10.289696	1.000000	0.000000	0.000000	0.000000	
0.434059	0.243210	-1.390569	1.276871	-0.872693	-0.524181	-0.203101	1.190853	-1.373707	1.040559	0.421896	0.248806	-1.396554	1.337189	-0.864955	-0.509557	-0.185591	1.172684	-1.460319	1.017202	0.002130	-0.049466	0.079194	0.184321	-0.108165	-0.003449	-0.006992	0.040085	-0.030070	0.169269	0.085938	0.023438	-0.007812	-0.511719	0.003906	-0.101562	-0.164062	0.207031	0.562500	0.019531	0.013563	-0.064125	-5.313502	0.166083	0.028702	-0.088508	-0.313258	-0.390975	10.289696	1.000000	0.000000	0.000000	0.000000	
0.433578	0.242322	-1.388707	1.278927	-0.875895	-0.524090	-0.203235	1.190939	-1.374267	1.047984	0.421948	0.247764	-1.394754	1.340255	-0.865860	-0.509635	-0.185684	1.172536	-1.460035	1.021093	-0.045152	-0.064270	0.077712	0.137080	-0.101547	-0.000345	-0.011168	0.004008	0.017931	0.226305	0.085938	0.035156	-0.019531	-0.511719	-0.007812	-0.093750	-0.164062	0.183594	0.566406	0.019531	0.013563	-0.064125	-5.313502	0.166083	0.028702	-0.088508	-0.313258	-0.390975	10.289696	1.000000	0.000000	0.000000	0.000000	
0.433218	0.241538	-1.386621	1.280832	-0.878083	-0.524287	-0.203038	1.190717	-1.374958	1.055006	0.422031	0.246651	-1.393473	1.343025	-0.867229	-0.509699	-0.185856	1.172482	-1.459809	1.024440	-0.011494	-0.062261	0.060116	0.230065	-0.072968	0.027883	-0.038340	0.014359	-0.012165	0.273884	0.070312	0.027344	0.007812	-0.503906	0.000000	-0.085938	-0.148438	0.191406	0.562500	0.007812	0.013563	-0.064125	-5.313502	0.166083	0.028702	-0.088508	-0.313258	-0.390975	10.289696	1.000000	0.000000	0.000000	0.000000	
0.433007	0.240771	-1.384600	1.283347	-0.878380	-0.524178	-0.202909	1.190574	-1.375700	1.058597	0.422072	0.245798	-1.391254	1.345348	-0.868835	-0.509809	-0.185987	1.172423	-1.459352	1.027993	0.044216	-0.067876	0.114190	0.131185	-0.143392	-0.028618	-0.039893	-0.043929	0.054618	0.250725	0.074219	0.011719	-0.019531	-0.503906	0.000000	-0.089844	-0.148438	0.171875	0.542969	0.023438	0.013563	-0.064125	-5.313502	0.166083	0.028702	-0.088508	-0.313258	-0.390975	10.289696	1.000000	0.000000	0.000000	0.000000	
0.432972	0.239919	-1.381981	1.284753	-0.877833	-0.524429	-0.202633	1.189734	-1.376951	1.060567	0.422128	0.245151	-1.389574	1.349786	-0.870611	-0.509952	-0.186200	1.172411	-1.458291	1.032145	-0.020006	-0.035868	0.060274	0.219007	-0.181842	-0.034269	-0.007479	-0.035800	-0.001518	0.377525	0.082031	-0.007812	-0.003906	-0.535156	0.000000	-0.085938	-0.148438	0.187500	0.531250	0.023438	0.013563	-0.064125	-5.313502	0.166083	0.028702	-0.088508	-0.313258	-0.390975	10.289696	1.000000	0.000000	0.000000	0.000000	
0.433057	0.239245	-1.379659	1.287984	-0.877511	-0.524450	-0.203053	1.189612	-1.377582	1.063152	0.422164	0.244699	-1.388051	1.352904	-0.872056	-0.510102	-0.186371	1.172409	-1.457594	1.038840	-0.036897	-0.034993	0.156082	0.259196	-0.136832	-0.087178	-0.010054	-0.010559	0.031255	0.295985	0.070312	-0.007812	-0.003906	-0.535156	0.003906	-0.089844	-0.152344	0.183594	0.519531	0.039062	0.013563	-0.064125	-5.313502	0.166083	0.028702	-0.088508	-0.313258	-0.390975	10.289696	1.000000	0.000000	0.000000	0.000000	
0.433269	0.238271	-1.377241	1.290556	-0.877518	-0.524761	-0.203431	1.189663	-1.378598	1.066621	0.422147	0.244156	-1.386099	1.355950	-0.873993	-0.510180	-0.186462	1.172190	-1.457164	1.042554	-0.052545	-0.052354	0.113318	0.224829	-0.048579	-0.043614	-0.010311	-0.056890	-0.003854	0.225018	0.070312	-0.003906	-0.003906	-0.550781	0.000000	-0.085938	-0.148438	0.183594	0.519531	0.042969	0.013563	-0.064125	-5.313502	0.166083	0.028702	-0.088508	-0.313258	-0.390975	10.289696	1.000000	0.000000	0.000000	0.000000	
0.433382	0.237467	-1.374958	1.292820	-0.878111	-0.525150	-0.203640	1.189794	-1.378494	1.069505	0.422192	0.243870	-1.382558	1.359105	-0.874744	-0.510245	-0.186553	1.171953	-1.456860	1.045380	0.005214	-0.030826	0.140448	0.210923	-0.085120	0.006107	-0.018479	0.001290	0.003104	0.158597	0.074219	-0.019531	-0.039062	-0.558594	0.000000	-0.082031	-0.152344	0.187500	0.519531	0.058594	0.013563	-0.064125	-5.313502	0.166083	0.028702	-0.088508	-0.313258	-0.390975	10.289696	1.000000	0.000000	0.000000	0.000000	
0.433475	0.236994	-1.372643	1.294622	-0.878021	-0.525414	-0.203750	1.189954	-1.378993	1.070931	0.422201	0.243497	-1.380008	1.364291	-0.875549	-0.510330	-0.186692	1.171639	-1.456702	1.047642	0.010990	-0.021694	0.171078	0.171147	-0.095753	-0.009858	-0.016970	-0.031278	0.059634	0.169404	0.070312	-0.027344	-0.039062	-0.558594	0.011719	-0.093750	-0.148438	0.183594	0.515625	0.070312	0.013563	-0.064125	-5.313502	0.166083	0.028702	-0.088508	-0.313258	-0.390975	10.289696	1.000000	0.000000	0.000000	0.000000	
0.433568	0.236731	-1.370272	1.295911	-0.877087	-0.525628	-0.203571	1.189867	-1.379675	1.071005	0.422178	0.242930	-1.377583	1.367219	-0.876800	-0.510396	-0.186954	1.171140	-1.456671	1.051657	-0.026818	-0.034739	0.142735	0.111335	-0.198015	-0.014944	-0.021472	-0.083389	-0.001016	0.156526	0.074219	-0.007812	-0.027344	-0.542969	0.035156	-0.085938	-0.132812	0.191406	0.511719	0.042969	0.013563	-0.064125	-5.313502	0.166083	0.028702	-0.088508	-0.313258	-0.390975	10.289696	1.000000	0.000000	0.000000	0.000000	
0.433545	0.236571	-1.367700	1.296945	-0.876582	-0.526052	-0.203449	1.189570	-1.379746	1.071542	0.422198	0.242380	-1.375184	1.369355	-0.879134	-0.510506	-0.187500	1.170070	-1.456592	1.054302	-0.002682	-0.032554	0.174797	0.178636	-0.169856	-0.032901	-0.048676	-0.036256	0.010367	0.183155	0.070312	-0.019531	-0.042969	-0.542969	0.050781	-0.085938	-0.109375	0.207031	0.515625	0.054688	0.013563	-0.064125	-5.313502	0.166083	0.028702	-0.088508	-0.313258	-0.390975	10.289696	1.000000	0.000000	0.000000	0.000000	
0.433759	0.236051	-1.365402	1.297635	-0.877455	-0.526436	-0.203243	1.189720	-1.379604	1.073751	0.422178	0.241794	-1.371626	1.371164	-0.880813	-0.510600	-0.187827	1.169445	-1.456551	1.056188	-0.049123	-0.053273	0.167534	0.073698	-0.201936	-0.038186	-0.044417	-0.048991	-0.005943	0.182328	0.074219	0.000000	-0.042969	-0.542969	0.070312	-0.093750	-0.121094	0.218750	0.515625	0.050781	0.013563	-0.064125	-5.313502	0.166083	0.028702	-0.088508	-0.313258	-0.390975	10.289696	1.000000	0.000000	0.000000	0.000000	
0.434129	0.234930	-1.363314	1.298559	-0.879674	-0.526900	-0.203313	1.190146	-1.379086	1.077300	0.422174	0.241087	-1.369533	1.374288	-0.882021	-0.510692	-0.188207	1.168956	-1.456495	1.057825	-0.036319	-0.048366	0.058629	0.153934	-0.121393	0.003161	-0.053297	-0.018858	-0.000594	0.081046	0.082031	0.000000	-0.019531	-0.550781	0.066406	-0.093750	-0.117188	0.218750	0.511719	0.054688	0.013563	-0.064125	-5.313502	0.166083	0.028702	-0.088508	-0.313258	-0.390975	10.289696	1.000000	0.000000	0.000000	0.000000	
0.434245	0.234429	-1.361728	1.300141	-0.882314	-0.526989	-0.203420	1.190643	-1.378846	1.081713	0.422173	0.240243	-1.367637	1.376028	-0.882844	-0.510880	-0.188687	1.168640	-1.456435	1.060794	-0.021080	-0.082772	0.121021	0.127062	-0.162194	-0.024111	-0.034410	-0.029803	-0.000059	0.140711	0.074219	0.023438	-0.027344	-0.558594	0.066406	-0.101562	-0.093750	0.214844	0.500000	0.027344	0.013563	-0.064125	-5.313502	0.166083	0.028702	-0.088508	-0.313258	-0.390975	10.289696	1.000000	0.000000	0.000000	0.000000	
0.434544	0.233843	-1.360332	1.301028	-0.883823	-0.527288	-0.203242	1.190390	-1.378225	1.084972	0.422173	0.239508	-1.365876	1.377563	-0.884923	-0.511184	-0.189235	1.168020	-1.456375	1.063011	-0.043984	-0.051316	0.123770	0.054582	-0.169763	0.011547	-0.024379	-0.065794	-0.003496	0.174594	0.082031	0.000000	-0.011719	-0.562500	0.074219	-0.089844	-0.101562	0.234375	0.519531	0.035156	0.013563	-0.064125	-5.313502	0.166083	0.028702	-0.088508	-0.313258	-0.390975	10.289696	1.000000	0.000000	0.000000	0.000000	
0.435014	0.233335	-1.358559	1.301651	-0.883073	-0.527555	-0.203032	1.190670	-1.378274	1.084980	0.422173	0.238974	-1.364409	1.378912	-0.886309	-0.511584	-0.189870	1.167556	-1.456290	1.065418	-0.049764	-0.064455	0.124045	0.057803	-0.086769	-0.019783	-0.053619	-0.093820	0.024078	0.129128	0.082031	0.023438	-0.035156	-0.562500	0.058594	-0.089844	-0.074219	0.238281	0.503906	0.039062	0.013563	-0.064125	-5.313502	0.166083	0.028702	-0.088508	-0.313258	-0.390975	10.289696	1.000000	0.000000	0.000000	0.000000	
0.435445	0.232829	-1.356762	1.302548	-0.882313	-0.527657	-0.203042	1.190737	-1.378915	1.084434	0.422197	0.238075	-1.361596	1.380248	-0.887555	-0.512052	-0.190498	1.166955	-1.455934	1.067619	-0.018935	-0.080891	0.054280	0.054635	-0.148262	-0.026406	-0.037932	-0.089644	0.016366	0.166457	0.082031	0.035156	-0.019531	-0.566406	0.058594	-0.085938	-0.093750	0.250000	0.515625	0.042969	0.013563	-0.064125	-5.313502	0.166083	0.028702	-0.088508	-0.313258	-0.390975	10.289696	1.000000	0.000000	0.000000	0.000000	
0.435865	0.232285	-1.355739	1.303925	-0.883613	-0.527571	-0.203152	1.190480	-1.378242	1.085989	0.422347	0.237096	-1.359627	1.382527	-0.888531	-0.512315	-0.190955	1.166204	-1.455766	1.071210	0.029513	-0.047638	0.089179	-0.005005	-0.123005	-0.058475	-0.035200	-0.071778	-0.012322	0.138783	0.085938	0.019531	-0.035156	-0.562500	0.058594	-0.089844	-0.085938	0.265625	0.503906	0.042969	0.013563	-0.064125	-5.313502	0.166083	0.028702	-0.088508	-0.313258	-0.390975	10.289696	1.000000	0.000000	0.000000	0.000000	
0.436274	0.231616	-1.354763	1.304943	-0.887395	-0.527564	-0.203510	1.190585	-1.378108	1.090018	0.422547	0.236221	-1.358094	1.383758	-0.889478	-0.512610	-0.191426	1.165036	-1.455683	1.072873	0.023889	-0.047803	0.047304	0.020437	-0.022769	-0.033765	-0.030274	-0.014157	-0.071025	0.059244	0.085938	0.011719	-0.019531	-0.558594	0.050781	-0.089844	-0.085938	0.265625	0.503906	0.050781	0.013563	-0.064125	-5.313502	0.166083	0.028702	-0.088508	-0.313258	-0.390975	10.289696	1.000000	0.000000	0.000000	0.000000	
0.436740	0.230923	-1.353743	1.306133	-0.890711	-0.527623	-0.203961	1.191122	-1.378834	1.093900	0.422829	0.235635	-1.356988	1.384780	-0.889788	-0.512790	-0.191649	1.164342	-1.455594	1.073763	0.002389	-0.055962	0.036137	0.061367	0.015171	-0.017335	-0.007680	-0.036312	-0.014082	0.026862	0.082031	-0.003906	-0.027344	-0.558594	0.058594	-0.089844	-0.093750	0.269531	0.500000	0.054688	0.013563	-0.064125	-5.313502	0.166083	0.028702	-0.088508	-0.313258	-0.390975	10.289696	1.000000	0.000000	0.000000	0.000000	
0.437397	0.230599	-1.352493	1.307190	-0.890753	-0.527751	-0.204160	1.191289	-1.379225	1.094688	0.423298	0.234992	-1.354392	1.385808	-0.890287	-0.512851	-0.191855	1.163864	-1.455068	1.074717	0.003729	-0.033513	0.125751	0.051502	-0.061296	-0.036630	-0.020543	-0.066445	0.050936	0.027114	0.082031	0.003906	-0.050781	-0.562500	0.035156	-0.089844	-0.093750	0.273438	0.496094	0.070312	0.013563	-0.064125	-5.313502	0.166083	0.028702	-0.088508	-0.313258	-0.390975	10.289696	1.000000	0.000000	0.000000	0.000000	
0.438223	0.230423	-1.350984	1.307526	-0.889221	-0.528059	-0.203589	1.190614	-1.379457	1.093668	0.423585	0.234500	-1.352976	1.387540	-0.890871	-0.512887	-0.192042	1.163575	-1.454502	1.077016	0.000373	-0.033595	0.043982	0.054005	-0.072433	-0.038559	-0.034624	-0.058989	0.015563	0.107400	0.082031	-0.007812	-0.039062	-0.558594	0.019531	-0.089844	-0.101562	0.269531	0.476562	0.066406	0.013563	-0.064125	-5.313502	0.166083	0.028702	-0.088508	-0.313258	-0.390975	10.289696	1.000000	0.000000	0.000000	0.000000	
0.438901	0.230456	-1.349752	1.308447	-0.888091	-0.528349	-0.203319	1.190246	-1.379253	1.093129	0.423982	0.234014	-1.351506	1.388735	-0.891472	-0.512918	-0.192241	1.163008	-1.454049	1.078639	0.007017	-0.046398	0.102108	0.057745	-0.059588	-0.031773	-0.033706	-0.082671	-0.005423	0.108450	0.082031	0.003906	-0.050781	-0.574219	0.011719	-0.093750	-0.093750	0.285156	0.480469	0.066406	0.013563	-0.064125	-5.313502	0.166083	0.028702	-0.088508	-0.313258	-0.390975	10.289696	1.000000	0.000000	0.000000	0.000000	
0.439564	0.230229	-1.348796	1.309488	-0.889449	-0.528473	-0.203321	1.190187	-1.379093	1.095172	0.424352	0.233691	-1.350485	1.389895	-0.891544	-0.512997	-0.192394	1.162652	-1.453305	1.079933	0.000702	-0.050005	0.034638	0.023223	-0.026897	-0.041563	-0.028961	-0.018736	-0.017990	0.052721	0.082031	0.003906	-0.039062	-0.574219	0.011719	-0.085938	-0.093750	0.289062	0.468750	0.058594	0.013563	-0.064125	-5.313502	0.166083	0.028702	-0.088508	-0.313258	-0.390975	10.289696	1.000000	0.000000	0.000000	0.000000	
0.440198	0.229865	-1.347861	1.310622	-0.892043	-0.528549	-0.203960	1.191001	-1.379137	1.098243	0.424620	0.233376	-1.348948	1.390999	-0.891510	-0.513062	-0.192546	1.162363	-1.453035	1.081161	0.000070	-0.025938	0.059298	0.030239	-0.016648	-0.039053	-0.008712	0.012085	-0.019247	0.001782	0.089844	-0.007812	-0.027344	-0.566406	0.035156	-0.093750	-0.093750	0.285156	0.480469	0.074219	0.013563	-0.064125	-5.313502	0.166083	0.028702	-0.088508	-0.313258	-0.390975	10.289696	1.000000	0.000000	0.000000	0.000000	
0.440806	0.229731	-1.346881	1.311127	-0.893806	-0.528838	-0.204035	1.191138	-1.379255	1.100772	0.424940	0.233143	-1.347768	1.392747	-0.891552	-0.513050	-0.192746	1.162233	-1.452884	1.081673	0.045372	-0.016552	0.058274	0.097244	-0.074947	0.020522	-0.026462	-0.082543	-0.043800	0.031585	0.085938	-0.007812	-0.035156	-0.578125	0.019531	-0.089844	-0.089844	0.281250	0.484375	0.085938	0.013563	-0.064125	-5.313502	0.166083	0.028702	-0.088508	-0.313258	-0.390975	10.289696	1.000000	0.000000	0.000000	0.000000	
0.441702	0.229679	-1.345894	1.312047	-0.893246	-0.528981	-0.203757	1.190989	-1.379510	1.101097	0.425343	0.232822	-1.346635	1.393945	-0.891681	-0.513072	-0.192939	1.162085	-1.452611	1.082260	-0.026869	-0.035388	0.030255	0.062069	-0.010984	-0.036334	-0.020094	-0.043151	0.034006	0.048524	0.089844	0.000000	-0.035156	-0.582031	0.003906	-0.093750	-0.089844	0.289062	0.468750	0.093750	0.013563	-0.064125	-5.313502	0.166083	0.028702	-0.088508	-0.313258	-0.390975	10.289696	1.000000	0.000000	0.000000	0.000000	
0.442907	0.229340	-1.344952	1.313424	-0.891879	-0.529118	-0.203754	1.191119	-1.379891	1.101026	0.425860	0.232346	-1.345754	1.394838	-0.892143	-0.513101	-0.193050	1.162032	-1.451708	1.083202	0.000803	-0.036109	0.010005	0.041103	-0.053443	-0.024571	-0.033416	-0.014784	0.062724	0.092093	0.085938	0.007812	-0.039062	-0.574219	0.011719	-0.093750	-0.093750	0.296875	0.460938	0.085938	0.013563	-0.064125	-5.313502	0.166083	0.028702	-0.088508	-0.313258	-0.390975	10.289696	1.000000	0.000000	0.000000	0.000000	
0.443799	0.229370	-1.343909	1.314218	-0.891590	-0.529366	-0.204036	1.191362	-1.379751	1.101527	0.426569	0.231943	-1.343979	1.395575	-0.892672	-0.513131	-0.193129	1.161972	-1.450971	1.084965	0.027997	-0.038507	0.077772	0.063434	-0.061178	-0.030374	-0.014974	-0.036375	0.069086	0.009209	0.082031	0.000000	-0.042969	-0.574219	0.003906	-0.101562	-0.093750	0.289062	0.445312	0.082031	0.013563	-0.064125	-5.313502	0.166083	0.028702	-0.088508	-0.313258	-0.390975	10.289696	1.000000	0.000000	0.000000	0.000000	
0.444559	0.229290	-1.342933	1.314531	-0.892567	-0.529457	-0.203997	1.191150	-1.379519	1.102584	0.427148	0.231580	-1.342945	1.396861	-0.892972	-0.513137	-0.193218	1.161985	-1.450217	1.085851	0.058634	-0.041073	0.014757	0.086605	-0.013097	-0.037934	-0.016619	-0.028065	0.055763	0.035817	0.085938	0.003906	-0.039062	-0.574219	0.007812	-0.101562	-0.093750	0.289062	0.445312	0.085938	0.013563	-0.064125	-5.313502	0.166083	0.028702	-0.088508	-0.313258	-0.390975	10.289696	1.000000	0.000000	0.000000	0.000000	
0.445515	0.229031	-1.342415	1.315359	-0.894002	-0.529485	-0.203843	1.191105	-1.379086	1.104503	0.428014	0.231297	-1.342181	1.397748	-0.893250	-0.513138	-0.193308	1.162036	-1.449582	1.086489	-0.015074	-0.047146	-0.022952	0.008660	0.009159	-0.017752	-0.013294	-0.002806	0.036983	0.059416	0.089844	0.011719	-0.035156	-0.566406	0.011719	-0.093750	-0.089844	0.289062	0.445312	0.074219	0.013563	-0.064125	-5.313502	0.166083	0.028702	-0.088508	-0.313258	-0.390975	10.289696	1.000000	0.000000	0.000000	0.000000	
0.445082	0.231771	-1.339260	1.312549	-0.882043	-0.529893	-0.204295	1.190740	-1.381675	1.087863	0.428624	0.230926	-1.341616	1.398435	-0.893523	-0.513138	-0.193423	1.161997	-1.448800	1.087416	-0.015466	-0.032632	-0.002295	0.060190	-0.013043	0.001714	-0.021104	-0.045646	0.059532	0.096672	0.101562	0.007812	-0.035156	-0.566406	0.011719	-0.101562	-0.085938	0.289062	0.449219	0.058594	0.031638	-0.068961	-5.315393	0.089464	0.221887	0.026301	0.087043	-0.991426	10.414521	1.000000	0.000000	0.000000	0.000000	
0.444751	0.233260	-1.337399	1.311145	-0.871049	-0.529262	-0.204973	1.190389	-1.382988	1.068438	0.429376	0.230690	-1.340800	1.399032	-0.893917	-0.513138	-0.193600	1.161965	-1.448377	1.089298	0.019391	-0.014895	0.031177	-0.018408	-0.060628	0.007151	-0.006763	-0.074357	0.040850	0.048053	0.089844	-0.007812	-0.023438	-0.566406	0.007812	-0.105469	-0.085938	0.296875	0.445312	0.074219	0.035253	-0.069928	-5.315772	0.081802	0.241206	0.037782	0.127073	-1.051472	10.427004	1.000000	0.000000	0.000000	0.000000	
0.444617	0.233397	-1.337219	1.310245	-0.864982	-0.528721	-0.204768	1.188720	-1.379341	1.058217	0.430278	0.230659	-1.340104	1.399685	-0.893560	-0.513138	-0.193748	1.162032	-1.448220	1.089068	0.057773	-0.009632	0.072910	0.053993	-0.013042	-0.020223	-0.021614	-0.031863	0.007575	-0.082436	0.070312	0.007812	-0.003906	-0.578125	0.058594	-0.101562	-0.085938	0.281250	0.445312	0.019531	0.035976	-0.070122	-5.315847	0.081035	0.243138	0.038930	0.131076	-1.057476	10.428252	1.000000	0.000000	0.000000	0.000000	
0.444099	0.233143	-1.337965	1.310469	-0.864015	-0.527861	-0.205325	1.187986	-1.374732	1.055674	0.431427	0.230685	-1.339407	1.400809	-0.891744	-0.513090	-0.194109	1.162142	-1.448189	1.086429	0.072080	-0.003290	0.087553	0.054254	0.030102	0.011936	-0.021936	-0.055531	-0.023670	-0.367676	0.070312	0.023438	0.007812	-0.601562	0.117188	-0.105469	-0.082031	0.273438	0.445312	-0.007812	0.036120	-0.070161	-5.315863	0.080959	0.243331	0.039045	0.131476	-1.058077	10.428376	1.000000	0.000000	0.000000	0.000000	
0.443234	0.233218	-1.338715	1.309390	-0.865312	-0.527192	-0.205116	1.187364	-1.371306	1.057390	0.432045	0.230698	-1.338953	1.401543	-0.890387	-0.513056	-0.194310	1.162188	-1.448328	1.082412	-0.003261	-0.018940	-0.029631	0.082197	0.072803	0.001194	-0.019642	-0.029981	-0.054711	-0.375262	0.074219	0.027344	0.003906	-0.617188	0.136719	-0.101562	-0.093750	0.269531	0.449219	-0.039062	0.036149	-0.070168	-5.315866	0.080951	0.243350	0.039057	0.131516	-1.058137	10.428389	1.000000	0.000000	0.000000	0.000000	
0.442539	0.233747	-1.340041	1.307916	-0.864475	-0.526685	-0.204465	1.186469	-1.368283	1.057606	0.432241	0.230701	-1.338038	1.401956	-0.889582	-0.513001	-0.194423	1.162101	-1.448259	1.077658	-0.003816	-0.019342	0.038913	-0.026677	-0.027616	0.059443	0.005015	-0.079770	-0.005471	-0.187580	0.082031	0.027344	-0.007812	-0.609375	0.164062	-0.093750	-0.101562	0.265625	0.492188	-0.074219	0.036155	-0.070170	-5.315866	0.080950	0.243352	0.039058	0.131520	-1.058143	10.428391	1.000000	0.000000	0.000000	0.000000	
0.441758	0.234420	-1.340765	1.305091	-0.861991	-0.526471	-0.203451	1.185452	-1.366732	1.056431	0.432280	0.230710	-1.337686	1.402039	-0.889349	-0.512917	-0.194478	1.162107	-1.448027	1.075641	-0.035278	-0.005424	0.003891	-0.009647	0.014687	-0.021973	-0.019273	-0.032404	-0.000547	-0.095530	0.074219	0.023438	-0.019531	-0.593750	0.156250	-0.093750	-0.101562	0.253906	0.503906	-0.082031	0.036156	-0.070170	-5.315866	0.080950	0.243353	0.039058	0.131521	-1.058143	10.428391	1.000000	0.000000	0.000000	0.000000	
0.441130	0.234562	-1.341694	1.303108	-0.858996	-0.525922	-0.203169	1.185372	-1.366778	1.053320	0.432288	0.230719	-1.337639	1.401667	-0.889181	-0.512828	-0.194473	1.162109	-1.447690	1.074462	-0.007017	-0.012174	-0.048466	-0.060288	0.060792	0.001292	-0.000764	-0.086992	-0.010524	-0.072366	0.070312	0.027344	-0.019531	-0.609375	0.164062	-0.089844	-0.089844	0.246094	0.515625	-0.082031	0.036156	-0.070170	-5.315866	0.080950	0.243353	0.039058	0.131521	-1.058143	10.428391	1.000000	0.000000	0.000000	0.000000	
0.440440	0.234628	-1.342871	1.301376	-0.857887	-0.525350	-0.202873	1.185133	-1.366558	1.053446	0.432266	0.230786	-1.337679	1.401230	-0.888759	-0.512810	-0.194448	1.162157	-1.447016	1.073621	-0.004191	0.008088	-0.081618	-0.068842	0.089830	-0.034767	-0.000076	-0.008699	0.026865	-0.031664	0.074219	0.035156	-0.023438	-0.617188	0.171875	-0.089844	-0.089844	0.238281	0.515625	-0.089844	0.036157	-0.070170	-5.315866	0.080950	0.243353	0.039058	0.131521	-1.058143	10.428391	1.000000	0.000000	0.000000	0.000000	
0.439666	0.234920	-1.344038	1.300185	-0.858105	-0.524830	-0.202935	1.185308	-1.366631	1.056331	0.432237	0.230807	-1.337759	1.400706	-0.888021	-0.512758	-0.194418	1.162143	-1.446761	1.072871	0.003070	-0.028271	-0.046548	-0.041781	0.092734	-0.048842	0.004645	0.009599	-0.032210	-0.076449	0.066406	0.039062	-0.011719	-0.617188	0.167969	-0.082031	-0.082031	0.222656	0.527344	-0.105469	0.036157	-0.070170	-5.315866	0.080950	0.243353	0.039058	0.131521	-1.058143	10.428391	1.000000	0.000000	0.000000	0.000000	
0.438790	0.235212	-1.345091	1.299321	-0.858947	-0.524363	-0.202805	1.185591	-1.366628	1.059448	0.432183	0.230836	-1.338308	1.400020	-0.886928	-0.512723	-0.194413	1.162116	-1.446564	1.072430	0.031714	-0.020275	-0.039551	-0.063502	0.089535	-0.057229	-0.003025	0.004450	-0.024159	-0.073948	0.050781	0.039062	-0.039062	-0.613281	0.156250	-0.082031	-0.082031	0.234375	0.531250	-0.109375	0.036157	-0.070170	-5.315866	0.080950	0.243353	0.039058	0.131521	-1.058143	10.428391	1.000000	0.000000	0.000000	0.000000	
0.438419	0.235242	-1.345845	1.297843	-0.858409	-0.524188	-0.202396	1.185777	-1.366415	1.059983	0.432172	0.230858	-1.338782	1.398549	-0.886079	-0.512619	-0.194403	1.162013	-1.446064	1.072318	0.020620	0.003789	-0.042341	-0.118018	-0.039901	-0.005723	-0.011935	-0.034451	0.015032	-0.073698	0.050781	0.035156	-0.039062	-0.625000	0.164062	-0.082031	-0.082031	0.234375	0.496094	-0.101562	0.036157	-0.070170	-5.315866	0.080950	0.243353	0.039058	0.131521	-1.058143	10.428391	1.000000	0.000000	0.000000	0.000000	
0.438183	0.235347	-1.346457	1.296284	-0.856972	-0.524137	-0.202027	1.185324	-1.366175	1.058681	0.432145	0.230895	-1.339191	1.397746	-0.885473	-0.512526	-0.194377	1.161896	-1.445770	1.072223	0.012531	0.012011	-0.098454	-0.102532	0.023927	0.041303	-0.000030	-0.055790	-0.082248	-0.042266	0.050781	0.042969	-0.042969	-0.632812	0.164062	-0.074219	-0.085938	0.246094	0.515625	-0.093750	0.036157	-0.070170	-5.315866	0.080950	0.243353	0.039058	0.131521	-1.058143	10.428391	1.000000	0.000000	0.000000	0.000000	
0.437740	0.236067	-1.346743	1.295267	-0.855570	-0.523971	-0.201944	1.185559	-1.367043	1.057044	0.432116	0.230926	-1.339661	1.397029	-0.884722	-0.512483	-0.194348	1.161824	-1.445518	1.072228	-0.054581	0.008180	-0.076148	-0.010253	-0.029014	0.004130	-0.008146	-0.043965	-0.029163	-0.028654	0.042969	0.042969	-0.050781	-0.632812	0.164062	-0.074219	-0.082031	0.250000	0.511719	-0.074219	0.036157	-0.070170	-5.315866	0.080950	0.243353	0.039058	0.131521	-1.058143	10.428391	1.000000	0.000000	0.000000	0.000000	
0.437564	0.236018	-1.347663	1.295481	-0.854611	-0.523478	-0.202150	1.185462	-1.366724	1.057184	0.432134	0.230949	-1.340724	1.396231	-0.883990	-0.512474	-0.194293	1.161688	-1.445395	1.072156	-0.001968	0.013613	-0.108814	-0.088266	0.042464	-0.034483	0.006165	-0.032314	-0.020364	-0.006355	0.039062	0.042969	-0.027344	-0.632812	0.148438	-0.074219	-0.070312	0.234375	0.527344	-0.085938	0.036157	-0.070170	-5.315866	0.080950	0.243353	0.039058	0.131521	-1.058143	10.428391	1.000000	0.000000	0.000000	0.000000	
0.437321	0.235851	-1.348636	1.295202	-0.855211	-0.523155	-0.202150	1.185699	-1.365933	1.059181	0.432138	0.230993	-1.341494	1.394641	-0.882972	-0.512424	-0.194266	1.161686	-1.445321	1.071851	-0.000197	0.011830	-0.087653	-0.141433	0.070549	-0.052303	0.014575	0.059582	-0.029954	-0.035532	0.035156	0.042969	-0.027344	-0.625000	0.148438	-0.070312	-0.074219	0.234375	0.515625	-0.089844	0.036157	-0.070170	-5.315866	0.080950	0.243353	0.039058	0.131521	-1.058143	10.428391	1.000000	0.000000	0.000000	0.000000	
0.436937	0.236144	-1.348900	1.294096	-0.854631	-0.523022	-0.201965	1.186405	-1.366474	1.059611	0.432114	0.231011	-1.342133	1.393742	-0.882017	-0.512390	-0.194269	1.161636	-1.445258	1.070990	-0.052364	-0.022081	-0.075068	-0.115343	0.087316	-0.085492	0.002621	-0.032428	-0.006485	-0.052408	0.035156	0.042969	-0.039062	-0.617188	0.156250	-0.070312	-0.082031	0.238281	0.515625	-0.070312	0.036157	-0.070170	-5.315866	0.080950	0.243353	0.039058	0.131521	-1.058143	10.428391	1.000000	0.000000	0.000000	0.000000	
0.436733	0.236388	-1.349214	1.293454	-0.853515	-0.522960	-0.201946	1.186562	-1.366245	1.058703	0.432110	0.231038	-1.342576	1.393053	-0.880856	-0.512310	-0.194270	1.161627	-1.445221	1.070479	-0.012216	-0.008024	-0.070320	-0.056899	0.019201	-0.008549	-0.011370	-0.024181	-0.077420	-0.064565	0.035156	0.050781	-0.050781	-0.625000	0.148438	-0.066406	-0.070312	0.238281	0.519531	-0.066406	0.036157	-0.070170	-5.315866	0.080950	0.243353	0.039058	0.131521	-1.058143	10.428391	1.000000	0.000000	0.000000	0.000000	
0.436487	0.237218	-1.349300	1.292927	-0.852182	-0.522986	-0.201692	1.186585	-1.366038	1.056670	0.432084	0.231052	-1.343004	1.392406	-0.880164	-0.512270	-0.194237	1.161649	-1.445141	1.070207	-0.025649	-0.029883	0.010416	-0.040586	-0.001570	0.009614	0.001189	0.011540	0.051582	-0.006456	0.035156	0.042969	-0.050781	-0.628906	0.148438	-0.066406	-0.082031	0.250000	0.527344	-0.054688	0.036157	-0.070170	-5.315866	0.080950	0.243353	0.039058	0.131521	-1.058143	10.428391	1.000000	0.000000	0.000000	0.000000	
0.436457	0.237409	-1.349485	1.292188	-0.850092	-0.522903	-0.201485	1.186450	-1.365796	1.053932	0.432055	0.231103	-1.343307	1.391356	-0.879201	-0.512262	-0.194231	1.161629	-1.445150	1.069813	-0.054909	0.001665	-0.054793	-0.098279	0.055677	-0.006018	-0.017329	-0.040722	-0.005311	-0.084397	0.027344	0.054688	-0.050781	-0.632812	0.136719	-0.066406	-0.066406	0.250000	0.515625	-0.066406	0.036157	-0.070170	-5.315866	0.080950	0.243353	0.039058	0.131521	-1.058143	10.428391	1.000000	0.000000	0.000000	0.000000	
0.436223	0.237857	-1.349732	1.291815	-0.848674	-0.522630	-0.201527	1.186648	-1.365489	1.050691	0.432025	0.231146	-1.343562	1.390831	-0.878233	-0.512260	-0.194205	1.161625	-1.445127	1.069032	-0.047367	0.002493	-0.008969	-0.079621	0.012547	-0.000602	0.009899	-0.035479	-0.049386	-0.039846	0.023438	0.054688	-0.042969	-0.632812	0.136719	-0.066406	-0.070312	0.250000	0.519531	-0.066406	0.036157	-0.070170	-5.315866	0.080950	0.243353	0.039058	0.131521	-1.058143	10.428391	1.000000	0.000000	0.000000	0.000000	
0.435929	0.238106	-1.350085	1.291631	-0.848890	-0.522338	-0.201601	1.186581	-1.364572	1.051083	0.432019	0.231219	-1.343879	1.390508	-0.876537	-0.512284	-0.194208	1.161673	-1.445050	1.068173	-0.032654	-0.011383	-0.070690	-0.035879	0.071047	-0.066363	-0.010642	0.045307	-0.022387	-0.063308	0.027344	0.058594	-0.042969	-0.640625	0.136719	-0.066406	-0.066406	0.238281	0.531250	-0.066406	0.036157	-0.070170	-5.315866	0.080950	0.243353	0.039058	0.131521	-1.058143	10.428391	1.000000	0.000000	0.000000	0.000000	
0.433646	0.236501	-1.351804	1.290237	-0.857319	-0.521293	-0.200199	1.186963	-1.365769	1.059517	0.432042	0.231322	-1.344355	1.390347	-0.875132	-0.512240	-0.194209	1.161707	-1.445034	1.066813	0.045589	-0.023239	-0.059413	-0.038484	0.108304	-0.010126	-0.018512	0.001041	-0.037135	-0.097061	0.023438	0.054688	-0.039062	-0.644531	0.125000	-0.074219	-0.070312	0.250000	0.531250	-0.054688	0.031458	-0.008990	-5.307785	0.004811	0.012377	-0.002807	0.193933	0.236378	9.944155	1.000000	0.000000	0.000000	0.000000	
0.431127	0.237330	-1.351590	1.286216	-0.855253	-0.520740	-0.198136	1.183963	-1.367232	1.057500	0.432022	0.231480	-1.344692	1.390314	-0.874099	-0.512232	-0.194201	1.161738	-1.445007	1.065524	0.025497	0.011635	-0.047817	0.038027	0.024789	-0.070805	-0.005341	0.000104	0.013735	-0.072520	0.035156	0.066406	-0.042969	-0.656250	0.136719	-0.066406	-0.070312	0.246094	0.535156	-0.066406	0.030518	0.003246	-5.306168	-0.002803	-0.010721	-0.006993	0.200174	0.365831	9.895731	1.000000	0.000000	0.000000	0.000000	
0.428693	0.241310	-1.351123	1.282251	-0.842646	-0.520072	-0.196264	1.180902	-1.368797	1.034796	0.431946	0.231536	-1.345196	1.390090	-0.873433	-0.512012	-0.194159	1.161744	-1.445001	1.064999	0.009529	0.013959	-0.046657	-0.083438	-0.001011	-0.007081	0.007608	-0.055824	-0.023054	-0.063086	0.019531	0.054688	-0.050781	-0.648438	0.148438	-0.066406	-0.066406	0.246094	0.527344	-0.039062	0.030330	0.005693	-5.305845	-0.003565	-0.013031	-0.007412	0.200799	0.378776	9.890888	1.000000	0.000000	0.000000	0.000000	
0.426226	0.245808	-1.349817	1.278317	-0.830217	-0.519808	-0.194544	1.179757	-1.370979	1.012866	0.431640	0.231596	-1.345515	1.389681	-0.873541	-0.511871	-0.194013	1.161648	-1.445000	1.064894	-0.072329	-0.009073	0.002314	-0.050219	0.031306	-0.053053	-0.005055	0.025824	-0.002305	-0.034226	0.007812	0.054688	-0.050781	-0.675781	0.121094	-0.054688	-0.050781	0.222656	0.515625	-0.039062	0.030293	0.006182	-5.305780	-0.003641	-0.013262	-0.007454	0.200861	0.380070	9.890404	1.000000	0.000000	0.000000	0.000000	
0.424696	0.247947	-1.348876	1.277204	-0.824553	-0.519260	-0.194398	1.180591	-1.371113	1.000661	0.431166	0.231987	-1.346088	1.389139	-0.872570	-0.511649	-0.193782	1.161338	-1.445049	1.062547	-0.097963	0.025847	-0.027686	-0.039918	0.083392	-0.068119	0.015779	-0.042783	-0.035127	-0.300041	0.000000	0.058594	-0.039062	-0.691406	0.156250	-0.058594	-0.039062	0.199219	0.515625	-0.085938	0.030285	0.006280	-5.305768	-0.003649	-0.013285	-0.007458	0.200867	0.380200	9.890356	1.000000	0.000000	0.000000	0.000000	
0.423753	0.248758	-1.348642	1.277211	-0.824147	-0.518674	-0.195159	1.182062	-1.367941	0.997860	0.430418	0.232752	-1.346275	1.388570	-0.869952	-0.511144	-0.193365	1.161325	-1.445495	1.057085	-0.114485	0.061908	-0.044644	-0.010971	0.214228	0.010636	0.034148	-0.004278	0.013935	-0.525532	0.000000	0.066406	-0.027344	-0.699219	0.171875	-0.066406	-0.042969	0.175781	0.500000	-0.109375	0.030284	0.006300	-5.305765	-0.003649	-0.013287	-0.007459	0.200868	0.380213	9.890351	1.000000	0.000000	0.000000	0.000000	
0.422828	0.249653	-1.349237	1.276415	-0.823466	-0.518121	-0.194976	1.182497	-1.363577	0.997041	0.429105	0.233430	-1.346264	1.387947	-0.867369	-0.510752	-0.192958	1.161467	-1.445657	1.047899	-0.112648	0.071331	0.019963	0.005882	0.174967	0.028981	0.029005	-0.031835	-0.078868	-0.446882	0.007812	0.058594	-0.027344	-0.710938	0.183594	-0.058594	-0.027344	0.187500	0.500000	-0.152344	0.030284	0.006304	-5.305764	-0.003649	-0.013287	-0.007459	0.200868	0.380214	9.890350	1.000000	0.000000	0.000000	0.000000	
0.421347	0.251264	-1.349788	1.275112	-0.819297	-0.517248	-0.194118	1.183084	-1.359944	0.992688	0.427703	0.234519	-1.346237	1.387120	-0.863265	-0.510359	-0.192804	1.161714	-1.445616	1.043081	-0.091526	0.058314	0.033403	-0.072694	0.174530	-0.042467	-0.001752	-0.027611	-0.000908	-0.309900	0.003906	0.074219	-0.011719	-0.699219	0.214844	-0.050781	-0.027344	0.199219	0.511719	-0.203125	0.030283	0.006304	-5.305764	-0.003649	-0.013287	-0.007459	0.200868	0.380214	9.890350	1.000000	0.000000	0.000000	0.000000	
0.419949	0.252812	-1.350134	1.272981	-0.813973	-0.516455	-0.193728	1.184019	-1.358467	0.986180	0.426550	0.235472	-1.346208	1.386300	-0.861427	-0.509990	-0.192708	1.161812	-1.445560	1.040154	-0.096393	0.052360	-0.010618	-0.111958	0.108183	0.044608	0.005641	-0.076043	-0.024518	-0.205472	0.000000	0.082031	-0.019531	-0.699219	0.222656	-0.058594	-0.023438	0.199219	0.511719	-0.214844	0.030283	0.006305	-5.305764	-0.003649	-0.013287	-0.007459	0.200868	0.380214	9.890350	1.000000	0.000000	0.000000	0.000000	
0.418355	0.254159	-1.350688	1.270849	-0.811954	-0.515697	-0.193513	1.183928	-1.357363	0.982982	0.425108	0.236333	-1.346226	1.384804	-0.860138	-0.509843	-0.192536	1.162074	-1.445476	1.037630	-0.061984	0.047112	-0.001062	-0.098437	0.087590	0.018419	0.022665	0.034271	-0.107141	-0.121747	0.003906	0.109375	-0.027344	-0.695312	0.230469	-0.039062	-0.023438	0.203125	0.566406	-0.238281	0.030283	0.006305	-5.305764	-0.003649	-0.013287	-0.007459	0.200868	0.380214	9.890350	1.000000	0.000000	0.000000	0.000000	
0.417167	0.254566	-1.351513	1.269670	-0.812638	-0.514662	-0.193897	1.185279	-1.357257	0.982826	0.424238	0.237224	-1.346351	1.383826	-0.858839	-0.509838	-0.192404	1.162465	-1.445435	1.033733	-0.110887	0.050076	-0.059430	-0.118022	0.089021	-0.053992	0.011572	0.020875	-0.073527	-0.235511	-0.003906	0.105469	-0.035156	-0.699219	0.218750	-0.039062	-0.023438	0.203125	0.582031	-0.234375	0.030283	0.006305	-5.305764	-0.003649	-0.013287	-0.007459	0.200868	0.380214	9.890350	1.000000	0.000000	0.000000	0.000000	
0.416042	0.254882	-1.352189	1.268809	-0.813416	-0.513513	-0.194575	1.186929	-1.357627	0.982792	0.423167	0.238048	-1.346715	1.382879	-0.855622	-0.509764	-0.192039	1.163368	-1.445426	1.030603	-0.077392	0.058515	-0.051308	-0.057167	0.131039	-0.040296	0.022095	0.023025	-0.042249	-0.271315	-0.011719	0.101562	-0.019531	-0.714844	0.230469	-0.035156	-0.042969	0.191406	0.582031	-0.222656	0.030283	0.006305	-5.305764	-0.003649	-0.013287	-0.007459	0.200868	0.380214	9.890350	1.000000	0.000000	0.000000	0.000000	
0.415238	0.255719	-1.353295	1.267368	-0.810775	-0.512572	-0.194194	1.187309	-1.357430	0.979427	0.422299	0.239029	-1.347588	1.381841	-0.853646	-0.509701	-0.191731	1.164081	-1.445376	1.027893	-0.105449	0.053543	-0.050496	-0.131344	0.124772	-0.004030	-0.002443	-0.001187	0.027182	-0.239999	-0.011719	0.101562	-0.011719	-0.707031	0.238281	-0.039062	-0.023438	0.199219	0.582031	-0.222656	0.030283	0.006305	-5.305764	-0.003649	-0.013287	-0.007459	0.200868	0.380214	9.890350	1.000000	0.000000	0.000000	0.000000	
0.414411	0.256402	-1.354378	1.265181	-0.807185	-0.511793	-0.193454	1.186909	-1.357005	0.975539	0.421326	0.240106	-1.348635	1.378944	-0.852572	-0.509664	-0.191565	1.164636	-1.445318	1.025654	-0.073358	0.039087	-0.183021	-0.131782	0.110187	-0.073685	-0.008387	-0.000119	0.002718	-0.181033	-0.007812	0.085938	0.003906	-0.664062	0.246094	-0.023438	-0.027344	0.207031	0.578125	-0.230469	0.030283	0.006305	-5.305764	-0.003649	-0.013287	-0.007459	0.200868	0.380214	9.890350	1.000000	0.000000	0.000000	0.000000	
0.413646	0.256838	-1.355923	1.263972	-0.805817	-0.511035	-0.193507	1.186943	-1.356518	0.973490	0.420428	0.240717	-1.349813	1.376765	-0.851631	-0.509584	-0.191435	1.164917	-1.445379	1.021741	-0.052701	0.043458	-0.161377	-0.184170	0.150604	-0.017837	0.009630	-0.003502	-0.055562	-0.210033	-0.023438	0.082031	0.003906	-0.660156	0.218750	-0.023438	-0.027344	0.222656	0.582031	-0.203125	0.030283	0.006305	-5.305764	-0.003649	-0.013287	-0.007459	0.200868	0.380214	9.890350	1.000000	0.000000	0.000000	0.000000	
0.412832	0.257320	-1.357446	1.262369	-0.805216	-0.510432	-0.193372	1.186574	-1.356186	0.971400	0.419861	0.241841	-1.350946	1.374803	-0.848461	-0.509447	-0.191271	1.165263	-1.445415	1.018632	0.001709	0.070649	-0.092910	-0.109147	0.172094	-0.012253	0.000963	-0.031757	-0.057901	-0.244340	-0.023438	0.054688	-0.003906	-0.675781	0.203125	-0.019531	-0.035156	0.214844	0.582031	-0.199219	0.030283	0.006305	-5.305764	-0.003649	-0.013287	-0.007459	0.200868	0.380214	9.890350	1.000000	0.000000	0.000000	0.000000	
0.412155	0.257939	-1.359148	1.261182	-0.803570	-0.509574	-0.193233	1.186306	-1.356233	0.967611	0.419505	0.243075	-1.353208	1.373004	-0.846204	-0.509298	-0.191004	1.165478	-1.445398	1.015975	-0.034725	0.058246	-0.141897	-0.157479	0.135857	0.026692	0.014055	-0.031093	-0.047666	-0.268708	-0.035156	0.066406	0.011719	-0.664062	0.218750	-0.011719	-0.039062	0.207031	0.582031	-0.203125	0.030283	0.006305	-5.305764	-0.003649	-0.013287	-0.007459	0.200868	0.380214	9.890350	1.000000	0.000000	0.000000	0.000000	
0.411293	0.258765	-1.360307	1.259485	-0.800024	-0.508746	-0.193230	1.186936	-1.356071	0.961074	0.419119	0.244179	-1.354581	1.369107	-0.844613	-0.509147	-0.190668	1.165521	-1.445371	1.013359	-0.094203	0.047700	-0.101431	-0.176271	0.083378	-0.049675	0.011874	-0.038006	0.009192	-0.281614	-0.035156	0.070312	0.007812	-0.628906	0.222656	-0.011719	-0.042969	0.214844	0.593750	-0.207031	0.030283	0.006305	-5.305764	-0.003649	-0.013287	-0.007459	0.200868	0.380214	9.890350	1.000000	0.000000	0.000000	0.000000	
0.410602	0.259240	-1.361634	1.257489	-0.796829	-0.508205	-0.193223	1.186673	-1.355067	0.955179	0.418993	0.245118	-1.356043	1.366873	-0.843423	-0.508875	-0.190464	1.165530	-1.445389	1.009177	0.011517	0.050135	-0.118322	-0.136275	0.109537	-0.004968	0.029104	-0.028228	-0.013039	-0.185195	-0.035156	0.085938	0.019531	-0.660156	0.214844	-0.007812	-0.042969	0.207031	0.593750	-0.191406	0.030283	0.006305	-5.305764	-0.003649	-0.013287	-0.007459	0.200868	0.380214	9.890350	1.000000	0.000000	0.000000	0.000000	
0.409982	0.259784	-1.363346	1.255725	-0.795615	-0.507907	-0.192693	1.185954	-1.354189	0.952077	0.418508	0.245726	-1.357644	1.365142	-0.840325	-0.508626	-0.190229	1.165628	-1.445417	1.005844	-0.054682	0.027115	-0.102563	-0.118316	0.171477	-0.003986	0.006400	0.000667	-0.099014	-0.241856	-0.039062	0.101562	0.019531	-0.644531	0.199219	-0.003906	-0.042969	0.199219	0.593750	-0.203125	0.030283	0.006305	-5.305764	-0.003649	-0.013287	-0.007459	0.200868	0.380214	9.890350	1.000000	0.000000	0.000000	0.000000	
0.409357	0.260153	-1.365052	1.255118	-0.795572	-0.507294	-0.192906	1.186455	-1.354405	0.950316	0.417805	0.246268	-1.359758	1.363512	-0.837719	-0.508310	-0.190012	1.165794	-1.445471	1.002318	-0.068282	0.002711	-0.149842	-0.123500	0.184650	-0.007378	0.016925	0.000067	-0.051777	-0.324294	-0.027344	0.101562	0.019531	-0.664062	0.203125	0.003906	-0.042969	0.203125	0.597656	-0.214844	0.030283	0.006305	-5.305764	-0.003649	-0.013287	-0.007459	0.200868	0.380214	9.890350	1.000000	0.000000	0.000000	0.000000	
0.408740	0.260591	-1.366686	1.254050	-0.795380	-0.506961	-0.193113	1.186966	-1.354091	0.948188	0.417010	0.246610	-1.361319	1.360665	-0.835452	-0.507956	-0.189670	1.165875	-1.445531	0.999020	-0.094069	-0.006708	-0.151080	-0.183342	0.161540	0.030669	0.021467	-0.017441	-0.019136	-0.262745	-0.023438	0.121094	0.019531	-0.632812	0.191406	-0.003906	-0.066406	0.187500	0.609375	-0.234375	0.030283	0.006305	-5.305764	-0.003649	-0.013287	-0.007459	0.200868	0.380214	9.890350	1.000000	0.000000	0.000000	0.000000	
0.408125	0.260948	-1.367994	1.252174	-0.793755	-0.506852	-0.193054	1.187045	-1.353040	0.944259	0.416487	0.246751	-1.362650	1.358763	-0.833594	-0.507813	-0.189109	1.165988	-1.445567	0.994604	-0.047793	-0.002997	-0.098859	-0.088127	0.096416	-0.021361	0.042859	-0.001744	0.005066	-0.211225	-0.039062	0.121094	0.007812	-0.632812	0.214844	0.000000	-0.066406	0.203125	0.609375	-0.199219	0.030283	0.006305	-5.305764	-0.003649	-0.013287	-0.007459	0.200868	0.380214	9.890350	1.000000	0.000000	0.000000	0.000000	
0.407775	0.260882	-1.370061	1.251550	-0.792782	-0.506393	-0.192958	1.186761	-1.351577	0.940780	0.416237	0.246933	-1.364103	1.356904	-0.830799	-0.507590	-0.188641	1.166399	-1.445647	0.991734	0.012669	0.019475	-0.152961	-0.190274	0.180634	-0.044012	0.014755	-0.007154	-0.086734	-0.254928	-0.039062	0.125000	0.023438	-0.625000	0.183594	-0.003906	-0.070312	0.187500	0.609375	-0.218750	0.030283	0.006305	-5.305764	-0.003649	-0.013287	-0.007459	0.200868	0.380214	9.890350	1.000000	0.000000	0.000000	0.000000	
0.407430	0.261014	-1.371887	1.250318	-0.793409	-0.506290	-0.193089	1.186806	-1.351139	0.939056	0.416018	0.247188	-1.366672	1.355151	-0.828979	-0.507327	-0.187990	1.166893	-1.445638	0.989367	-0.002223	0.008927	-0.175819	-0.186530	0.080877	0.030495	0.044514	0.027202	-0.064508	-0.158099	-0.042969	0.117188	0.023438	-0.632812	0.191406	0.003906	-0.101562	0.183594	0.613281	-0.238281	0.030283	0.006305	-5.305764	-0.003649	-0.013287	-0.007459	0.200868	0.380214	9.890350	1.000000	0.000000	0.000000	0.000000	
0.407091	0.261583	-1.373479	1.249103	-0.793944	-0.506541	-0.193377	1.187181	-1.350730	0.938176	0.415877	0.247545	-1.368446	1.352183	-0.827380	-0.507057	-0.187497	1.167476	-1.445564	0.986688	-0.052567	0.012525	-0.122271	-0.154749	0.091839	0.044925	0.012594	0.079492	-0.009940	-0.186802	-0.050781	0.109375	0.035156	-0.625000	0.183594	0.000000	-0.082031	0.167969	0.625000	-0.234375	0.030283	0.006305	-5.305764	-0.003649	-0.013287	-0.007459	0.200868	0.380214	9.890350	1.000000	0.000000	0.000000	0.000000	
0.406913	0.262296	-1.374737	1.247745	-0.793166	-0.506673	-0.193760	1.187719	-1.351172	0.935485	0.415800	0.247859	-1.369988	1.350451	-0.825824	-0.506639	-0.187236	1.168126	-1.445549	0.982420	-0.075049	-0.006890	-0.116916	-0.116674	0.078977	0.053347	0.003586	0.039356	-0.007973	-0.175714	-0.042969	0.121094	0.019531	-0.613281	0.171875	0.000000	-0.089844	0.164062	0.625000	-0.234375	0.030283	0.006305	-5.305764	-0.003649	-0.013287	-0.007459	0.200868	0.380214	9.890350	1.000000	0.000000	0.000000	0.000000	
0.406541	0.262677	-1.376397	1.247668	-0.792733	-0.506350	-0.194072	1.187711	-1.350413	0.931705	0.415785	0.248108	-1.371241	1.348747	-0.823816	-0.506337	-0.186716	1.169177	-1.445546	0.979870	0.044840	0.009780	-0.116381	-0.179170	0.119566	0.019293	0.031765	0.042322	-0.060121	-0.143198	-0.054688	0.109375	0.019531	-0.609375	0.164062	-0.003906	-0.105469	0.167969	0.628906	-0.199219	0.030283	0.006305	-5.305764	-0.003649	-0.013287	-0.007459	0.200868	0.380214	9.890350	1.000000	0.000000	0.000000	0.000000	
0.406306	0.262986	-1.377979	1.246911	-0.791965	-0.506189	-0.194214	1.188339	-1.350135	0.927282	0.415733	0.248368	-1.373649	1.347316	-0.822227	-0.506108	-0.186248	1.169775	-1.445497	0.977397	0.025422	0.002141	-0.112837	-0.188909	0.106177	0.036826	0.025278	0.018191	0.021905	-0.213229	-0.050781	0.117188	0.023438	-0.617188	0.140625	-0.007812	-0.089844	0.167969	0.625000	-0.203125	0.030283	0.006305	-5.305764	-0.003649	-0.013287	-0.007459	0.200868	0.380214	9.890350	1.000000	0.000000	0.000000	0.000000	
0.406135	0.263224	-1.379317	1.245521	-0.790907	-0.506182	-0.194486	1.188768	-1.349800	0.922539	0.415675	0.248719	-1.375003	1.344970	-0.820843	-0.505843	-0.185937	1.170355	-1.445487	0.974455	0.013011	0.031621	-0.140400	-0.130559	0.080410	0.049048	0.007181	0.054164	0.019639	-0.255128	-0.050781	0.121094	0.011719	-0.601562	0.156250	-0.003906	-0.093750	0.152344	0.632812	-0.199219	0.030283	0.006305	-5.305764	-0.003649	-0.013287	-0.007459	0.200868	0.380214	9.890350	1.000000	0.000000	0.000000	0.000000	
0.405885	0.263351	-1.381009	1.244667	-0.790582	-0.505861	-0.194408	1.188615	-1.349256	0.919631	0.415566	0.248926	-1.376340	1.343580	-0.819573	-0.505718	-0.185632	1.171004	-1.445510	0.969699	-0.019637	0.018284	-0.167584	-0.110766	0.102261	-0.026502	0.015840	0.050782	-0.081787	-0.213953	-0.054688	0.121094	0.023438	-0.609375	0.148438	-0.003906	-0.093750	0.152344	0.628906	-0.203125	0.030283	0.006305	-5.305764	-0.003649	-0.013287	-0.007459	0.200868	0.380214	9.890350	1.000000	0.000000	0.000000	0.000000	
0.406165	0.261413	-1.384318	1.245344	-0.799148	-0.505881	-0.194926	1.189004	-1.350256	0.932660	0.415447	0.249161	-1.377601	1.342405	-0.817307	-0.505572	-0.185401	1.172273	-1.445514	0.966251	-0.036860	0.028582	-0.086551	-0.119255	-0.010712	-0.058484	-0.000742	0.036485	-0.064013	-0.223794	-0.050781	0.132812	0.007812	-0.601562	0.152344	-0.003906	-0.089844	0.140625	0.640625	-0.203125	0.030256	-0.012517	-5.307205	-0.007245	-0.113396	-0.050602	0.114782	0.092901	9.751536	1.000000	0.000000	0.000000	0.000000	
0.406456	0.260519	-1.386762	1.245835	-0.808435	-0.507012	-0.196071	1.189928	-1.351795	0.949224	0.415278	0.249281	-1.379162	1.341298	-0.816200	-0.505445	-0.185266	1.173036	-1.445491	0.963187	-0.056030	-0.006447	-0.047041	-0.057291	0.110597	-0.023297	0.002252	0.087400	0.014537	-0.207330	-0.054688	0.136719	0.011719	-0.601562	0.140625	0.000000	-0.085938	0.125000	0.640625	-0.214844	0.030251	-0.016281	-5.307494	-0.007604	-0.123406	-0.054916	0.106173	0.064170	9.737655	1.000000	0.000000	0.000000	0.000000	
0.407505	0.259240	-1.389060	1.246187	-0.817048	-0.508211	-0.197292	1.190400	-1.353263	0.964461	0.415196	0.249305	-1.380710	1.339283	-0.816148	-0.505396	-0.185223	1.173430	-1.445462	0.962307	-0.002113	-0.012277	-0.095435	-0.166252	-0.055243	-0.030247	0.015347	0.050616	-0.009015	-0.073077	-0.050781	0.121094	0.003906	-0.582031	0.117188	-0.003906	-0.101562	0.152344	0.628906	-0.187500	0.030250	-0.017034	-5.307551	-0.007640	-0.124408	-0.055348	0.105312	0.061297	9.736267	1.000000	0.000000	0.000000	0.000000	
0.408385	0.258704	-1.389959	1.245798	-0.822264	-0.509985	-0.198064	1.189998	-1.355384	0.973197	0.415204	0.249294	-1.382061	1.338105	-0.816841	-0.505483	-0.185223	1.173703	-1.445456	0.962810	0.066092	-0.016349	-0.100274	-0.041053	-0.103234	-0.023962	0.001535	-0.029835	0.002588	0.065975	-0.054688	0.109375	-0.003906	-0.582031	0.074219	0.000000	-0.101562	0.152344	0.617188	-0.109375	0.030249	-0.017184	-5.307563	-0.007644	-0.124508	-0.055391	0.105226	0.061010	9.736128	1.000000	0.000000	0.000000	0.000000	
0.409356	0.258430	-1.390397	1.246305	-0.823370	-0.511258	-0.198367	1.188936	-1.358699	0.975277	0.415205	0.249251	-1.383374	1.337312	-0.817997	-0.505622	-0.185263	1.173830	-1.445406	0.964437	-0.000370	-0.016757	-0.174040	-0.039002	-0.108033	-0.082658	0.000153	-0.055328	0.063072	0.128735	-0.042969	0.093750	-0.011719	-0.566406	0.035156	-0.007812	-0.109375	0.156250	0.609375	-0.050781	0.030249	-0.017214	-5.307565	-0.007644	-0.124518	-0.055395	0.105217	0.060981	9.736115	1.000000	0.000000	0.000000	0.000000	
0.410416	0.258195	-1.390786	1.247366	-0.822260	-0.512565	-0.198734	1.187782	-1.361834	0.973240	0.415302	0.249218	-1.385502	1.336620	-0.819076	-0.505722	-0.185303	1.173759	-1.445397	0.966920	0.020901	0.001814	-0.083707	-0.136506	-0.122472	-0.018735	-0.020922	-0.078815	0.020266	0.197824	-0.039062	0.093750	-0.011719	-0.578125	0.007812	-0.011719	-0.121094	0.167969	0.593750	-0.035156	0.030249	-0.017220	-5.307566	-0.007644	-0.124519	-0.055395	0.105217	0.060978	9.736113	1.000000	0.000000	0.000000	0.000000	
0.411060	0.258637	-1.390207	1.247144	-0.821324	-0.514261	-0.198876	1.186627	-1.365270	0.971218	0.415395	0.249171	-1.386437	1.336215	-0.819995	-0.505839	-0.185328	1.173527	-1.445395	0.969379	-0.036296	0.000181	-0.064205	-0.013651	-0.102978	-0.012342	-0.003255	-0.084653	-0.032870	0.180305	-0.035156	0.093750	-0.019531	-0.585938	0.000000	-0.027344	-0.121094	0.156250	0.574219	-0.027344	0.030249	-0.017222	-5.307566	-0.007644	-0.124519	-0.055396	0.105217	0.060978	9.736113	1.000000	0.000000	0.000000	0.000000	
0.411466	0.258820	-1.389403	1.248570	-0.821482	-0.515298	-0.199522	1.186524	-1.368314	0.970158	0.415510	0.249138	-1.387011	1.336158	-0.820785	-0.505911	-0.185349	1.173213	-1.445394	0.971955	-0.017588	-0.012777	-0.076213	0.012593	-0.101028	-0.015193	-0.018937	-0.067789	0.017651	-0.006397	-0.035156	0.089844	-0.023438	-0.585938	0.000000	-0.042969	-0.121094	0.152344	0.558594	-0.011719	0.030249	-0.017222	-5.307566	-0.007644	-0.124519	-0.055396	0.105217	0.060978	9.736113	1.000000	0.000000	0.000000	0.000000	
0.411981	0.258681	-1.388840	1.249608	-0.821881	-0.516213	-0.199753	1.186409	-1.370050	0.969887	0.415606	0.249139	-1.387344	1.336219	-0.821354	-0.505949	-0.185377	1.172739	-1.445491	0.972979	-0.047124	0.002212	-0.028559	-0.051085	-0.044999	-0.036416	-0.007710	-0.059123	0.008744	0.020298	-0.027344	0.093750	-0.019531	-0.578125	0.007812	-0.050781	-0.132812	0.140625	0.531250	-0.023438	0.030249	-0.017222	-5.307566	-0.007644	-0.124519	-0.055396	0.105217	0.060978	9.736113	1.000000	0.000000	0.000000	0.000000	
0.412517	0.258370	-1.388201	1.250183	-0.822734	-0.517212	-0.199765	1.186380	-1.370092	0.970859	0.415673	0.249123	-1.387581	1.336305	-0.821735	-0.506006	-0.185423	1.172547	-1.445535	0.973741	-0.022161	-0.024206	-0.006346	-0.040005	-0.102210	-0.052496	0.003882	0.004557	0.000874	0.012499	-0.027344	0.093750	-0.019531	-0.578125	0.019531	-0.054688	-0.136719	0.140625	0.531250	-0.035156	0.030249	-0.017222	-5.307566	-0.007644	-0.124519	-0.055396	0.105217	0.060978	9.736113	1.000000	0.000000	0.000000	0.000000	
0.412835	0.258351	-1.387176	1.250605	-0.823647	-0.518366	-0.199903	1.186797	-1.370341	0.971305	0.415711	0.249128	-1.387555	1.336443	-0.822272	-0.506114	-0.185440	1.172412	-1.445665	0.974427	-0.002216	-0.008237	0.062179	0.030896	-0.080014	-0.005250	0.001551	-0.034441	0.017536	0.022188	-0.023438	0.105469	-0.007812	-0.574219	0.023438	-0.058594	-0.140625	0.136719	0.503906	-0.050781	0.030249	-0.017222	-5.307566	-0.007644	-0.124519	-0.055396	0.105217	0.060978	9.736113	1.000000	0.000000	0.000000	0.000000	
0.413160	0.258437	-1.386196	1.250819	-0.823299	-0.519300	-0.199429	1.186885	-1.370685	0.970203	0.415670	0.249113	-1.387429	1.336543	-0.823033	-0.506354	-0.185468	1.172385	-1.445739	0.975606	-0.035118	-0.017109	0.055073	0.034496	-0.063835	-0.024952	-0.026599	-0.055789	0.054098	0.047584	-0.019531	0.093750	-0.007812	-0.574219	0.039062	-0.066406	-0.136719	0.136719	0.500000	-0.050781	0.030249	-0.017222	-5.307566	-0.007644	-0.124519	-0.055396	0.105217	0.060978	9.736113	1.000000	0.000000	0.000000	0.000000	
0.413727	0.260084	-1.384158	1.251952	-0.821590	-0.520787	-0.200018	1.188529	-1.371407	0.969566	0.415613	0.249118	-1.387137	1.336684	-0.825754	-0.506910	-0.185466	1.172476	-1.445899	0.976690	-0.038408	0.006432	0.029935	0.087201	-0.166907	-0.072288	0.001993	0.025828	-0.067872	0.039655	-0.007812	0.093750	-0.007812	-0.562500	0.054688	-0.058594	-0.140625	0.136719	0.500000	-0.074219	0.032394	-0.065962	-5.307259	0.011451	0.032794	0.043754	0.202064	-1.146023	9.896449	1.000000	0.000000	0.000000	0.000000	
0.415125	0.257627	-1.385216	1.255478	-0.828744	-0.520616	-0.199994	1.189513	-1.369214	0.981727	0.415529	0.249111	-1.386691	1.336785	-0.827219	-0.507361	-0.185481	1.172470	-1.445980	0.977973	-0.014310	-0.009826	-0.003986	0.012210	-0.121380	-0.108428	-0.025391	-0.032314	-0.069601	0.038862	-0.011719	0.105469	-0.003906	-0.566406	0.058594	-0.050781	-0.125000	0.148438	0.496094	-0.082031	0.032823	-0.075709	-5.307198	0.013360	0.048525	0.053669	0.211748	-1.266723	9.912482	1.000000	0.000000	0.000000	0.000000	
0.416264	0.254038	-1.386634	1.258938	-0.840647	-0.520494	-0.201080	1.191662	-1.366702	1.001641	0.415464	0.249118	-1.386117	1.336951	-0.828506	-0.508396	-0.185501	1.172518	-1.446117	0.979029	-0.022369	-0.018431	0.034498	-0.051124	-0.134275	-0.063187	-0.009518	-0.066045	-0.052325	-0.003093	-0.011719	0.109375	0.007812	-0.566406	0.082031	-0.066406	-0.136719	0.156250	0.496094	-0.089844	0.032908	-0.077659	-5.307185	0.013551	0.050099	0.054660	0.212717	-1.278793	9.914085	1.000000	0.000000	0.000000	0.000000	
0.417189	0.251294	-1.387147	1.259712	-0.850057	-0.520790	-0.201390	1.192507	-1.364798	1.016961	0.415451	0.249095	-1.385881	1.337347	-0.829733	-0.509064	-0.185521	1.172624	-1.446096	0.982100	-0.037133	-0.013475	-0.013998	-0.005112	-0.093689	-0.090070	-0.018400	0.017823	-0.029660	0.230006	-0.003906	0.089844	0.007812	-0.542969	0.085938	-0.074219	-0.140625	0.167969	0.503906	-0.082031	0.032926	-0.078049	-5.307183	0.013570	0.050256	0.054760	0.212814	-1.280000	9.914246	1.000000	0.000000	0.000000	0.000000	
0.417990	0.248971	-1.387541	1.259995	-0.856051	-0.521312	-0.201460	1.192944	-1.364468	1.026980	0.415497	0.248815	-1.385761	1.337742	-0.834170	-0.509343	-0.185573	1.172597	-1.445971	0.986689	0.045142	-0.036244	0.033496	-0.014470	-0.211768	-0.099737	-0.020451	-0.001707	-0.002966	0.364985	0.007812	0.050781	-0.007812	-0.519531	0.050781	-0.066406	-0.148438	0.191406	0.519531	-0.042969	0.032929	-0.078127	-5.307182	0.013572	0.050272	0.054769	0.212823	-1.280121	9.914262	1.000000	0.000000	0.000000	0.000000	
0.418724	0.247083	-1.387469	1.259093	-0.860222	-0.522225	-0.201263	1.192407	-1.366163	1.033088	0.415627	0.248582	-1.385592	1.338087	-0.837942	-0.509617	-0.185640	1.172470	-1.445752	0.992405	0.004514	-0.033868	-0.010609	-0.043323	-0.289878	-0.041380	0.002608	-0.056005	0.003193	0.434317	0.007812	0.054688	-0.019531	-0.531250	0.007812	-0.074219	-0.148438	0.199219	0.527344	0.000000	0.032930	-0.078143	-5.307182	0.013572	0.050273	0.054770	0.212824	-1.280133	9.914264	1.000000	0.000000	0.000000	0.000000	
0.419369	0.245351	-1.387073	1.258623	-0.862312	-0.523006	-0.200936	1.191849	-1.368374	1.036552	0.415871	0.247962	-1.385582	1.338956	-0.841604	-0.509938	-0.185726	1.172372	-1.445538	0.998516	0.028368	-0.046426	-0.011530	0.006137	-0.283731	-0.080910	-0.011371	-0.057945	0.035216	0.402864	0.007812	0.050781	-0.011719	-0.550781	0.000000	-0.066406	-0.148438	0.207031	0.542969	0.035156	0.032930	-0.078146	-5.307182	0.013572	0.050273	0.054771	0.212824	-1.280134	9.914264	1.000000	0.000000	0.000000	0.000000	
0.419805	0.244042	-1.386477	1.258839	-0.864065	-0.523721	-0.200804	1.191280	-1.371215	1.040270	0.416017	0.247240	-1.385605	1.339445	-0.844639	-0.510123	-0.185792	1.172231	-1.445471	1.006887	-0.032059	-0.060477	-0.001153	0.066917	-0.181917	-0.056946	0.003516	-0.051160	-0.010437	0.364822	0.007812	0.042969	-0.007812	-0.535156	-0.003906	-0.058594	-0.140625	0.203125	0.519531	0.050781	0.032930	-0.078146	-5.307182	0.013572	0.050273	0.054771	0.212824	-1.280134	9.914264	1.000000	0.000000	0.000000	0.000000	
0.420105	0.245611	-1.385289	1.258892	-0.854321	-0.524035	-0.199986	1.189414	-1.373600	1.031209	0.416240	0.246417	-1.385609	1.339688	-0.848881	-0.510476	-0.185910	1.171743	-1.445434	1.011808	-0.027633	-0.050250	-0.000115	-0.003777	-0.234549	-0.005695	-0.017097	-0.071419	0.009425	0.287736	0.011719	0.027344	-0.011719	-0.535156	-0.019531	-0.074219	-0.140625	0.218750	0.503906	0.058594	0.034190	-0.065563	-5.309555	0.017248	0.172752	0.035037	0.199911	-0.945833	10.025100	1.000000	0.000000	0.000000	0.000000	
0.419964	0.247607	-1.383144	1.258371	-0.842195	-0.524109	-0.198803	1.188719	-1.376282	1.017057	0.416358	0.245857	-1.385586	1.339809	-0.851498	-0.510982	-0.185966	1.171112	-1.445378	1.015700	-0.027191	-0.030616	0.003478	0.044988	-0.194447	-0.052914	-0.013342	-0.157196	0.028860	0.290496	0.019531	0.019531	-0.007812	-0.535156	-0.003906	-0.066406	-0.136719	0.222656	0.511719	0.066406	0.034442	-0.063047	-5.310029	0.017615	0.185000	0.033063	0.198620	-0.912402	10.036183	1.000000	0.000000	0.000000	0.000000	
0.419583	0.249506	-1.381698	1.259561	-0.830173	-0.523180	-0.197693	1.188351	-1.375569	1.002192	0.416381	0.245510	-1.385387	1.339834	-0.853015	-0.511471	-0.186026	1.170283	-1.445463	1.017909	-0.002719	-0.015857	0.091078	-0.058315	-0.138092	-0.071594	-0.004824	-0.092492	0.009865	0.084884	0.023438	0.007812	-0.003906	-0.535156	0.011719	-0.070312	-0.125000	0.203125	0.468750	0.054688	0.034492	-0.062543	-5.310124	0.017652	0.186225	0.032866	0.198491	-0.909059	10.037292	1.000000	0.000000	0.000000	0.000000	
0.419635	0.250241	-1.380442	1.259753	-0.824948	-0.522717	-0.197453	1.188041	-1.373919	0.997105	0.416337	0.245433	-1.384766	1.340347	-0.854021	-0.511932	-0.186037	1.169657	-1.445626	1.018835	-0.024699	0.003067	0.054473	-0.005831	-0.062664	-0.059504	0.004170	-0.033677	-0.026931	0.008488	0.023438	0.019531	0.000000	-0.546875	0.019531	-0.066406	-0.121094	0.207031	0.460938	0.003906	0.034502	-0.062443	-5.310143	0.017655	0.186347	0.032846	0.198478	-0.908725	10.037402	1.000000	0.000000	0.000000	0.000000	
0.419724	0.250369	-1.379886	1.260453	-0.825073	-0.522411	-0.197998	1.187761	-1.370800	0.999362	0.416256	0.245425	-1.383842	1.340983	-0.853326	-0.512049	-0.186040	1.169119	-1.445683	1.017591	-0.016428	-0.007836	0.047323	0.072699	0.018161	0.056863	-0.011215	-0.059202	-0.037589	-0.089882	0.027344	0.035156	-0.003906	-0.562500	0.136719	-0.066406	-0.105469	0.199219	0.468750	-0.074219	0.034504	-0.062423	-5.310146	0.017656	0.186360	0.032844	0.198477	-0.908692	10.037414	1.000000	0.000000	0.000000	0.000000	
0.419634	0.250037	-1.379928	1.261786	-0.826785	-0.521607	-0.198642	1.187169	-1.367103	1.003250	0.416191	0.245472	-1.382712	1.341983	-0.852508	-0.512072	-0.186032	1.168915	-1.445718	1.016348	0.019295	0.008522	0.057077	0.111959	0.054161	-0.015251	0.004695	-0.061754	-0.028186	-0.092739	0.023438	0.042969	-0.011719	-0.574219	0.164062	-0.058594	-0.109375	0.199219	0.464844	-0.085938	0.034505	-0.062419	-5.310147	0.017656	0.186361	0.032844	0.198477	-0.908688	10.037415	1.000000	0.000000	0.000000	0.000000	
0.419620	0.249536	-1.379998	1.262299	-0.827236	-0.520852	-0.198835	1.186334	-1.364627	1.005914	0.416105	0.245506	-1.381056	1.343225	-0.851981	-0.512053	-0.186039	1.168802	-1.445750	1.015591	-0.012029	-0.007290	0.012687	0.108906	0.008906	-0.011994	-0.004183	-0.079458	-0.037715	-0.044170	0.027344	0.050781	-0.007812	-0.578125	0.171875	-0.066406	-0.125000	0.183594	0.496094	-0.105469	0.034505	-0.062418	-5.310147	0.017656	0.186361	0.032844	0.198477	-0.908688	10.037415	1.000000	0.000000	0.000000	0.000000	
0.419583	0.249012	-1.380249	1.262433	-0.826907	-0.520204	-0.198820	1.185432	-1.363216	1.007507	0.416040	0.245505	-1.380289	1.344927	-0.851900	-0.511976	-0.186040	1.168755	-1.445756	1.015536	-0.018651	-0.012361	-0.019669	0.014380	-0.020047	0.016249	-0.001582	-0.032373	-0.042157	0.040948	0.027344	0.050781	-0.003906	-0.574219	0.171875	-0.058594	-0.125000	0.187500	0.519531	-0.105469	0.034505	-0.062418	-5.310147	0.017656	0.186361	0.032844	0.198477	-0.908688	10.037415	1.000000	0.000000	0.000000	0.000000	
0.419120	0.247949	-1.380702	1.261766	-0.830192	-0.519387	-0.198680	1.184953	-1.363515	1.012370	0.416002	0.245504	-1.379893	1.346043	-0.852053	-0.511912	-0.186040	1.168721	-1.445757	1.016858	-0.050720	-0.008215	0.071315	0.046803	-0.054349	-0.047230	-0.007137	-0.024175	-0.042602	0.011074	0.019531	0.039062	-0.003906	-0.578125	0.164062	-0.066406	-0.109375	0.183594	0.535156	-0.089844	0.036149	-0.047970	-5.309565	-0.008310	0.104628	-0.013335	0.286715	-0.131760	9.678005	1.000000	0.000000	0.000000	0.000000	
0.418464	0.247808	-1.380147	1.261144	-0.831130	-0.518996	-0.198757	1.184309	-1.364939	1.014176	0.416019	0.245496	-1.379644	1.346993	-0.852060	-0.511851	-0.186032	1.168714	-1.445733	1.017777	-0.001582	-0.012454	0.007132	0.064004	-0.012414	-0.039619	-0.001877	-0.002418	-0.004260	0.004597	0.023438	0.035156	0.000000	-0.578125	0.164062	-0.054688	-0.125000	0.171875	0.546875	-0.085938	0.036478	-0.045081	-5.309449	-0.010907	0.096455	-0.017953	0.295539	-0.054067	9.642064	1.000000	0.000000	0.000000	0.000000	
0.417998	0.249009	-1.379347	1.259966	-0.829604	-0.519033	-0.198088	1.183418	-1.367258	1.012447	0.415998	0.245479	-1.379570	1.347692	-0.852304	-0.511645	-0.186031	1.168592	-1.445777	1.018785	-0.052503	-0.014041	-0.013245	0.065724	-0.060565	0.044893	-0.006004	-0.024669	-0.031833	0.080721	0.023438	0.023438	-0.011719	-0.578125	0.156250	-0.054688	-0.121094	0.167969	0.542969	-0.074219	0.036543	-0.044503	-5.309425	-0.011166	0.095638	-0.018415	0.296421	-0.046298	9.638471	1.000000	0.000000	0.000000	0.000000	
0.417775	0.249638	-1.378911	1.259816	-0.826988	-0.518781	-0.197329	1.182370	-1.368530	1.009879	0.416043	0.245483	-1.379580	1.348171	-0.852619	-0.511458	-0.186030	1.168349	-1.445810	1.019543	-0.040147	0.004412	-0.088565	0.003083	-0.037463	0.018448	-0.013396	-0.065280	-0.013652	0.053437	0.023438	0.019531	-0.003906	-0.574219	0.152344	-0.058594	-0.125000	0.167969	0.542969	-0.066406	0.036557	-0.044387	-5.309421	-0.011192	0.095556	-0.018461	0.296509	-0.045521	9.638111	1.000000	0.000000	0.000000	0.000000	
0.417503	0.250046	-1.378524	1.260506	-0.825015	-0.518262	-0.197235	1.182284	-1.369173	1.007084	0.416076	0.245484	-1.379460	1.348219	-0.852755	-0.511276	-0.186022	1.167961	-1.445816	1.020858	0.041351	0.001604	-0.019325	-0.041567	-0.007236	-0.019093	-0.018788	-0.069341	0.009104	-0.012104	0.003906	0.035156	0.003906	-0.574219	0.152344	-0.054688	-0.117188	0.171875	0.527344	-0.066406	0.036559	-0.044364	-5.309420	-0.011195	0.095548	-0.018466	0.296518	-0.045443	9.638075	1.000000	0.000000	0.000000	0.000000	
0.417436	0.250604	-1.377957	1.260099	-0.822839	-0.518052	-0.196869	1.181535	-1.369761	1.004159	0.416058	0.245492	-1.379412	1.348204	-0.852539	-0.511021	-0.185980	1.166866	-1.445866	1.021218	-0.023782	-0.009145	-0.040319	-0.018115	-0.035620	0.046946	-0.010021	-0.146519	0.000910	-0.001210	0.007812	0.039062	0.003906	-0.574219	0.156250	-0.054688	-0.109375	0.171875	0.511719	-0.074219	0.036560	-0.044360	-5.309420	-0.011195	0.095547	-0.018466	0.296519	-0.045435	9.638071	1.000000	0.000000	0.000000	0.000000	
0.417267	0.251093	-1.377566	1.260115	-0.820839	-0.517636	-0.196468	1.180591	-1.369252	1.001633	0.416055	0.245494	-1.379160	1.348201	-0.852133	-0.510800	-0.185948	1.166017	-1.446022	1.021242	-0.023316	-0.020689	0.002947	-0.001812	-0.031479	-0.051140	0.004814	-0.098403	-0.034805	0.006858	0.007812	0.042969	0.000000	-0.578125	0.164062	-0.050781	-0.101562	0.187500	0.511719	-0.089844	0.036560	-0.044359	-5.309420	-0.011195	0.095547	-0.018466	0.296519	-0.045434	9.638071	1.000000	0.000000	0.000000	0.000000	
0.417289	0.251053	-1.377279	1.260509	-0.820025	-0.517340	-0.196492	1.180076	-1.368583	1.001367	0.416054	0.245518	-1.378868	1.348225	-0.851446	-0.510490	-0.185941	1.165265	-1.446125	1.021247	-0.040718	-0.003232	-0.020643	-0.000181	0.052686	-0.005114	-0.013477	-0.076143	-0.024418	0.014644	0.003906	0.042969	0.003906	-0.578125	0.167969	-0.050781	-0.101562	0.183594	0.515625	-0.085938	0.036560	-0.044358	-5.309420	-0.011195	0.095547	-0.018466	0.296519	-0.045434	9.638071	1.000000	0.000000	0.000000	0.000000	
0.417236	0.249424	-1.377499	1.262267	-0.826546	-0.517288	-0.197182	1.181498	-1.366999	1.009174	0.416078	0.245564	-1.378518	1.348205	-0.849951	-0.510234	-0.185916	1.164558	-1.446170	1.020787	-0.004072	-0.006139	0.008405	-0.052363	0.026206	-0.031918	-0.018796	-0.105324	-0.037338	-0.057859	0.011719	0.054688	0.003906	-0.578125	0.171875	-0.058594	-0.101562	0.175781	0.511719	-0.109375	0.036097	-0.038397	-5.308262	0.005263	-0.011352	0.019883	0.366464	-0.146586	9.783341	1.000000	0.000000	0.000000	0.000000	
0.417102	0.248431	-1.377788	1.263113	-0.832306	-0.517107	-0.197430	1.181442	-1.365185	1.015571	0.416083	0.245605	-1.378206	1.348201	-0.849119	-0.510086	-0.185894	1.163520	-1.446155	1.020453	-0.003897	-0.004104	0.000840	-0.040133	0.020069	-0.038088	0.002773	-0.034960	-0.031651	-0.023234	0.007812	0.054688	0.000000	-0.578125	0.175781	-0.058594	-0.093750	0.183594	0.511719	-0.117188	0.036004	-0.037205	-5.308031	0.006909	-0.022042	0.023718	0.373459	-0.156701	9.797868	1.000000	0.000000	0.000000	0.000000	
0.417007	0.248240	-1.377619	1.262694	-0.834879	-0.517458	-0.197559	1.181167	-1.364799	1.016386	0.416084	0.245613	-1.377756	1.348200	-0.849098	-0.509886	-0.185898	1.162900	-1.446128	1.020628	-0.031796	0.015875	0.059408	-0.038910	-0.043358	0.003170	-0.016008	-0.122143	0.028242	0.046531	0.007812	0.039062	0.000000	-0.558594	0.164062	-0.050781	-0.109375	0.199219	0.527344	-0.074219	0.035986	-0.036966	-5.307985	0.007074	-0.023111	0.024102	0.374158	-0.157712	9.799321	1.000000	0.000000	0.000000	0.000000	
0.416980	0.248413	-1.377132	1.261974	-0.835347	-0.517949	-0.197671	1.180635	-1.365551	1.014503	0.416108	0.245583	-1.377569	1.348200	-0.849554	-0.509798	-0.185899	1.162485	-1.446122	1.020688	-0.045055	-0.008881	0.012920	-0.010870	-0.105535	0.000317	-0.016723	-0.064559	-0.049520	-0.047691	0.011719	0.027344	-0.003906	-0.558594	0.132812	-0.050781	-0.109375	0.191406	0.531250	-0.082031	0.035982	-0.036919	-5.307975	0.007090	-0.023218	0.024140	0.374228	-0.157814	9.799466	1.000000	0.000000	0.000000	0.000000	
0.416804	0.248540	-1.376647	1.262355	-0.836489	-0.518099	-0.198073	1.180216	-1.366825	1.013314	0.416162	0.245569	-1.377459	1.348200	-0.849912	-0.509732	-0.185899	1.162136	-1.446121	1.021645	-0.028933	-0.010194	-0.005687	0.005892	-0.087325	-0.024396	-0.012141	-0.020414	-0.043338	-0.029197	0.000000	0.035156	-0.003906	-0.558594	0.117188	-0.042969	-0.109375	0.207031	0.531250	-0.042969	0.035981	-0.036909	-5.307973	0.007092	-0.023229	0.024144	0.374235	-0.157824	9.799480	1.000000	0.000000	0.000000	0.000000	
0.416867	0.248269	-1.376801	1.263102	-0.838249	-0.518185	-0.198299	1.179635	-1.366990	1.014241	0.416196	0.245566	-1.377364	1.348200	-0.850056	-0.509694	-0.185891	1.161702	-1.446145	1.021933	-0.002893	-0.012651	-0.000569	-0.072693	-0.008733	0.011519	0.009255	-0.050896	-0.063658	-0.013389	0.003906	0.035156	0.000000	-0.566406	0.089844	-0.050781	-0.105469	0.187500	0.527344	-0.054688	0.035981	-0.036907	-5.307973	0.007092	-0.023230	0.024144	0.374236	-0.157825	9.799482	1.000000	0.000000	0.000000	0.000000	
0.416861	0.248050	-1.376624	1.263023	-0.839393	-0.518527	-0.198268	1.179071	-1.367287	1.015138	0.416228	0.245565	-1.377297	1.348200	-0.850134	-0.509687	-0.185906	1.161494	-1.446102	1.021918	-0.003779	-0.003592	-0.034953	0.013668	0.030533	0.018600	-0.013033	-0.060924	-0.051731	-0.039725	0.003906	0.027344	0.003906	-0.566406	0.089844	-0.050781	-0.117188	0.187500	0.527344	-0.054688	0.035981	-0.036907	-5.307973	0.007092	-0.023230	0.024144	0.374236	-0.157825	9.799482	1.000000	0.000000	0.000000	0.000000	
0.416832	0.247836	-1.376702	1.263813	-0.839764	-0.518416	-0.198406	1.178600	-1.367864	1.015145	0.416258	0.245557	-1.377283	1.348176	-0.850270	-0.509685	-0.185900	1.161283	-1.446117	1.021939	0.010091	-0.011991	-0.055840	-0.026550	0.020502	0.001860	0.004513	-0.051458	-0.008663	-0.021421	0.003906	0.035156	0.003906	-0.550781	0.085938	-0.050781	-0.105469	0.191406	0.527344	-0.042969	0.035981	-0.036907	-5.307973	0.007092	-0.023230	0.024144	0.374236	-0.157825	9.799482	1.000000	0.000000	0.000000	0.000000	
0.416841	0.247202	-1.376777	1.263971	-0.841494	-0.518668	-0.198474	1.178137	-1.368107	1.017786	0.416264	0.245547	-1.377135	1.348195	-0.850419	-0.509709	-0.185907	1.161023	-1.446096	1.021943	-0.005970	-0.001199	-0.012563	0.014793	-0.039825	-0.020752	-0.011181	-0.036552	-0.053211	-0.023080	0.000000	0.027344	-0.003906	-0.562500	0.082031	-0.050781	-0.121094	0.183594	0.519531	-0.039062	0.035968	-0.041505	-5.306999	-0.003294	-0.034415	0.023905	0.323660	-0.493561	9.855439	1.000000	0.000000	0.000000	0.000000	
0.416892	0.246385	-1.376817	1.264525	-0.843252	-0.518910	-0.198607	1.177877	-1.367907	1.020250	0.416290	0.245537	-1.376912	1.348199	-0.850570	-0.509738	-0.185941	1.160728	-1.446092	1.021920	0.044768	0.006859	0.026661	-0.002010	-0.077265	-0.075357	-0.031362	-0.042041	-0.005321	-0.023246	0.003906	0.027344	0.000000	-0.558594	0.070312	-0.050781	-0.121094	0.183594	0.511719	-0.035156	0.035965	-0.042425	-5.306805	-0.004333	-0.035534	0.023881	0.318603	-0.527135	9.861034	1.000000	0.000000	0.000000	0.000000	
0.417185	0.245576	-1.376636	1.264816	-0.845628	-0.519297	-0.198872	1.177981	-1.368537	1.023922	0.416246	0.245511	-1.376528	1.348200	-0.850794	-0.509768	-0.185948	1.160573	-1.446067	1.021940	-0.047868	0.003012	-0.025251	-0.000201	-0.042623	-0.073839	-0.008952	0.030692	-0.024960	-0.051179	0.003906	0.019531	-0.003906	-0.558594	0.070312	-0.042969	-0.117188	0.183594	0.519531	-0.023438	0.035965	-0.042609	-5.306766	-0.004437	-0.035646	0.023878	0.318097	-0.530492	9.861594	1.000000	0.000000	0.000000	0.000000	
0.417241	0.245277	-1.376372	1.265645	-0.847735	-0.519707	-0.199388	1.178478	-1.369304	1.026302	0.416262	0.245441	-1.376184	1.348200	-0.851202	-0.509774	-0.185957	1.160420	-1.446086	1.021943	0.002192	-0.013657	0.046330	-0.000020	-0.018221	-0.028322	-0.012527	0.017028	-0.037392	-0.064442	0.003906	0.011719	-0.011719	-0.546875	0.066406	-0.050781	-0.121094	0.175781	0.515625	-0.019531	0.035964	-0.042646	-5.306758	-0.004447	-0.035657	0.023878	0.318046	-0.530828	9.861650	1.000000	0.000000	0.000000	0.000000	
0.417210	0.245371	-1.375906	1.265487	-0.848278	-0.520249	-0.199234	1.178459	-1.370342	1.026686	0.416265	0.245371	-1.375825	1.348200	-0.852180	-0.509848	-0.185967	1.160342	-1.446066	1.022526	-0.031187	-0.028120	0.043019	-0.027919	-0.047187	-0.044708	-0.001253	-0.033194	-0.056084	-0.006444	0.011719	0.007812	-0.023438	-0.546875	0.070312	-0.058594	-0.117188	0.175781	0.515625	-0.003906	0.035964	-0.042653	-5.306756	-0.004448	-0.035658	0.023878	0.318041	-0.530861	9.861655	1.000000	0.000000	0.000000	0.000000	
0.417245	0.245134	-1.375589	1.265447	-0.847554	-0.520586	-0.198953	1.178207	-1.370583	1.024879	0.416290	0.245308	-1.375317	1.348200	-0.853152	-0.509887	-0.185994	1.160108	-1.446086	1.023297	0.007350	-0.006302	-0.002677	-0.086543	-0.036125	-0.074263	-0.002452	-0.073112	-0.068422	0.076127	0.003906	0.003906	-0.023438	-0.542969	0.058594	-0.058594	-0.125000	0.187500	0.503906	0.000000	0.035964	-0.042654	-5.306756	-0.004448	-0.035658	0.023878	0.318041	-0.530865	9.861656	1.000000	0.000000	0.000000	0.000000	
0.417169	0.245186	-1.374837	1.264948	-0.846806	-0.521178	-0.198853	1.178124	-1.371281	1.023571	0.416295	0.245287	-1.374367	1.348273	-0.853758	-0.509968	-0.186023	1.159818	-1.446041	1.024226	0.007714	0.005186	0.006712	0.005304	-0.059447	-0.024875	-0.014204	-0.091062	-0.013821	0.119281	0.011719	0.003906	-0.023438	-0.535156	0.042969	-0.058594	-0.125000	0.203125	0.500000	-0.007812	0.035964	-0.042655	-5.306756	-0.004448	-0.035658	0.023878	0.318041	-0.530865	9.861656	1.000000	0.000000	0.000000	0.000000	
0.417121	0.245165	-1.374370	1.265128	-0.846888	-0.521502	-0.198879	1.177940	-1.371590	1.024087	0.416296	0.245251	-1.373838	1.348384	-0.854024	-0.510081	-0.186029	1.159446	-1.446057	1.024970	0.000771	-0.028562	0.035567	0.000530	-0.086206	-0.065301	-0.004910	-0.044003	-0.050237	0.036356	0.007812	0.003906	-0.027344	-0.546875	0.054688	-0.054688	-0.109375	0.199219	0.500000	-0.019531	0.035964	-0.042655	-5.306756	-0.004448	-0.035658	0.023878	0.318041	-0.530865	9.861656	1.000000	0.000000	0.000000	0.000000	
0.417352	0.244869	-1.374078	1.265563	-0.846516	-0.521517	-0.199023	1.177402	-1.371912	1.024351	0.416272	0.245228	-1.373441	1.348431	-0.854175	-0.510201	-0.186030	1.158983	-1.446035	1.025554	-0.034819	-0.030773	-0.017381	0.014012	-0.008621	-0.090281	-0.000491	-0.049765	-0.005024	-0.017302	0.007812	0.000000	-0.019531	-0.546875	0.054688	-0.066406	-0.117188	0.214844	0.496094	-0.007812	0.035468	-0.045795	-5.307147	-0.003250	-0.016004	-0.004245	0.222629	-0.583234	9.859504	1.000000	0.000000	0.000000	0.000000	
0.417589	0.244535	-1.373779	1.266077	-0.846533	-0.521777	-0.199327	1.177116	-1.371629	1.025600	0.416291	0.245223	-1.373095	1.348464	-0.854277	-0.510224	-0.186038	1.158115	-1.446007	1.025768	0.013966	-0.000751	0.047117	0.050256	-0.025289	-0.016007	-0.001212	-0.050342	-0.042378	0.022697	0.007812	0.000000	-0.019531	-0.550781	0.054688	-0.070312	-0.125000	0.214844	0.496094	-0.011719	0.035369	-0.046423	-5.307225	-0.003130	-0.014038	-0.007057	0.213087	-0.588471	9.859288	1.000000	0.000000	0.000000	0.000000	
0.417847	0.244265	-1.373440	1.266228	-0.847119	-0.522221	-0.199273	1.176436	-1.371509	1.028628	0.416271	0.245214	-1.372372	1.348495	-0.854322	-0.510253	-0.186072	1.157603	-1.446050	1.025932	-0.033500	-0.009381	-0.005757	0.071329	-0.012998	0.015847	-0.012917	0.012414	-0.053093	-0.001220	0.007812	0.003906	-0.023438	-0.546875	0.054688	-0.066406	-0.125000	0.207031	0.484375	-0.007812	0.035349	-0.046548	-5.307241	-0.003118	-0.013842	-0.007339	0.212133	-0.588995	9.859266	1.000000	0.000000	0.000000	0.000000	
0.418137	0.243517	-1.373464	1.267196	-0.848019	-0.522209	-0.199586	1.176374	-1.371492	1.030720	0.416291	0.245188	-1.371839	1.348550	-0.854380	-0.510259	-0.186087	1.157185	-1.446058	1.026038	-0.003350	-0.000938	-0.056410	-0.017295	-0.043175	0.001585	-0.012924	-0.040634	-0.040206	0.010347	0.011719	-0.003906	-0.027344	-0.546875	0.058594	-0.070312	-0.125000	0.214844	0.496094	-0.011719	0.035345	-0.046574	-5.307244	-0.003117	-0.013822	-0.007367	0.212038	-0.589047	9.859264	1.000000	0.000000	0.000000	0.000000	
0.418172	0.243495	-1.373102	1.267410	-0.848065	-0.522421	-0.199948	1.176705	-1.372100	1.031318	0.416271	0.245166	-1.371297	1.348634	-0.854561	-0.510285	-0.186106	1.156786	-1.446060	1.026665	-0.056169	-0.000094	0.011807	0.012229	0.006151	0.017607	-0.009435	-0.038960	-0.056365	-0.023393	0.007812	-0.003906	-0.027344	-0.546875	0.058594	-0.070312	-0.125000	0.214844	0.496094	0.000000	0.035344	-0.046579	-5.307245	-0.003117	-0.013820	-0.007370	0.212028	-0.589052	9.859264	1.000000	0.000000	0.000000	0.000000	
0.418112	0.243855	-1.372667	1.267599	-0.847259	-0.522518	-0.200113	1.176668	-1.372742	1.030109	0.416291	0.245106	-1.370873	1.348675	-0.854767	-0.510314	-0.186143	1.156173	-1.446060	1.027347	-0.040513	-0.010478	0.050036	-0.012736	0.018063	0.019209	-0.014902	-0.007386	-0.057981	0.053495	0.011719	-0.007812	-0.027344	-0.535156	0.050781	-0.074219	-0.132812	0.214844	0.500000	0.007812	0.035344	-0.046580	-5.307245	-0.003117	-0.013820	-0.007370	0.212027	-0.589053	9.859264	1.000000	0.000000	0.000000	0.000000	
0.418091	0.244092	-1.371994	1.267261	-0.845760	-0.522732	-0.200042	1.176615	-1.373505	1.027678	0.416295	0.245077	-1.370425	1.348731	-0.854953	-0.510368	-0.186182	1.155809	-1.446060	1.028041	-0.038948	-0.012680	0.011983	0.012685	-0.026111	-0.005058	-0.008469	-0.105428	-0.030226	0.047225	0.023438	-0.003906	-0.027344	-0.531250	0.050781	-0.070312	-0.132812	0.218750	0.496094	0.000000	0.035344	-0.046580	-5.307245	-0.003117	-0.013820	-0.007370	0.212027	-0.589053	9.859264	1.000000	0.000000	0.000000	0.000000	
0.418119	0.244022	-1.371592	1.267627	-0.844247	-0.522631	-0.200203	1.176558	-1.373477	1.024852	0.416320	0.245072	-1.370190	1.348815	-0.854990	-0.510428	-0.186206	1.155590	-1.446036	1.028592	0.017043	-0.012900	0.008178	-0.023159	0.039265	-0.021444	-0.010153	-0.080335	0.042343	-0.009236	0.023438	-0.003906	-0.023438	-0.531250	0.054688	-0.074219	-0.132812	0.214844	0.492188	0.000000	0.035344	-0.046580	-5.307245	-0.003117	-0.013820	-0.007370	0.212027	-0.589053	9.859264	1.000000	0.000000	0.000000	0.000000	
0.418348	0.243605	-1.371515	1.267529	-0.843905	-0.522562	-0.200273	1.176123	-1.372911	1.023756	0.416325	0.245071	-1.369997	1.348832	-0.854998	-0.510464	-0.186227	1.155425	-1.446056	1.029066	0.019152	-0.012922	-0.002672	-0.058150	0.007416	0.011814	-0.018463	-0.042930	0.011214	-0.042799	0.011719	-0.003906	-0.019531	-0.535156	0.054688	-0.070312	-0.136719	0.214844	0.484375	0.000000	0.035344	-0.046580	-5.307245	-0.003117	-0.013820	-0.007370	0.212027	-0.589053	9.859264	1.000000	0.000000	0.000000	0.000000	
0.418273	0.243554	-1.371167	1.266905	-0.844152	-0.522650	-0.200117	1.175730	-1.372796	1.024231	0.416302	0.245078	-1.369886	1.348932	-0.854902	-0.510519	-0.186255	1.155150	-1.446059	1.029039	-0.036471	-0.030372	-0.007246	0.036061	-0.006238	-0.033715	-0.027437	-0.056637	0.018570	-0.049645	0.011719	-0.007812	-0.011719	-0.535156	0.066406	-0.074219	-0.136719	0.218750	0.484375	-0.019531	0.035344	-0.046580	-5.307245	-0.003117	-0.013820	-0.007370	0.212027	-0.589053	9.859264	1.000000	0.000000	0.000000	0.000000	
0.418298	0.243177	-1.371457	1.267233	-0.845307	-0.522434	-0.200147	1.175231	-1.371795	1.026470	0.416297	0.245072	-1.369646	1.348928	-0.854811	-0.510530	-0.186261	1.154901	-1.446084	1.028986	-0.038543	-0.013506	-0.000725	-0.066187	-0.035520	-0.024309	-0.007397	0.001316	-0.033039	0.015973	0.007812	-0.003906	-0.019531	-0.542969	0.070312	-0.070312	-0.136719	0.218750	0.492188	-0.027344	0.035344	-0.046580	-5.307245	-0.003117	-0.013820	-0.007370	0.212027	-0.589053	9.859264	1.000000	0.000000	0.000000	0.000000	
0.418373	0.242908	-1.371567	1.266846	-0.845649	-0.522562	-0.199921	1.175339	-1.371133	1.027063	0.416321	0.245071	-1.369477	1.348927	-0.854768	-0.510557	-0.186270	1.154512	-1.446090	1.028926	-0.010834	-0.010656	0.010396	-0.083391	-0.048917	-0.009410	-0.019351	-0.142943	-0.048669	-0.050747	0.011719	-0.007812	-0.023438	-0.535156	0.070312	-0.074219	-0.132812	0.218750	0.484375	-0.027344	0.035344	-0.046580	-5.307245	-0.003117	-0.013820	-0.007370	0.212027	-0.589053	9.859264	1.000000	0.000000	0.000000	0.000000	
0.418274	0.242990	-1.371255	1.266364	-0.844993	-0.522553	-0.199846	1.175199	-1.371210	1.025533	0.416349	0.245070	-1.369370	1.348951	-0.854735	-0.510562	-0.186272	1.154168	-1.446042	1.028987	0.026834	0.004750	-0.033857	-0.001360	-0.053747	-0.007920	-0.015894	-0.080597	0.043988	0.012373	0.007812	-0.007812	-0.019531	-0.535156	0.070312	-0.070312	-0.136719	0.218750	0.492188	-0.019531	0.035344	-0.046580	-5.307245	-0.003117	-0.013820	-0.007370	0.212027	-0.589053	9.859264	1.000000	0.000000	0.000000	0.000000	
0.418397	0.242774	-1.371499	1.267048	-0.845960	-0.522349	-0.200120	1.175092	-1.370748	1.026796	0.416355	0.245038	-1.369276	1.348932	-0.854729	-0.510588	-0.186273	1.153857	-1.446057	1.029024	0.030600	0.000475	-0.027813	-0.010605	-0.050740	-0.035688	-0.002753	0.040795	-0.033987	-0.065066	0.011719	-0.023438	-0.023438	-0.531250	0.058594	-0.074219	-0.132812	0.214844	0.496094	-0.007812	0.035365	-0.047980	-5.307349	0.000798	-0.014060	0.004614	0.200908	-0.463511	9.816222	1.000000	0.000000	0.000000	0.000000	
0.418385	0.242724	-1.371606	1.267452	-0.848447	-0.522403	-0.200504	1.175522	-1.371356	1.030302	0.416332	0.245015	-1.369185	1.348928	-0.854655	-0.510568	-0.186281	1.153746	-1.446060	1.028982	-0.063243	-0.011585	0.004198	-0.015019	-0.026012	0.020859	-0.009581	0.035486	-0.041785	-0.083278	0.003906	-0.011719	-0.011719	-0.535156	0.058594	-0.074219	-0.125000	0.214844	0.496094	-0.007812	0.035369	-0.048260	-5.307369	0.001190	-0.014084	0.005813	0.199796	-0.450956	9.811917	1.000000	0.000000	0.000000	0.000000	
0.418359	0.242335	-1.371820	1.267866	-0.850679	-0.522374	-0.200587	1.175660	-1.371092	1.033497	0.416376	0.245003	-1.369191	1.348903	-0.854640	-0.510613	-0.186282	1.153723	-1.446036	1.028950	0.011124	-0.010464	-0.048435	-0.046867	-0.044477	-0.032810	0.001368	0.020997	-0.018137	-0.022286	0.011719	-0.019531	-0.019531	-0.531250	0.058594	-0.074219	-0.136719	0.207031	0.500000	-0.011719	0.035370	-0.048316	-5.307374	0.001229	-0.014086	0.005933	0.199685	-0.449701	9.811487	1.000000	0.000000	0.000000	0.000000	
0.418332	0.242321	-1.371797	1.267982	-0.851823	-0.522586	-0.200895	1.175891	-1.371220	1.034822	0.416385	0.244984	-1.369168	1.348922	-0.854637	-0.510598	-0.186299	1.153768	-1.446031	1.029137	0.001112	0.005933	0.009115	0.009272	-0.004448	0.059532	0.022238	0.016058	-0.033220	-0.037125	0.011719	-0.019531	-0.011719	-0.531250	0.039062	-0.074219	-0.136719	0.218750	0.484375	0.000000	0.035370	-0.048327	-5.307374	0.001233	-0.014086	0.005945	0.199673	-0.449575	9.811444	1.000000	0.000000	0.000000	0.000000	
0.418332	0.242528	-1.371670	1.267799	-0.851236	-0.522664	-0.200536	1.175698	-1.371993	1.033847	0.416362	0.244924	-1.369163	1.348926	-0.854758	-0.510667	-0.186334	1.153801	-1.446055	1.029611	-0.048744	-0.012202	0.000912	-0.006052	-0.035341	-0.039412	-0.009408	-0.036780	-0.083584	-0.003712	0.011719	-0.011719	-0.019531	-0.527344	0.027344	-0.074219	-0.136719	0.218750	0.496094	0.007812	0.035370	-0.048330	-5.307374	0.001233	-0.014086	0.005946	0.199672	-0.449563	9.811440	1.000000	0.000000	0.000000	0.000000	
0.418369	0.242561	-1.371415	1.268288	-0.850244	-0.522743	-0.200612	1.175867	-1.372842	1.032785	0.416358	0.244887	-1.369186	1.348927	-0.854903	-0.510730	-0.186374	1.153831	-1.446035	1.030093	-0.057219	-0.009363	-0.034805	0.002884	-0.003534	-0.021389	-0.017226	0.013770	-0.078151	0.013587	0.007812	-0.019531	-0.019531	-0.531250	0.023438	-0.070312	-0.136719	0.218750	0.500000	0.023438	0.035370	-0.048330	-5.307374	0.001233	-0.014086	0.005946	0.199672	-0.449562	9.811440	1.000000	0.000000	0.000000	0.000000	
0.418553	0.242205	-1.371364	1.269113	-0.850727	-0.522735	-0.200875	1.176249	-1.373060	1.033492	0.416381	0.244864	-1.369191	1.348951	-0.854956	-0.510839	-0.186374	1.153838	-1.446007	1.030311	-0.009212	-0.002099	-0.041866	-0.017160	-0.000353	-0.061463	0.009910	0.001377	-0.018284	-0.026558	0.007812	-0.019531	-0.019531	-0.535156	0.023438	-0.066406	-0.136719	0.218750	0.496094	0.023438	0.035370	-0.048330	-5.307374	0.001233	-0.014086	0.005946	0.199672	-0.449561	9.811440	1.000000	0.000000	0.000000	0.000000	
0.418659	0.242061	-1.371243	1.269101	-0.850815	-0.522971	-0.200867	1.176326	-1.372896	1.034127	0.416386	0.244835	-1.369168	1.348980	-0.854943	-0.510909	-0.186406	1.153815	-1.446025	1.030379	-0.000921	-0.018821	-0.004187	-0.001716	-0.000035	-0.006146	-0.024600	-0.052207	-0.068131	-0.086407	0.007812	-0.023438	-0.019531	-0.531250	0.035156	-0.070312	-0.136719	0.218750	0.492188	0.023438	0.035370	-0.048330	-5.307374	0.001233	-0.014086	0.005946	0.199672	-0.449561	9.811440	1.000000	0.000000	0.000000	0.000000	
0.418816	0.242281	-1.370925	1.268700	-0.849242	-0.523127	-0.200657	1.176058	-1.373129	1.032134	0.416362	0.244797	-1.369163	1.349035	-0.854988	-0.511020	-0.186429	1.153883	-1.445981	1.030465	-0.045457	-0.006535	0.017029	0.003318	-0.062817	-0.042490	-0.025724	0.008738	0.031573	-0.043537	0.011719	-0.011719	-0.011719	-0.531250	0.035156	-0.082031	-0.136719	0.222656	0.484375	0.007812	0.035325	-0.051030	-5.307667	-0.001643	-0.000185	-0.001564	0.217966	-0.647560	9.857710	1.000000	0.000000	0.000000	0.000000	
0.419192	0.242264	-1.370800	1.268476	-0.847416	-0.523265	-0.200663	1.175967	-1.373328	1.029939	0.416334	0.244749	-1.369162	1.349070	-0.854998	-0.511091	-0.186433	1.153848	-1.445996	1.030507	-0.098766	-0.002980	-0.029704	-0.038054	-0.030709	0.009710	-0.009552	-0.082877	-0.024760	-0.039250	0.011719	-0.023438	-0.019531	-0.527344	0.027344	-0.074219	-0.132812	0.218750	0.480469	0.019531	0.035316	-0.051571	-5.307725	-0.001931	0.001206	-0.002315	0.219795	-0.667360	9.862337	1.000000	0.000000	0.000000	0.000000	
0.419242	0.242275	-1.370867	1.268656	-0.846701	-0.523277	-0.200830	1.175878	-1.372776	1.028481	0.416376	0.244723	-1.369041	1.349247	-0.854951	-0.511202	-0.186434	1.153817	-1.446023	1.030588	-0.020345	-0.020073	0.010988	-0.066619	0.003908	-0.016477	0.007187	-0.064122	-0.058310	-0.056269	0.011719	-0.019531	-0.023438	-0.527344	0.039062	-0.070312	-0.148438	0.218750	0.480469	0.019531	0.035315	-0.051679	-5.307737	-0.001960	0.001345	-0.002390	0.219978	-0.669340	9.862800	1.000000	0.000000	0.000000	0.000000	
0.419257	0.242199	-1.370701	1.268176	-0.847174	-0.523376	-0.200811	1.175834	-1.372810	1.029466	0.416361	0.244710	-1.368968	1.349355	-0.854893	-0.511321	-0.186450	1.153811	-1.446029	1.030531	-0.061358	-0.018292	-0.037287	0.010786	-0.003099	-0.043523	-0.010913	-0.041309	-0.054686	-0.040523	0.011719	-0.011719	-0.011719	-0.527344	0.050781	-0.070312	-0.136719	0.218750	0.480469	0.003906	0.035314	-0.051700	-5.307740	-0.001962	0.001358	-0.002398	0.219996	-0.669538	9.862846	1.000000	0.000000	0.000000	0.000000	
0.419335	0.241694	-1.370937	1.268491	-0.848087	-0.523271	-0.200837	1.175770	-1.372253	1.031531	0.416382	0.244699	-1.368881	1.349449	-0.854857	-0.511369	-0.186462	1.153809	-1.445981	1.030375	-0.006136	-0.004156	-0.017687	0.018527	-0.024737	-0.056697	-0.017376	-0.073924	-0.057813	-0.038949	0.011719	-0.019531	-0.019531	-0.531250	0.050781	-0.074219	-0.148438	0.218750	0.484375	-0.011719	0.035314	-0.051704	-5.307740	-0.001963	0.001360	-0.002399	0.219998	-0.669557	9.862851	1.000000	0.000000	0.000000	0.000000	
0.419416	0.241432	-1.371122	1.268243	-0.848243	-0.523352	-0.200511	1.175443	-1.372051	1.032987	0.416362	0.244681	-1.368839	1.349492	-0.854826	-0.511403	-0.186464	1.153809	-1.446020	1.030343	-0.045979	-0.001579	-0.033175	0.008832	0.046381	-0.030097	-0.013370	-0.084164	-0.033698	-0.028322	0.019531	-0.019531	-0.007812	-0.535156	0.050781	-0.070312	-0.136719	0.218750	0.484375	0.000000	0.035314	-0.051705	-5.307740	-0.001963	0.001360	-0.002399	0.219998	-0.669559	9.862851	1.000000	0.000000	0.000000	0.000000	
0.419455	0.241251	-1.371272	1.268486	-0.848926	-0.523419	-0.200621	1.175400	-1.371845	1.034457	0.416382	0.244629	-1.368831	1.349549	-0.854892	-0.511434	-0.186464	1.153882	-1.446028	1.030337	-0.001108	-0.017606	-0.020766	-0.002606	-0.030258	0.021418	-0.011806	0.022990	-0.031287	-0.027260	0.011719	-0.023438	-0.023438	-0.531250	0.042969	-0.074219	-0.136719	0.214844	0.492188	-0.007812	0.035314	-0.051706	-5.307740	-0.001963	0.001360	-0.002399	0.219998	-0.669560	9.862851	1.000000	0.000000	0.000000	0.000000	
0.419376	0.241230	-1.371367	1.268640	-0.849920	-0.523485	-0.200708	1.175763	-1.371958	1.035496	0.416386	0.244554	-1.368829	1.349536	-0.854930	-0.511489	-0.186473	1.153872	-1.446006	1.030651	-0.000111	-0.009903	-0.012545	-0.084012	-0.023964	0.019590	-0.017466	0.026726	0.007340	-0.034133	0.019531	-0.027344	-0.011719	-0.535156	0.050781	-0.074219	-0.136719	0.214844	0.496094	0.011719	0.035314	-0.051706	-5.307740	-0.001963	0.001360	-0.002399	0.219998	-0.669560	9.862851	1.000000	0.000000	0.000000	0.000000	
0.419130	0.241475	-1.370980	1.268410	-0.849871	-0.523392	-0.200829	1.176193	-1.372648	1.034361	0.416387	0.244442	-1.368829	1.349582	-0.854986	-0.511573	-0.186466	1.153773	-1.446001	1.030980	0.017437	-0.010296	-0.036151	0.009047	-0.037293	-0.067834	0.001743	0.013142	-0.006245	-0.031330	0.019531	-0.023438	-0.019531	-0.535156	0.039062	-0.082031	-0.148438	0.218750	0.492188	0.019531	0.035156	-0.051291	-5.307944	0.000834	0.014702	-0.001600	0.272726	-0.503844	9.821960	1.000000	0.000000	0.000000	0.000000	
0.418953	0.241908	-1.370824	1.268303	-0.849456	-0.523357	-0.200631	1.175880	-1.373134	1.034060	0.416387	0.244315	-1.368829	1.349591	-0.855070	-0.511589	-0.186473	1.153729	-1.446048	1.031530	-0.040132	-0.021967	-0.031532	0.007884	-0.028157	-0.006783	-0.011458	-0.002175	-0.101824	0.049211	0.011719	-0.019531	-0.011719	-0.527344	0.035156	-0.074219	-0.125000	0.214844	0.492188	0.007812	0.035124	-0.051208	-5.307985	0.001113	0.016037	-0.001520	0.277999	-0.487272	9.817871	1.000000	0.000000	0.000000	0.000000	
0.418969	0.242028	-1.370777	1.268468	-0.848218	-0.523430	-0.200268	1.175796	-1.373013	1.033371	0.416387	0.244265	-1.368829	1.349569	-0.855159	-0.511641	-0.186474	1.153720	-1.446034	1.032125	-0.014482	-0.019645	-0.006643	-0.044577	-0.027243	-0.035575	-0.017431	-0.035114	0.003776	0.053776	0.019531	-0.019531	-0.019531	-0.531250	0.035156	-0.074219	-0.148438	0.222656	0.492188	0.003906	0.035118	-0.051191	-5.307993	0.001141	0.016170	-0.001512	0.278526	-0.485615	9.817463	1.000000	0.000000	0.000000	0.000000	
0.419098	0.241939	-1.370412	1.268394	-0.847349	-0.523443	-0.200400	1.176156	-1.373291	1.032901	0.416363	0.244223	-1.368853	1.349613	-0.855274	-0.511700	-0.186467	1.153718	-1.446031	1.032874	-0.053793	-0.018249	-0.035561	0.006011	-0.002724	-0.055902	0.000583	-0.024449	-0.027539	-0.029519	0.023438	-0.011719	-0.019531	-0.535156	0.042969	-0.074219	-0.148438	0.214844	0.484375	0.000000	0.035117	-0.051188	-5.307994	0.001144	0.016183	-0.001511	0.278579	-0.485449	9.817422	1.000000	0.000000	0.000000	0.000000	
0.419246	0.241729	-1.370298	1.268948	-0.847057	-0.523323	-0.200844	1.176314	-1.372889	1.032218	0.416382	0.244198	-1.368858	1.349670	-0.855297	-0.511712	-0.186465	1.153742	-1.446030	1.033194	-0.012359	-0.006478	-0.007046	-0.009868	-0.056107	-0.016059	-0.001105	-0.023383	-0.009733	-0.055296	0.019531	-0.011719	-0.011719	-0.535156	0.042969	-0.074219	-0.132812	0.218750	0.492188	-0.003906	0.035117	-0.051187	-5.307995	0.001144	0.016185	-0.001511	0.278584	-0.485433	9.817417	1.000000	0.000000	0.000000	0.000000	
0.419456	0.241631	-1.370291	1.268504	-0.846623	-0.523494	-0.200562	1.175889	-1.372351	1.032453	0.416362	0.244177	-1.368883	1.349754	-0.855302	-0.511738	-0.186473	1.153771	-1.446054	1.033355	-0.057070	-0.007627	-0.049559	-0.028904	-0.033528	0.015842	-0.021048	-0.044214	-0.042849	-0.043916	0.019531	-0.023438	-0.011719	-0.542969	0.054688	-0.070312	-0.136719	0.222656	0.480469	0.000000	0.035117	-0.051187	-5.307995	0.001144	0.016185	-0.001511	0.278585	-0.485431	9.817417	1.000000	0.000000	0.000000	0.000000	
0.419556	0.241462	-1.370497	1.268624	-0.846810	-0.523387	-0.200669	1.175954	-1.371849	1.032709	0.416358	0.244156	-1.368888	1.349941	-0.855302	-0.511744	-0.186466	1.153801	-1.446035	1.033484	-0.054562	-0.007742	-0.057300	-0.083152	-0.062677	0.001584	-0.000942	0.006048	-0.014754	-0.018350	0.011719	-0.019531	-0.007812	-0.535156	0.050781	-0.074219	-0.136719	0.230469	0.484375	0.000000	0.035117	-0.051187	-5.307995	0.001144	0.016185	-0.001511	0.278585	-0.485431	9.817417	1.000000	0.000000	0.000000	0.000000	
0.419457	0.241362	-1.370644	1.268526	-0.847678	-0.523197	-0.200676	1.176170	-1.371550	1.034240	0.416357	0.244152	-1.368889	1.350075	-0.855327	-0.511793	-0.186465	1.153783	-1.446055	1.033679	-0.061290	0.005042	-0.058075	-0.071129	-0.009757	-0.087082	0.002232	0.000605	-0.064289	0.019103	0.019531	-0.019531	-0.007812	-0.531250	0.058594	-0.074219	-0.136719	0.214844	0.492188	-0.019531	0.035117	-0.051187	-5.307995	0.001144	0.016185	-0.001511	0.278585	-0.485431	9.817417	1.000000	0.000000	0.000000	0.000000	
0.419270	0.241546	-1.370511	1.268824	-0.847760	-0.523023	-0.200846	1.176730	-1.371954	1.034428	0.416381	0.244119	-1.368889	1.350271	-0.855404	-0.511779	-0.186473	1.153804	-1.446011	1.033864	-0.020088	-0.000659	-0.019766	-0.010602	-0.000976	-0.064542	0.006039	-0.034836	0.042426	0.029827	0.023438	-0.019531	-0.011719	-0.542969	0.058594	-0.085938	-0.136719	0.218750	0.492188	-0.007812	0.035117	-0.051187	-5.307995	0.001144	0.016185	-0.001511	0.278585	-0.485431	9.817417	1.000000	0.000000	0.000000	0.000000	
0.419342	0.241339	-1.370553	1.268698	-0.847900	-0.523008	-0.200587	1.176142	-1.371635	1.035646	0.416386	0.244080	-1.368937	1.350505	-0.855662	-0.511776	-0.186466	1.153881	-1.446051	1.034216	0.001481	-0.000066	-0.054321	0.023367	-0.034994	-0.055309	0.004094	-0.003484	-0.051592	0.002983	0.011719	-0.027344	-0.011719	-0.546875	0.066406	-0.074219	-0.136719	0.222656	0.496094	-0.019531	0.035117	-0.051187	-5.307995	0.001144	0.016185	-0.001511	0.278585	-0.485431	9.817417	1.000000	0.000000	0.000000	0.000000	
0.419292	0.241476	-1.370384	1.268964	-0.847875	-0.523051	-0.200513	1.176206	-1.372082	1.036231	0.416362	0.244064	-1.368923	1.351036	-0.856077	-0.511775	-0.186473	1.153993	-1.446034	1.034528	-0.055686	-0.011639	0.018995	0.019785	-0.041885	-0.061365	-0.006570	0.024079	0.001820	-0.017150	0.011719	-0.011719	-0.007812	-0.558594	0.070312	-0.066406	-0.132812	0.230469	0.492188	-0.007812	0.035117	-0.051187	-5.307995	0.001144	0.016185	-0.001511	0.278585	-0.485431	9.817417	1.000000	0.000000	0.000000	0.000000	
0.419342	0.241411	-1.370099	1.268863	-0.847132	-0.523268	-0.200216	1.175847	-1.372319	1.035809	0.416382	0.244045	-1.368944	1.351385	-0.857057	-0.511751	-0.186474	1.153967	-1.446031	1.035463	-0.005569	-0.001164	-0.022528	0.022916	-0.056533	-0.002647	-0.018105	-0.070874	0.045547	0.082036	0.019531	-0.027344	-0.007812	-0.546875	0.074219	-0.074219	-0.148438	0.214844	0.492188	-0.035156	0.035117	-0.051187	-5.307995	0.001144	0.016185	-0.001511	0.278585	-0.485431	9.817417	1.000000	0.000000	0.000000	0.000000	
0.419176	0.241589	-1.369955	1.268703	-0.846695	-0.523433	-0.199800	1.175136	-1.371943	1.035744	0.416386	0.244033	-1.368924	1.351672	-0.857641	-0.511746	-0.186475	1.154034	-1.446055	1.036547	0.009912	-0.011748	0.008216	-0.004688	-0.047529	-0.010734	-0.013443	0.017340	-0.005914	0.084976	0.019531	-0.019531	-0.007812	-0.550781	0.085938	-0.074219	-0.136719	0.218750	0.492188	-0.023438	0.035117	-0.051187	-5.307995	0.001144	0.016185	-0.001511	0.278585	-0.485431	9.817417	1.000000	0.000000	0.000000	0.000000	
0.419024	0.241437	-1.369690	1.268905	-0.847593	-0.523459	-0.199888	1.174991	-1.372325	1.036633	0.416387	0.244007	-1.368969	1.351948	-0.858048	-0.511745	-0.186475	1.154048	-1.446083	1.037491	0.000991	-0.027929	0.014780	0.034428	-0.064077	-0.039459	0.000982	-0.033162	-0.045957	0.036415	0.011719	-0.019531	-0.007812	-0.558594	0.082031	-0.066406	-0.125000	0.218750	0.496094	-0.027344	0.035117	-0.051187	-5.307995	0.001144	0.016185	-0.001511	0.278585	-0.485431	9.817417	1.000000	0.000000	0.000000	0.000000	
0.419219	0.240978	-1.369637	1.269354	-0.848428	-0.523414	-0.200079	1.175058	-1.372586	1.037581	0.416338	0.244001	-1.369050	1.352488	-0.858396	-0.511721	-0.186459	1.154051	-1.446089	1.038116	-0.087142	-0.019078	-0.071804	-0.045412	-0.072711	0.027461	0.004751	-0.073109	-0.039492	0.014110	0.011719	-0.019531	-0.003906	-0.566406	0.082031	-0.070312	-0.125000	0.203125	0.492188	-0.027344	0.035117	-0.051187	-5.307995	0.001144	0.016185	-0.001511	0.278585	-0.485431	9.817417	1.000000	0.000000	0.000000	0.000000	
0.419465	0.240616	-1.369532	1.269728	-0.848906	-0.523446	-0.200240	1.175364	-1.372289	1.038639	0.416329	0.244000	-1.369067	1.352935	-0.859678	-0.511740	-0.186463	1.154124	-1.446090	1.039258	-0.057569	-0.013540	-0.045566	-0.011520	-0.146856	-0.032150	-0.011157	-0.035228	-0.017908	0.018859	0.023438	-0.011719	0.000000	-0.562500	0.109375	-0.074219	-0.132812	0.203125	0.496094	-0.035156	0.035117	-0.051187	-5.307995	0.001144	0.016185	-0.001511	0.278585	-0.485431	9.817417	1.000000	0.000000	0.000000	0.000000	
0.419579	0.240602	-1.369326	1.269779	-0.849161	-0.523557	-0.200161	1.175485	-1.372344	1.040192	0.416327	0.243968	-1.369094	1.353340	-0.860903	-0.511744	-0.186472	1.154260	-1.446115	1.040553	-0.092998	-0.022292	-0.022005	-0.011621	-0.143802	-0.052070	-0.019727	-0.045398	-0.040177	0.057720	0.011719	-0.027344	-0.007812	-0.566406	0.121094	-0.082031	-0.132812	0.207031	0.492188	-0.054688	0.035117	-0.051187	-5.307995	0.001144	0.016185	-0.001511	0.278585	-0.485431	9.817417	1.000000	0.000000	0.000000	0.000000	
0.419573	0.240353	-1.369148	1.269999	-0.850629	-0.523842	-0.200002	1.175144	-1.371710	1.043089	0.416351	0.243913	-1.369075	1.353857	-0.861997	-0.511720	-0.186466	1.154384	-1.446168	1.042024	0.008148	-0.020841	-0.002200	0.030245	-0.133028	-0.012186	-0.003136	-0.004540	-0.063341	0.127909	0.023438	-0.023438	-0.003906	-0.562500	0.109375	-0.074219	-0.132812	0.203125	0.480469	-0.054688	0.035117	-0.051187	-5.307995	0.001144	0.016185	-0.001511	0.278585	-0.485431	9.817417	1.000000	0.000000	0.000000	0.000000	
0.419559	0.240036	-1.368957	1.270321	-0.853224	-0.524184	-0.199742	1.175098	-1.372027	1.047751	0.416307	0.243886	-1.369096	1.355366	-0.862773	-0.511692	-0.186465	1.154554	-1.446227	1.043239	-0.013144	-0.013716	-0.049075	0.104224	-0.100544	-0.001219	-0.011946	0.016994	-0.058679	0.065135	0.023438	-0.023438	0.000000	-0.585938	0.117188	-0.070312	-0.125000	0.207031	0.496094	-0.054688	0.035117	-0.051187	-5.307995	0.001144	0.016185	-0.001511	0.278585	-0.485431	9.817417	1.000000	0.000000	0.000000	0.000000	
0.419646	0.239880	-1.368703	1.271614	-0.853962	-0.524124	-0.199995	1.175639	-1.373145	1.048969	0.416298	0.243856	-1.369076	1.356273	-0.864794	-0.511686	-0.186457	1.154709	-1.446263	1.046026	-0.046680	-0.015330	0.019520	0.055788	-0.184536	-0.000122	0.006948	-0.047155	-0.016337	0.016982	0.023438	-0.027344	-0.003906	-0.593750	0.132812	-0.082031	-0.132812	0.199219	0.500000	-0.050781	0.035212	-0.049731	-5.307857	0.002023	0.026092	0.000007	0.289345	-0.644690	9.842167	1.000000	0.000000	0.000000	0.000000	
0.419628	0.240154	-1.368027	1.271870	-0.853151	-0.524414	-0.199548	1.175020	-1.373657	1.048692	0.416296	0.243801	-1.369072	1.357036	-0.866507	-0.511685	-0.186447	1.155079	-1.446368	1.048208	-0.036075	-0.020144	0.015911	0.085840	-0.175487	-0.000012	0.006511	-0.008205	-0.046999	0.158732	0.011719	-0.027344	0.003906	-0.593750	0.132812	-0.074219	-0.125000	0.191406	0.496094	-0.070312	0.035231	-0.049440	-5.307829	0.002111	0.027083	0.000159	0.290421	-0.660616	9.844643	1.000000	0.000000	0.000000	0.000000	
0.419724	0.239980	-1.367692	1.272797	-0.852992	-0.524525	-0.199143	1.174666	-1.373396	1.048745	0.416296	0.243750	-1.369071	1.357843	-0.868279	-0.511660	-0.186445	1.155323	-1.446485	1.050631	0.010351	-0.011320	0.012060	0.001605	-0.216458	-0.027918	-0.005165	0.020117	-0.039596	0.165927	0.019531	-0.039062	0.000000	-0.593750	0.156250	-0.074219	-0.125000	0.191406	0.492188	-0.074219	0.035235	-0.049382	-5.307824	0.002120	0.027182	0.000174	0.290529	-0.662209	9.844890	1.000000	0.000000	0.000000	0.000000	
0.419672	0.239944	-1.366824	1.273368	-0.853488	-0.524760	-0.199058	1.175249	-1.374273	1.049482	0.416248	0.243732	-1.369022	1.359313	-0.870160	-0.511631	-0.186436	1.155396	-1.446630	1.053006	-0.037351	-0.012764	0.050061	0.049015	-0.136804	-0.027219	0.002973	-0.022416	0.013489	0.166647	0.023438	-0.027344	0.003906	-0.593750	0.164062	-0.085938	-0.121094	0.187500	0.503906	-0.089844	0.035235	-0.049370	-5.307823	0.002121	0.027192	0.000176	0.290540	-0.662368	9.844914	1.000000	0.000000	0.000000	0.000000	
0.419863	0.239465	-1.366325	1.274270	-0.854425	-0.524764	-0.198855	1.175284	-1.374541	1.051645	0.416189	0.243704	-1.369061	1.360165	-0.873275	-0.511625	-0.186427	1.155556	-1.446950	1.056631	-0.087486	-0.004766	-0.036870	0.036308	-0.100921	-0.058556	-0.021804	-0.016200	-0.047506	0.142291	0.027344	-0.035156	0.007812	-0.585938	0.187500	-0.085938	-0.125000	0.175781	0.496094	-0.105469	0.035235	-0.049368	-5.307822	0.002121	0.027193	0.000176	0.290541	-0.662384	9.844917	1.000000	0.000000	0.000000	0.000000	
0.419900	0.238860	-1.365991	1.275413	-0.856825	-0.524983	-0.198884	1.174899	-1.374143	1.056281	0.416202	0.243674	-1.369045	1.360916	-0.874988	-0.511551	-0.186409	1.155782	-1.447305	1.059101	-0.001769	0.005339	-0.042073	0.094361	-0.174105	0.022061	-0.010323	-0.033027	-0.064074	0.234076	0.023438	-0.035156	0.023438	-0.597656	0.183594	-0.085938	-0.121094	0.187500	0.492188	-0.136719	0.035235	-0.049367	-5.307822	0.002121	0.027193	0.000176	0.290541	-0.662386	9.844917	1.000000	0.000000	0.000000	0.000000	
0.419778	0.238704	-1.365963	1.276687	-0.859451	-0.525084	-0.198544	1.174543	-1.373725	1.061783	0.416156	0.243579	-1.368969	1.361673	-0.876494	-0.511561	-0.186397	1.155827	-1.447739	1.061800	-0.028094	-0.016914	0.013241	0.012926	-0.101162	-0.022221	-0.001032	-0.038199	-0.058752	0.197889	0.023438	-0.039062	0.023438	-0.593750	0.191406	-0.082031	-0.121094	0.191406	0.492188	-0.136719	0.035235	-0.049367	-5.307822	0.002121	0.027193	0.000176	0.290541	-0.662386	9.844917	1.000000	0.000000	0.000000	0.000000	
0.419906	0.237951	-1.365492	1.277716	-0.861466	-0.525209	-0.198610	1.174649	-1.374188	1.065270	0.416123	0.243504	-1.368832	1.363060	-0.878274	-0.511514	-0.186394	1.155788	-1.447947	1.064836	-0.006299	-0.020303	-0.005655	0.057127	-0.160170	-0.002222	-0.008246	-0.024758	-0.051240	0.204739	0.023438	-0.035156	0.019531	-0.593750	0.183594	-0.089844	-0.117188	0.199219	0.496094	-0.152344	0.035235	-0.049367	-5.307822	0.002121	0.027193	0.000176	0.290541	-0.662386	9.844917	1.000000	0.000000	0.000000	0.000000	
0.418558	0.244185	-1.362860	1.275176	-0.839239	-0.524431	-0.196874	1.172599	-1.376494	1.035110	0.416092	0.243384	-1.368757	1.363822	-0.881610	-0.511529	-0.186386	1.155731	-1.448110	1.070339	-0.025057	-0.020642	-0.024993	0.023161	-0.159092	0.017226	-0.027578	-0.068779	-0.033041	0.257769	0.027344	-0.035156	0.027344	-0.582031	0.203125	-0.085938	-0.117188	0.183594	0.500000	-0.152344	0.036404	-0.020871	-5.306528	0.019937	0.265119	0.001214	0.280856	-0.231955	9.892264	1.000000	0.000000	0.000000	0.000000	
0.417147	0.250326	-1.359689	1.271599	-0.815213	-0.523400	-0.195466	1.172317	-1.379282	0.999400	0.416086	0.243134	-1.368717	1.364532	-0.883877	-0.511532	-0.186368	1.155647	-1.448215	1.073887	0.014942	-0.042777	-0.005989	0.051171	-0.165963	-0.033174	-0.019043	-0.006878	-0.020752	0.168852	0.023438	-0.023438	0.039062	-0.597656	0.214844	-0.085938	-0.109375	0.183594	0.496094	-0.132812	0.036638	-0.015172	-5.306270	0.021719	0.288912	0.001318	0.279888	-0.188911	9.896998	1.000000	0.000000	0.000000	0.000000	
0.415622	0.254747	-1.357797	1.268896	-0.798082	-0.521674	-0.193312	1.172484	-1.376434	0.970836	0.416012	0.243124	-1.368637	1.365013	-0.884088	-0.511460	-0.186284	1.155509	-1.449375	1.073845	-0.015954	0.001538	-0.049454	0.040013	0.053196	-0.052172	0.003912	-0.080949	-0.099785	-0.070356	0.023438	0.003906	0.054688	-0.613281	0.281250	-0.085938	-0.109375	0.171875	0.503906	-0.218750	0.036685	-0.014032	-5.306218	0.021897	0.291291	0.001329	0.279791	-0.184607	9.897472	1.000000	0.000000	0.000000	0.000000	
0.415067	0.256587	-1.358537	1.269540	-0.796860	-0.519808	-0.191737	1.173588	-1.367844	0.964031	0.415876	0.243615	-1.368427	1.366733	-0.881271	-0.511131	-0.186194	1.155530	-1.450358	1.073691	-0.043471	0.033887	0.002034	0.031918	0.340324	0.001762	0.020166	0.065187	-0.139095	-0.014015	0.011719	0.027344	0.082031	-0.648438	0.320312	-0.085938	-0.101562	0.167969	0.515625	-0.253906	0.036694	-0.013804	-5.306207	0.021915	0.291529	0.001330	0.279781	-0.184177	9.897519	1.000000	0.000000	0.000000	0.000000	
0.415013	0.256075	-1.361038	1.273624	-0.803410	-0.517332	-0.193038	1.176864	-1.356275	0.968284	0.415679	0.244391	-1.368191	1.367562	-0.874116	-0.510774	-0.185950	1.155535	-1.451743	1.064670	-0.004347	0.046427	0.056038	0.052047	0.344610	0.014135	0.015975	0.006519	-0.188391	-0.566722	0.003906	0.050781	0.101562	-0.683594	0.355469	-0.074219	-0.082031	0.167969	0.562500	-0.394531	0.036696	-0.013759	-5.306205	0.021917	0.291553	0.001330	0.279780	-0.184134	9.897524	1.000000	0.000000	0.000000	0.000000	
0.414665	0.255592	-1.362811	1.276816	-0.807972	-0.514444	-0.194016	1.179720	-1.347810	0.969296	0.415567	0.245258	-1.368144	1.368212	-0.868928	-0.510509	-0.185522	1.156020	-1.453013	1.057122	-0.042310	0.025581	-0.032782	0.040101	0.324100	-0.043952	0.024862	0.025079	-0.127018	-0.566159	0.007812	0.070312	0.093750	-0.664062	0.355469	-0.058594	-0.089844	0.164062	0.601562	-0.417969	0.036696	-0.013750	-5.306205	0.021917	0.291555	0.001330	0.279780	-0.184129	9.897525	1.000000	0.000000	0.000000	0.000000	
0.414261	0.255492	-1.364491	1.276456	-0.805624	-0.512080	-0.193503	1.180204	-1.341075	0.961621	0.415375	0.245754	-1.368061	1.368633	-0.865443	-0.510359	-0.185266	1.156965	-1.453679	1.051226	-0.039127	0.001395	-0.024216	-0.013438	0.171995	0.013053	0.019934	0.040894	-0.040619	-0.374172	0.003906	0.082031	0.066406	-0.617188	0.335938	-0.039062	-0.085938	0.183594	0.566406	-0.414062	0.036696	-0.013748	-5.306205	0.021917	0.291556	0.001330	0.279780	-0.184129	9.897525	1.000000	0.000000	0.000000	0.000000	
0.413847	0.255157	-1.366293	1.273896	-0.800823	-0.510144	-0.192849	1.179664	-1.336292	0.948748	0.415336	0.245999	-1.368142	1.367554	-0.863171	-0.510208	-0.185191	1.157906	-1.453134	1.046921	-0.007402	0.002466	-0.054766	-0.130460	0.111420	0.036202	0.018278	0.004089	0.044793	-0.306119	0.000000	0.074219	0.058594	-0.578125	0.304688	-0.023438	-0.089844	0.187500	0.679688	-0.414062	0.036696	-0.013747	-5.306205	0.021917	0.291556	0.001330	0.279780	-0.184129	9.897525	1.000000	0.000000	0.000000	0.000000	
0.413155	0.255341	-1.367720	1.269941	-0.797062	-0.508297	-0.192609	1.179127	-1.333468	0.934963	0.415280	0.246274	-1.368352	1.366878	-0.860172	-0.509741	-0.185111	1.158748	-1.452588	1.042207	-0.039126	0.006063	0.008482	-0.110756	0.098383	0.007110	0.000665	0.049264	0.049845	-0.187645	-0.003906	0.082031	0.050781	-0.582031	0.304688	-0.019531	-0.085938	0.187500	0.730469	-0.460938	0.036696	-0.013747	-5.306205	0.021917	0.291556	0.001330	0.279780	-0.184129	9.897525	1.000000	0.000000	0.000000	0.000000	
0.412522	0.255402	-1.369598	1.267524	-0.796533	-0.506303	-0.192805	1.178741	-1.331980	0.926644	0.415172	0.246434	-1.368661	1.366500	-0.857755	-0.509284	-0.184998	1.159813	-1.452213	1.038283	-0.038809	0.002933	-0.061965	-0.038993	0.145934	-0.044654	0.010535	0.081698	0.025922	-0.245591	0.000000	0.074219	0.054688	-0.609375	0.316406	-0.007812	-0.085938	0.167969	0.765625	-0.492188	0.036696	-0.013747	-5.306205	0.021917	0.291556	0.001330	0.279780	-0.184129	9.897525	1.000000	0.000000	0.000000	0.000000	
0.411983	0.255346	-1.372135	1.266987	-0.798664	-0.504312	-0.193576	1.178809	-1.331576	0.924431	0.414956	0.246563	-1.369885	1.366207	-0.855260	-0.508636	-0.184863	1.161432	-1.452162	1.033767	-0.024819	-0.004360	-0.103906	-0.059733	0.227461	0.033921	0.001054	0.088431	0.013061	-0.404929	-0.003906	0.085938	0.042969	-0.628906	0.316406	-0.003906	-0.082031	0.152344	0.792969	-0.503906	0.036696	-0.013747	-5.306205	0.021917	0.291556	0.001330	0.279780	-0.184129	9.897525	1.000000	0.000000	0.000000	0.000000	
0.411434	0.254934	-1.374814	1.265602	-0.800366	-0.502591	-0.193954	1.178801	-1.330436	0.922652	0.414768	0.246653	-1.370809	1.365736	-0.853065	-0.508166	-0.184787	1.162385	-1.452224	1.028501	-0.040868	-0.010905	-0.080183	-0.117642	0.134414	0.073185	-0.017343	0.057698	0.001306	-0.515083	-0.007812	0.074219	0.035156	-0.613281	0.316406	-0.003906	-0.085938	0.148438	0.796875	-0.511719	0.036696	-0.013747	-5.306205	0.021917	0.291556	0.001330	0.279780	-0.184129	9.897525	1.000000	0.000000	0.000000	0.000000	
0.410673	0.254653	-1.377177	1.263211	-0.799630	-0.500936	-0.193845	1.178651	-1.328253	0.917499	0.414706	0.246695	-1.372157	1.363170	-0.851002	-0.507273	-0.184715	1.163158	-1.452237	1.019378	-0.045962	-0.024355	-0.109218	-0.189735	0.139068	0.038725	-0.011040	0.061604	-0.038255	-0.428389	-0.011719	0.082031	0.039062	-0.585938	0.285156	-0.007812	-0.089844	0.136719	0.796875	-0.476562	0.036696	-0.013747	-5.306205	0.021917	0.291556	0.001330	0.279780	-0.184129	9.897525	1.000000	0.000000	0.000000	0.000000	
0.409698	0.255329	-1.379090	1.260392	-0.796545	-0.499513	-0.193416	1.178825	-1.327101	0.909675	0.414645	0.246712	-1.373759	1.361009	-0.848845	-0.505665	-0.184685	1.163724	-1.452167	1.013749	-0.137202	-0.032679	-0.119100	-0.158559	0.156982	0.098093	-0.004594	0.027098	-0.014294	-0.304561	-0.023438	0.074219	0.035156	-0.566406	0.273438	-0.011719	-0.085938	0.132812	0.808594	-0.480469	0.036696	-0.013747	-5.306205	0.021917	0.291556	0.001330	0.279780	-0.184129	9.897525	1.000000	0.000000	0.000000	0.000000	
0.408781	0.256134	-1.381137	1.258324	-0.793497	-0.498091	-0.193359	1.178743	-1.326004	0.902604	0.414681	0.246707	-1.375195	1.359074	-0.845747	-0.503889	-0.184679	1.164371	-1.452104	1.009303	-0.038148	-0.016063	-0.106130	-0.127524	0.029657	0.114498	-0.016744	0.016668	-0.001429	-0.351502	-0.027344	0.082031	0.050781	-0.582031	0.269531	-0.023438	-0.085938	0.136719	0.820312	-0.476562	0.036696	-0.013747	-5.306205	0.021917	0.291556	0.001330	0.279780	-0.184129	9.897525	1.000000	0.000000	0.000000	0.000000	
0.408034	0.256382	-1.383582	1.257236	-0.792173	-0.496472	-0.193696	1.179106	-1.325256	0.897622	0.414640	0.246730	-1.378583	1.357233	-0.844038	-0.501765	-0.184653	1.165033	-1.452116	1.004076	-0.021263	0.014679	-0.118792	-0.159317	0.125103	0.119628	-0.015633	0.060991	-0.028060	-0.485313	-0.027344	0.085938	0.042969	-0.582031	0.265625	-0.027344	-0.085938	0.109375	0.828125	-0.468750	0.036696	-0.013747	-5.306205	0.021917	0.291556	0.001330	0.279780	-0.184129	9.897525	1.000000	0.000000	0.000000	0.000000	
0.407162	0.256674	-1.386033	1.255819	-0.790298	-0.494606	-0.193398	1.179323	-1.324140	0.891761	0.414487	0.246751	-1.380909	1.355169	-0.841975	-0.499862	-0.184608	1.165675	-1.452046	0.995107	-0.064940	-0.012491	-0.217767	-0.155517	0.134647	0.085245	-0.007379	-0.007859	0.000684	-0.397495	-0.035156	0.089844	0.054688	-0.601562	0.253906	-0.023438	-0.085938	0.109375	0.832031	-0.460938	0.036696	-0.013747	-5.306205	0.021917	0.291556	0.001330	0.279780	-0.184129	9.897525	1.000000	0.000000	0.000000	0.000000	
0.406017	0.255310	-1.389964	1.255083	-0.794802	-0.492887	-0.193543	1.179997	-1.326510	0.899510	0.414335	0.246772	-1.382901	1.353883	-0.837297	-0.498657	-0.184591	1.166457	-1.452031	0.989556	-0.020452	-0.002412	-0.164852	-0.144668	0.198415	0.123682	0.001588	0.020152	-0.006911	-0.413140	-0.039062	0.089844	0.050781	-0.597656	0.218750	-0.027344	-0.089844	0.093750	0.843750	-0.480469	0.038728	0.008663	-5.305662	0.010412	0.105880	-0.026633	0.603680	1.245978	10.166545	1.000000	0.000000	0.000000	0.000000	
0.404739	0.254660	-1.392925	1.254024	-0.796250	-0.491689	-0.193547	1.179836	-1.327653	0.902713	0.414232	0.246816	-1.386377	1.352293	-0.834035	-0.497132	-0.184595	1.168019	-1.451908	0.984472	-0.043921	0.009064	-0.156070	-0.147073	0.183854	0.110078	-0.011473	0.054360	-0.025119	-0.501946	-0.039062	0.093750	0.058594	-0.593750	0.207031	-0.019531	-0.085938	0.085938	0.843750	-0.468750	0.039134	0.013145	-5.305553	0.009262	0.087313	-0.029430	0.636070	1.388989	10.193447	1.000000	0.000000	0.000000	0.000000	
0.403380	0.255901	-1.394580	1.253137	-0.792993	-0.490709	-0.193104	1.179486	-1.328360	0.896727	0.414114	0.246809	-1.388768	1.351006	-0.831905	-0.495373	-0.184604	1.169034	-1.451616	0.980765	-0.032309	0.012539	-0.218006	-0.129865	0.133543	0.080800	-0.018595	0.026374	-0.033919	-0.315407	-0.042969	0.085938	0.042969	-0.597656	0.187500	-0.019531	-0.085938	0.089844	0.820312	-0.437500	0.039216	0.014042	-5.305532	0.009147	0.085456	-0.029709	0.639309	1.403290	10.196137	1.000000	0.000000	0.000000	0.000000	
0.402077	0.258107	-1.395795	1.251809	-0.787668	-0.490088	-0.192632	1.179628	-1.329616	0.888211	0.413800	0.246791	-1.390846	1.348083	-0.829758	-0.493906	-0.184614	1.169867	-1.450443	0.974644	-0.076513	0.017539	-0.157896	-0.128144	0.149450	0.077873	-0.019308	0.054982	-0.038288	-0.279305	-0.050781	0.082031	0.023438	-0.574219	0.171875	-0.011719	-0.082031	0.070312	0.796875	-0.378906	0.039232	0.014221	-5.305527	0.009135	0.085270	-0.029737	0.639632	1.404720	10.196406	1.000000	0.000000	0.000000	0.000000	
0.401097	0.260247	-1.396924	1.250739	-0.783659	-0.489614	-0.192556	1.179805	-1.331692	0.882455	0.413301	0.246772	-1.392764	1.346505	-0.825839	-0.492886	-0.184616	1.170664	-1.449942	0.970197	-0.014631	-0.014531	-0.186782	-0.100055	0.234792	0.007787	-0.018216	0.103208	-0.063153	-0.286163	-0.042969	0.089844	0.039062	-0.578125	0.132812	0.000000	-0.074219	0.058594	0.804688	-0.378906	0.039235	0.014257	-5.305526	0.009134	0.085252	-0.029740	0.639665	1.404863	10.196433	1.000000	0.000000	0.000000	0.000000	
0.400460	0.262126	-1.398121	1.250665	-0.780702	-0.489130	-0.193375	1.180983	-1.334210	0.877567	0.412813	0.246792	-1.395014	1.345026	-0.822608	-0.492439	-0.184617	1.172181	-1.449696	0.965139	-0.022401	-0.018901	-0.098940	-0.135632	0.295671	0.000779	-0.004148	0.048707	-0.079598	-0.402007	-0.054688	0.109375	0.035156	-0.578125	0.125000	0.011719	-0.074219	0.050781	0.789062	-0.355469	0.039236	0.014264	-5.305526	0.009134	0.085250	-0.029740	0.639668	1.404878	10.196436	1.000000	0.000000	0.000000	0.000000	
0.400023	0.263868	-1.399050	1.249568	-0.776847	-0.489013	-0.193900	1.182141	-1.335543	0.870567	0.412546	0.246861	-1.396579	1.343446	-0.818884	-0.492180	-0.184625	1.172993	-1.449502	0.960105	-0.089481	0.000436	-0.086666	-0.104294	0.326186	-0.055756	-0.010884	0.039767	-0.000980	-0.434529	-0.054688	0.121094	0.035156	-0.582031	0.109375	0.011719	-0.074219	0.050781	0.792969	-0.367188	0.039236	0.014265	-5.305526	0.009134	0.085250	-0.029740	0.639668	1.404879	10.196436	1.000000	0.000000	0.000000	0.000000	
0.399780	0.265247	-1.399963	1.248399	-0.772258	-0.489216	-0.194448	1.182591	-1.335550	0.862176	0.412250	0.247181	-1.397691	1.342306	-0.812977	-0.491911	-0.184651	1.173664	-1.449221	0.955608	-0.050824	0.009349	-0.120335	-0.076732	0.266424	0.043279	0.003564	-0.013471	0.006881	-0.381947	-0.070312	0.121094	0.003906	-0.582031	0.121094	0.011719	-0.082031	0.058594	0.761719	-0.363281	0.039236	0.014266	-5.305526	0.009134	0.085250	-0.029740	0.639668	1.404879	10.196436	1.000000	0.000000	0.000000	0.000000	
0.399490	0.266145	-1.400906	1.246771	-0.768269	-0.489643	-0.194703	1.182696	-1.334319	0.854427	0.411973	0.247795	-1.398229	1.341254	-0.808888	-0.491760	-0.184680	1.174331	-1.449237	0.947148	-0.019041	0.003261	-0.057399	-0.060018	0.169717	0.011307	-0.000807	0.016101	0.004178	-0.390648	-0.074219	0.121094	0.007812	-0.578125	0.109375	0.019531	-0.074219	0.054688	0.757812	-0.363281	0.039236	0.014266	-5.305526	0.009134	0.085250	-0.029740	0.639668	1.404879	10.196436	1.000000	0.000000	0.000000	0.000000	
0.399291	0.266444	-1.401945	1.245463	-0.766137	-0.489975	-0.195257	1.183130	-1.333333	0.848947	0.411675	0.248450	-1.398797	1.340534	-0.805041	-0.491608	-0.184742	1.175337	-1.449216	0.941482	-0.001904	0.041039	-0.040636	-0.019960	0.174005	0.001131	-0.019855	0.046975	-0.062396	-0.461310	-0.074219	0.125000	0.000000	-0.582031	0.132812	0.019531	-0.085938	0.054688	0.746094	-0.386719	0.039236	0.014266	-5.305526	0.009134	0.085250	-0.029740	0.639668	1.404879	10.196436	1.000000	0.000000	0.000000	0.000000	
0.398945	0.267288	-1.402999	1.244405	-0.765163	-0.490039	-0.195877	1.184109	-1.333432	0.844762	0.411494	0.249099	-1.399128	1.339227	-0.801533	-0.491554	-0.184755	1.176096	-1.449212	0.935865	-0.049045	0.007593	-0.080836	-0.075278	0.279123	-0.034783	-0.015944	0.050063	-0.041136	-0.489314	-0.070312	0.136719	-0.007812	-0.582031	0.117188	0.007812	-0.093750	0.042969	0.750000	-0.386719	0.039236	0.014266	-5.305526	0.009134	0.085250	-0.029740	0.639668	1.404879	10.196436	1.000000	0.000000	0.000000	0.000000	
0.398687	0.268047	-1.404054	1.242831	-0.763966	-0.490308	-0.196445	1.185315	-1.333458	0.840094	0.411240	0.249422	-1.399655	1.338118	-0.796203	-0.491543	-0.184766	1.176829	-1.449211	0.930429	-0.060739	0.025187	-0.053449	-0.115706	0.170987	-0.031395	-0.008574	0.039903	-0.052968	-0.422322	-0.070312	0.140625	-0.003906	-0.574219	0.109375	0.011719	-0.093750	0.039062	0.761719	-0.386719	0.039236	0.014266	-5.305526	0.009134	0.085250	-0.029740	0.639668	1.404879	10.196436	1.000000	0.000000	0.000000	0.000000	
0.398438	0.268681	-1.405041	1.240983	-0.762645	-0.490800	-0.196621	1.186404	-1.332595	0.835888	0.410947	0.249834	-1.400560	1.336878	-0.792762	-0.491541	-0.184776	1.177630	-1.449235	0.922216	-0.058418	0.015314	-0.089096	-0.081363	0.216008	-0.024077	-0.012489	0.084252	-0.050662	-0.391196	-0.066406	0.148438	0.000000	-0.566406	0.093750	0.007812	-0.109375	0.039062	0.765625	-0.363281	0.039236	0.014266	-5.305526	0.009134	0.085250	-0.029740	0.639668	1.404879	10.196436	1.000000	0.000000	0.000000	0.000000	
0.398342	0.269585	-1.405989	1.239535	-0.760418	-0.491174	-0.197013	1.188195	-1.332633	0.830112	0.410573	0.250442	-1.402050	1.335685	-0.789893	-0.491540	-0.184778	1.179220	-1.449240	0.916624	-0.093083	0.034101	-0.043806	-0.137253	0.161186	-0.012877	0.001077	0.050301	0.005403	-0.440427	-0.070312	0.140625	-0.007812	-0.578125	0.101562	0.003906	-0.109375	0.027344	0.765625	-0.363281	0.039236	0.014266	-5.305526	0.009134	0.085250	-0.029740	0.639668	1.404879	10.196436	1.000000	0.000000	0.000000	0.000000	
0.398226	0.270201	-1.406924	1.237624	-0.759080	-0.491750	-0.197407	1.189125	-1.331687	0.824072	0.410087	0.251120	-1.402929	1.333701	-0.787598	-0.491540	-0.184778	1.180290	-1.449289	0.911701	-0.033736	0.033654	-0.056725	-0.128883	0.131276	0.012671	0.001271	0.025968	-0.090190	-0.393006	-0.058594	0.109375	0.000000	-0.562500	0.101562	0.007812	-0.109375	0.035156	0.765625	-0.363281	0.039236	0.014266	-5.305526	0.009134	0.085250	-0.029740	0.639668	1.404879	10.196436	1.000000	0.000000	0.000000	0.000000	
0.397714	0.270758	-1.408037	1.236187	-0.757961	-0.491733	-0.197289	1.190333	-1.330725	0.818830	0.409262	0.251967	-1.404147	1.332069	-0.783359	-0.491564	-0.184778	1.181230	-1.449275	0.906475	-0.101083	0.030119	-0.173175	-0.201328	0.219016	-0.054567	0.004780	0.047962	-0.022978	-0.367326	-0.054688	0.132812	0.019531	-0.566406	0.074219	0.003906	-0.125000	0.050781	0.777344	-0.382812	0.039236	0.014266	-5.305526	0.009134	0.085250	-0.029740	0.639668	1.404879	10.196436	1.000000	0.000000	0.000000	0.000000	
0.397493	0.271449	-1.409216	1.234784	-0.757044	-0.491990	-0.197713	1.191935	-1.330497	0.815088	0.408855	0.252855	-1.405409	1.330337	-0.780718	-0.491569	-0.184778	1.181903	-1.449248	0.902668	-0.031046	0.048377	-0.142944	-0.208573	0.182425	0.011991	0.002804	0.067610	0.050047	-0.284497	-0.066406	0.117188	0.019531	-0.550781	0.082031	-0.003906	-0.121094	0.058594	0.789062	-0.394531	0.039236	0.014266	-5.305526	0.009134	0.085250	-0.029740	0.639668	1.404879	10.196436	1.000000	0.000000	0.000000	0.000000	
0.397290	0.271821	-1.410720	1.233037	-0.756817	-0.492416	-0.197635	1.192707	-1.329396	0.812296	0.408604	0.253639	-1.407285	1.328464	-0.778348	-0.491619	-0.184786	1.183056	-1.449267	0.895945	-0.038001	0.058345	-0.091066	-0.108098	0.164807	-0.033697	-0.016005	0.055616	-0.012443	-0.300641	-0.066406	0.109375	0.023438	-0.550781	0.082031	0.000000	-0.125000	0.054688	0.777344	-0.402344	0.039236	0.014266	-5.305526	0.009134	0.085250	-0.029740	0.639668	1.404879	10.196436	1.000000	0.000000	0.000000	0.000000	
0.397014	0.272208	-1.412135	1.231954	-0.756857	-0.492620	-0.197858	1.193519	-1.328347	0.809003	0.408457	0.254498	-1.408460	1.325399	-0.776468	-0.491653	-0.184780	1.183916	-1.449246	0.891401	-0.049165	0.038404	-0.103327	-0.171333	0.086273	-0.017328	0.001889	0.054416	-0.036141	-0.351110	-0.070312	0.121094	0.023438	-0.531250	0.074219	0.007812	-0.125000	0.058594	0.789062	-0.378906	0.039236	0.014266	-5.305526	0.009134	0.085250	-0.029740	0.639668	1.404879	10.196436	1.000000	0.000000	0.000000	0.000000	
0.396864	0.272800	-1.413065	1.229792	-0.756469	-0.493491	-0.198043	1.194585	-1.327309	0.803485	0.408185	0.255300	-1.409470	1.323163	-0.773475	-0.491684	-0.184771	1.184573	-1.449242	0.887221	-0.004917	0.063164	-0.010333	-0.233491	0.071441	0.022695	-0.020749	0.078724	-0.010593	-0.303813	-0.054688	0.109375	0.019531	-0.527344	0.066406	0.003906	-0.121094	0.066406	0.796875	-0.386719	0.039236	0.014266	-5.305526	0.009134	0.085250	-0.029740	0.639668	1.404879	10.196436	1.000000	0.000000	0.000000	0.000000	
0.396540	0.273389	-1.413858	1.226851	-0.755429	-0.494183	-0.197564	1.195633	-1.326309	0.796172	0.407961	0.255687	-1.410617	1.320583	-0.771859	-0.491739	-0.184777	1.185092	-1.449241	0.883332	-0.035388	0.020275	-0.137129	-0.232727	0.094385	-0.025648	-0.000912	-0.020045	-0.025487	-0.323510	-0.066406	0.125000	0.011719	-0.511719	0.058594	-0.003906	-0.125000	0.066406	0.796875	-0.378906	0.039236	0.014266	-5.305526	0.009134	0.085250	-0.029740	0.639668	1.404879	10.196436	1.000000	0.000000	0.000000	0.000000	
0.396152	0.273996	-1.414820	1.224991	-0.753563	-0.494244	-0.197347	1.196914	-1.325362	0.787514	0.407795	0.256128	-1.413197	1.318128	-0.770493	-0.491895	-0.184770	1.185705	-1.449193	0.876713	-0.020987	0.028781	-0.104443	-0.250099	0.030376	-0.054909	0.011541	-0.026432	0.004431	-0.308032	-0.066406	0.132812	0.042969	-0.500000	0.054688	-0.003906	-0.132812	0.066406	0.808594	-0.371094	0.039236	0.014266	-5.305526	0.009134	0.085250	-0.029740	0.639668	1.404879	10.196436	1.000000	0.000000	0.000000	0.000000	
0.393290	0.271274	-1.421089	1.227201	-0.783770	-0.493426	-0.199633	1.201541	-1.334484	0.834270	0.407592	0.256701	-1.414489	1.313808	-0.769324	-0.491950	-0.184777	1.187160	-1.449159	0.872021	-0.040485	0.031958	-0.122113	-0.272774	0.072830	-0.022939	-0.016294	0.046212	-0.034453	-0.327422	-0.066406	0.121094	0.035156	-0.503906	0.066406	-0.003906	-0.125000	0.050781	0.812500	-0.378906	0.030513	-0.057139	-5.297612	-0.041999	-0.302720	-0.035013	0.104858	-0.742972	9.753091	1.000000	0.000000	0.000000	0.000000	
0.391261	0.269005	-1.428517	1.230774	-0.821763	-0.493680	-0.202913	1.205372	-1.341304	0.891661	0.407431	0.257348	-1.415692	1.311660	-0.766909	-0.491962	-0.184786	1.188299	-1.448764	0.867157	-0.014517	0.034603	-0.106431	-0.194780	0.118951	0.022134	-0.017914	0.039517	0.111713	-0.399154	-0.066406	0.105469	0.039062	-0.531250	0.042969	-0.007812	-0.136719	0.058594	0.765625	-0.386719	0.028768	-0.071420	-5.296029	-0.047112	-0.341517	-0.035541	0.051377	-0.957757	9.708756	1.000000	0.000000	0.000000	0.000000	
0.391491	0.266769	-1.434394	1.231962	-0.859188	-0.495635	-0.205803	1.206002	-1.349916	0.948441	0.406768	0.257849	-1.417338	1.310164	-0.767904	-0.491988	-0.184780	1.189230	-1.448370	0.867541	-0.036348	0.029051	-0.111842	-0.145105	-0.263786	-0.036173	0.001698	-0.051882	-0.020235	0.099670	-0.074219	0.105469	0.003906	-0.484375	-0.019531	-0.003906	-0.136719	0.109375	0.742188	-0.289062	0.028420	-0.074277	-5.295712	-0.047624	-0.345396	-0.035594	0.046029	-0.979236	9.704324	1.000000	0.000000	0.000000	0.000000	
0.393970	0.263030	-1.435897	1.230252	-0.882605	-0.500020	-0.205674	1.203798	-1.357517	0.985767	0.405569	0.258055	-1.419655	1.308871	-0.773846	-0.492114	-0.184932	1.189973	-1.448098	0.875760	-0.090876	-0.005237	-0.140301	-0.101751	-0.651023	-0.083879	-0.014952	-0.019147	0.067769	0.711383	-0.058594	0.101562	-0.023438	-0.464844	-0.089844	-0.003906	-0.167969	0.136719	0.675781	-0.199219	0.028350	-0.074848	-5.295649	-0.047675	-0.345784	-0.035599	0.045494	-0.981383	9.703880	1.000000	0.000000	0.000000	0.000000	
0.397761	0.259374	-1.434199	1.228869	-0.897952	-0.505426	-0.204693	1.200096	-1.363525	1.006880	0.404724	0.258063	-1.421403	1.306529	-0.783662	-0.492600	-0.185205	1.189516	-1.447655	0.889836	-0.152163	0.004129	-0.080333	-0.045071	-0.979386	-0.140994	-0.025923	-0.057749	0.083549	1.268082	-0.050781	0.089844	-0.093750	-0.449219	-0.171875	0.007812	-0.183594	0.187500	0.609375	-0.054688	0.028336	-0.074962	-5.295637	-0.047680	-0.345823	-0.035599	0.045440	-0.981598	9.703835	1.000000	0.000000	0.000000	0.000000	
0.401383	0.255314	-1.432072	1.230788	-0.910797	-0.510049	-0.204134	1.196207	-1.367445	1.019292	0.403707	0.257758	-1.422746	1.304873	-0.801304	-0.493521	-0.185453	1.188795	-1.446888	0.906683	-0.029175	-0.058911	-0.147619	-0.144092	-0.834251	-0.024568	-0.021204	-0.065099	-0.023052	1.100416	-0.042969	0.054688	-0.085938	-0.445312	-0.246094	-0.023438	-0.183594	0.156250	0.582031	0.109375	0.028333	-0.074985	-5.295634	-0.047680	-0.345827	-0.035599	0.045435	-0.981620	9.703832	1.000000	0.000000	0.000000	0.000000	
0.403881	0.251875	-1.429018	1.233114	-0.922967	-0.513700	-0.203545	1.193028	-1.370975	1.027538	0.403479	0.257463	-1.423741	1.304372	-0.812466	-0.494554	-0.185568	1.187827	-1.446444	0.922169	-0.044793	-0.046603	-0.074086	-0.063264	-0.795310	-0.037353	0.000206	-0.097240	-0.009284	1.160421	-0.035156	0.058594	-0.074219	-0.492188	-0.269531	-0.042969	-0.175781	0.152344	0.531250	0.140625	0.028332	-0.074989	-5.295633	-0.047680	-0.345827	-0.035599	0.045434	-0.981622	9.703831	1.000000	0.000000	0.000000	0.000000	
0.405602	0.248592	-1.426458	1.237847	-0.934118	-0.516313	-0.202541	1.191384	-1.374567	1.036637	0.403651	0.256652	-1.424280	1.304054	-0.823083	-0.496044	-0.185631	1.186542	-1.446113	0.943780	-0.028907	-0.073290	-0.087670	-0.086588	-0.864698	-0.090976	-0.020917	-0.044620	-0.035825	0.848865	-0.011719	0.039062	-0.070312	-0.468750	-0.265625	-0.085938	-0.167969	0.132812	0.503906	0.187500	0.028332	-0.074990	-5.295633	-0.047680	-0.345827	-0.035599	0.045434	-0.981622	9.703831	1.000000	0.000000	0.000000	0.000000	
0.407376	0.245556	-1.423324	1.241790	-0.941626	-0.518986	-0.201179	1.191055	-1.378116	1.043073	0.403734	0.255521	-1.423830	1.302754	-0.834149	-0.496924	-0.185684	1.183886	-1.445926	0.956075	-0.044766	-0.050368	0.019150	-0.141265	-0.868148	-0.106807	-0.021866	-0.227799	0.020845	0.744427	0.003906	0.023438	-0.074219	-0.421875	-0.269531	-0.074219	-0.167969	0.136719	0.492188	0.207031	0.028332	-0.074991	-5.295633	-0.047680	-0.345827	-0.035599	0.045434	-0.981622	9.703831	1.000000	0.000000	0.000000	0.000000	
0.409142	0.243476	-1.420223	1.245500	-0.946408	-0.521824	-0.199482	1.190123	-1.379181	1.047659	0.403969	0.254285	-1.422892	1.302034	-0.851411	-0.498772	-0.185678	1.181732	-1.445597	0.965562	0.026930	-0.051565	0.078687	-0.049023	-0.711459	-0.195631	-0.006839	-0.186793	-0.039791	0.688618	0.000000	0.019531	-0.054688	-0.398438	-0.269531	-0.050781	-0.156250	0.148438	0.453125	0.230469	0.028332	-0.074991	-5.295633	-0.047680	-0.345827	-0.035599	0.045434	-0.981622	9.703831	1.000000	0.000000	0.000000	0.000000	
0.411128	0.241631	-1.417115	1.249555	-0.950690	-0.524653	-0.198492	1.189726	-1.380038	1.052048	0.404452	0.252891	-1.421517	1.301817	-0.861698	-0.501129	-0.185677	1.180016	-1.445532	0.973978	-0.004286	-0.076112	0.143964	-0.036309	-0.706259	-0.148680	-0.008826	-0.175713	-0.000489	0.581838	0.011719	0.007812	-0.054688	-0.398438	-0.296875	-0.082031	-0.140625	0.156250	0.449219	0.234375	0.028332	-0.074991	-5.295633	-0.047680	-0.345827	-0.035599	0.045434	-0.981622	9.703831	1.000000	0.000000	0.000000	0.000000	
0.412863	0.240076	-1.414035	1.253119	-0.955523	-0.527281	-0.197848	1.189855	-1.380720	1.057691	0.404694	0.251392	-1.418309	1.301992	-0.870104	-0.503054	-0.185637	1.178098	-1.445518	0.986518	-0.063242	-0.098342	0.140023	-0.038527	-0.621988	-0.178881	-0.012515	-0.209501	-0.007028	0.497878	0.023438	0.023438	-0.082031	-0.367188	-0.285156	-0.074219	-0.136719	0.183594	0.437500	0.222656	0.028332	-0.074991	-5.295633	-0.047680	-0.345827	-0.035599	0.045434	-0.981622	9.703831	1.000000	0.000000	0.000000	0.000000	
0.414246	0.238469	-1.411415	1.256591	-0.961749	-0.529691	-0.197337	1.189972	-1.380404	1.065843	0.404961	0.249574	-1.416044	1.302826	-0.878038	-0.505136	-0.185580	1.174976	-1.445589	0.993412	0.059979	-0.116850	0.108222	0.027554	-0.592623	-0.160963	-0.005904	-0.184963	-0.028620	0.440627	0.035156	0.042969	-0.066406	-0.367188	-0.265625	-0.082031	-0.132812	0.203125	0.429688	0.238281	0.028332	-0.074991	-5.295633	-0.047680	-0.345827	-0.035599	0.045434	-0.981622	9.703831	1.000000	0.000000	0.000000	0.000000	
0.415346	0.237435	-1.408662	1.258691	-0.968779	-0.532363	-0.196679	1.190832	-1.380237	1.075624	0.405475	0.247845	-1.413628	1.303817	-0.889730	-0.507467	-0.185536	1.173116	-1.445603	0.999081	0.005998	-0.114048	0.174835	0.083017	-0.551301	-0.162661	-0.006406	-0.133654	0.028545	0.393026	0.027344	0.023438	-0.050781	-0.351562	-0.253906	-0.070312	-0.117188	0.203125	0.429688	0.246094	0.028332	-0.074991	-5.295633	-0.047680	-0.345827	-0.035599	0.045434	-0.981622	9.703831	1.000000	0.000000	0.000000	0.000000	
0.416585	0.236250	-1.406125	1.261049	-0.976132	-0.534939	-0.196281	1.191394	-1.379483	1.085045	0.406232	0.246837	-1.411255	1.304839	-0.896842	-0.509702	-0.185495	1.171944	-1.445654	1.005061	0.035496	-0.116094	0.205924	0.064136	-0.505293	-0.117465	0.001686	-0.111075	-0.021573	0.461548	0.023438	0.023438	-0.074219	-0.347656	-0.253906	-0.093750	-0.117188	0.214844	0.433594	0.234375	0.028332	-0.074991	-5.295633	-0.047680	-0.345827	-0.035599	0.045434	-0.981622	9.703831	1.000000	0.000000	0.000000	0.000000	
0.417723	0.235233	-1.403222	1.262697	-0.982954	-0.537506	-0.195869	1.192350	-1.378952	1.093430	0.407231	0.245650	-1.406782	1.305964	-0.902796	-0.511676	-0.185447	1.171079	-1.445640	1.014836	0.034956	-0.088381	0.156688	0.062248	-0.483244	-0.109456	0.001332	-0.091369	0.008312	0.478869	0.023438	-0.003906	-0.085938	-0.335938	-0.269531	-0.093750	-0.109375	0.218750	0.433594	0.230469	0.028332	-0.074991	-5.295633	-0.047680	-0.345827	-0.035599	0.045434	-0.981622	9.703831	1.000000	0.000000	0.000000	0.000000	
0.418970	0.233912	-1.400231	1.264976	-0.988161	-0.539668	-0.195917	1.193887	-1.378599	1.101557	0.408231	0.244847	-1.403973	1.308128	-0.909125	-0.512846	-0.185421	1.169549	-1.445661	1.021662	0.083757	-0.053040	0.148275	0.062059	-0.508956	-0.115635	-0.017315	-0.106847	-0.016617	0.456174	0.039062	-0.039062	-0.093750	-0.347656	-0.253906	-0.105469	-0.105469	0.238281	0.437500	0.234375	0.028332	-0.074991	-5.295633	-0.047680	-0.345827	-0.035599	0.045434	-0.981622	9.703831	1.000000	0.000000	0.000000	0.000000	
0.423621	0.236440	-1.393420	1.270593	-0.959931	-0.542027	-0.199913	1.195240	-1.380381	1.083318	0.409109	0.244072	-1.401327	1.309409	-0.919042	-0.514679	-0.185375	1.168953	-1.445617	1.029134	0.018845	-0.057649	0.143944	0.034123	-0.431266	-0.193024	-0.007548	-0.017664	0.040214	0.544635	0.035156	-0.035156	-0.074219	-0.328125	-0.269531	-0.101562	-0.101562	0.238281	0.437500	0.218750	0.032120	-0.113736	-5.301539	0.094932	0.104699	0.028316	0.512452	-1.973766	9.546723	1.000000	0.000000	0.000000	0.000000	
0.428759	0.234673	-1.388482	1.274912	-0.942043	-0.543631	-0.203696	1.198365	-1.382665	1.069646	0.409745	0.243425	-1.399174	1.310611	-0.925314	-0.516888	-0.185350	1.168736	-1.445560	1.036032	-0.005095	-0.063925	0.143511	0.090653	-0.489800	-0.137950	-0.000755	-0.040152	-0.027385	0.511605	0.054688	-0.050781	-0.109375	-0.332031	-0.257812	-0.105469	-0.101562	0.250000	0.445312	0.199219	0.032878	-0.121485	-5.302721	0.109193	0.149752	0.034708	0.559154	-2.072980	9.531013	1.000000	0.000000	0.000000	0.000000	
0.431453	0.231114	-1.386602	1.281689	-0.939708	-0.543163	-0.207194	1.201386	-1.377918	1.070027	0.411133	0.242883	-1.394915	1.312329	-0.927659	-0.518929	-0.185426	1.168766	-1.445645	1.044609	0.177462	-0.026167	0.126019	0.200995	-0.097835	-0.142911	0.006904	-0.000526	-0.055083	0.169808	0.066406	-0.039062	-0.050781	-0.335938	-0.199219	-0.105469	-0.125000	0.257812	0.445312	0.207031	0.033030	-0.123035	-5.302957	0.110619	0.154257	0.035347	0.563824	-2.082901	9.529442	1.000000	0.000000	0.000000	0.000000	
0.432395	0.228560	-1.384959	1.285507	-0.943235	-0.542595	-0.210043	1.205202	-1.375719	1.085809	0.412307	0.242339	-1.392802	1.314902	-0.926650	-0.520840	-0.185659	1.170153	-1.445735	1.045888	0.059622	-0.035187	0.106822	0.121299	0.168188	-0.094553	-0.022574	0.059271	-0.120666	-0.017916	0.066406	-0.042969	0.000000	-0.316406	-0.167969	-0.109375	-0.156250	0.253906	0.421875	0.167969	0.033060	-0.123344	-5.303004	0.110762	0.154708	0.035411	0.564291	-2.083894	9.529284	1.000000	0.000000	0.000000	0.000000	
0.432602	0.226832	-1.382463	1.285956	-0.946179	-0.542780	-0.211301	1.208627	-1.373729	1.101100	0.414456	0.241301	-1.390223	1.317525	-0.923880	-0.522385	-0.186198	1.171303	-1.445753	1.046144	0.128099	-0.076801	0.202612	0.238956	0.044736	-0.082738	-0.038317	0.054782	-0.012067	-0.005281	0.054688	-0.035156	-0.050781	-0.304688	-0.156250	-0.101562	-0.152344	0.285156	0.449219	0.148438	0.033066	-0.123406	-5.303013	0.110776	0.154753	0.035418	0.564338	-2.083993	9.529269	1.000000	0.000000	0.000000	0.000000	
0.432831	0.226252	-1.379126	1.284576	-0.945496	-0.543325	-0.210551	1.210087	-1.372083	1.109213	0.416922	0.240487	-1.387017	1.320303	-0.922405	-0.524051	-0.187017	1.172090	-1.445757	1.048013	0.082603	-0.107716	0.261046	0.208846	-0.009485	-0.095515	-0.051523	0.036885	-0.029124	0.205360	0.058594	-0.007812	-0.085938	-0.300781	-0.148438	-0.089844	-0.152344	0.316406	0.464844	0.167969	0.033067	-0.123419	-5.303015	0.110778	0.154758	0.035418	0.564342	-2.084003	9.529267	1.000000	0.000000	0.000000	0.000000	
0.433129	0.225376	-1.375412	1.283411	-0.943180	-0.543751	-0.209196	1.211156	-1.371403	1.112663	0.418481	0.239081	-1.381069	1.322846	-0.922400	-0.525693	-0.188215	1.172684	-1.445612	1.054954	0.050136	-0.108481	0.183138	0.212814	-0.046314	-0.096792	-0.073782	0.010668	-0.006402	0.439292	0.070312	-0.011719	-0.101562	-0.328125	-0.132812	-0.070312	-0.152344	0.335938	0.460938	0.152344	0.033067	-0.123421	-5.303016	0.110778	0.154758	0.035418	0.564343	-2.084004	9.529267	1.000000	0.000000	0.000000	0.000000	
0.433362	0.224312	-1.371427	1.284470	-0.941902	-0.543686	-0.208811	1.213701	-1.371213	1.117327	0.419205	0.237394	-1.377626	1.328129	-0.923369	-0.526772	-0.189505	1.173360	-1.445462	1.061940	-0.015924	-0.110884	0.192795	0.279514	-0.116300	-0.156244	-0.107414	0.028984	0.048215	0.515030	0.085938	-0.003906	-0.074219	-0.367188	-0.101562	-0.066406	-0.105469	0.347656	0.476562	0.121094	0.033068	-0.123422	-5.303016	0.110778	0.154758	0.035418	0.564343	-2.084004	9.529267	1.000000	0.000000	0.000000	0.000000	
0.433573	0.222918	-1.367482	1.287718	-0.943607	-0.543399	-0.209750	1.217146	-1.369668	1.127286	0.419640	0.235804	-1.374780	1.331609	-0.927852	-0.528661	-0.190740	1.174125	-1.444899	1.068838	0.008876	-0.094840	0.253085	0.289674	-0.311738	-0.151720	-0.072392	0.048264	0.029249	0.491197	0.085938	-0.007812	-0.082031	-0.417969	-0.011719	-0.054688	-0.109375	0.347656	0.480469	0.101562	0.033068	-0.123422	-5.303016	0.110778	0.154758	0.035418	0.564343	-2.084004	9.529267	1.000000	0.000000	0.000000	0.000000	
0.433639	0.221637	-1.363194	1.290453	-0.947605	-0.543555	-0.210304	1.220709	-1.367172	1.143088	0.419994	0.234372	-1.372248	1.335431	-0.930760	-0.530298	-0.191803	1.175538	-1.444568	1.075477	0.000888	-0.090909	0.203280	0.252304	-0.317324	-0.137309	-0.070053	0.116495	0.020373	0.485324	0.085938	-0.019531	-0.054688	-0.445312	0.011719	-0.050781	-0.121094	0.332031	0.476562	0.093750	0.033068	-0.123422	-5.303016	0.110778	0.154758	0.035418	0.564343	-2.084004	9.529267	1.000000	0.000000	0.000000	0.000000	
0.434218	0.219770	-1.358243	1.293266	-0.951936	-0.543680	-0.211107	1.225416	-1.366268	1.162905	0.420162	0.232987	-1.368979	1.339685	-0.934056	-0.531668	-0.192355	1.177469	-1.444017	1.086789	-0.041787	-0.094005	0.079652	0.328828	-0.282986	-0.041648	-0.067492	0.137276	0.099747	0.554529	0.089844	-0.007812	-0.027344	-0.453125	0.027344	-0.042969	-0.117188	0.335938	0.468750	0.066406	0.033068	-0.123422	-5.303016	0.110778	0.154758	0.035418	0.564343	-2.084004	9.529267	1.000000	0.000000	0.000000	0.000000	
0.434951	0.217783	-1.353716	1.297837	-0.955871	-0.542909	-0.211721	1.229519	-1.366811	1.184121	0.420220	0.231409	-1.366532	1.348266	-0.937986	-0.532596	-0.193184	1.180739	-1.442841	1.095521	-0.021627	-0.115253	0.091716	0.353929	-0.384241	-0.042551	-0.069563	0.076541	0.111174	0.690566	0.089844	0.007812	-0.011719	-0.527344	0.066406	-0.050781	-0.121094	0.355469	0.460938	0.074219	0.033068	-0.123422	-5.303016	0.110778	0.154758	0.035418	0.564343	-2.084004	9.529267	1.000000	0.000000	0.000000	0.000000	
0.435144	0.216608	-1.349298	1.301946	-0.961318	-0.541325	-0.211352	1.231270	-1.369696	1.201878	0.420328	0.229753	-1.364395	1.354029	-0.945146	-0.532951	-0.194125	1.182944	-1.439746	1.105410	0.039713	-0.120867	0.162715	0.461128	-0.324574	-0.032172	-0.069770	0.126302	0.199558	0.815838	0.089844	0.007812	0.000000	-0.550781	0.070312	-0.070312	-0.105469	0.367188	0.410156	0.089844	0.033068	-0.123422	-5.303016	0.110778	0.154758	0.035418	0.564343	-2.084004	9.529267	1.000000	0.000000	0.000000	0.000000	
0.434688	0.216230	-1.345347	1.304902	-0.970102	-0.538908	-0.210294	1.229899	-1.376073	1.214481	0.420592	0.228670	-1.361714	1.359617	-0.949728	-0.532950	-0.194839	1.184863	-1.437358	1.116645	-0.016967	-0.138877	0.166326	0.422993	-0.350014	-0.038114	-0.054669	0.089402	0.128134	1.041233	0.082031	0.007812	0.011719	-0.562500	0.066406	-0.066406	-0.117188	0.414062	0.410156	0.101562	0.033068	-0.123422	-5.303016	0.110778	0.154758	0.035418	0.564343	-2.084004	9.529267	1.000000	0.000000	0.000000	0.000000	
0.433744	0.216350	-1.343533	1.307327	-0.983317	-0.535820	-0.208861	1.225452	-1.384398	1.217248	0.421081	0.227218	-1.357591	1.365218	-0.954110	-0.532925	-0.195571	1.186240	-1.435257	1.135662	-0.022634	-0.099965	0.149239	0.443607	-0.439799	-0.010791	-0.040363	0.068264	0.211723	0.816008	0.082031	-0.007812	0.019531	-0.562500	0.082031	-0.054688	-0.109375	0.410156	0.367188	0.132812	0.033068	-0.123422	-5.303016	0.110778	0.154758	0.035418	0.564343	-2.084004	9.529267	1.000000	0.000000	0.000000	0.000000	
0.432780	0.217785	-1.345033	1.308628	-1.001915	-0.532876	-0.205782	1.216607	-1.394207	1.207689	0.421567	0.225982	-1.354319	1.373777	-0.959106	-0.532726	-0.196202	1.187485	-1.433843	1.148117	-0.019712	-0.084442	0.217323	0.344469	-0.424350	0.058245	-0.042422	-0.049008	0.104923	0.817913	0.074219	-0.019531	-0.003906	-0.578125	0.058594	-0.050781	-0.085938	0.414062	0.355469	0.136719	0.033068	-0.123422	-5.303016	0.110778	0.154758	0.035418	0.564343	-2.084004	9.529267	1.000000	0.000000	0.000000	0.000000	
0.434893	0.222935	-1.350122	1.307477	-0.965948	-0.530459	-0.202980	1.199162	-1.408209	1.137208	0.422148	0.225000	-1.351386	1.378882	-0.968854	-0.532275	-0.196773	1.187492	-1.432300	1.157660	0.029436	-0.057299	0.241579	0.285700	-0.513535	0.002335	-0.019364	-0.032818	0.038409	0.654091	0.070312	-0.019531	-0.003906	-0.585938	0.089844	-0.027344	-0.070312	0.371094	0.304688	0.148438	0.039050	-0.048366	-5.321495	0.019937	0.566216	-0.214013	0.867797	-0.736755	9.955394	1.000000	0.000000	0.000000	0.000000	
0.435568	0.229807	-1.345902	1.305114	-0.921873	-0.530526	-0.203184	1.193838	-1.417887	1.064566	0.422628	0.224222	-1.349346	1.383417	-0.977055	-0.531554	-0.196959	1.186282	-1.432379	1.164633	0.006433	-0.048769	0.184681	0.227479	-0.606205	0.010702	-0.005426	-0.181253	-0.020586	0.470207	0.058594	-0.027344	-0.019531	-0.585938	0.054688	-0.011719	-0.070312	0.339844	0.269531	0.132812	0.040247	-0.033355	-5.325191	0.010853	0.607362	-0.238957	0.898142	-0.602030	9.998006	1.000000	0.000000	0.000000	0.000000	
0.438068	0.232544	-1.339617	1.302516	-0.889034	-0.531331	-0.205418	1.193580	-1.404629	1.010140	0.422918	0.224018	-1.345400	1.387450	-0.980295	-0.530368	-0.197005	1.182792	-1.434649	1.166391	-0.030763	-0.006040	0.095240	0.333325	-0.109475	0.109249	0.005273	-0.293806	-0.309146	-0.448507	0.082031	-0.011719	-0.089844	-0.660156	0.109375	-0.035156	-0.050781	0.265625	0.296875	-0.027344	0.040486	-0.030353	-5.325930	0.009945	0.611477	-0.241451	0.901177	-0.588557	10.002268	1.000000	0.000000	0.000000	0.000000	
0.442118	0.231851	-1.335311	1.299960	-0.876378	-0.531473	-0.209566	1.194839	-1.385144	0.985348	0.423025	0.224187	-1.342745	1.396036	-0.977139	-0.528822	-0.197111	1.179404	-1.439368	1.153221	0.000413	-0.008746	0.138640	0.406723	0.331036	0.084207	-0.020410	-0.172456	-0.526443	-1.276691	0.085938	0.042969	-0.082031	-0.742188	0.246094	-0.039062	-0.039062	0.187500	0.320312	-0.109375	0.040534	-0.029752	-5.326077	0.009854	0.611888	-0.241700	0.901480	-0.587210	10.002693	1.000000	0.000000	0.000000	0.000000	
0.444325	0.231144	-1.333856	1.299615	-0.881368	-0.530045	-0.212524	1.197839	-1.365498	0.987865	0.423409	0.224463	-1.340081	1.401339	-0.970328	-0.527108	-0.197552	1.178145	-1.451507	1.133841	0.062855	-0.009017	0.205794	0.407084	0.406494	0.134048	-0.039264	-0.041673	-0.642392	-1.547950	0.089844	0.054688	-0.070312	-0.808594	0.371094	-0.058594	-0.023438	0.164062	0.511719	-0.269531	0.040543	-0.029632	-5.326107	0.009845	0.611929	-0.241725	0.901511	-0.587075	10.002736	1.000000	0.000000	0.000000	0.000000	
0.445181	0.231643	-1.334808	1.299854	-0.885828	-0.528134	-0.210575	1.201168	-1.350123	0.996771	0.424116	0.224615	-1.337610	1.406350	-0.964240	-0.525044	-0.198448	1.178039	-1.456674	1.116831	0.041182	0.000261	0.121779	0.431547	0.424509	0.044811	-0.046965	0.009791	-0.263148	-1.327312	0.105469	0.058594	-0.027344	-0.828125	0.429688	-0.074219	-0.050781	0.148438	0.535156	-0.433594	0.040545	-0.029608	-5.326113	0.009844	0.611934	-0.241728	0.901514	-0.587062	10.002740	1.000000	0.000000	0.000000	0.000000	
0.445572	0.234103	-1.337428	1.299937	-0.878811	-0.526288	-0.205673	1.201717	-1.339717	0.996176	0.424888	0.224832	-1.335225	1.410066	-0.959412	-0.523977	-0.199500	1.179593	-1.457828	1.096368	0.059952	0.016311	0.057543	0.109458	0.318132	0.028909	-0.046572	0.144054	-0.054232	-0.666645	0.105469	0.039062	0.003906	-0.777344	0.402344	-0.039062	-0.074219	0.117188	0.597656	-0.480469	0.040546	-0.029603	-5.326114	0.009844	0.611934	-0.241728	0.901514	-0.587060	10.002741	1.000000	0.000000	0.000000	0.000000	
0.444928	0.237678	-1.339354	1.298148	-0.866436	-0.524630	-0.200872	1.202877	-1.336937	0.982722	0.425866	0.225174	-1.334772	1.410276	-0.956531	-0.523570	-0.199920	1.182836	-1.456993	1.088277	0.037402	0.019079	-0.001225	-0.142598	0.181867	-0.038985	-0.030248	0.143522	0.155100	-0.401669	0.101562	0.035156	0.003906	-0.683594	0.414062	-0.027344	-0.089844	0.125000	0.660156	-0.464844	0.040546	-0.029602	-5.326114	0.009844	0.611934	-0.241728	0.901514	-0.587060	10.002741	1.000000	0.000000	0.000000	0.000000	
0.443646	0.241517	-1.340507	1.295444	-0.853584	-0.522346	-0.199216	1.204690	-1.337405	0.960667	0.427443	0.225711	-1.334900	1.408913	-0.951933	-0.523246	-0.199722	1.184211	-1.453506	1.083533	0.077022	0.027499	-0.031529	-0.146866	0.279909	0.062405	0.038851	0.063207	0.130668	-0.319338	0.082031	0.050781	-0.011719	-0.667969	0.378906	-0.027344	-0.039062	0.156250	0.707031	-0.480469	0.040546	-0.029602	-5.326114	0.009844	0.611934	-0.241728	0.901514	-0.587060	10.002741	1.000000	0.000000	0.000000	0.000000	
0.442695	0.243926	-1.342232	1.293361	-0.845733	-0.519361	-0.199391	1.205914	-1.334948	0.939478	0.428994	0.226610	-1.335119	1.407356	-0.947232	-0.522018	-0.199528	1.184923	-1.451306	1.079603	0.070516	0.067890	-0.024091	-0.185679	0.429299	0.149315	0.020170	0.023769	0.149162	-0.422773	0.070312	0.042969	-0.035156	-0.683594	0.394531	-0.054688	-0.023438	0.167969	0.695312	-0.519531	0.040546	-0.029602	-5.326114	0.009844	0.611934	-0.241728	0.901514	-0.587060	10.002741	1.000000	0.000000	0.000000	0.000000	
0.441749	0.244284	-1.344083	1.291091	-0.844130	-0.515986	-0.200064	1.207173	-1.329786	0.925847	0.430153	0.227727	-1.335624	1.406051	-0.941930	-0.520197	-0.199207	1.185307	-1.449751	1.071620	0.041948	0.068439	-0.016368	-0.088361	0.444238	0.070766	0.008996	0.019825	0.028875	-0.555253	0.066406	0.066406	-0.023438	-0.699219	0.421875	-0.050781	-0.019531	0.187500	0.722656	-0.535156	0.040546	-0.029602	-5.326114	0.009844	0.611934	-0.241728	0.901514	-0.587060	10.002741	1.000000	0.000000	0.000000	0.000000	
0.441439	0.242821	-1.347361	1.290814	-0.846723	-0.512348	-0.201616	1.208797	-1.321921	0.921488	0.431063	0.228879	-1.336573	1.403585	-0.935781	-0.518137	-0.198876	1.186038	-1.448858	1.062899	0.014664	0.077800	-0.109815	-0.137952	0.498076	0.041973	0.019511	0.047348	-0.063416	-0.753452	0.054688	0.070312	-0.019531	-0.664062	0.402344	-0.050781	-0.023438	0.175781	0.757812	-0.542969	0.040546	-0.029602	-5.326114	0.009844	0.611934	-0.241728	0.901514	-0.587060	10.002741	1.000000	0.000000	0.000000	0.000000	
0.441089	0.241445	-1.351497	1.290053	-0.848477	-0.508514	-0.203046	1.210998	-1.312321	0.916814	0.431609	0.230046	-1.338023	1.401298	-0.925366	-0.516271	-0.198390	1.187178	-1.448147	1.052939	0.029383	0.077573	-0.087753	-0.195256	0.468564	0.049563	0.032195	0.046610	0.039024	-0.888430	0.054688	0.058594	-0.011719	-0.656250	0.367188	-0.019531	-0.042969	0.164062	0.761719	-0.542969	0.040546	-0.029602	-5.326114	0.009844	0.611934	-0.241728	0.901514	-0.587060	10.002741	1.000000	0.000000	0.000000	0.000000	
0.440164	0.241392	-1.355229	1.287586	-0.846568	-0.505162	-0.202622	1.211711	-1.303901	0.906852	0.432227	0.230724	-1.339185	1.398732	-0.919430	-0.514371	-0.198010	1.188570	-1.446405	1.042780	0.006428	0.060102	-0.148361	-0.277758	0.305089	0.057301	0.013688	0.036068	0.094633	-0.661143	0.042969	0.058594	-0.023438	-0.640625	0.339844	-0.027344	-0.050781	0.171875	0.750000	-0.546875	0.040546	-0.029602	-5.326114	0.009844	0.611934	-0.241728	0.901514	-0.587060	10.002741	1.000000	0.000000	0.000000	0.000000	
0.438844	0.242569	-1.359157	1.284236	-0.840196	-0.501808	-0.201944	1.212372	-1.296573	0.888927	0.432811	0.231247	-1.342713	1.395844	-0.915093	-0.512100	-0.197821	1.190108	-1.443415	1.030159	0.007622	0.043233	-0.150932	-0.376739	0.239887	0.131357	-0.009100	0.090848	0.229310	-0.498829	0.039062	0.074219	-0.027344	-0.597656	0.332031	0.000000	-0.058594	0.164062	0.789062	-0.562500	0.040546	-0.029602	-5.326114	0.009844	0.611934	-0.241728	0.901514	-0.587060	10.002741	1.000000	0.000000	0.000000	0.000000	
0.437846	0.243761	-1.362563	1.280614	-0.835837	-0.498578	-0.202533	1.213291	-1.291935	0.870653	0.433315	0.231780	-1.345333	1.390275	-0.911148	-0.510629	-0.197508	1.191797	-1.440394	1.021988	-0.055072	0.028751	-0.241919	-0.243562	0.341545	0.170169	0.032823	0.138201	0.207882	-0.562859	0.035156	0.058594	-0.023438	-0.578125	0.316406	-0.019531	-0.070312	0.140625	0.839844	-0.562500	0.040546	-0.029602	-5.326114	0.009844	0.611934	-0.241728	0.901514	-0.587060	10.002741	1.000000	0.000000	0.000000	0.000000	
0.436964	0.243780	-1.367067	1.279469	-0.835847	-0.494494	-0.204325	1.214749	-1.286876	0.858500	0.433586	0.232371	-1.347893	1.386374	-0.903840	-0.508274	-0.197010	1.194631	-1.438287	1.013011	-0.012486	0.037771	-0.219611	-0.300037	0.365670	0.093789	0.021894	0.118509	0.038236	-0.708847	0.035156	0.058594	-0.023438	-0.582031	0.281250	0.000000	-0.074219	0.125000	0.859375	-0.578125	0.040546	-0.029602	-5.326114	0.009844	0.611934	-0.241728	0.901514	-0.587060	10.002741	1.000000	0.000000	0.000000	0.000000	
0.436387	0.242359	-1.371645	1.278003	-0.838298	-0.490756	-0.206167	1.217244	-1.280907	0.850729	0.433664	0.233233	-1.351071	1.382734	-0.898889	-0.505332	-0.196692	1.196724	-1.435394	1.003703	0.026668	0.045653	-0.213891	-0.309174	0.312248	0.141985	0.010332	0.137478	0.129450	-0.897928	0.023438	0.039062	-0.023438	-0.578125	0.289062	-0.007812	-0.074219	0.105469	0.894531	-0.582031	0.040546	-0.029602	-5.326114	0.009844	0.611934	-0.241728	0.901514	-0.587060	10.002741	1.000000	0.000000	0.000000	0.000000	
0.436065	0.240879	-1.376614	1.274864	-0.839291	-0.487476	-0.206762	1.218506	-1.274298	0.843067	0.433704	0.233963	-1.357134	1.379292	-0.894724	-0.502174	-0.196588	1.198864	-1.433022	0.987883	-0.021761	0.041788	-0.363373	-0.334515	0.313885	0.157273	-0.005946	0.153333	0.107165	-0.794699	0.019531	0.054688	0.023438	-0.558594	0.265625	-0.011719	-0.089844	0.089844	0.894531	-0.597656	0.040546	-0.029602	-5.326114	0.009844	0.611934	-0.241728	0.901514	-0.587060	10.002741	1.000000	0.000000	0.000000	0.000000	
0.435497	0.239977	-1.381485	1.270980	-0.837075	-0.484372	-0.207105	1.220244	-1.268360	0.832262	0.433736	0.234537	-1.361546	1.372545	-0.891031	-0.498998	-0.196567	1.201521	-1.430100	0.977982	-0.040562	0.030933	-0.336446	-0.323091	0.237277	0.179740	-0.005247	0.193305	0.258480	-0.714583	0.011719	0.050781	0.011719	-0.496094	0.246094	-0.011719	-0.085938	0.082031	0.902344	-0.574219	0.040546	-0.029602	-5.326114	0.009844	0.611934	-0.241728	0.901514	-0.587060	10.002741	1.000000	0.000000	0.000000	0.000000	
0.431776	0.238031	-1.385453	1.259532	-0.847765	-0.483326	-0.204433	1.224640	-1.278860	0.846793	0.433815	0.234740	-1.365845	1.367803	-0.884743	-0.495795	-0.196571	1.206875	-1.424572	0.968853	-0.038953	0.000767	-0.330263	-0.318459	0.215657	0.171518	-0.000525	0.246157	0.242205	-0.776364	0.007812	0.054688	0.011719	-0.496094	0.187500	-0.011719	-0.085938	0.011719	0.910156	-0.574219	0.031192	0.076049	-5.324769	-0.076363	0.130328	-0.016584	-0.213303	3.239472	10.115730	1.000000	0.000000	0.000000	0.000000	
0.426465	0.239001	-1.386551	1.245738	-0.841879	-0.481174	-0.199852	1.225956	-1.285022	0.827923	0.434122	0.234789	-1.370170	1.363511	-0.879948	-0.492779	-0.196588	1.210078	-1.420704	0.960218	-0.021343	0.012872	-0.361052	-0.359871	0.384488	0.100903	-0.000052	0.213056	0.306881	-0.786032	0.000000	0.050781	-0.011719	-0.500000	0.148438	-0.003906	-0.101562	0.023438	0.894531	-0.582031	0.029321	0.097179	-5.324500	-0.084983	0.082167	0.005930	-0.324784	3.622126	10.127029	1.000000	0.000000	0.000000	0.000000	
0.421024	0.247689	-1.383317	1.227765	-0.815829	-0.482576	-0.195774	1.227120	-1.292595	0.780251	0.434256	0.234710	-1.376755	1.359017	-0.876759	-0.490019	-0.196551	1.213481	-1.417434	0.947925	-0.019583	-0.010345	-0.235014	-0.381461	0.226889	0.107800	0.003484	0.241152	0.267983	-0.521787	-0.019531	0.050781	0.019531	-0.515625	0.109375	0.007812	-0.074219	0.023438	0.824219	-0.503906	0.028947	0.101405	-5.324446	-0.085845	0.077351	0.008181	-0.335932	3.660391	10.128159	1.000000	0.000000	0.000000	0.000000	
0.417085	0.257698	-1.380057	1.213902	-0.788375	-0.484368	-0.192540	1.230177	-1.301950	0.735925	0.434089	0.234686	-1.380616	1.350267	-0.873116	-0.488764	-0.196212	1.217458	-1.414744	0.939795	-0.008938	-0.012667	-0.344548	-0.509246	0.259984	0.084062	0.021286	0.146252	0.075653	-0.627968	-0.042969	0.050781	0.050781	-0.535156	0.093750	0.019531	-0.058594	0.035156	0.812500	-0.515625	0.028872	0.102250	-5.324435	-0.085932	0.076870	0.008407	-0.337047	3.664218	10.128272	1.000000	0.000000	0.000000	0.000000	
0.415560	0.267264	-1.377509	1.207106	-0.766989	-0.485532	-0.192700	1.237847	-1.316127	0.707385	0.433280	0.235061	-1.383133	1.344615	-0.864173	-0.487471	-0.195321	1.219731	-1.415346	0.927725	-0.060218	0.010365	-0.208936	-0.438274	0.563402	0.092157	0.080064	0.091397	-0.233219	-1.172500	-0.058594	0.089844	0.054688	-0.644531	0.105469	0.000000	-0.050781	0.027344	0.902344	-0.574219	0.028857	0.102419	-5.324433	-0.085940	0.076822	0.008429	-0.337159	3.664600	10.128284	1.000000	0.000000	0.000000	0.000000	
0.416247	0.274167	-1.376181	1.206870	-0.751157	-0.486056	-0.193636	1.245725	-1.330474	0.697951	0.431979	0.236372	-1.384994	1.339874	-0.854556	-0.486098	-0.194650	1.221616	-1.417114	0.908977	-0.159566	0.071992	-0.143031	-0.309039	0.684474	0.030154	0.063841	0.166173	-0.096604	-1.600344	-0.066406	0.117188	0.093750	-0.730469	0.167969	-0.007812	-0.054688	0.023438	0.781250	-0.550781	0.028854	0.102453	-5.324432	-0.085941	0.076817	0.008431	-0.337170	3.664639	10.128284	1.000000	0.000000	0.000000	0.000000	
0.417800	0.278485	-1.375517	1.206449	-0.737201	-0.487389	-0.193285	1.250638	-1.349482	0.702268	0.430435	0.238621	-1.387038	1.335727	-0.843376	-0.485096	-0.193813	1.227251	-1.418097	0.876850	-0.113666	0.149111	-0.125971	-0.320543	0.878042	0.062339	0.041280	0.205057	-0.152735	-1.817610	-0.050781	0.117188	0.121094	-0.738281	0.203125	-0.011719	-0.039062	0.027344	0.699219	-0.496094	0.028853	0.102460	-5.324432	-0.085941	0.076816	0.008432	-0.337171	3.664642	10.128284	1.000000	0.000000	0.000000	0.000000	
0.418175	0.282145	-1.374028	1.201999	-0.719163	-0.489369	-0.190585	1.252208	-1.370486	0.706333	0.429326	0.241769	-1.387786	1.331747	-0.832610	-0.484775	-0.193031	1.231335	-1.419651	0.852638	-0.157931	0.217310	-0.092859	-0.325184	0.813648	-0.007725	0.027392	0.289207	-0.186266	-1.595062	-0.027344	0.085938	0.132812	-0.714844	0.234375	0.000000	-0.039062	0.027344	0.644531	-0.449219	0.028853	0.102461	-5.324432	-0.085941	0.076816	0.008432	-0.337171	3.664643	10.128284	1.000000	0.000000	0.000000	0.000000	
0.418330	0.286389	-1.370971	1.193094	-0.696362	-0.492539	-0.187209	1.253936	-1.394669	0.709431	0.427529	0.245395	-1.388154	1.325838	-0.822023	-0.484686	-0.192334	1.235229	-1.421973	0.834539	-0.103034	0.229946	-0.103506	-0.287262	0.845594	0.016676	0.045778	0.203402	-0.161702	-1.433222	-0.023438	0.140625	0.132812	-0.683594	0.265625	-0.011719	-0.066406	0.066406	0.527344	-0.410156	0.028853	0.102462	-5.324432	-0.085941	0.076816	0.008432	-0.337171	3.664643	10.128284	1.000000	0.000000	0.000000	0.000000	
0.418664	0.292119	-1.366887	1.182397	-0.667375	-0.495932	-0.183281	1.255000	-1.418608	0.707819	0.425619	0.247284	-1.388300	1.322039	-0.806408	-0.484790	-0.191475	1.237487	-1.425346	0.809061	-0.139420	0.187007	-0.027799	-0.300918	0.688266	-0.033229	0.025516	0.114560	-0.284872	-0.980834	0.000000	0.171875	0.140625	-0.710938	0.328125	-0.027344	-0.035156	0.105469	0.468750	-0.339844	0.028853	0.102462	-5.324432	-0.085941	0.076816	0.008432	-0.337171	3.664643	10.128284	1.000000	0.000000	0.000000	0.000000	
0.419501	0.299076	-1.362282	1.172785	-0.634307	-0.499553	-0.179138	1.256160	-1.445389	0.711518	0.424025	0.249875	-1.389492	1.319219	-0.795312	-0.485149	-0.190504	1.238714	-1.430819	0.796186	-0.073266	0.161776	-0.048145	-0.215042	0.847015	-0.034730	0.063039	-0.023440	-0.513546	-0.802989	-0.011719	0.199219	0.218750	-0.792969	0.363281	-0.042969	-0.019531	0.152344	0.429688	-0.320312	0.028853	0.102462	-5.324432	-0.085941	0.076816	0.008432	-0.337171	3.664643	10.128284	1.000000	0.000000	0.000000	0.000000	
0.420600	0.305895	-1.358045	1.168045	-0.604021	-0.502391	-0.176125	1.257309	-1.471472	0.725466	0.423294	0.252865	-1.390167	1.317250	-0.783278	-0.485343	-0.189397	1.238668	-1.438747	0.786826	-0.021285	0.169721	-0.057159	-0.070359	1.016433	-0.038369	0.076097	-0.026771	-0.721364	-0.708433	-0.011719	0.191406	0.253906	-0.863281	0.398438	-0.070312	-0.019531	0.171875	0.386719	-0.285156	0.028853	0.102462	-5.324432	-0.085941	0.076816	0.008432	-0.337171	3.664643	10.128284	1.000000	0.000000	0.000000	0.000000	
0.421728	0.310085	-1.355311	1.168792	-0.580779	-0.504260	-0.174732	1.259347	-1.492291	0.747461	0.423221	0.256306	-1.390666	1.317510	-0.768803	-0.485527	-0.187576	1.238586	-1.452522	0.779841	0.001361	0.204249	-0.127853	0.013902	1.228795	-0.010816	0.139052	-0.051532	-0.728187	-0.468661	-0.027344	0.207031	0.300781	-0.960938	0.464844	-0.101562	-0.027344	0.167969	0.312500	-0.281250	0.028853	0.102462	-5.324432	-0.085941	0.076816	0.008432	-0.337171	3.664643	10.128284	1.000000	0.000000	0.000000	0.000000	
0.422383	0.311887	-1.353701	1.172590	-0.563578	-0.504802	-0.174050	1.263288	-1.501327	0.766447	0.423352	0.260274	-1.390790	1.318168	-0.745382	-0.485975	-0.186243	1.238473	-1.464292	0.770543	-0.034760	0.240272	-0.016275	0.060714	1.134873	-0.046447	0.150001	-0.012132	-0.795173	-0.374892	-0.011719	0.191406	0.328125	-1.027344	0.515625	-0.089844	-0.054688	0.199219	0.238281	-0.175781	0.028853	0.102462	-5.324432	-0.085941	0.076816	0.008432	-0.337171	3.664643	10.128284	1.000000	0.000000	0.000000	0.000000	
0.422430	0.312807	-1.351615	1.177872	-0.552772	-0.505033	-0.174667	1.268567	-1.495122	0.773741	0.423475	0.264024	-1.390960	1.319681	-0.728072	-0.486865	-0.184385	1.238038	-1.475104	0.768490	-0.038372	0.189203	-0.029545	0.229408	1.279025	-0.091886	0.098751	-0.001213	-0.801871	-0.061917	-0.003906	0.253906	0.355469	-1.050781	0.519531	-0.085938	-0.003906	0.214844	0.164062	-0.140625	0.028853	0.102462	-5.324432	-0.085941	0.076816	0.008432	-0.337171	3.664643	10.128284	1.000000	0.000000	0.000000	0.000000	
0.421167	0.313222	-1.350882	1.188687	-0.552181	-0.503779	-0.176908	1.272481	-1.474901	0.768181	0.423621	0.267279	-1.390994	1.322043	-0.712178	-0.487527	-0.183141	1.238242	-1.484899	0.769970	0.031059	0.182933	-0.037851	0.228829	1.251564	-0.092940	0.056404	0.045244	-0.813010	0.161311	-0.007812	0.246094	0.371094	-1.066406	0.535156	-0.093750	0.035156	0.234375	0.175781	-0.085938	0.028853	0.102462	-5.324432	-0.085941	0.076816	0.008432	-0.337171	3.664643	10.128284	1.000000	0.000000	0.000000	0.000000	
0.418386	0.313744	-1.351820	1.202215	-0.564019	-0.502108	-0.180937	1.274597	-1.446771	0.754016	0.424159	0.270635	-1.390807	1.328526	-0.697053	-0.487902	-0.182407	1.239252	-1.502732	0.773125	0.038002	0.205570	-0.003785	0.316012	1.172046	-0.044190	0.027741	0.042910	-0.768759	0.260405	-0.023438	0.199219	0.378906	-1.109375	0.535156	-0.101562	0.050781	0.250000	0.328125	-0.101562	0.028853	0.102462	-5.324432	-0.085941	0.076816	0.008432	-0.337171	3.664643	10.128284	1.000000	0.000000	0.000000	0.000000	
0.414870	0.315114	-1.353761	1.215973	-0.583403	-0.500368	-0.187052	1.274519	-1.418931	0.739678	0.424436	0.272615	-1.390236	1.333772	-0.675028	-0.488414	-0.181970	1.241175	-1.513108	0.779233	-0.003179	0.202018	0.041497	0.457336	0.846538	-0.123067	0.022549	0.140387	-0.732927	0.106302	-0.023438	0.191406	0.363281	-1.101562	0.492188	-0.066406	0.007812	0.238281	0.511719	-0.132812	0.028853	0.102462	-5.324432	-0.085941	0.076816	0.008432	-0.337171	3.664643	10.128284	1.000000	0.000000	0.000000	0.000000	
0.410903	0.316337	-1.357798	1.233870	-0.614507	-0.498167	-0.194193	1.272238	-1.392770	0.722911	0.424370	0.275596	-1.388547	1.338529	-0.664492	-0.489776	-0.181414	1.244370	-1.520854	0.779946	-0.091048	0.220274	0.108839	0.237663	0.531327	-0.071630	0.031335	0.251334	-0.718875	-0.114997	-0.039062	0.156250	0.332031	-0.996094	0.468750	-0.027344	-0.042969	0.175781	0.710938	-0.117188	0.028853	0.102462	-5.324432	-0.085941	0.076816	0.008432	-0.337171	3.664643	10.128284	1.000000	0.000000	0.000000	0.000000	
0.407067	0.317235	-1.362669	1.250577	-0.652278	-0.495788	-0.201025	1.271381	-1.369185	0.699539	0.423824	0.279173	-1.387433	1.341371	-0.659477	-0.490630	-0.180963	1.254218	-1.526716	0.776453	-0.089366	0.217447	0.105104	-0.080923	0.245062	-0.108362	0.031051	0.475296	-0.508092	-0.433745	-0.035156	0.117188	0.296875	-0.781250	0.417969	-0.027344	-0.093750	0.035156	0.871094	-0.089844	0.028853	0.102462	-5.324432	-0.085941	0.076816	0.008432	-0.337171	3.664643	10.128284	1.000000	0.000000	0.000000	0.000000	
0.403454	0.316610	-1.367357	1.262009	-0.690622	-0.493824	-0.207314	1.271784	-1.346545	0.667037	0.422430	0.282829	-1.386993	1.340534	-0.655421	-0.491358	-0.180857	1.259799	-1.532687	0.769502	-0.075240	0.202042	0.059365	-0.297732	0.007058	-0.021305	-0.016670	0.361597	-0.225291	-0.664529	-0.035156	0.109375	0.281250	-0.593750	0.265625	-0.027344	-0.187500	0.000000	0.984375	-0.082031	0.028853	0.102462	-5.324432	-0.085941	0.076816	0.008432	-0.337171	3.664643	10.128284	1.000000	0.000000	0.000000	0.000000	
0.400788	0.312638	-1.373419	1.270779	-0.726000	-0.491205	-0.212878	1.270843	-1.325403	0.633385	0.420164	0.286557	-1.386929	1.337579	-0.657566	-0.491189	-0.180811	1.264380	-1.533905	0.760406	-0.122682	0.236561	-0.021981	-0.479936	-0.386643	0.116517	0.004149	0.287413	-0.057425	-0.771359	-0.035156	0.050781	0.230469	-0.417969	0.164062	-0.042969	-0.214844	-0.042969	1.089844	-0.121094	0.028853	0.102462	-5.324432	-0.085941	0.076816	0.008432	-0.337171	3.664643	10.128284	1.000000	0.000000	0.000000	0.000000	
0.398641	0.306589	-1.379835	1.275374	-0.756449	-0.488405	-0.216944	1.269643	-1.304718	0.598299	0.417409	0.290154	-1.386504	1.333257	-0.665047	-0.490331	-0.180851	1.268205	-1.532889	0.744289	-0.228625	0.191159	-0.009177	-0.508625	-0.743570	0.036079	-0.005401	0.192754	0.022175	-0.677353	-0.023438	0.042969	0.175781	-0.289062	0.101562	-0.050781	-0.265625	-0.058594	1.207031	-0.238281	0.028853	0.102462	-5.324432	-0.085941	0.076816	0.008432	-0.337171	3.664643	10.128284	1.000000	0.000000	0.000000	0.000000	
0.396664	0.298528	-1.385440	1.278929	-0.785858	-0.485728	-0.221419	1.270882	-1.286270	0.563201	0.415598	0.292618	-1.386516	1.321317	-0.677448	-0.489699	-0.180851	1.273816	-1.530650	0.732414	-0.193855	0.117989	-0.032324	-0.532432	-1.204998	-0.006861	-0.000540	0.144902	0.089458	-0.898268	-0.027344	0.074219	0.132812	-0.125000	0.070312	-0.007812	-0.320312	-0.089844	1.324219	-0.335938	0.028853	0.102462	-5.324432	-0.085941	0.076816	0.008432	-0.337171	3.664643	10.128284	1.000000	0.000000	0.000000	0.000000	
0.395113	0.290334	-1.390629	1.279921	-0.818081	-0.483618	-0.226025	1.273734	-1.273857	0.531865	0.412109	0.293596	-1.386809	1.314034	-0.700890	-0.489403	-0.180867	1.275617	-1.529184	0.719110	-0.207826	-0.013792	-0.041618	-0.520854	-1.101087	0.013272	-0.004707	-0.023896	-0.092254	-1.087862	-0.011719	0.058594	0.070312	-0.082031	0.027344	0.007812	-0.347656	-0.070312	1.500000	-0.414062	0.028853	0.102462	-5.324432	-0.085941	0.076816	0.008432	-0.337171	3.664643	10.128284	1.000000	0.000000	0.000000	0.000000	
0.394456	0.282004	-1.395842	1.277188	-0.850781	-0.482491	-0.229819	1.277049	-1.265311	0.502560	0.408431	0.293759	-1.387328	1.308652	-0.718277	-0.489319	-0.181161	1.276147	-1.527680	0.705059	-0.191775	-0.024643	-0.066975	-0.408028	-1.321011	-0.026590	-0.008613	0.011569	0.067547	-1.082394	-0.003906	0.058594	0.027344	-0.066406	0.003906	0.019531	-0.382812	-0.058594	1.546875	-0.535156	0.028853	0.102462	-5.324432	-0.085941	0.076816	0.008432	-0.337171	3.664643	10.128284	1.000000	0.000000	0.000000	0.000000	
0.394358	0.273246	-1.401253	1.267753	-0.879145	-0.482511	-0.231574	1.279756	-1.260385	0.482211	0.405175	0.293234	-1.388838	1.304352	-0.737191	-0.489642	-0.181745	1.276762	-1.524834	0.684486	-0.158763	-0.028055	-0.216075	-0.264139	-1.566340	-0.128286	-0.043900	0.140742	0.139361	-0.952731	-0.007812	0.007812	0.042969	-0.054688	0.019531	0.054688	-0.386719	-0.050781	1.585938	-0.632812	0.028853	0.102462	-5.324432	-0.085941	0.076816	0.008432	-0.337171	3.664643	10.128284	1.000000	0.000000	0.000000	0.000000	
0.394751	0.265903	-1.406984	1.253888	-0.901806	-0.483443	-0.232489	1.282721	-1.262021	0.471212	0.403288	0.291595	-1.391175	1.297143	-0.769182	-0.489852	-0.182419	1.278193	-1.520533	0.680371	-0.131034	-0.091210	-0.272861	-0.330012	-1.545508	-0.072152	-0.068367	0.132722	0.104667	-0.939764	-0.011719	-0.003906	0.035156	0.003906	0.027344	0.050781	-0.386719	-0.105469	1.609375	-0.632812	0.028853	0.102462	-5.324432	-0.085941	0.076816	0.008432	-0.337171	3.664643	10.128284	1.000000	0.000000	0.000000	0.000000	
0.395770	0.259890	-1.412059	1.233143	-0.914647	-0.485545	-0.231862	1.286685	-1.268626	0.463134	0.402014	0.289409	-1.397362	1.291654	-0.793150	-0.489967	-0.183523	1.282696	-1.516959	0.650032	-0.082896	-0.202214	-0.222706	-0.399413	-1.773740	0.013723	-0.063834	0.219161	0.198907	-1.071074	-0.023438	-0.035156	0.042969	-0.007812	0.039062	0.035156	-0.410156	-0.136719	1.578125	-0.667969	0.028853	0.102462	-5.324432	-0.085941	0.076816	0.008432	-0.337171	3.664643	10.128284	1.000000	0.000000	0.000000	0.000000	
0.396908	0.257863	-1.416033	1.209938	-0.918138	-0.487624	-0.229155	1.290328	-1.280057	0.455189	0.400499	0.287897	-1.401095	1.285298	-0.815367	-0.490135	-0.184584	1.286796	-1.513505	0.632574	-0.105999	-0.160970	-0.256076	-0.437759	-1.789584	-0.023055	-0.093624	0.259211	0.187393	-1.136549	0.000000	-0.042969	0.027344	-0.035156	0.027344	0.058594	-0.398438	-0.148438	1.566406	-0.664062	0.028853	0.102462	-5.324432	-0.085941	0.076816	0.008432	-0.337171	3.664643	10.128284	1.000000	0.000000	0.000000	0.000000	
0.398086	0.260030	-1.417856	1.185887	-0.910987	-0.489716	-0.225393	1.293793	-1.298365	0.447380	0.399033	0.285002	-1.404193	1.283760	-0.835635	-0.490484	-0.185709	1.291348	-1.509834	0.617378	-0.066434	-0.210353	-0.322226	-0.019349	-1.442205	-0.054650	-0.097766	0.127120	0.353744	-1.139607	0.007812	-0.042969	0.011719	-0.335938	-0.007812	0.027344	-0.363281	-0.089844	1.480469	-0.625000	0.028853	0.102462	-5.324432	-0.085941	0.076816	0.008432	-0.337171	3.664643	10.128284	1.000000	0.000000	0.000000	0.000000	
0.399707	0.265479	-1.419913	1.168191	-0.895094	-0.491056	-0.220061	1.295237	-1.320870	0.444143	0.398957	0.281911	-1.407550	1.281174	-0.857137	-0.490796	-0.187565	1.293494	-1.503356	0.604645	0.049191	-0.197843	-0.279987	-0.288085	-0.845637	-0.029892	-0.174953	0.040629	0.335483	-1.066630	-0.027344	-0.042969	0.011719	-0.367188	-0.125000	0.035156	-0.238281	-0.070312	1.351562	-0.632812	0.028853	0.102462	-5.324432	-0.085941	0.076816	0.008432	-0.337171	3.664643	10.128284	1.000000	0.000000	0.000000	0.000000	
0.402595	0.269006	-1.420587	1.151606	-0.867346	-0.493856	-0.212836	1.296520	-1.350449	0.447269	0.400106	0.279136	-1.415080	1.275665	-0.866817	-0.490907	-0.190029	1.294941	-1.498353	0.580506	0.015388	-0.145411	-0.411858	-0.580170	-0.517278	0.045866	-0.178018	0.004063	0.476732	-1.223346	-0.039062	-0.035156	0.132812	-0.378906	-0.121094	0.000000	-0.132812	-0.042969	1.171875	-0.421875	0.028853	0.102462	-5.324432	-0.085941	0.076816	0.008432	-0.337171	3.664643	10.128284	1.000000	0.000000	0.000000	0.000000	
0.406000	0.273732	-1.418498	1.134256	-0.828153	-0.497767	-0.205674	1.297817	-1.389945	0.461518	0.400650	0.277014	-1.420802	1.267099	-0.870789	-0.490735	-0.191588	1.296418	-1.493378	0.564022	-0.054295	-0.134352	-0.404108	-0.707089	-0.142458	-0.012862	-0.155061	0.094626	0.490857	-1.165735	0.000000	0.011719	0.152344	-0.414062	-0.109375	-0.007812	-0.101562	-0.050781	0.953125	-0.386719	0.028853	0.102462	-5.324432	-0.085941	0.076816	0.008432	-0.337171	3.664643	10.128284	1.000000	0.000000	0.000000	0.000000	
0.409914	0.280098	-1.411607	1.113105	-0.777993	-0.503175	-0.198180	1.298645	-1.439515	0.484785	0.400759	0.275507	-1.424879	1.254651	-0.869668	-0.489877	-0.193394	1.298652	-1.488191	0.550305	-0.008919	-0.104166	-0.253278	-0.499934	0.233518	0.012672	-0.139970	-0.067309	0.422476	-0.995961	0.027344	0.023438	0.132812	-0.492188	-0.066406	-0.035156	-0.066406	-0.042969	0.742188	-0.320312	0.028853	0.102462	-5.324432	-0.085941	0.076816	0.008432	-0.337171	3.664643	10.128284	1.000000	0.000000	0.000000	0.000000	
0.415204	0.289956	-1.400969	1.089587	-0.714521	-0.510167	-0.188667	1.298297	-1.499738	0.519800	0.400757	0.274664	-1.426664	1.247290	-0.859242	-0.489463	-0.194563	1.299317	-1.478817	0.540049	-0.035788	-0.065087	-0.070693	-0.395467	0.784092	-0.047588	-0.086116	-0.031158	0.279543	-0.759137	0.035156	0.039062	0.105469	-0.617188	-0.089844	-0.050781	-0.039062	-0.003906	0.476562	-0.265625	0.028853	0.102462	-5.324432	-0.085941	0.076816	0.008432	-0.337171	3.664643	10.128284	1.000000	0.000000	0.000000	0.000000	
0.422680	0.300236	-1.388150	1.064689	-0.636666	-0.519056	-0.177849	1.297096	-1.563306	0.565547	0.401120	0.274592	-1.426900	1.241238	-0.845040	-0.490276	-0.195072	1.298989	-1.477427	0.525542	0.038297	0.017919	0.034806	-0.405958	1.292801	-0.081531	-0.029549	-0.048481	0.024465	-0.498159	0.039062	0.105469	0.136719	-0.699219	-0.011719	-0.042969	-0.003906	0.007812	0.246094	-0.101562	0.028853	0.102462	-5.324432	-0.085941	0.076816	0.008432	-0.337171	3.664643	10.128284	1.000000	0.000000	0.000000	0.000000	
0.429709	0.307018	-1.375182	1.044648	-0.553066	-0.526228	-0.166568	1.299023	-1.616627	0.609613	0.402622	0.274740	-1.424911	1.235423	-0.824824	-0.492330	-0.195133	1.297858	-1.481729	0.522592	0.045705	0.014587	0.125618	-0.351173	1.507685	-0.074456	-0.008771	-0.224695	-0.402351	0.044404	0.042969	0.136719	0.164062	-0.843750	0.199219	-0.082031	0.070312	0.074219	0.027344	-0.027344	0.028853	0.102462	-5.324432	-0.085941	0.076816	0.008432	-0.337171	3.664643	10.128284	1.000000	0.000000	0.000000	0.000000	
0.433829	0.306917	-1.366791	1.038815	-0.491525	-0.529451	-0.157910	1.306875	-1.639899	0.643453	0.405273	0.275617	-1.421339	1.235157	-0.800910	-0.495624	-0.194450	1.291597	-1.491435	0.526873	0.186031	0.036355	0.141678	-0.049076	1.965378	-0.328492	0.060773	-0.231847	-0.800975	0.604657	0.066406	0.175781	0.257812	-1.160156	0.386719	-0.089844	0.101562	0.125000	-0.187500	0.042969	0.028853	0.102462	-5.324432	-0.085941	0.076816	0.008432	-0.337171	3.664643	10.128284	1.000000	0.000000	0.000000	0.000000	
0.437361	0.294134	-1.377115	1.094404	-0.580887	-0.523603	-0.169347	1.319254	-1.545752	0.667239	0.407136	0.276560	-1.416602	1.236000	-0.766319	-0.499918	-0.192771	1.290345	-1.500501	0.545129	0.287305	-0.001017	0.244484	0.298690	2.108856	-0.353895	0.182885	-0.232563	-0.687294	1.048032	0.070312	0.312500	0.300781	-1.363281	0.660156	-0.035156	0.070312	0.125000	-0.187500	0.039062	0.013989	-0.021342	-5.302110	-0.125090	-0.664208	-0.177084	-0.456616	-0.440594	8.898327	1.000000	0.000000	0.000000	0.000000	
0.434894	0.283955	-1.386511	1.143000	-0.698413	-0.518965	-0.185704	1.321274	-1.447839	0.704772	0.411944	0.275949	-1.412044	1.238713	-0.734513	-0.504896	-0.189333	1.291015	-1.520610	0.558159	0.245088	-0.126892	0.188461	0.480032	2.444251	-0.209871	0.271869	0.074453	-1.230777	0.921377	0.054688	0.332031	0.367188	-1.488281	0.730469	-0.085938	0.019531	0.117188	-0.167969	0.007812	0.011016	-0.046103	-5.297645	-0.129004	-0.738311	-0.195636	-0.468560	-0.851118	8.775331	1.000000	0.000000	0.000000	0.000000	
0.426077	0.275931	-1.388216	1.166898	-0.811211	-0.518754	-0.197848	1.325969	-1.382345	0.761320	0.418939	0.274704	-1.410405	1.243327	-0.716060	-0.506643	-0.185681	1.294518	-1.540384	0.575838	0.328107	-0.173212	0.127025	0.117796	1.012144	-0.164062	0.214464	0.398284	-0.248704	1.603149	-0.027344	0.378906	0.281250	-1.023438	0.578125	-0.074219	-0.066406	0.089844	0.050781	0.023438	0.010421	-0.051055	-5.296752	-0.129396	-0.745721	-0.197491	-0.469755	-0.892170	8.763032	1.000000	0.000000	0.000000	0.000000	
0.419676	0.269744	-1.386242	1.176491	-0.896565	-0.521372	-0.204353	1.326503	-1.352157	0.824290	0.424143	0.271894	-1.409593	1.245849	-0.705971	-0.507017	-0.183755	1.301883	-1.534984	0.614221	0.189844	-0.160396	0.113902	-0.194109	-0.317542	-0.030365	0.097055	0.762182	0.844048	2.135447	-0.003906	0.265625	0.203125	-0.613281	0.183594	-0.074219	-0.093750	-0.066406	0.238281	-0.199219	0.010302	-0.052045	-5.296574	-0.129435	-0.746462	-0.197676	-0.469874	-0.896275	8.761802	1.000000	0.000000	0.000000	0.000000	
0.419150	0.262946	-1.390014	1.180881	-0.945491	-0.522285	-0.206571	1.317209	-1.333703	0.868153	0.425451	0.270468	-1.408703	1.242137	-0.720990	-0.506146	-0.183734	1.310771	-1.531214	0.644217	0.043412	0.039795	-0.006058	-0.616138	-1.933604	0.167956	-0.015885	0.568256	-0.466957	1.567522	0.003906	0.027344	0.191406	-0.300781	0.085938	-0.140625	-0.105469	-0.117188	1.160156	0.191406	0.010278	-0.052243	-5.296538	-0.129439	-0.746536	-0.197695	-0.469886	-0.896686	8.761679	1.000000	0.000000	0.000000	0.000000	
0.417874	0.258774	-1.392825	1.177511	-0.978342	-0.523329	-0.204290	1.305797	-1.333999	0.897630	0.425470	0.271015	-1.405908	1.235191	-0.752395	-0.505052	-0.183842	1.313179	-1.538579	0.672536	0.018300	0.107505	0.062208	-0.710685	-3.204913	-0.035549	0.046103	-0.253752	-0.796967	2.348242	-0.039062	-0.125000	0.164062	-0.156250	0.132812	-0.093750	-0.253906	0.238281	1.527344	0.167969	0.010274	-0.052283	-5.296531	-0.129439	-0.746544	-0.197697	-0.469887	-0.896727	8.761666	1.000000	0.000000	0.000000	0.000000	
0.429420	0.258969	-1.389075	1.198542	-0.948897	-0.521276	-0.215289	1.297435	-1.331617	0.916334	0.428963	0.273136	-1.405373	1.225805	-0.790689	-0.507401	-0.183557	1.309953	-1.540609	0.700979	0.434544	0.161968	-0.021696	-0.085027	-3.300638	-0.258298	0.030201	-0.318504	-0.037821	2.164591	-0.218750	-0.269531	0.152344	-0.257812	0.136719	-0.003906	-0.273438	0.164062	1.382812	0.335938	0.068559	-0.125633	-5.346527	0.884506	-0.235217	-0.680422	4.887904	-3.159723	6.632107	1.000000	0.000000	0.000000	0.000000	
0.442406	0.254976	-1.380836	1.225594	-0.905607	-0.519776	-0.227009	1.295170	-1.354642	0.947618	0.428862	0.274432	-1.405242	1.223540	-0.851128	-0.510610	-0.182498	1.305721	-1.542760	0.739625	-0.253164	0.028992	0.043196	-0.137619	-2.430823	-0.134008	0.078629	-0.391283	-0.202691	1.633250	0.019531	-0.167969	0.109375	-0.253906	0.000000	-0.023438	-0.285156	0.125000	1.445312	0.464844	0.080216	-0.140303	-5.356526	0.985900	-0.184085	-0.728694	5.423683	-3.386022	6.419151	1.000000	0.000000	0.000000	0.000000	
0.452797	0.250540	-1.373739	1.244267	-0.870958	-0.519457	-0.235050	1.294230	-1.368897	0.999155	0.427800	0.274320	-1.405119	1.223062	-0.877781	-0.511712	-0.182521	1.300997	-1.542318	0.762500	-0.025316	-0.068057	0.004320	-0.041679	-1.429557	0.147122	-0.028197	-0.412519	0.293798	1.541730	0.027344	-0.089844	0.093750	-0.164062	0.000000	-0.105469	-0.296875	0.199219	1.265625	0.453125	0.082547	-0.143237	-5.358526	0.996040	-0.178972	-0.733521	5.477261	-3.408652	6.397856	1.000000	0.000000	0.000000	0.000000	
0.464089	0.249175	-1.367741	1.256415	-0.844598	-0.516972	-0.239431	1.291327	-1.374031	1.040103	0.430714	0.272650	-1.400829	1.223961	-0.887982	-0.509654	-0.183915	1.291353	-1.537673	0.785711	0.273149	-0.163839	0.185383	-0.011147	-0.341865	0.189194	-0.098203	-0.355319	0.657514	1.944355	-0.027344	-0.050781	0.109375	-0.007812	-0.011719	-0.117188	-0.320312	0.167969	0.984375	0.394531	0.083014	-0.143824	-5.358926	0.997054	-0.178460	-0.734004	5.482619	-3.410915	6.395726	1.000000	0.000000	0.000000	0.000000	
0.475331	0.247888	-1.359857	1.263863	-0.825780	-0.510955	-0.242631	1.289662	-1.375371	1.048485	0.435489	0.271298	-1.396966	1.228187	-0.888156	-0.508491	-0.186011	1.285425	-1.521914	0.813738	0.289037	-0.159459	0.262813	0.379255	0.154254	0.043347	-0.109856	-0.429860	0.777636	2.190505	0.000000	-0.050781	0.136719	-0.039062	0.035156	-0.082031	-0.347656	0.238281	0.714844	0.414062	0.083107	-0.143942	-5.359006	0.997155	-0.178409	-0.734052	5.483155	-3.411141	6.395514	1.000000	0.000000	0.000000	0.000000	
0.485786	0.244906	-1.350482	1.270440	-0.818774	-0.503184	-0.245736	1.289190	-1.376754	1.045703	0.440975	0.269145	-1.392607	1.234921	-0.882617	-0.507193	-0.188474	1.280144	-1.510013	0.861438	0.266199	-0.159021	0.333369	0.624184	0.395795	0.091576	-0.164529	-0.308198	0.845483	2.120900	0.050781	-0.027344	0.121094	-0.074219	0.085938	-0.066406	-0.328125	0.246094	0.578125	0.394531	0.083125	-0.143965	-5.359023	0.997165	-0.178404	-0.734057	5.483208	-3.411164	6.395492	1.000000	0.000000	0.000000	0.000000	
0.494732	0.241280	-1.342143	1.275795	-0.820695	-0.495269	-0.246661	1.286900	-1.378369	1.055871	0.446871	0.266719	-1.387519	1.244047	-0.874894	-0.505818	-0.191576	1.275162	-1.500969	0.890534	0.298811	-0.171772	0.354383	0.854565	0.611879	0.166191	-0.229321	-0.442596	0.604504	1.894093	0.070312	-0.035156	0.136719	-0.167969	0.101562	-0.093750	-0.300781	0.296875	0.617188	0.371094	0.083129	-0.143970	-5.359025	0.997166	-0.178403	-0.734058	5.483214	-3.411166	6.395490	1.000000	0.000000	0.000000	0.000000	
0.503226	0.238020	-1.335659	1.281153	-0.826079	-0.488350	-0.247110	1.282669	-1.377893	1.075457	0.452800	0.264183	-1.378358	1.255469	-0.867485	-0.502393	-0.194894	1.265999	-1.493998	0.911620	0.347438	-0.150946	0.415808	0.954375	0.504371	0.299279	-0.232310	-0.400202	0.419883	1.368905	0.082031	-0.023438	0.117188	-0.238281	0.125000	-0.109375	-0.281250	0.378906	0.609375	0.414062	0.083130	-0.143971	-5.359026	0.997166	-0.178403	-0.734058	5.483214	-3.411167	6.395490	1.000000	0.000000	0.000000	0.000000	
0.511781	0.235929	-1.330163	1.288024	-0.829428	-0.482738	-0.247610	1.277871	-1.376674	1.094402	0.459608	0.261720	-1.371146	1.275589	-0.861932	-0.497661	-0.197052	1.260822	-1.483129	0.928536	0.310425	-0.166312	0.425440	0.988783	0.312160	0.225347	-0.246568	-0.364556	0.366524	1.197739	0.101562	-0.050781	0.105469	-0.347656	0.167969	-0.089844	-0.246094	0.382812	0.535156	0.433594	0.083130	-0.143971	-5.359026	0.997166	-0.178403	-0.734058	5.483214	-3.411167	6.395490	1.000000	0.000000	0.000000	0.000000	
0.520060	0.234560	-1.326288	1.297865	-0.830505	-0.478548	-0.249249	1.272834	-1.375262	1.109186	0.467173	0.259103	-1.364494	1.288458	-0.858446	-0.491989	-0.200594	1.256321	-1.476254	0.953608	0.575425	-0.192276	0.415935	0.870087	0.031216	0.294726	-0.220076	-0.273751	0.476346	1.205050	0.089844	-0.023438	0.101562	-0.347656	0.218750	-0.089844	-0.238281	0.363281	0.460938	0.378906	0.083130	-0.143971	-5.359026	0.997166	-0.178403	-0.734058	5.483214	-3.411167	6.395490	1.000000	0.000000	0.000000	0.000000	
0.526922	0.233734	-1.323566	1.303543	-0.831171	-0.475098	-0.249852	1.267300	-1.376087	1.121029	0.472370	0.256108	-1.357687	1.300047	-0.858015	-0.487728	-0.203863	1.252586	-1.470662	0.970812	0.549581	-0.198362	0.505715	0.962907	0.020570	0.196975	-0.196489	-0.240243	0.421025	1.258125	0.085938	0.007812	0.089844	-0.402344	0.199219	-0.042969	-0.234375	0.339844	0.476562	0.371094	0.083130	-0.143971	-5.359026	0.997166	-0.178403	-0.734058	5.483214	-3.411167	6.395490	1.000000	0.000000	0.000000	0.000000	
0.532902	0.232943	-1.322142	1.308836	-0.831111	-0.472077	-0.250806	1.261418	-1.377576	1.125434	0.480267	0.253175	-1.347237	1.311961	-0.858317	-0.484332	-0.207231	1.246968	-1.465279	0.987436	0.546996	-0.197807	0.375107	0.870989	-0.106122	0.187200	-0.247638	-0.240382	0.422473	1.287860	0.085938	0.019531	0.054688	-0.398438	0.203125	-0.023438	-0.167969	0.339844	0.449219	0.332031	0.083130	-0.143971	-5.359026	0.997166	-0.178403	-0.734058	5.483214	-3.411167	6.395490	1.000000	0.000000	0.000000	0.000000	
0.538272	0.232289	-1.321675	1.313399	-0.832356	-0.469585	-0.252503	1.255354	-1.379569	1.131073	0.488608	0.251344	-1.341101	1.322753	-0.859638	-0.481568	-0.210796	1.243687	-1.457005	1.004453	0.504862	-0.222179	0.271316	0.851328	-0.139729	0.137368	-0.232979	-0.198520	0.342356	1.297813	0.070312	0.027344	0.054688	-0.476562	0.238281	-0.007812	-0.164062	0.281250	0.402344	0.312500	0.083130	-0.143971	-5.359026	0.997166	-0.178403	-0.734058	5.483214	-3.411167	6.395490	1.000000	0.000000	0.000000	0.000000	
0.542945	0.231742	-1.322416	1.318254	-0.835874	-0.467825	-0.255555	1.249992	-1.381593	1.140419	0.496528	0.248021	-1.336844	1.342941	-0.861138	-0.479368	-0.214264	1.241214	-1.452006	1.029981	0.441325	-0.222290	0.348178	0.852852	-0.132620	0.083529	-0.237329	-0.159437	0.341323	1.099899	0.082031	0.066406	0.035156	-0.531250	0.238281	0.003906	-0.136719	0.253906	0.371094	0.246094	0.083130	-0.143971	-5.359026	0.997166	-0.178403	-0.734058	5.483214	-3.411167	6.395490	1.000000	0.000000	0.000000	0.000000	
0.547278	0.231083	-1.324025	1.322119	-0.840188	-0.466815	-0.258972	1.245033	-1.382770	1.153470	0.503613	0.245014	-1.333254	1.355509	-0.862722	-0.477692	-0.217744	1.239144	-1.448704	1.044587	0.414034	-0.185079	0.268623	0.779722	-0.110972	0.060697	-0.226132	-0.127612	0.257469	0.895157	0.085938	0.039062	0.035156	-0.566406	0.218750	0.027344	-0.125000	0.203125	0.394531	0.257812	0.083130	-0.143971	-5.359026	0.997166	-0.178403	-0.734058	5.483214	-3.411167	6.395490	1.000000	0.000000	0.000000	0.000000	
0.551626	0.230426	-1.326197	1.324533	-0.843692	-0.466666	-0.261823	1.240696	-1.384148	1.166166	0.510338	0.242458	-1.328271	1.365365	-0.863960	-0.476460	-0.221389	1.236743	-1.446201	1.055989	0.351981	-0.155767	0.183896	0.758451	-0.203027	0.107269	-0.244786	-0.131409	0.280490	0.836297	0.082031	0.042969	-0.027344	-0.558594	0.234375	0.035156	-0.125000	0.167969	0.363281	0.269531	0.083130	-0.143971	-5.359026	0.997166	-0.178403	-0.734058	5.483214	-3.411167	6.395490	1.000000	0.000000	0.000000	0.000000	
0.555710	0.230539	-1.329809	1.326054	-0.848649	-0.466343	-0.263878	1.234752	-1.385980	1.173265	0.517280	0.239693	-1.325554	1.374195	-0.866025	-0.475632	-0.225098	1.235002	-1.443593	1.066897	0.412078	-0.180753	0.196361	0.728406	-0.240150	0.118906	-0.253631	-0.173664	0.073414	0.914162	0.050781	0.101562	-0.042969	-0.582031	0.230469	0.027344	-0.089844	0.148438	0.371094	0.234375	0.083130	-0.143971	-5.359026	0.997166	-0.178403	-0.734058	5.483214	-3.411167	6.395490	1.000000	0.000000	0.000000	0.000000	
0.558764	0.230999	-1.334671	1.326772	-0.857572	-0.465629	-0.264918	1.228164	-1.390312	1.175778	0.523806	0.236822	-1.323387	1.390331	-0.868352	-0.474037	-0.229136	1.232764	-1.442223	1.085824	0.379702	-0.173946	0.145263	0.676547	-0.208965	0.053766	-0.235904	-0.195338	0.129479	0.914970	0.042969	0.148438	-0.070312	-0.656250	0.234375	0.011719	-0.082031	0.136719	0.355469	0.214844	0.083130	-0.143971	-5.359026	0.997166	-0.178403	-0.734058	5.483214	-3.411167	6.395490	1.000000	0.000000	0.000000	0.000000	
0.560984	0.231230	-1.340692	1.327668	-0.868958	-0.464980	-0.265164	1.220652	-1.395713	1.175821	0.529716	0.234050	-1.322518	1.398841	-0.870999	-0.473063	-0.231301	1.230087	-1.441609	1.098188	0.317141	-0.153490	0.024995	0.482921	-0.261681	-0.071395	-0.210867	-0.225422	0.019927	0.883644	0.070312	0.140625	-0.085938	-0.640625	0.214844	0.027344	-0.117188	0.132812	0.355469	0.203125	0.083130	-0.143971	-5.359026	0.997166	-0.178403	-0.734058	5.483214	-3.411167	6.395490	1.000000	0.000000	0.000000	0.000000	
0.562821	0.232107	-1.347727	1.327206	-0.878796	-0.465601	-0.264668	1.212517	-1.401227	1.170650	0.534993	0.231525	-1.322416	1.404833	-0.874872	-0.472529	-0.234117	1.225214	-1.441463	1.107810	0.335312	-0.150281	0.023437	0.390276	-0.169243	-0.003650	-0.218833	-0.224941	0.050848	0.608320	0.054688	0.167969	-0.109375	-0.656250	0.183594	0.042969	-0.105469	0.105469	0.335938	0.218750	0.083130	-0.143971	-5.359026	0.997166	-0.178403	-0.734058	5.483214	-3.411167	6.395490	1.000000	0.000000	0.000000	0.000000	
0.564410	0.233694	-1.355515	1.325621	-0.886420	-0.467024	-0.263624	1.203537	-1.407371	1.163137	0.538351	0.229251	-1.323390	1.409545	-0.878192	-0.472035	-0.237063	1.221113	-1.441409	1.116107	0.351088	-0.148797	-0.056980	0.328667	-0.271668	0.065938	-0.174264	-0.322603	-0.001895	0.573808	0.042969	0.164062	-0.152344	-0.656250	0.152344	0.035156	-0.070312	0.093750	0.335938	0.183594	0.083130	-0.143971	-5.359026	0.997166	-0.178403	-0.734058	5.483214	-3.411167	6.395490	1.000000	0.000000	0.000000	0.000000	
0.565685	0.234906	-1.362645	1.326259	-0.890528	-0.468718	-0.262982	1.195017	-1.412510	1.159938	0.543336	0.227342	-1.325281	1.415382	-0.882103	-0.471718	-0.239583	1.216852	-1.442295	1.123389	0.380582	-0.104447	-0.145283	0.224797	-0.285400	0.013573	-0.153522	-0.342838	-0.056024	0.500564	0.011719	0.156250	-0.148438	-0.656250	0.132812	0.039062	-0.105469	0.070312	0.300781	0.140625	0.083130	-0.143971	-5.359026	0.997166	-0.178403	-0.734058	5.483214	-3.411167	6.395490	1.000000	0.000000	0.000000	0.000000	
0.567240	0.235418	-1.368703	1.328862	-0.889143	-0.470977	-0.263281	1.188375	-1.416451	1.163120	0.548235	0.226500	-1.328155	1.417834	-0.886108	-0.471703	-0.241492	1.212122	-1.443538	1.131001	0.268374	-0.074421	-0.220417	0.043417	-0.262345	-0.033539	-0.123531	-0.351840	-0.110291	0.137297	0.011719	0.148438	-0.183594	-0.644531	0.101562	0.027344	-0.093750	0.039062	0.281250	0.152344	0.083130	-0.143971	-5.359026	0.997166	-0.178403	-0.734058	5.483214	-3.411167	6.395490	1.000000	0.000000	0.000000	0.000000	
0.569558	0.235851	-1.372677	1.331432	-0.883899	-0.473576	-0.264594	1.183453	-1.418193	1.171116	0.552001	0.225572	-1.331614	1.418955	-0.890229	-0.471991	-0.243247	1.204512	-1.444999	1.133275	0.173402	-0.072582	-0.276785	0.035748	-0.134413	-0.038250	-0.104247	-0.415554	-0.161083	0.090502	0.023438	0.140625	-0.218750	-0.625000	0.035156	0.019531	-0.082031	0.050781	0.250000	0.156250	0.083130	-0.143971	-5.359026	0.997166	-0.178403	-0.734058	5.483214	-3.411167	6.395490	1.000000	0.000000	0.000000	0.000000	
0.572529	0.236490	-1.374980	1.334084	-0.876814	-0.476186	-0.266998	1.180019	-1.417827	1.179172	0.554596	0.224821	-1.336352	1.419445	-0.891296	-0.472290	-0.245060	1.198531	-1.446527	1.134650	0.125519	-0.059603	-0.191691	-0.031321	-0.006462	-0.070128	-0.115114	-0.411456	-0.201059	0.110250	0.042969	0.156250	-0.230469	-0.597656	0.023438	0.023438	-0.058594	0.054688	0.246094	0.148438	0.083130	-0.143971	-5.359026	0.997166	-0.178403	-0.734058	5.483214	-3.411167	6.395490	1.000000	0.000000	0.000000	0.000000	
0.575660	0.237052	-1.376225	1.335798	-0.868993	-0.478535	-0.269437	1.177692	-1.417680	1.182707	0.556666	0.224210	-1.339263	1.419035	-0.891000	-0.472665	-0.246772	1.192488	-1.449377	1.136840	0.092813	-0.035041	-0.193651	-0.072925	0.023781	-0.090764	-0.078978	-0.526205	-0.138753	0.136652	0.050781	0.140625	-0.269531	-0.562500	0.019531	-0.003906	-0.101562	0.085938	0.253906	0.167969	0.083130	-0.143971	-5.359026	0.997166	-0.178403	-0.734058	5.483214	-3.411167	6.395490	1.000000	0.000000	0.000000	0.000000	
0.578729	0.237545	-1.377141	1.336809	-0.863720	-0.480284	-0.271564	1.175236	-1.417156	1.181940	0.558365	0.223959	-1.341493	1.418638	-0.889681	-0.472959	-0.247542	1.186796	-1.450965	1.141058	0.127929	-0.005830	-0.165930	-0.063127	0.110557	0.008372	-0.067222	-0.464397	-0.104606	0.202105	0.058594	0.136719	-0.273438	-0.535156	0.042969	-0.011719	-0.132812	0.089844	0.253906	0.175781	0.083130	-0.143971	-5.359026	0.997166	-0.178403	-0.734058	5.483214	-3.411167	6.395490	1.000000	0.000000	0.000000	0.000000	
0.581538	0.237971	-1.377739	1.337076	-0.859672	-0.481353	-0.273243	1.172894	-1.416517	1.181730	0.560692	0.223909	-1.343151	1.418219	-0.886291	-0.473356	-0.248367	1.178291	-1.452445	1.144155	0.096544	-0.000583	-0.142220	-0.076105	0.192517	-0.075935	-0.009049	-0.447747	-0.136087	0.201671	0.058594	0.125000	-0.285156	-0.519531	0.042969	-0.019531	-0.175781	0.136719	0.281250	0.171875	0.083130	-0.143971	-5.359026	0.997166	-0.178403	-0.734058	5.483214	-3.411167	6.395490	1.000000	0.000000	0.000000	0.000000	
0.583812	0.237390	-1.377123	1.337393	-0.857736	-0.482198	-0.274854	1.172308	-1.414711	1.185195	0.561981	0.223971	-1.346293	1.417917	-0.883117	-0.473388	-0.248895	1.172858	-1.453808	1.146399	0.075957	-0.004711	-0.164276	-0.035528	0.193733	-0.028531	-0.023006	-0.348373	-0.139236	0.086470	0.070312	0.132812	-0.265625	-0.519531	0.039062	-0.054688	-0.199219	0.136719	0.285156	0.183594	0.083130	-0.143971	-5.359026	0.997166	-0.178403	-0.734058	5.483214	-3.411167	6.395490	1.000000	0.000000	0.000000	0.000000	
0.585920	0.236067	-1.376236	1.338021	-0.856591	-0.482990	-0.276030	1.172649	-1.412090	1.192294	0.564347	0.224081	-1.348763	1.416330	-0.880010	-0.473055	-0.249268	1.168257	-1.456964	1.148035	0.133223	0.015814	-0.218826	-0.143138	0.225262	0.021574	-0.018586	-0.415207	-0.279136	0.074950	0.054688	0.136719	-0.199219	-0.464844	0.042969	-0.054688	-0.222656	0.167969	0.339844	0.199219	0.083130	-0.143971	-5.359026	0.997166	-0.178403	-0.734058	5.483214	-3.411167	6.395490	1.000000	0.000000	0.000000	0.000000	
0.587731	0.234775	-1.374419	1.338206	-0.854011	-0.483175	-0.276989	1.174562	-1.409605	1.201723	0.566735	0.224135	-1.351148	1.414461	-0.876747	-0.473133	-0.249471	1.163751	-1.459292	1.149283	0.159887	0.003908	-0.227771	-0.139941	0.238883	-0.043208	-0.004185	-0.369546	-0.212864	0.045881	0.054688	0.121094	-0.191406	-0.460938	0.035156	-0.050781	-0.246094	0.222656	0.367188	0.222656	0.083130	-0.143971	-5.359026	0.997166	-0.178403	-0.734058	5.483214	-3.411167	6.395490	1.000000	0.000000	0.000000	0.000000	
0.590156	0.233218	-1.372317	1.339128	-0.849391	-0.483447	-0.278198	1.176312	-1.406818	1.209854	0.569902	0.224178	-1.353466	1.412779	-0.872532	-0.473101	-0.249544	1.156549	-1.461550	1.150671	0.253284	0.020165	-0.204238	-0.167538	0.132067	-0.021769	0.000745	-0.316125	-0.192278	0.049953	0.039062	0.109375	-0.152344	-0.433594	0.050781	-0.066406	-0.257812	0.281250	0.382812	0.230469	0.083130	-0.143971	-5.359026	0.997166	-0.178403	-0.734058	5.483214	-3.411167	6.395490	1.000000	0.000000	0.000000	0.000000	
0.592567	0.231883	-1.370001	1.339351	-0.844194	-0.483413	-0.278870	1.177890	-1.405092	1.217790	0.573201	0.224179	-1.357008	1.410989	-0.869969	-0.472973	-0.249575	1.152685	-1.463553	1.153106	0.199810	-0.011942	-0.205374	-0.152849	0.149302	-0.002177	0.003564	-0.240990	-0.144855	0.144581	0.035156	0.105469	-0.109375	-0.429688	0.042969	-0.074219	-0.273438	0.304688	0.417969	0.246094	0.083130	-0.143971	-5.359026	0.997166	-0.178403	-0.734058	5.483214	-3.411167	6.395490	1.000000	0.000000	0.000000	0.000000	
0.594945	0.230591	-1.367871	1.338974	-0.838943	-0.483211	-0.279316	1.179034	-1.404543	1.221625	0.576212	0.224179	-1.358855	1.408207	-0.867517	-0.472608	-0.249581	1.149586	-1.466595	1.156234	0.131649	-0.003521	-0.191529	-0.092057	0.206860	0.045148	-0.018255	-0.296290	-0.154071	0.234305	0.035156	0.082031	-0.085938	-0.410156	0.042969	-0.074219	-0.289062	0.339844	0.433594	0.269531	0.083130	-0.143971	-5.359026	0.997166	-0.178403	-0.734058	5.483214	-3.411167	6.395490	1.000000	0.000000	0.000000	0.000000	
0.596858	0.229293	-1.365858	1.338751	-0.835832	-0.482242	-0.279594	1.180255	-1.403651	1.223608	0.578898	0.224163	-1.360436	1.406682	-0.864749	-0.472269	-0.249558	1.147366	-1.467882	1.161779	0.208584	-0.005005	-0.252958	-0.113895	0.181209	-0.023402	0.002827	-0.239007	-0.095669	0.267705	0.035156	0.082031	-0.050781	-0.417969	0.058594	-0.082031	-0.285156	0.355469	0.433594	0.250000	0.083130	-0.143971	-5.359026	0.997166	-0.178403	-0.734058	5.483214	-3.411167	6.395490	1.000000	0.000000	0.000000	0.000000	
0.598697	0.228344	-1.364408	1.338412	-0.836271	-0.481543	-0.279483	1.180501	-1.401871	1.225995	0.581616	0.224151	-1.361794	1.405553	-0.861263	-0.471619	-0.249538	1.144548	-1.468745	1.166039	0.156954	0.005316	-0.119516	-0.084672	0.087914	0.022087	-0.018329	-0.149527	-0.089828	0.347817	0.050781	0.058594	-0.023438	-0.410156	0.101562	-0.093750	-0.296875	0.378906	0.445312	0.253906	0.083130	-0.143971	-5.359026	0.997166	-0.178403	-0.734058	5.483214	-3.411167	6.395490	1.000000	0.000000	0.000000	0.000000	
0.600229	0.227411	-1.363204	1.337915	-0.838383	-0.481130	-0.279421	1.180672	-1.399432	1.226822	0.583008	0.224117	-1.363351	1.404454	-0.859306	-0.470714	-0.249509	1.143281	-1.469257	1.169823	0.088978	-0.011101	-0.127109	-0.137584	0.120460	0.065022	-0.004159	-0.105683	-0.085755	0.334890	0.050781	0.058594	0.003906	-0.402344	0.105469	-0.089844	-0.296875	0.398438	0.445312	0.253906	0.083130	-0.143971	-5.359026	0.997166	-0.178403	-0.734058	5.483214	-3.411167	6.395490	1.000000	0.000000	0.000000	0.000000	
0.601385	0.226359	-1.361557	1.337835	-0.841780	-0.480933	-0.279669	1.181870	-1.396540	1.228125	0.584789	0.224037	-1.364171	1.402926	-0.858139	-0.469660	-0.249495	1.142519	-1.469675	1.173512	0.057753	-0.019721	-0.061566	-0.087041	0.032984	0.062336	-0.002742	-0.017548	-0.085347	0.333597	0.058594	0.050781	0.019531	-0.398438	0.125000	-0.093750	-0.296875	0.398438	0.449219	0.238281	0.083130	-0.143971	-5.359026	0.997166	-0.178403	-0.734058	5.483214	-3.411167	6.395490	1.000000	0.000000	0.000000	0.000000	
0.602673	0.225410	-1.359458	1.338121	-0.841701	-0.480803	-0.280201	1.184628	-1.393245	1.230633	0.585872	0.223997	-1.364698	1.402136	-0.857906	-0.468868	-0.249493	1.142100	-1.469661	1.178539	0.016244	0.007334	-0.082928	-0.061049	-0.045556	0.037640	-0.007254	-0.005244	0.026362	0.204352	0.085938	0.042969	0.023438	-0.410156	0.125000	-0.089844	-0.289062	0.386719	0.464844	0.253906	0.083130	-0.143971	-5.359026	0.997166	-0.178403	-0.734058	5.483214	-3.411167	6.395490	1.000000	0.000000	0.000000	0.000000	
0.604148	0.224738	-1.357569	1.338912	-0.839517	-0.480796	-0.280620	1.187214	-1.389443	1.233752	0.586573	0.223771	-1.364779	1.401711	-0.858295	-0.468564	-0.249508	1.142161	-1.469562	1.181192	0.026052	-0.017878	0.023114	-0.061939	-0.018514	-0.024153	-0.013521	-0.007504	-0.028771	0.229813	0.089844	0.042969	0.035156	-0.417969	0.121094	-0.085938	-0.296875	0.386719	0.480469	0.250000	0.083130	-0.143971	-5.359026	0.997166	-0.178403	-0.734058	5.483214	-3.411167	6.395490	1.000000	0.000000	0.000000	0.000000	
0.605571	0.224634	-1.356256	1.339004	-0.835900	-0.480887	-0.280663	1.189626	-1.386129	1.234321	0.587198	0.223281	-1.364384	1.401650	-0.858737	-0.468430	-0.249568	1.142658	-1.469251	1.183201	0.082867	-0.051806	0.058146	-0.020152	-0.057686	-0.002415	-0.008331	-0.042626	-0.027304	0.064857	0.082031	0.070312	0.035156	-0.421875	0.125000	-0.082031	-0.296875	0.398438	0.484375	0.257812	0.083130	-0.143971	-5.359026	0.997166	-0.178403	-0.734058	5.483214	-3.411167	6.395490	1.000000	0.000000	0.000000	0.000000	
0.606604	0.224388	-1.354559	1.338614	-0.835489	-0.480597	-0.280719	1.192147	-1.383414	1.238087	0.588123	0.222626	-1.363602	1.402486	-0.859067	-0.468307	-0.249685	1.143630	-1.468389	1.184839	0.053652	-0.066831	0.019773	0.064288	0.004700	-0.007221	-0.034566	0.107406	0.046124	0.086747	0.085938	0.066406	0.027344	-0.437500	0.140625	-0.082031	-0.296875	0.398438	0.503906	0.285156	0.083130	-0.143971	-5.359026	0.997166	-0.178403	-0.734058	5.483214	-3.411167	6.395490	1.000000	0.000000	0.000000	0.000000	
0.607686	0.224249	-1.353076	1.339004	-0.834444	-0.480048	-0.281105	1.194517	-1.381178	1.241235	0.588793	0.221889	-1.362670	1.403308	-0.859424	-0.468500	-0.249862	1.145109	-1.467078	1.186427	0.036772	-0.057864	0.120625	0.069242	-0.083281	-0.084473	-0.027884	0.077044	0.130239	0.120343	0.089844	0.082031	0.035156	-0.453125	0.171875	-0.070312	-0.285156	0.402344	0.492188	0.269531	0.083130	-0.143971	-5.359026	0.997166	-0.178403	-0.734058	5.483214	-3.411167	6.395490	1.000000	0.000000	0.000000	0.000000	
0.592726	0.228658	-1.347918	1.312871	-0.870706	-0.487569	-0.268267	1.205348	-1.396720	1.206351	0.589605	0.221201	-1.360957	1.404442	-0.859859	-0.468612	-0.250131	1.146132	-1.465434	1.189579	0.045553	-0.053478	0.060917	0.076717	-0.004838	0.022959	-0.017910	0.070518	0.117713	0.214433	0.093750	0.070312	0.035156	-0.476562	0.171875	-0.074219	-0.281250	0.402344	0.496094	0.265625	0.066396	-0.114463	-5.359299	-0.181362	0.273961	0.587722	2.795172	-1.928331	7.528599	1.000000	0.000000	0.000000	0.000000	
0.576378	0.228405	-1.351007	1.294034	-0.921493	-0.488462	-0.254630	1.212607	-1.404283	1.212505	0.590301	0.220360	-1.359427	1.405831	-0.860334	-0.468682	-0.250379	1.149147	-1.463433	1.191955	0.008045	-0.057692	0.089843	0.101892	-0.101683	0.012765	-0.039014	0.164085	0.158336	0.164518	0.101562	0.093750	0.019531	-0.468750	0.187500	-0.070312	-0.269531	0.410156	0.468750	0.269531	0.063049	-0.108562	-5.359353	-0.299215	0.319198	0.719900	2.526368	-1.780048	7.641910	1.000000	0.000000	0.000000	0.000000	
0.558807	0.233185	-1.365689	1.287452	-0.970503	-0.487128	-0.235360	1.211246	-1.397258	1.222092	0.589858	0.219901	-1.357449	1.406085	-0.864645	-0.469472	-0.250073	1.153022	-1.460052	1.190491	-0.058519	-0.033686	0.096225	-0.007259	-0.491738	-0.078985	0.029832	0.236255	0.099585	-0.238291	0.039062	0.109375	0.027344	-0.597656	0.148438	-0.093750	-0.203125	0.398438	0.355469	0.199219	0.062380	-0.107381	-5.359364	-0.311000	0.323721	0.733118	2.499487	-1.765220	7.653241	1.000000	0.000000	0.000000	0.000000	
0.542545	0.236205	-1.376416	1.285739	-0.998981	-0.487609	-0.218405	1.212607	-1.391146	1.225216	0.587662	0.219349	-1.356641	1.404367	-0.879660	-0.470042	-0.248873	1.157311	-1.458528	1.188139	-0.159396	-0.074324	0.051498	-0.231042	-0.980906	-0.123056	0.065797	0.264410	0.114647	-0.170394	-0.019531	0.136719	0.039062	-0.640625	0.089844	-0.101562	-0.125000	0.464844	0.328125	0.222656	0.062246	-0.107145	-5.359366	-0.312179	0.324174	0.734440	2.496799	-1.763737	7.654374	1.000000	0.000000	0.000000	0.000000	
0.529209	0.237968	-1.383274	1.283030	-1.013087	-0.489861	-0.204885	1.212568	-1.389445	1.218407	0.583175	0.219214	-1.356940	1.401455	-0.896597	-0.471149	-0.246468	1.160204	-1.456575	1.186069	-0.319538	-0.008596	-0.057664	-0.270868	-1.403213	-0.078609	0.118248	0.190454	0.206884	-0.013550	-0.050781	0.164062	-0.058594	-0.656250	-0.011719	-0.070312	-0.027344	0.429688	0.320312	0.234375	0.062219	-0.107098	-5.359366	-0.312297	0.324219	0.734572	2.496530	-1.763588	7.654488	1.000000	0.000000	0.000000	0.000000	
0.519361	0.238765	-1.388726	1.282900	-1.021192	-0.492354	-0.196099	1.209599	-1.388493	1.206133	0.576510	0.219212	-1.358042	1.398303	-0.913458	-0.472995	-0.242797	1.165169	-1.453519	1.186406	-0.384407	0.015425	0.015171	-0.316726	-1.417527	-0.143957	0.254936	0.235403	0.257983	0.016093	-0.058594	0.167969	-0.164062	-0.656250	-0.093750	-0.042969	-0.027344	0.378906	0.312500	0.238281	0.062214	-0.107088	-5.359366	-0.312308	0.324223	0.734585	2.496503	-1.763574	7.654499	1.000000	0.000000	0.000000	0.000000	
0.512807	0.239635	-1.389003	1.284458	-1.022003	-0.495713	-0.191993	1.209452	-1.387836	1.195489	0.566962	0.219308	-1.358892	1.392318	-0.928826	-0.475666	-0.237813	1.169337	-1.446098	1.186570	-0.725898	-0.013579	-0.057807	-0.282926	-1.213070	-0.244711	0.279074	0.341097	0.339865	0.019057	-0.054688	0.183594	-0.230469	-0.609375	-0.175781	-0.019531	0.019531	0.300781	0.250000	0.207031	0.062213	-0.107087	-5.359366	-0.312310	0.324224	0.734587	2.496501	-1.763572	7.654500	1.000000	0.000000	0.000000	0.000000	
0.508579	0.239319	-1.385678	1.289900	-1.019574	-0.499892	-0.193012	1.212921	-1.384198	1.188950	0.560254	0.219481	-1.360104	1.388261	-0.948379	-0.479980	-0.232277	1.173393	-1.441464	1.185804	-0.742599	0.006785	-0.124428	-0.429600	-0.857620	-0.439737	0.343138	0.316770	0.267792	-0.032991	-0.007812	0.175781	-0.238281	-0.574219	-0.214844	0.039062	0.007812	0.250000	0.253906	0.167969	0.062212	-0.107086	-5.359366	-0.312310	0.324224	0.734587	2.496500	-1.763572	7.654500	1.000000	0.000000	0.000000	0.000000	
0.504498	0.239709	-1.379796	1.295151	-1.017625	-0.505635	-0.195772	1.221074	-1.377949	1.196357	0.549486	0.219798	-1.361631	1.384856	-0.958033	-0.485569	-0.227454	1.177791	-1.438113	1.183857	-0.695415	0.040228	-0.015932	-0.287234	-0.574311	-0.385958	0.252997	0.394599	0.145427	-0.216167	-0.011719	0.164062	-0.253906	-0.566406	-0.234375	0.058594	0.082031	0.175781	0.257812	0.125000	0.062212	-0.107086	-5.359366	-0.312310	0.324224	0.734587	2.496500	-1.763572	7.654500	1.000000	0.000000	0.000000	0.000000	
0.500111	0.240153	-1.372744	1.298774	-1.014060	-0.512124	-0.198708	1.230650	-1.373074	1.211930	0.539771	0.220290	-1.361767	1.382382	-0.964083	-0.490952	-0.224833	1.185359	-1.435141	1.181989	-0.610435	0.016818	-0.008573	-0.178778	-0.427332	-0.282870	0.235841	0.301182	0.209962	-0.157712	-0.019531	0.156250	-0.238281	-0.558594	-0.218750	0.050781	0.058594	0.152344	0.257812	0.093750	0.062212	-0.107086	-5.359366	-0.312310	0.324224	0.734587	2.496500	-1.763572	7.654500	1.000000	0.000000	0.000000	0.000000	
0.495844	0.239216	-1.365510	1.301268	-1.006275	-0.518497	-0.201130	1.239510	-1.369837	1.226227	0.531746	0.220994	-1.360679	1.379391	-0.968395	-0.496342	-0.221563	1.190314	-1.431154	1.181155	-0.507716	0.058679	0.093363	-0.091160	-0.314925	-0.408657	0.182944	0.229027	0.178030	-0.050668	-0.011719	0.117188	-0.222656	-0.531250	-0.222656	0.035156	0.058594	0.207031	0.269531	0.109375	0.062212	-0.107086	-5.359366	-0.312310	0.324224	0.734587	2.496500	-1.763572	7.654500	1.000000	0.000000	0.000000	0.000000	
0.491407	0.236898	-1.359561	1.302768	-0.998719	-0.523683	-0.203332	1.245833	-1.369174	1.235485	0.524979	0.221983	-1.358184	1.378406	-0.973547	-0.499722	-0.219018	1.194843	-1.428030	1.182152	-0.357859	0.050070	0.100067	-0.054481	-0.157119	-0.403788	0.125310	0.281136	0.199264	0.071705	-0.039062	0.109375	-0.214844	-0.511719	-0.191406	0.050781	0.074219	0.234375	0.269531	0.164062	0.062212	-0.107086	-5.359366	-0.312310	0.324224	0.734587	2.496500	-1.763572	7.654500	1.000000	0.000000	0.000000	0.000000	
0.486283	0.234983	-1.354510	1.302593	-0.995853	-0.527665	-0.205482	1.249963	-1.371408	1.241757	0.519239	0.223085	-1.353323	1.378087	-0.975159	-0.505051	-0.217120	1.199553	-1.424594	1.184144	-0.332405	0.044556	0.184488	0.043407	-0.071546	-0.403301	0.106751	0.324732	0.288628	0.132797	-0.039062	0.070312	-0.191406	-0.500000	-0.183594	0.039062	0.035156	0.273438	0.257812	0.230469	0.062212	-0.107086	-5.359366	-0.312310	0.324224	0.734587	2.496500	-1.763572	7.654500	1.000000	0.000000	0.000000	0.000000	
0.480753	0.233856	-1.352068	1.300480	-0.999457	-0.530025	-0.206576	1.249907	-1.375852	1.238611	0.514141	0.223839	-1.350048	1.377854	-0.975505	-0.510503	-0.215432	1.205682	-1.421556	1.187039	-0.308921	0.096349	0.130117	-0.079411	0.010294	-0.371845	0.072325	0.203465	0.241730	0.229637	-0.050781	0.039062	-0.148438	-0.492188	-0.140625	0.023438	0.027344	0.312500	0.265625	0.230469	0.062212	-0.107086	-5.359366	-0.312310	0.324224	0.734587	2.496500	-1.763572	7.654500	1.000000	0.000000	0.000000	0.000000	
0.475325	0.234848	-1.351921	1.295894	-1.009416	-0.531573	-0.205467	1.245479	-1.381450	1.222973	0.508299	0.224903	-1.347309	1.376959	-0.975672	-0.515059	-0.214068	1.208822	-1.418041	1.190599	-0.435690	0.067795	0.138638	-0.081223	-0.033867	-0.309376	0.081678	0.132015	0.069538	0.295155	-0.035156	0.027344	-0.140625	-0.468750	-0.121094	0.003906	0.000000	0.367188	0.273438	0.250000	0.062212	-0.107086	-5.359366	-0.312310	0.324224	0.734587	2.496500	-1.763572	7.654500	1.000000	0.000000	0.000000	0.000000	
0.469891	0.236893	-1.353682	1.291188	-1.025038	-0.531671	-0.203016	1.238634	-1.386410	1.201756	0.504635	0.225931	-1.345453	1.375956	-0.977329	-0.518127	-0.212826	1.210080	-1.417192	1.193249	-0.350657	0.057961	0.076677	-0.095363	-0.174379	-0.215888	0.029106	0.030650	-0.027943	0.134204	-0.027344	0.023438	-0.093750	-0.460938	-0.089844	-0.027344	-0.003906	0.378906	0.281250	0.257812	0.062212	-0.107086	-5.359366	-0.312310	0.324224	0.734587	2.496500	-1.763572	7.654500	1.000000	0.000000	0.000000	0.000000	
0.465451	0.239422	-1.353963	1.287796	-1.035882	-0.531711	-0.201007	1.234579	-1.387792	1.180768	0.499128	0.226953	-1.343700	1.374495	-0.980035	-0.520582	-0.211568	1.209847	-1.417701	1.194337	-0.335174	0.023244	0.070481	-0.124694	-0.321036	-0.105340	0.087825	-0.059748	-0.131911	-0.115696	-0.042969	0.027344	-0.093750	-0.468750	-0.089844	-0.023438	-0.003906	0.363281	0.269531	0.218750	0.062212	-0.107086	-5.359366	-0.312310	0.324224	0.734587	2.496500	-1.763572	7.654500	1.000000	0.000000	0.000000	0.000000	
0.462487	0.241460	-1.352945	1.287256	-1.038590	-0.532541	-0.199560	1.233609	-1.384350	1.166509	0.494367	0.227981	-1.342986	1.372337	-0.985205	-0.522236	-0.210832	1.209000	-1.418845	1.191404	-0.260344	0.054669	0.010538	-0.239296	-0.520652	-0.136161	0.071596	-0.086236	-0.177204	-0.350064	-0.074219	0.023438	-0.121094	-0.449219	-0.089844	-0.023438	0.000000	0.312500	0.269531	0.191406	0.062212	-0.107086	-5.359366	-0.312310	0.324224	0.734587	2.496500	-1.763572	7.654500	1.000000	0.000000	0.000000	0.000000	
0.461583	0.242682	-1.349024	1.288368	-1.034098	-0.535199	-0.199623	1.237139	-1.378329	1.164023	0.489901	0.228914	-1.342407	1.367422	-0.991400	-0.524118	-0.209707	1.208322	-1.422006	1.185365	-0.305205	0.061301	-0.023374	-0.247266	-0.613896	-0.090388	0.043219	-0.019093	-0.181733	-0.586368	-0.082031	0.039062	-0.125000	-0.449219	-0.101562	-0.007812	0.023438	0.269531	0.289062	0.171875	0.062212	-0.107086	-5.359366	-0.312310	0.324224	0.734587	2.496500	-1.763572	7.654500	1.000000	0.000000	0.000000	0.000000	
0.461632	0.242420	-1.343661	1.290763	-1.025165	-0.539043	-0.200829	1.244443	-1.371255	1.170405	0.485785	0.229997	-1.341686	1.364307	-1.000297	-0.525222	-0.208650	1.208041	-1.423632	1.177614	-0.201513	0.057311	0.043028	-0.248063	-0.305664	-0.117217	0.041545	-0.036806	-0.077497	-0.676302	-0.070312	0.039062	-0.132812	-0.429688	-0.132812	-0.003906	0.035156	0.253906	0.300781	0.148438	0.062212	-0.107086	-5.359366	-0.312310	0.324224	0.734587	2.496500	-1.763572	7.654500	1.000000	0.000000	0.000000	0.000000	
0.460409	0.241243	-1.336717	1.289196	-1.015262	-0.543536	-0.200587	1.251688	-1.366663	1.179224	0.481932	0.231094	-1.339263	1.362181	-1.004040	-0.527284	-0.207679	1.208106	-1.424490	1.166055	-0.208591	0.039464	0.105502	-0.181840	-0.222496	-0.172245	0.042540	-0.021129	-0.088011	-0.479407	-0.050781	0.050781	-0.148438	-0.437500	-0.125000	0.003906	0.011719	0.289062	0.316406	0.152344	0.062212	-0.107086	-5.359366	-0.312310	0.324224	0.734587	2.496500	-1.763572	7.654500	1.000000	0.000000	0.000000	0.000000	
0.458956	0.238969	-1.330955	1.288144	-1.003272	-0.547508	-0.201131	1.258371	-1.365458	1.183545	0.478690	0.231701	-1.337010	1.361029	-1.005345	-0.529538	-0.206774	1.208773	-1.424250	1.160908	-0.146486	0.049312	0.164094	-0.056570	-0.032719	-0.153320	0.079863	-0.047478	0.054012	-0.281746	-0.058594	0.035156	-0.117188	-0.445312	-0.117188	-0.011719	0.000000	0.347656	0.320312	0.152344	0.062212	-0.107086	-5.359366	-0.312310	0.324224	0.734587	2.496500	-1.763572	7.654500	1.000000	0.000000	0.000000	0.000000	
0.457316	0.235978	-1.326115	1.287691	-0.991605	-0.550314	-0.202754	1.264297	-1.366090	1.185488	0.476200	0.232485	-1.334184	1.360435	-1.005413	-0.532243	-0.205786	1.209804	-1.422457	1.158740	-0.199599	0.052623	0.162974	0.018770	-0.038168	-0.144448	0.060331	0.012700	0.176393	-0.108436	-0.054688	0.027344	-0.089844	-0.468750	-0.070312	-0.011719	-0.007812	0.386719	0.328125	0.164062	0.062212	-0.107086	-5.359366	-0.312310	0.324224	0.734587	2.496500	-1.763572	7.654500	1.000000	0.000000	0.000000	0.000000	
0.454676	0.233257	-1.322776	1.287903	-0.985430	-0.551535	-0.205810	1.268705	-1.367825	1.190986	0.474272	0.233223	-1.330566	1.360316	-1.005596	-0.534844	-0.204732	1.211415	-1.421105	1.157967	-0.197931	0.032016	0.127966	0.026304	-0.098037	-0.171478	0.046745	0.126897	0.080453	-0.017823	-0.066406	0.003906	-0.042969	-0.468750	-0.054688	-0.019531	-0.027344	0.429688	0.320312	0.183594	0.062212	-0.107086	-5.359366	-0.312310	0.324224	0.734587	2.496500	-1.763572	7.654500	1.000000	0.000000	0.000000	0.000000	
0.450985	0.231256	-1.319963	1.287537	-0.984724	-0.552243	-0.208336	1.272577	-1.369831	1.200899	0.471948	0.233484	-1.328897	1.360414	-1.004905	-0.537569	-0.203705	1.213870	-1.419647	1.157667	-0.201254	-0.002614	0.065141	0.020079	0.025093	-0.156733	0.055856	0.078993	0.168568	0.012176	-0.054688	0.019531	-0.050781	-0.484375	0.000000	-0.023438	-0.050781	0.468750	0.300781	0.187500	0.062212	-0.107086	-5.359366	-0.312310	0.324224	0.734587	2.496500	-1.763572	7.654500	1.000000	0.000000	0.000000	0.000000	
0.446687	0.230106	-1.318028	1.286011	-0.987649	-0.552316	-0.209547	1.274228	-1.371755	1.210253	0.470465	0.233520	-1.326552	1.360748	-1.003047	-0.540198	-0.203273	1.215863	-1.417732	1.157873	-0.198097	0.000902	0.069327	0.002008	0.107198	-0.165728	0.012565	0.067223	0.023836	0.001218	-0.054688	0.003906	-0.019531	-0.484375	0.050781	-0.035156	-0.039062	0.480469	0.312500	0.203125	0.062212	-0.107086	-5.359366	-0.312310	0.324224	0.734587	2.496500	-1.763572	7.654500	1.000000	0.000000	0.000000	0.000000	
0.442228	0.230554	-1.317655	1.283826	-0.994421	-0.551573	-0.209165	1.272374	-1.375740	1.213148	0.468157	0.233438	-1.324774	1.361009	-1.001366	-0.541839	-0.203219	1.217546	-1.416961	1.159272	-0.208250	-0.008052	0.101153	-0.034696	0.010720	-0.131731	-0.012702	0.086984	0.005873	0.122259	-0.050781	-0.019531	0.000000	-0.484375	0.105469	-0.035156	-0.054688	0.503906	0.296875	0.230469	0.062212	-0.107086	-5.359366	-0.312310	0.324224	0.734587	2.496500	-1.763572	7.654500	1.000000	0.000000	0.000000	0.000000	
0.437728	0.231494	-1.317679	1.281659	-1.004380	-0.550062	-0.208879	1.267932	-1.381582	1.212606	0.465369	0.233349	-1.322625	1.361182	-1.001273	-0.543451	-0.203233	1.218974	-1.416710	1.161805	-0.251141	-0.029886	0.020584	0.013979	-0.030335	-0.131821	-0.017555	0.085470	0.000587	0.263479	-0.050781	-0.023438	0.023438	-0.500000	0.101562	-0.023438	-0.058594	0.515625	0.289062	0.222656	0.062212	-0.107086	-5.359366	-0.312310	0.324224	0.734587	2.496500	-1.763572	7.654500	1.000000	0.000000	0.000000	0.000000	
0.433820	0.232585	-1.319177	1.280537	-1.014090	-0.547967	-0.208457	1.262424	-1.387812	1.202853	0.461855	0.233323	-1.321711	1.361702	-1.002054	-0.544743	-0.203236	1.219744	-1.416781	1.164832	-0.269388	0.000501	0.002058	-0.005581	-0.062357	-0.110892	-0.011061	-0.008901	-0.020879	0.193850	-0.042969	-0.023438	0.023438	-0.519531	0.082031	-0.003906	-0.054688	0.527344	0.281250	0.234375	0.062212	-0.107086	-5.359366	-0.312310	0.324224	0.734587	2.496500	-1.763572	7.654500	1.000000	0.000000	0.000000	0.000000	
0.430041	0.234323	-1.321642	1.279138	-1.023500	-0.545756	-0.206605	1.255869	-1.393049	1.187413	0.458269	0.233318	-1.321067	1.361854	-1.004100	-0.545413	-0.203236	1.219849	-1.417304	1.167594	-0.208400	0.000050	0.035102	-0.024986	-0.226083	-0.098330	-0.012738	-0.039276	-0.043963	0.176418	-0.050781	-0.011719	0.019531	-0.535156	0.066406	0.000000	-0.050781	0.476562	0.253906	0.230469	0.062212	-0.107086	-5.359366	-0.312310	0.324224	0.734587	2.496500	-1.763572	7.654500	1.000000	0.000000	0.000000	0.000000	
0.426586	0.236208	-1.323357	1.278083	-1.032352	-0.544288	-0.204663	1.249637	-1.395090	1.173232	0.454474	0.233374	-1.320721	1.361957	-1.008265	-0.545717	-0.203268	1.219580	-1.418135	1.170812	-0.233708	0.013964	-0.031386	-0.047864	-0.343654	0.000636	-0.029191	0.013521	-0.123044	0.063007	-0.058594	0.003906	0.007812	-0.531250	0.054688	-0.007812	-0.039062	0.437500	0.238281	0.199219	0.062212	-0.107086	-5.359366	-0.312310	0.324224	0.734587	2.496500	-1.763572	7.654500	1.000000	0.000000	0.000000	0.000000	
0.424192	0.237573	-1.323755	1.278393	-1.035075	-0.543682	-0.203670	1.246211	-1.393698	1.161699	0.450710	0.233393	-1.319609	1.361929	-1.012370	-0.545608	-0.203267	1.218629	-1.419344	1.170414	-0.271135	-0.000930	0.021289	-0.018745	-0.317026	-0.027853	-0.004082	-0.085889	-0.106524	-0.150733	-0.058594	0.000000	-0.039062	-0.535156	0.035156	-0.007812	-0.035156	0.394531	0.218750	0.152344	0.062212	-0.107086	-5.359366	-0.312310	0.324224	0.734587	2.496500	-1.763572	7.654500	1.000000	0.000000	0.000000	0.000000	
0.423002	0.238327	-1.322352	1.279563	-1.032099	-0.544331	-0.202940	1.246049	-1.388885	1.154994	0.447194	0.233502	-1.318805	1.361706	-1.016196	-0.545562	-0.203250	1.217227	-1.420821	1.167378	-0.260919	-0.000093	0.057963	-0.026302	-0.265508	-0.030702	-0.010877	-0.099319	-0.136279	-0.339609	-0.070312	0.023438	-0.066406	-0.546875	0.003906	0.007812	-0.007812	0.339844	0.222656	0.164062	0.062212	-0.107086	-5.359366	-0.312310	0.324224	0.734587	2.496500	-1.763572	7.654500	1.000000	0.000000	0.000000	0.000000	
0.422676	0.238596	-1.319474	1.280394	-1.027074	-0.546170	-0.202071	1.248462	-1.383110	1.154734	0.445207	0.233629	-1.317942	1.361516	-1.020015	-0.545723	-0.203239	1.216486	-1.423540	1.162506	-0.284325	-0.009315	0.051162	-0.072423	-0.330149	-0.024008	-0.008067	-0.065766	-0.125296	-0.491103	-0.058594	0.023438	-0.082031	-0.535156	0.007812	0.019531	0.003906	0.296875	0.250000	0.148438	0.062212	-0.107086	-5.359366	-0.312310	0.324224	0.734587	2.496500	-1.763572	7.654500	1.000000	0.000000	0.000000	0.000000	
0.422038	0.238045	-1.315353	1.280948	-1.021906	-0.548835	-0.202031	1.252863	-1.377726	1.161251	0.442774	0.233719	-1.316558	1.361453	-1.024341	-0.545755	-0.203229	1.216338	-1.424908	1.153873	-0.164528	-0.004421	0.109805	-0.007242	-0.190048	-0.026828	-0.004296	0.000403	-0.071853	-0.356198	-0.074219	0.035156	-0.093750	-0.535156	0.003906	0.007812	0.007812	0.300781	0.257812	0.132812	0.062212	-0.107086	-5.359366	-0.312310	0.324224	0.734587	2.496500	-1.763572	7.654500	1.000000	0.000000	0.000000	0.000000	
0.421441	0.236512	-1.311279	1.280530	-1.015153	-0.551095	-0.202235	1.257755	-1.375099	1.169078	0.440809	0.233801	-1.313809	1.361514	-1.025400	-0.545810	-0.203219	1.216406	-1.425206	1.149142	-0.197914	0.014680	0.094732	-0.028641	-0.053901	0.000807	0.003060	-0.045325	-0.007185	-0.342707	-0.082031	0.050781	-0.089844	-0.531250	-0.003906	0.003906	0.007812	0.312500	0.281250	0.140625	0.062212	-0.107086	-5.359366	-0.312310	0.324224	0.734587	2.496500	-1.763572	7.654500	1.000000	0.000000	0.000000	0.000000	
0.420120	0.234591	-1.308555	1.280464	-1.009147	-0.551894	-0.202464	1.261497	-1.375714	1.174123	0.439568	0.233834	-1.311538	1.361865	-1.025442	-0.546645	-0.203217	1.216855	-1.424878	1.146960	-0.082605	-0.000858	0.079266	-0.034271	-0.015859	-0.118567	0.000306	-0.001043	0.006261	-0.121512	-0.093750	0.050781	-0.089844	-0.542969	0.023438	0.000000	0.007812	0.355469	0.289062	0.121094	0.062212	-0.107086	-5.359366	-0.312310	0.324224	0.734587	2.496500	-1.763572	7.654500	1.000000	0.000000	0.000000	0.000000	
0.418193	0.233300	-1.307186	1.279891	-1.005106	-0.551979	-0.202574	1.263118	-1.378551	1.175055	0.438980	0.233840	-1.309461	1.362105	-1.025038	-0.547272	-0.203224	1.217381	-1.423019	1.146620	-0.029198	-0.008228	0.116105	0.000063	0.029821	-0.060712	-0.013928	0.034792	0.098336	0.029724	-0.109375	0.027344	-0.074219	-0.546875	0.050781	0.003906	0.007812	0.394531	0.269531	0.148438	0.062212	-0.107086	-5.359366	-0.312310	0.324224	0.734587	2.496500	-1.763572	7.654500	1.000000	0.000000	0.000000	0.000000	
0.415719	0.232544	-1.307387	1.278913	-1.005847	-0.551004	-0.202800	1.262499	-1.382761	1.172940	0.438572	0.233769	-1.307349	1.362395	-1.024352	-0.548076	-0.203201	1.218117	-1.421556	1.146867	-0.023858	-0.025250	0.098851	-0.024421	0.044858	-0.068885	0.019545	0.059313	0.079626	0.079744	-0.109375	0.003906	-0.066406	-0.546875	0.070312	-0.003906	0.003906	0.402344	0.265625	0.167969	0.062212	-0.107086	-5.359366	-0.312310	0.324224	0.734587	2.496500	-1.763572	7.654500	1.000000	0.000000	0.000000	0.000000	
0.413061	0.232323	-1.308426	1.277694	-1.008879	-0.549568	-0.202298	1.260802	-1.386742	1.166760	0.437933	0.233730	-1.305497	1.362599	-1.023270	-0.548552	-0.203181	1.218773	-1.420537	1.147135	-0.037282	-0.014157	0.027333	-0.002442	0.133602	-0.041785	-0.014330	0.016400	0.095203	0.007974	-0.109375	-0.003906	-0.039062	-0.550781	0.085938	-0.023438	0.003906	0.429688	0.253906	0.175781	0.062212	-0.107086	-5.359366	-0.312310	0.324224	0.734587	2.496500	-1.763572	7.654500	1.000000	0.000000	0.000000	0.000000	
0.410505	0.232527	-1.309473	1.276011	-1.012040	-0.548326	-0.201417	1.258380	-1.389600	1.160583	0.436545	0.233634	-1.304860	1.362761	-1.022229	-0.548671	-0.203177	1.219122	-1.420066	1.147067	-0.122376	-0.001416	-0.049611	-0.014203	0.072684	-0.011158	-0.002596	-0.075132	0.013010	0.025225	-0.117188	0.000000	-0.035156	-0.550781	0.085938	-0.011719	0.003906	0.429688	0.238281	0.183594	0.062212	-0.107086	-5.359366	-0.312310	0.324224	0.734587	2.496500	-1.763572	7.654500	1.000000	0.000000	0.000000	0.000000	
0.408146	0.233820	-1.310771	1.276056	-1.014812	-0.547659	-0.200868	1.255867	-1.389547	1.157360	0.435589	0.233566	-1.304708	1.362793	-1.021803	-0.548695	-0.203160	1.219216	-1.420239	1.146569	-0.113437	-0.014100	0.012487	0.016028	0.017737	0.012843	-0.013055	-0.014492	-0.012658	-0.049822	-0.109375	-0.007812	-0.035156	-0.562500	0.082031	0.000000	0.003906	0.410156	0.234375	0.148438	0.062212	-0.107086	-5.359366	-0.312310	0.324224	0.734587	2.496500	-1.763572	7.654500	1.000000	0.000000	0.000000	0.000000	
0.406277	0.234765	-1.310956	1.276101	-1.016807	-0.547563	-0.200713	1.254766	-1.388192	1.157981	0.434065	0.233553	-1.304799	1.362727	-1.021718	-0.548724	-0.203051	1.219138	-1.421000	1.144821	-0.140460	-0.007226	0.011718	-0.001887	-0.008695	-0.065019	0.016143	-0.036346	-0.078038	-0.123630	-0.117188	-0.003906	-0.027344	-0.566406	0.070312	0.003906	0.003906	0.386719	0.238281	0.152344	0.062212	-0.107086	-5.359366	-0.312310	0.324224	0.734587	2.496500	-1.763572	7.654500	1.000000	0.000000	0.000000	0.000000	
0.404866	0.234944	-1.310496	1.276515	-1.018196	-0.548001	-0.200924	1.254922	-1.385828	1.160899	0.432209	0.233582	-1.305156	1.362665	-1.021822	-0.548706	-0.202965	1.219001	-1.421831	1.143042	-0.115245	0.005093	-0.033725	-0.017637	-0.000870	0.010946	0.006267	-0.010614	-0.095045	-0.169396	-0.117188	0.000000	-0.035156	-0.574219	0.050781	0.007812	0.007812	0.363281	0.238281	0.136719	0.062212	-0.107086	-5.359366	-0.312310	0.324224	0.734587	2.496500	-1.763572	7.654500	1.000000	0.000000	0.000000	0.000000	
0.403642	0.234741	-1.309635	1.276547	-1.018025	-0.548568	-0.200941	1.255351	-1.384320	1.165392	0.430626	0.233637	-1.305276	1.362556	-1.021988	-0.548702	-0.202786	1.218950	-1.422555	1.141378	-0.088296	-0.002980	-0.031290	-0.001764	0.017361	0.011564	-0.001700	-0.028978	-0.079297	-0.135587	-0.136719	0.007812	-0.054688	-0.562500	0.039062	0.007812	0.007812	0.351562	0.246094	0.156250	0.062212	-0.107086	-5.359366	-0.312310	0.324224	0.734587	2.496500	-1.763572	7.654500	1.000000	0.000000	0.000000	0.000000	
0.402649	0.233769	-1.308252	1.276206	-1.015639	-0.548862	-0.201173	1.255997	-1.384768	1.169421	0.428831	0.233680	-1.305300	1.362437	-1.022239	-0.548774	-0.202548	1.218939	-1.423620	1.140294	-0.169353	0.005518	-0.086880	-0.028093	-0.019202	-0.054678	0.000993	0.014550	-0.018399	-0.041476	-0.109375	0.011719	-0.054688	-0.550781	0.035156	0.007812	0.000000	0.363281	0.269531	0.156250	0.062212	-0.107086	-5.359366	-0.312310	0.324224	0.734587	2.496500	-1.763572	7.654500	1.000000	0.000000	0.000000	0.000000	
0.401704	0.232673	-1.307488	1.276759	-1.013176	-0.548776	-0.202227	1.256170	-1.385932	1.171177	0.427139	0.233696	-1.305160	1.362268	-1.022484	-0.548861	-0.202331	1.218937	-1.423906	1.139834	-0.104176	0.011021	-0.061033	-0.027237	0.005059	0.001511	0.000099	0.039841	-0.047205	-0.018106	-0.117188	0.007812	-0.050781	-0.558594	0.035156	0.007812	0.003906	0.355469	0.265625	0.167969	0.062212	-0.107086	-5.359366	-0.312310	0.324224	0.734587	2.496500	-1.763572	7.654500	1.000000	0.000000	0.000000	0.000000	
0.400400	0.232180	-1.307032	1.276140	-1.011363	-0.548152	-0.202183	1.255452	-1.388058	1.170003	0.425347	0.233700	-1.304744	1.362064	-1.022557	-0.548878	-0.202199	1.218913	-1.424084	1.140082	-0.115107	0.002265	0.011345	-0.037620	-0.044859	-0.045214	-0.010459	-0.030912	-0.032638	-0.026238	-0.101562	0.003906	-0.039062	-0.558594	0.050781	0.000000	0.003906	0.363281	0.257812	0.187500	0.062212	-0.107086	-5.359366	-0.312310	0.324224	0.734587	2.496500	-1.763572	7.654500	1.000000	0.000000	0.000000	0.000000	
0.399172	0.231972	-1.306978	1.275389	-1.009984	-0.547080	-0.201944	1.254297	-1.390698	1.163771	0.423704	0.233684	-1.304418	1.361684	-1.022474	-0.548906	-0.202164	1.218908	-1.424338	1.140398	-0.105731	-0.004426	0.018583	-0.059596	0.061817	-0.039418	-0.001046	-0.003091	-0.017222	-0.016582	-0.121094	0.000000	-0.039062	-0.546875	0.058594	0.007812	0.000000	0.378906	0.265625	0.191406	0.062212	-0.107086	-5.359366	-0.312310	0.324224	0.734587	2.496500	-1.763572	7.654500	1.000000	0.000000	0.000000	0.000000	
0.397751	0.232528	-1.306995	1.274114	-1.009996	-0.546063	-0.201061	1.252758	-1.392773	1.156304	0.422915	0.233673	-1.304159	1.361463	-1.022385	-0.548936	-0.202166	1.218834	-1.425189	1.140485	-0.059428	-0.009748	0.033265	-0.030387	-0.004287	-0.017900	-0.014063	-0.024737	-0.015681	-0.029575	-0.121094	-0.011719	-0.035156	-0.550781	0.070312	0.003906	-0.003906	0.367188	0.265625	0.203125	0.062212	-0.107086	-5.359366	-0.312310	0.324224	0.734587	2.496500	-1.763572	7.654500	1.000000	0.000000	0.000000	0.000000	
0.396575	0.233505	-1.307271	1.273932	-1.011967	-0.545520	-0.200655	1.251462	-1.392980	1.152724	0.421618	0.233655	-1.303938	1.361273	-1.022343	-0.548797	-0.202117	1.218698	-1.426062	1.140091	-0.114121	-0.012607	-0.003653	-0.037935	0.003061	0.050554	0.002083	0.001016	-0.099278	-0.055302	-0.105469	-0.011719	-0.035156	-0.550781	0.082031	0.011719	0.007812	0.355469	0.257812	0.175781	0.062212	-0.107086	-5.359366	-0.312310	0.324224	0.734587	2.496500	-1.763572	7.654500	1.000000	0.000000	0.000000	0.000000	
0.399362	0.235051	-1.325194	1.284146	-1.000473	-0.535436	-0.195015	1.235098	-1.381025	1.139070	0.419881	0.233651	-1.303748	1.360969	-1.022359	-0.548817	-0.202092	1.218356	-1.427084	1.139018	-0.157977	-0.015219	0.048490	-0.063117	-0.003184	-0.029841	0.004861	-0.045264	-0.177430	-0.183501	-0.105469	-0.003906	-0.035156	-0.562500	0.082031	0.027344	0.003906	0.347656	0.257812	0.148438	0.038551	-0.002254	-5.206877	-0.116088	0.220201	-0.461359	-0.298074	-0.010641	9.675374	1.000000	0.000000	0.000000	0.000000	
0.402634	0.238228	-1.325776	1.279457	-0.963293	-0.535317	-0.193420	1.226809	-1.383615	1.102315	0.418346	0.233667	-1.303662	1.360472	-1.022435	-0.548579	-0.202078	1.217851	-1.428161	1.137350	-0.092570	-0.003848	-0.005620	-0.097042	-0.014277	-0.002984	-0.018125	-0.077809	-0.125922	-0.136998	-0.101562	-0.007812	-0.035156	-0.562500	0.070312	0.070312	0.019531	0.339844	0.273438	0.156250	0.033819	0.018713	-5.176379	-0.096466	0.209798	-0.580953	-0.577531	0.164652	9.877461	1.000000	0.000000	0.000000	0.000000	
0.409863	0.242516	-1.319571	1.277147	-0.913920	-0.535816	-0.199281	1.228813	-1.379768	1.043402	0.417045	0.233726	-1.305632	1.360518	-1.021820	-0.548240	-0.201704	1.215569	-1.429879	1.134472	-0.127904	0.007758	-0.129678	-0.009704	0.043938	0.027619	0.012146	-0.182263	-0.061447	-0.247505	-0.082031	0.003906	-0.132812	-0.496094	0.117188	0.074219	0.039062	0.246094	0.355469	0.121094	0.032872	0.022906	-5.170280	-0.094504	0.208758	-0.592913	-0.605477	0.182181	9.897671	1.000000	0.000000	0.000000	0.000000	
0.417847	0.245009	-1.315554	1.275241	-0.878008	-0.535103	-0.205791	1.228912	-1.370241	0.996141	0.416179	0.234134	-1.306922	1.360551	-1.016632	-0.547712	-0.201128	1.212956	-1.431725	1.126868	-0.047687	0.053120	-0.110678	0.117677	0.531328	0.002762	0.033785	-0.234583	-0.285315	-0.624967	-0.074219	0.023438	-0.171875	-0.562500	0.167969	0.070312	0.042969	0.199219	0.414062	0.042969	0.032683	0.023745	-5.169060	-0.094307	0.208654	-0.594109	-0.608271	0.183934	9.899692	1.000000	0.000000	0.000000	0.000000	
0.425741	0.244788	-1.314324	1.273081	-0.861794	-0.533857	-0.211224	1.229773	-1.357976	0.971394	0.416176	0.234619	-1.307714	1.361091	-1.005804	-0.547219	-0.201046	1.211876	-1.433597	1.113546	-0.036175	0.054167	0.027318	0.116457	0.974396	0.042152	-0.009417	-0.082782	-0.234420	-1.458350	-0.042969	0.023438	-0.101562	-0.601562	0.269531	0.058594	0.023438	0.175781	0.429688	0.011719	0.032645	0.023913	-5.168816	-0.094288	0.208644	-0.594228	-0.608551	0.184109	9.899894	1.000000	0.000000	0.000000	0.000000	
0.431761	0.242727	-1.314958	1.269798	-0.864652	-0.531657	-0.213503	1.232002	-1.348491	0.966917	0.416878	0.235443	-1.307848	1.365561	-0.991764	-0.545860	-0.201425	1.212072	-1.435086	1.093239	0.038258	0.063577	0.020180	0.175658	1.165267	0.164738	-0.032348	0.009170	-0.201413	-1.754556	0.027344	0.027344	-0.074219	-0.683594	0.351562	0.019531	-0.011719	0.167969	0.496094	-0.039062	0.032637	0.023946	-5.168767	-0.094286	0.208643	-0.594240	-0.608579	0.184127	9.899914	1.000000	0.000000	0.000000	0.000000	
0.435380	0.241808	-1.318212	1.265978	-0.869514	-0.528578	-0.211321	1.233170	-1.339922	0.966568	0.417382	0.236133	-1.307826	1.367812	-0.977687	-0.543795	-0.202187	1.212014	-1.438413	1.072869	0.049191	0.042417	-0.001472	0.062931	1.065707	0.096735	-0.045110	-0.044448	-0.082955	-1.557350	0.035156	0.058594	-0.070312	-0.648438	0.382812	0.027344	-0.050781	0.171875	0.558594	-0.136719	0.032636	0.023953	-5.168757	-0.094286	0.208643	-0.594242	-0.608581	0.184129	9.899916	1.000000	0.000000	0.000000	0.000000	
0.436093	0.243876	-1.322398	1.261065	-0.864743	-0.525221	-0.206025	1.232075	-1.334185	0.959593	0.418791	0.236400	-1.307797	1.368529	-0.959048	-0.539481	-0.202849	1.211930	-1.438739	1.048463	0.130546	0.018200	-0.059471	-0.028603	0.661422	0.257437	-0.040571	-0.007934	-0.004806	-0.836213	0.050781	0.054688	-0.054688	-0.640625	0.394531	-0.042969	-0.050781	0.207031	0.582031	-0.253906	0.032636	0.023954	-5.168755	-0.094286	0.208643	-0.594242	-0.608582	0.184129	9.899916	1.000000	0.000000	0.000000	0.000000	
0.434687	0.249133	-1.326306	1.257593	-0.851711	-0.521662	-0.201073	1.231258	-1.333680	0.942560	0.420382	0.236494	-1.308931	1.367993	-0.950473	-0.534716	-0.203143	1.211816	-1.437520	1.038299	0.047951	-0.007486	-0.187408	-0.131977	0.453491	0.245591	-0.030811	-0.028711	0.118167	-0.533784	0.074219	0.050781	-0.042969	-0.628906	0.371094	-0.050781	-0.050781	0.218750	0.593750	-0.304688	0.032636	0.023954	-5.168755	-0.094286	0.208643	-0.594242	-0.608582	0.184129	9.899916	1.000000	0.000000	0.000000	0.000000	
0.433161	0.252853	-1.328613	1.254998	-0.837424	-0.517376	-0.200546	1.232485	-1.334545	0.921844	0.421378	0.236796	-1.311338	1.365657	-0.944008	-0.530273	-0.203080	1.211987	-1.434925	1.031686	0.018754	0.020189	-0.242077	-0.226065	0.492022	0.289771	-0.004244	0.021556	0.196767	-0.475624	0.082031	0.039062	-0.039062	-0.648438	0.355469	-0.050781	-0.039062	0.199219	0.593750	-0.304688	0.032636	0.023954	-5.168755	-0.094286	0.208643	-0.594242	-0.608582	0.184129	9.899916	1.000000	0.000000	0.000000	0.000000	
0.432360	0.254537	-1.331117	1.253095	-0.828542	-0.512673	-0.201001	1.233363	-1.332863	0.909070	0.422038	0.237583	-1.314486	1.363833	-0.937190	-0.527567	-0.202470	1.212312	-1.433049	1.024620	-0.022552	0.043895	-0.247544	-0.162192	0.621502	0.238355	0.008881	0.068459	0.005718	-0.571007	0.070312	0.058594	-0.019531	-0.648438	0.363281	-0.042969	-0.035156	0.167969	0.656250	-0.316406	0.032636	0.023954	-5.168755	-0.094286	0.208643	-0.594242	-0.608582	0.184129	9.899916	1.000000	0.000000	0.000000	0.000000	
0.431981	0.254393	-1.334422	1.253527	-0.825132	-0.507682	-0.202055	1.234120	-1.328795	0.905150	0.422655	0.238928	-1.317756	1.362183	-0.924364	-0.523367	-0.201831	1.212886	-1.433014	1.011817	0.018683	0.095120	-0.265539	-0.086012	0.651898	0.358840	0.012520	0.048721	-0.097138	-0.664297	0.054688	0.039062	0.000000	-0.664062	0.320312	-0.054688	-0.011719	0.183594	0.675781	-0.351562	0.032636	0.023954	-5.168755	-0.094286	0.208643	-0.594242	-0.608582	0.184129	9.899916	1.000000	0.000000	0.000000	0.000000	
0.431830	0.253617	-1.338666	1.255260	-0.824042	-0.502428	-0.202559	1.234584	-1.324860	0.905212	0.423408	0.239948	-1.324396	1.360714	-0.915013	-0.518528	-0.201372	1.213776	-1.433564	1.002180	0.043744	0.100242	-0.326662	-0.050477	0.651448	0.325524	0.010558	0.071175	-0.117892	-0.785294	0.050781	0.027344	0.058594	-0.675781	0.335938	-0.058594	-0.011719	0.156250	0.695312	-0.355469	0.032636	0.023954	-5.168755	-0.094286	0.208643	-0.594242	-0.608582	0.184129	9.899916	1.000000	0.000000	0.000000	0.000000	
0.431325	0.253774	-1.342916	1.256586	-0.821812	-0.497568	-0.202739	1.235355	-1.322825	0.903126	0.424092	0.241421	-1.328923	1.358894	-0.906915	-0.514047	-0.201038	1.216354	-1.433965	0.993855	0.042760	0.098428	-0.318816	-0.113226	0.609528	0.311723	0.006872	0.087379	-0.015279	-0.724111	0.042969	0.027344	0.058594	-0.667969	0.316406	-0.039062	-0.023438	0.132812	0.699219	-0.367188	0.032636	0.023954	-5.168755	-0.094286	0.208643	-0.594242	-0.608582	0.184129	9.899916	1.000000	0.000000	0.000000	0.000000	
0.430486	0.255039	-1.347233	1.256214	-0.818038	-0.493371	-0.201594	1.234733	-1.321580	0.897597	0.424398	0.242927	-1.333027	1.357536	-0.899649	-0.510267	-0.200826	1.217960	-1.433851	0.987174	0.074069	0.063351	-0.304073	-0.105543	0.514605	0.156799	0.008830	0.071551	-0.036424	-0.581898	0.035156	0.023438	0.058594	-0.628906	0.312500	-0.011719	-0.023438	0.109375	0.722656	-0.378906	0.032636	0.023954	-5.168755	-0.094286	0.208643	-0.594242	-0.608582	0.184129	9.899916	1.000000	0.000000	0.000000	0.000000	
0.429582	0.256564	-1.351186	1.254480	-0.812438	-0.490053	-0.200378	1.234156	-1.321554	0.890155	0.424484	0.244270	-1.337120	1.356029	-0.889084	-0.506845	-0.200589	1.219614	-1.433683	0.977525	0.017876	0.050537	-0.337495	-0.111754	0.438810	0.179693	0.018331	0.111844	0.006826	-0.515332	0.042969	0.019531	0.058594	-0.613281	0.289062	-0.023438	-0.023438	0.117188	0.730469	-0.320312	0.032636	0.023954	-5.168755	-0.094286	0.208643	-0.594242	-0.608582	0.184129	9.899916	1.000000	0.000000	0.000000	0.000000	
0.429031	0.258521	-1.354983	1.252632	-0.805362	-0.487771	-0.199258	1.233230	-1.322570	0.881641	0.424549	0.245363	-1.343076	1.354734	-0.882658	-0.503349	-0.200437	1.220671	-1.433770	0.970943	0.015746	0.025992	-0.281513	-0.056541	0.410292	0.175003	0.006486	0.035612	-0.048172	-0.498206	0.039062	0.050781	0.050781	-0.613281	0.273438	-0.007812	-0.027344	0.117188	0.757812	-0.328125	0.032636	0.023954	-5.168755	-0.094286	0.208643	-0.594242	-0.608582	0.184129	9.899916	1.000000	0.000000	0.000000	0.000000	
0.428393	0.259818	-1.358415	1.251847	-0.800355	-0.485417	-0.199450	1.232692	-1.323301	0.875261	0.424853	0.246243	-1.347151	1.352706	-0.876477	-0.499742	-0.199994	1.222676	-1.433982	0.964707	0.064388	0.029353	-0.282895	-0.019613	0.505150	0.230368	0.034382	0.108250	-0.039714	-0.566286	0.023438	0.054688	0.058594	-0.609375	0.238281	0.000000	-0.035156	0.074219	0.750000	-0.312500	0.032636	0.023954	-5.168755	-0.094286	0.208643	-0.594242	-0.608582	0.184129	9.899916	1.000000	0.000000	0.000000	0.000000	
0.427877	0.260899	-1.361836	1.251167	-0.795682	-0.483392	-0.199209	1.232093	-1.323303	0.868774	0.425059	0.246888	-1.351068	1.351137	-0.869861	-0.497615	-0.199478	1.223780	-1.434339	0.958419	-0.000540	0.032016	-0.269074	-0.155505	0.514636	0.159132	0.017397	0.017804	-0.038868	-0.496322	0.023438	0.082031	0.058594	-0.601562	0.234375	0.000000	-0.011719	0.074219	0.738281	-0.339844	0.032636	0.023954	-5.168755	-0.094286	0.208643	-0.594242	-0.608582	0.184129	9.899916	1.000000	0.000000	0.000000	0.000000	
0.427517	0.261422	-1.364800	1.249387	-0.789562	-0.481967	-0.198909	1.232104	-1.322281	0.861246	0.425076	0.247631	-1.354953	1.349175	-0.858893	-0.494645	-0.199092	1.224437	-1.434410	0.948801	-0.014013	0.027629	-0.306078	-0.200501	0.449282	0.211333	0.011045	0.068083	-0.042273	-0.499795	0.023438	0.085938	0.070312	-0.566406	0.222656	-0.003906	-0.019531	0.074219	0.742188	-0.320312	0.032636	0.023954	-5.168755	-0.094286	0.208643	-0.594242	-0.608582	0.184129	9.899916	1.000000	0.000000	0.000000	0.000000	
0.427020	0.262405	-1.367875	1.248378	-0.782569	-0.480592	-0.198444	1.232114	-1.321115	0.852062	0.425104	0.248038	-1.361207	1.347087	-0.852095	-0.491798	-0.198683	1.224714	-1.434473	0.942418	0.002088	0.036496	-0.233007	-0.159635	0.453215	0.164208	0.018553	-0.017619	-0.063551	-0.419881	0.019531	0.085938	0.089844	-0.578125	0.203125	-0.003906	-0.027344	0.070312	0.746094	-0.347656	0.032636	0.023954	-5.168755	-0.094286	0.208643	-0.594242	-0.608582	0.184129	9.899916	1.000000	0.000000	0.000000	0.000000	
0.426206	0.263443	-1.370541	1.248249	-0.778190	-0.479018	-0.198371	1.232147	-1.319874	0.844652	0.425134	0.248338	-1.362457	1.345021	-0.845937	-0.488853	-0.198198	1.224890	-1.434510	0.941142	0.000209	0.036220	-0.225699	-0.134611	0.471057	0.054807	0.018140	0.019176	-0.048231	-0.411889	0.019531	0.093750	0.089844	-0.558594	0.218750	0.007812	-0.027344	0.058594	0.746094	-0.347656	0.032636	0.023954	-5.168755	-0.094286	0.208643	-0.594242	-0.608582	0.184129	9.899916	1.000000	0.000000	0.000000	0.000000	
0.425736	0.264226	-1.373301	1.247886	-0.773338	-0.477800	-0.198268	1.232658	-1.319428	0.838388	0.425067	0.249084	-1.369202	1.342427	-0.837654	-0.487634	-0.197794	1.225144	-1.434445	0.930054	-0.034875	0.015254	-0.207520	-0.167005	0.403048	0.057825	0.022752	0.026345	0.044032	-0.421559	0.011719	0.105469	0.093750	-0.562500	0.218750	0.000000	-0.023438	0.066406	0.746094	-0.339844	0.032636	0.023954	-5.168755	-0.094286	0.208643	-0.594242	-0.608582	0.184129	9.899916	1.000000	0.000000	0.000000	0.000000	
0.425534	0.264558	-1.375997	1.247372	-0.770680	-0.477011	-0.198138	1.232248	-1.318202	0.834781	0.424981	0.249556	-1.372781	1.339824	-0.832071	-0.485549	-0.197253	1.226140	-1.434407	0.923184	-0.003488	0.007341	-0.261537	-0.110921	0.396247	0.033700	0.023213	0.061958	-0.082838	-0.422526	0.007812	0.109375	0.101562	-0.582031	0.218750	0.007812	-0.050781	0.035156	0.761719	-0.347656	0.032636	0.023954	-5.168755	-0.094286	0.208643	-0.594242	-0.608582	0.184129	9.899916	1.000000	0.000000	0.000000	0.000000	
0.425286	0.264668	-1.378690	1.247295	-0.769549	-0.476114	-0.198500	1.232578	-1.317566	0.832757	0.424940	0.250120	-1.375484	1.338625	-0.826980	-0.483508	-0.196748	1.227163	-1.434424	0.916769	-0.035245	0.033304	-0.232042	-0.087864	0.413015	0.076652	0.011627	0.072499	-0.043180	-0.506374	0.003906	0.093750	0.085938	-0.562500	0.214844	0.000000	-0.035156	0.023438	0.761719	-0.347656	0.032636	0.023954	-5.168755	-0.094286	0.208643	-0.594242	-0.608582	0.184129	9.899916	1.000000	0.000000	0.000000	0.000000	
0.425100	0.265233	-1.381303	1.246830	-0.767339	-0.475504	-0.199022	1.232856	-1.317649	0.828849	0.424786	0.250709	-1.378011	1.337658	-0.819031	-0.481767	-0.196252	1.227852	-1.434525	0.911076	-0.020973	0.031247	-0.120914	-0.099517	0.323962	0.018134	0.043038	0.052615	-0.039214	-0.483352	0.011719	0.105469	0.070312	-0.566406	0.203125	0.003906	-0.058594	0.035156	0.773438	-0.355469	0.032636	0.023954	-5.168755	-0.094286	0.208643	-0.594242	-0.608582	0.184129	9.899916	1.000000	0.000000	0.000000	0.000000	
0.424559	0.266046	-1.383277	1.245861	-0.763918	-0.475424	-0.198934	1.232159	-1.316541	0.822977	0.424755	0.251440	-1.379777	1.336980	-0.814921	-0.480692	-0.195821	1.228256	-1.434617	0.903975	-0.005587	0.048490	-0.172614	-0.090213	0.308077	0.036710	0.046179	-0.008697	-0.091162	-0.243755	0.003906	0.082031	0.082031	-0.566406	0.218750	0.007812	-0.070312	0.039062	0.773438	-0.386719	0.032636	0.023954	-5.168755	-0.094286	0.208643	-0.594242	-0.608582	0.184129	9.899916	1.000000	0.000000	0.000000	0.000000	
0.424091	0.267318	-1.384883	1.244389	-0.759187	-0.475717	-0.198417	1.232013	-1.316109	0.816917	0.424725	0.252120	-1.382820	1.336360	-0.811797	-0.480016	-0.195315	1.228652	-1.434660	0.899938	-0.035455	0.022297	-0.107992	-0.117200	0.215758	0.042057	0.006944	0.044496	-0.044013	-0.212816	0.003906	0.089844	0.054688	-0.574219	0.203125	0.023438	-0.066406	0.039062	0.777344	-0.382812	0.032636	0.023954	-5.168755	-0.094286	0.208643	-0.594242	-0.608582	0.184129	9.899916	1.000000	0.000000	0.000000	0.000000	
0.423664	0.268291	-1.385996	1.242183	-0.754840	-0.476079	-0.198673	1.232233	-1.316920	0.811297	0.424719	0.252999	-1.384761	1.335824	-0.808531	-0.479348	-0.194721	1.228683	-1.434717	0.896707	0.017392	0.035963	-0.136426	-0.025679	0.203037	0.080978	0.033264	-0.086281	0.006068	-0.269046	0.000000	0.070312	0.058594	-0.582031	0.199219	0.007812	-0.074219	0.027344	0.789062	-0.394531	0.032636	0.023954	-5.168755	-0.094286	0.208643	-0.594242	-0.608582	0.184129	9.899916	1.000000	0.000000	0.000000	0.000000	
0.423121	0.269461	-1.387304	1.240836	-0.750755	-0.475895	-0.198632	1.231965	-1.317585	0.805797	0.424596	0.253958	-1.386192	1.335474	-0.803903	-0.478536	-0.194231	1.228907	-1.434947	0.893371	-0.082012	0.059430	-0.069477	-0.037464	0.156399	0.025546	0.020775	-0.019097	-0.037779	-0.292117	-0.003906	0.058594	0.042969	-0.597656	0.222656	0.000000	-0.058594	0.019531	0.781250	-0.398438	0.032636	0.023954	-5.168755	-0.094286	0.208643	-0.594242	-0.608582	0.184129	9.899916	1.000000	0.000000	0.000000	0.000000	
0.422725	0.269841	-1.388803	1.240376	-0.747480	-0.475550	-0.198567	1.231871	-1.317449	0.803568	0.424402	0.254918	-1.387520	1.335186	-0.800893	-0.478107	-0.193963	1.229219	-1.435114	0.887494	-0.053566	0.054798	-0.146533	-0.108435	0.151736	-0.021873	0.004404	0.026007	-0.084039	-0.238590	0.000000	0.082031	0.054688	-0.601562	0.222656	0.000000	-0.066406	0.019531	0.789062	-0.410156	0.032636	0.023954	-5.168755	-0.094286	0.208643	-0.594242	-0.608582	0.184129	9.899916	1.000000	0.000000	0.000000	0.000000	
0.422577	0.270808	-1.390009	1.240136	-0.745278	-0.475636	-0.198827	1.232992	-1.318965	0.803518	0.424315	0.255756	-1.389773	1.335032	-0.797771	-0.477633	-0.193716	1.230178	-1.435365	0.883313	-0.040253	0.038050	-0.046060	-0.094595	0.161738	-0.016146	0.020215	0.027028	-0.095645	-0.306519	-0.003906	0.089844	0.050781	-0.617188	0.246094	0.003906	-0.058594	0.000000	0.792969	-0.398438	0.032636	0.023954	-5.168755	-0.094286	0.208643	-0.594242	-0.608582	0.184129	9.899916	1.000000	0.000000	0.000000	0.000000	
0.416614	0.276449	-1.387140	1.239257	-0.781805	-0.481231	-0.205499	1.247834	-1.336314	0.846345	0.424297	0.256513	-1.391023	1.334855	-0.795014	-0.477345	-0.193440	1.230854	-1.435852	0.879085	0.013423	0.051497	-0.084868	-0.044356	0.141801	0.015834	-0.006121	0.065516	-0.128212	-0.306333	-0.003906	0.082031	0.042969	-0.625000	0.250000	0.003906	-0.074219	0.000000	0.796875	-0.402344	0.026216	0.039004	-5.267244	-0.024777	-0.374749	0.274295	-0.163086	1.553976	10.482075	1.000000	0.000000	0.000000	0.000000	
0.413865	0.278660	-1.392845	1.238228	-0.808943	-0.481297	-0.203560	1.248205	-1.342727	0.878122	0.424246	0.257601	-1.392170	1.334747	-0.790682	-0.477166	-0.193175	1.231377	-1.436191	0.876034	0.001342	0.112165	-0.078279	-0.007925	0.146786	-0.061230	-0.005265	0.020510	0.029054	-0.267928	-0.003906	0.082031	0.054688	-0.613281	0.238281	0.003906	-0.066406	0.003906	0.742188	-0.398438	0.024932	0.042014	-5.286942	-0.017826	-0.433089	0.361149	-0.118536	1.690961	10.540290	1.000000	0.000000	0.000000	0.000000	
0.410442	0.277477	-1.395308	1.236625	-0.834229	-0.485753	-0.200993	1.240580	-1.340003	0.897942	0.423775	0.258498	-1.392811	1.334362	-0.791706	-0.477421	-0.193291	1.233978	-1.436720	0.877701	0.021072	0.082172	-0.098558	-0.098502	-0.215637	-0.089874	-0.026117	0.246325	-0.101784	0.189564	-0.035156	0.093750	0.066406	-0.585938	0.167969	-0.011719	-0.109375	0.042969	0.675781	-0.304688	0.024675	0.042616	-5.290882	-0.017131	-0.438922	0.369834	-0.114081	1.704659	10.546112	1.000000	0.000000	0.000000	0.000000	
