l_f	r_f	l_hyaw_out	l_hrol_out	l_hpit_out	l_knee_out	l_apit_out	r_hyaw_out	r_hrol_out	r_hpit_out	r_knee_out	r_apit_out	vx_cmd	yr_cmd	rol	pit	rol_rate	pit_rate	yaw_rate	C_l_hyaw	C_l_hrol	C_l_hpit	C_l_knee	C_l_apit	C_r_hyaw	C_r_hrol	C_r_hpit	C_r_knee	C_r_apit	E_l_hyaw	E_l_hrol	E_l_hpit	E_l_knee	E_l_apit	E_r_hyaw	E_r_hrol	E_r_hpit	E_r_knee	E_r_apit	V_l_hyaw	V_l_hrol	V_l_hpit	V_l_knee	V_l_apit	V_r_hyaw	V_r_hrol	V_r_hpit	V_r_knee	V_r_apit	l_sin	r_sin	l_cos	r_cos	l_pf	r_pf	vx_cmd	yr_cmd	rol	pit	rol_rate	pit_rate	yaw_rate	C_l_hyaw	C_l_hrol	C_l_hpit	C_l_knee	C_l_apit	C_r_hyaw	C_r_hrol	C_r_hpit	C_r_knee	C_r_apit	E_l_hyaw	E_l_hrol	E_l_hpit	E_l_knee	E_l_apit	E_r_hyaw	E_r_hrol	E_r_hpit	E_r_knee	E_r_apit	V_l_hyaw	V_l_hrol	V_l_hpit	V_l_knee	V_l_apit	V_r_hyaw	V_r_hrol	V_r_hpit	V_r_knee	V_r_apit	l_sin	r_sin	l_cos	r_cos	l_pf	r_pf	vx_cmd	yr_cmd	rol	pit	rol_rate	pit_rate	yaw_rate	C_l_hyaw	C_l_hrol	C_l_hpit	C_l_knee	C_l_apit	C_r_hyaw	C_r_hrol	C_r_hpit	C_r_knee	C_r_apit	E_l_hyaw	E_l_hrol	E_l_hpit	E_l_knee	E_l_apit	E_r_hyaw	E_r_hrol	E_r_hpit	E_r_knee	E_r_apit	V_l_hyaw	V_l_hrol	V_l_hpit	V_l_knee	V_l_apit	V_r_hyaw	V_r_hrol	V_r_hpit	V_r_knee	V_r_apit	l_sin	r_sin	l_cos	r_cos	l_pf	r_pf	
1.184711	1.491810	-0.602724	-0.084572	-0.217039	-0.390875	1.270531	0.348154	0.166763	-0.540304	-1.133703	-3.020305	0.000000	0.000000	-0.013929	0.012215	-0.000097	0.000455	0.000215	-0.004078	0.000147	-0.019433	-0.011625	-0.000756	0.002492	0.008774	0.018393	0.017067	0.003152	0.001619	-0.001520	-0.004282	0.001878	0.000715	-0.002656	-0.001060	-0.004956	-0.002306	-0.009638	0.000000	0.000000	0.000000	0.000000	0.000000	0.000000	0.000000	0.000000	0.000000	0.000000	0.000000	0.000000	0.000000	0.000000	-0.000000	-0.000000	-0.000000	-0.000000	-0.013935	0.012215	-0.000090	0.000456	0.000216	-0.004102	0.000155	-0.019434	-0.011624	-0.000779	0.002489	0.008774	0.018393	0.017067	0.003128	-0.003328	-0.000152	-0.003918	0.001933	-0.004116	-0.002708	0.000476	-0.000147	0.000467	-0.008990	0.000024	-0.000008	0.000001	-0.000001	0.000023	0.000004	0.000000	0.000000	-0.000000	0.000024	0.000000	0.000000	0.000000	0.000000	-0.000000	-0.000000	-0.000000	-0.000000	-0.013937	0.012215	-0.000089	0.000456	0.000216	-0.004082	0.000149	-0.019386	-0.011648	-0.000784	0.002488	0.008774	0.018393	0.017067	0.003123	0.002110	-0.001411	0.004843	-0.002249	-0.004599	-0.003760	-0.001116	-0.000015	0.000047	-0.008227	0.000017	-0.000002	0.000011	0.000058	0.000030	-0.000003	-0.000026	-0.000055	-0.000051	0.000020	0.000000	0.000000	0.000000	0.000000	-0.000000	-0.000000	
1.186177	1.492965	-0.609941	-0.078257	-0.227787	-0.359485	1.177040	0.355890	0.202991	-0.529735	-1.152441	-2.813082	-0.000000	-0.000000	-0.013935	0.012215	-0.000090	0.000456	0.000216	-0.004102	0.000155	-0.019434	-0.011624	-0.000779	0.002489	0.008774	0.018393	0.017067	0.003128	-0.003328	-0.000152	-0.003918	0.001933	-0.004116	-0.002708	0.000476	-0.000147	0.000467	-0.008990	0.000024	-0.000008	0.000001	-0.000001	0.000023	0.000004	0.000000	0.000000	-0.000000	0.000024	0.000000	0.000000	0.000000	0.000000	-0.000000	-0.000000	-0.000000	-0.000000	-0.013937	0.012215	-0.000089	0.000456	0.000216	-0.004082	0.000149	-0.019386	-0.011648	-0.000784	0.002488	0.008774	0.018393	0.017067	0.003123	0.002110	-0.001411	0.004843	-0.002249	-0.004599	-0.003760	-0.001116	-0.000015	0.000047	-0.008227	0.000017	-0.000002	0.000011	0.000058	0.000030	-0.000003	-0.000026	-0.000055	-0.000051	0.000020	0.000000	0.000000	0.000000	0.000000	-0.000000	-0.000000	-0.000000	-0.000000	-0.013937	0.012215	-0.000089	0.000456	0.000216	-0.004175	0.000156	-0.021387	-0.012477	-0.000785	0.002512	0.009145	0.020405	0.017988	0.003219	-0.002232	-0.000490	-0.014521	-0.012788	-0.006043	-0.003517	0.001517	0.015353	0.003843	-0.003614	0.000110	-0.000009	0.002012	0.000887	0.000031	-0.000027	-0.000398	-0.002067	-0.000972	-0.000076	0.000000	0.000000	0.000000	0.000000	-0.000000	-0.000000	
1.175172	1.500871	-0.505569	-0.085870	-0.272943	-0.159018	0.976005	0.325798	0.099733	-0.472853	-1.028688	-2.123835	-0.000000	-0.000000	-0.013937	0.012215	-0.000089	0.000456	0.000216	-0.004082	0.000149	-0.019386	-0.011648	-0.000784	0.002488	0.008774	0.018393	0.017067	0.003123	0.002110	-0.001411	0.004843	-0.002249	-0.004599	-0.003760	-0.001116	-0.000015	0.000047	-0.008227	0.000017	-0.000002	0.000011	0.000058	0.000030	-0.000003	-0.000026	-0.000055	-0.000051	0.000020	0.000000	0.000000	0.000000	0.000000	-0.000000	-0.000000	-0.000000	-0.000000	-0.013937	0.012215	-0.000089	0.000456	0.000216	-0.004175	0.000156	-0.021387	-0.012477	-0.000785	0.002512	0.009145	0.020405	0.017988	0.003219	-0.002232	-0.000490	-0.014521	-0.012788	-0.006043	-0.003517	0.001517	0.015353	0.003843	-0.003614	0.000110	-0.000009	0.002012	0.000887	0.000031	-0.000027	-0.000398	-0.002067	-0.000972	-0.000076	0.000000	0.000000	0.000000	0.000000	-0.000000	-0.000000	-0.000000	-0.000000	-0.013937	0.012215	-0.000089	0.000456	0.000216	-0.004267	0.000157	-0.023290	-0.013636	-0.000736	0.002541	0.009381	0.022019	0.019263	0.003239	-0.005109	0.000533	-0.018202	-0.016633	0.003234	-0.004888	0.002711	0.007817	0.005270	-0.009783	-0.008822	-0.001168	0.000545	-0.003272	0.017396	0.005209	0.002369	-0.011517	-0.019296	-0.041712	0.000000	0.000000	0.000000	0.000000	-0.000000	-0.000000	
1.195720	1.471277	-0.375851	-0.069984	-0.307364	0.025530	0.734816	0.302917	-0.067258	-0.471661	-0.575496	-0.815452	-0.000000	-0.000000	-0.013937	0.012215	-0.000089	0.000456	0.000216	-0.004175	0.000156	-0.021387	-0.012477	-0.000785	0.002512	0.009145	0.020405	0.017988	0.003219	-0.002232	-0.000490	-0.014521	-0.012788	-0.006043	-0.003517	0.001517	0.015353	0.003843	-0.003614	0.000110	-0.000009	0.002012	0.000887	0.000031	-0.000027	-0.000398	-0.002067	-0.000972	-0.000076	0.000000	0.000000	0.000000	0.000000	-0.000000	-0.000000	-0.000000	-0.000000	-0.013937	0.012215	-0.000089	0.000456	0.000216	-0.004267	0.000157	-0.023290	-0.013636	-0.000736	0.002541	0.009381	0.022019	0.019263	0.003239	-0.005109	0.000533	-0.018202	-0.016633	0.003234	-0.004888	0.002711	0.007817	0.005270	-0.009783	-0.008822	-0.001168	0.000545	-0.003272	0.017396	0.005209	0.002369	-0.011517	-0.019296	-0.041712	0.000000	0.000000	0.000000	0.000000	-0.000000	-0.000000	-0.000000	-0.000000	-0.013937	0.012215	-0.000089	0.000456	0.000216	-0.004988	0.000133	-0.026749	-0.015274	0.000994	0.002813	0.009832	0.022899	0.019130	-0.001701	-0.004000	-0.000877	-0.025550	-0.011783	0.026147	0.000907	0.002714	-0.002010	-0.014827	-0.062396	-0.015655	-0.002427	-0.000075	-0.004011	0.030249	0.009805	0.003408	-0.019463	-0.034534	-0.068507	0.000000	0.000000	0.000000	0.000000	-0.000000	-0.000000	
1.259820	1.469583	-0.359530	-0.124895	-0.187637	-0.074586	0.364686	0.215567	-0.139498	-0.409090	-0.277727	-0.301963	-0.000000	-0.000000	-0.013937	0.012215	-0.000089	0.000456	0.000216	-0.004267	0.000157	-0.023290	-0.013636	-0.000736	0.002541	0.009381	0.022019	0.019263	0.003239	-0.005109	0.000533	-0.018202	-0.016633	0.003234	-0.004888	0.002711	0.007817	0.005270	-0.009783	-0.008822	-0.001168	0.000545	-0.003272	0.017396	0.005209	0.002369	-0.011517	-0.019296	-0.041712	0.000000	0.000000	0.000000	0.000000	-0.000000	-0.000000	-0.000000	-0.000000	-0.013937	0.012215	-0.000089	0.000456	0.000216	-0.004988	0.000133	-0.026749	-0.015274	0.000994	0.002813	0.009832	0.022899	0.019130	-0.001701	-0.004000	-0.000877	-0.025550	-0.011783	0.026147	0.000907	0.002714	-0.002010	-0.014827	-0.062396	-0.015655	-0.002427	-0.000075	-0.004011	0.030249	0.009805	0.003408	-0.019463	-0.034534	-0.068507	0.000000	0.000000	0.000000	0.000000	-0.000000	-0.000000	-0.000000	-0.000000	-0.013937	0.012215	-0.000089	0.000456	0.000216	-0.006174	0.000039	-0.029815	-0.017249	0.005702	0.003377	0.010488	0.022445	0.016704	-0.012577	-0.013312	-0.001833	-0.026982	-0.012694	0.050074	-0.001305	0.003296	-0.008576	-0.024863	-0.101507	-0.020076	-0.003377	-0.001593	-0.001655	0.036503	0.013760	0.001749	-0.026045	-0.040694	-0.069796	0.000000	0.000000	0.000000	0.000000	-0.000000	-0.000000	
1.314269	1.494435	-0.368420	-0.175822	-0.116252	-0.231726	0.296047	0.116215	-0.018986	-0.336246	-0.257634	-0.308455	-0.000000	-0.000000	-0.013937	0.012215	-0.000089	0.000456	0.000216	-0.004988	0.000133	-0.026749	-0.015274	0.000994	0.002813	0.009832	0.022899	0.019130	-0.001701	-0.004000	-0.000877	-0.025550	-0.011783	0.026147	0.000907	0.002714	-0.002010	-0.014827	-0.062396	-0.015655	-0.002427	-0.000075	-0.004011	0.030249	0.009805	0.003408	-0.019463	-0.034534	-0.068507	0.000000	0.000000	0.000000	0.000000	-0.000000	-0.000000	-0.000000	-0.000000	-0.013937	0.012215	-0.000089	0.000456	0.000216	-0.006174	0.000039	-0.029815	-0.017249	0.005702	0.003377	0.010488	0.022445	0.016704	-0.012577	-0.013312	-0.001833	-0.026982	-0.012694	0.050074	-0.001305	0.003296	-0.008576	-0.024863	-0.101507	-0.020076	-0.003377	-0.001593	-0.001655	0.036503	0.013760	0.001749	-0.026045	-0.040694	-0.069796	0.000000	0.000000	0.000000	0.000000	-0.000000	-0.000000	-0.000000	-0.000000	-0.013937	0.012215	-0.000089	0.000456	0.000216	-0.008156	-0.000238	-0.033385	-0.018516	0.015658	0.004749	0.010974	0.021409	0.010355	-0.025536	-0.018081	-0.005301	-0.031313	-0.011040	0.050373	0.007896	0.002889	-0.009233	-0.031799	-0.109954	-0.023486	-0.004973	-0.000838	-0.001506	0.032016	0.015620	-0.000829	-0.031145	-0.038509	-0.061366	0.000000	0.000000	0.000000	0.000000	-0.000000	-0.000000	
1.352196	1.537613	-0.368243	-0.083979	-0.161705	-0.290057	0.527019	0.080047	0.143682	-0.295223	-0.225471	-0.489166	-0.000000	-0.000000	-0.013937	0.012215	-0.000089	0.000456	0.000216	-0.006174	0.000039	-0.029815	-0.017249	0.005702	0.003377	0.010488	0.022445	0.016704	-0.012577	-0.013312	-0.001833	-0.026982	-0.012694	0.050074	-0.001305	0.003296	-0.008576	-0.024863	-0.101507	-0.020076	-0.003377	-0.001593	-0.001655	0.036503	0.013760	0.001749	-0.026045	-0.040694	-0.069796	0.000000	0.000000	0.000000	0.000000	-0.000000	-0.000000	-0.000000	-0.000000	-0.013937	0.012215	-0.000089	0.000456	0.000216	-0.008156	-0.000238	-0.033385	-0.018516	0.015658	0.004749	0.010974	0.021409	0.010355	-0.025536	-0.018081	-0.005301	-0.031313	-0.011040	0.050373	0.007896	0.002889	-0.009233	-0.031799	-0.109954	-0.023486	-0.004973	-0.000838	-0.001506	0.032016	0.015620	-0.000829	-0.031145	-0.038509	-0.061366	0.000000	0.000000	0.000000	0.000000	-0.000000	-0.000000	-0.000000	-0.000000	-0.013937	0.012215	-0.000089	0.000456	0.000216	-0.011145	-0.000511	-0.036886	-0.019739	0.022036	0.005751	0.011120	0.019554	0.005983	-0.044388	-0.022048	-0.004136	-0.031048	-0.012271	0.045866	0.004628	-0.001107	-0.017325	-0.033191	-0.069272	-0.026055	-0.007352	0.000909	-0.003779	0.030105	0.016372	-0.001262	-0.034363	-0.038024	-0.047168	0.000000	0.000000	0.000000	0.000000	-0.000000	-0.000000	
1.359385	1.569695	-0.313814	-0.001900	-0.242276	-0.171423	0.813304	0.074306	0.159678	-0.216581	-0.210547	-0.744709	-0.000000	-0.000000	-0.013937	0.012215	-0.000089	0.000456	0.000216	-0.008156	-0.000238	-0.033385	-0.018516	0.015658	0.004749	0.010974	0.021409	0.010355	-0.025536	-0.018081	-0.005301	-0.031313	-0.011040	0.050373	0.007896	0.002889	-0.009233	-0.031799	-0.109954	-0.023486	-0.004973	-0.000838	-0.001506	0.032016	0.015620	-0.000829	-0.031145	-0.038509	-0.061366	0.000000	0.000000	0.000000	0.000000	-0.000000	-0.000000	-0.000000	-0.000000	-0.013937	0.012215	-0.000089	0.000456	0.000216	-0.011145	-0.000511	-0.036886	-0.019739	0.022036	0.005751	0.011120	0.019554	0.005983	-0.044388	-0.022048	-0.004136	-0.031048	-0.012271	0.045866	0.004628	-0.001107	-0.017325	-0.033191	-0.069272	-0.026055	-0.007352	0.000909	-0.003779	0.030105	0.016372	-0.001262	-0.034363	-0.038024	-0.047168	0.000000	0.000000	0.000000	0.000000	-0.000000	-0.000000	-0.000000	-0.000000	-0.013937	0.012215	-0.000089	0.000456	0.000216	-0.014676	-0.001067	-0.042820	-0.020929	0.027964	0.006751	0.011149	0.015863	0.001692	-0.054387	-0.021747	-0.004020	-0.025787	-0.013092	0.044019	0.005697	-0.001158	-0.025113	-0.032981	-0.067647	-0.028014	-0.008049	0.004434	-0.006913	0.032032	0.016565	0.000851	-0.035072	-0.037094	-0.044460	0.000000	0.000000	0.000000	0.000000	-0.000000	-0.000000	
1.380019	1.560582	-0.270730	0.040001	-0.214860	-0.145905	0.833738	0.078527	0.078096	-0.158701	-0.216784	-0.833458	-0.000000	-0.000000	-0.013937	0.012215	-0.000089	0.000456	0.000216	-0.011145	-0.000511	-0.036886	-0.019739	0.022036	0.005751	0.011120	0.019554	0.005983	-0.044388	-0.022048	-0.004136	-0.031048	-0.012271	0.045866	0.004628	-0.001107	-0.017325	-0.033191	-0.069272	-0.026055	-0.007352	0.000909	-0.003779	0.030105	0.016372	-0.001262	-0.034363	-0.038024	-0.047168	0.000000	0.000000	0.000000	0.000000	-0.000000	-0.000000	-0.000000	-0.000000	-0.013937	0.012215	-0.000089	0.000456	0.000216	-0.014676	-0.001067	-0.042820	-0.020929	0.027964	0.006751	0.011149	0.015863	0.001692	-0.054387	-0.021747	-0.004020	-0.025787	-0.013092	0.044019	0.005697	-0.001158	-0.025113	-0.032981	-0.067647	-0.028014	-0.008049	0.004434	-0.006913	0.032032	0.016565	0.000851	-0.035072	-0.037094	-0.044460	0.000000	0.000000	0.000000	0.000000	-0.000000	-0.000000	-0.000000	-0.000000	-0.013937	0.012215	-0.000089	0.000456	0.000216	-0.018944	-0.001776	-0.046091	-0.023106	0.033003	0.007848	0.011212	0.012992	-0.002487	-0.063026	-0.026602	-0.007032	-0.021772	-0.014919	0.050116	0.007200	-0.000930	-0.023798	-0.032960	-0.063995	-0.028438	-0.007368	0.004081	-0.007300	0.039155	0.016580	0.003176	-0.035440	-0.036064	-0.046957	0.000000	0.000000	0.000000	0.000000	-0.000000	-0.000000	
1.414424	1.565706	-0.244455	0.046412	-0.168105	-0.207685	0.826933	0.073534	0.058828	-0.103213	-0.230450	-0.813471	-0.000000	-0.000000	-0.013937	0.012215	-0.000089	0.000456	0.000216	-0.014676	-0.001067	-0.042820	-0.020929	0.027964	0.006751	0.011149	0.015863	0.001692	-0.054387	-0.021747	-0.004020	-0.025787	-0.013092	0.044019	0.005697	-0.001158	-0.025113	-0.032981	-0.067647	-0.028014	-0.008049	0.004434	-0.006913	0.032032	0.016565	0.000851	-0.035072	-0.037094	-0.044460	0.000000	0.000000	0.000000	0.000000	-0.000000	-0.000000	-0.000000	-0.000000	-0.013937	0.012215	-0.000089	0.000456	0.000216	-0.018944	-0.001776	-0.046091	-0.023106	0.033003	0.007848	0.011212	0.012992	-0.002487	-0.063026	-0.026602	-0.007032	-0.021772	-0.014919	0.050116	0.007200	-0.000930	-0.023798	-0.032960	-0.063995	-0.028438	-0.007368	0.004081	-0.007300	0.039155	0.016580	0.003176	-0.035440	-0.036064	-0.046957	0.000000	0.000000	0.000000	0.000000	-0.000000	-0.000000	-0.000000	-0.000000	-0.013937	0.012215	-0.000089	0.000456	0.000216	-0.023869	-0.002370	-0.049145	-0.025165	0.042614	0.009400	0.011523	0.010067	-0.009986	-0.071830	-0.035463	-0.004542	-0.018578	-0.014404	0.043049	0.011887	0.002582	-0.024713	-0.036099	-0.069562	-0.027585	-0.006172	0.003903	-0.007435	0.042085	0.016209	0.004040	-0.034902	-0.031825	-0.050689	0.000000	0.000000	0.000000	0.000000	-0.000000	-0.000000	
1.446005	1.586132	-0.249633	0.064321	-0.141712	-0.270292	0.817132	0.093897	0.090547	-0.084447	-0.163906	-0.793546	-0.000000	-0.000000	-0.013937	0.012215	-0.000089	0.000456	0.000216	-0.018944	-0.001776	-0.046091	-0.023106	0.033003	0.007848	0.011212	0.012992	-0.002487	-0.063026	-0.026602	-0.007032	-0.021772	-0.014919	0.050116	0.007200	-0.000930	-0.023798	-0.032960	-0.063995	-0.028438	-0.007368	0.004081	-0.007300	0.039155	0.016580	0.003176	-0.035440	-0.036064	-0.046957	0.000000	0.000000	0.000000	0.000000	-0.000000	-0.000000	-0.000000	-0.000000	-0.013937	0.012215	-0.000089	0.000456	0.000216	-0.023869	-0.002370	-0.049145	-0.025165	0.042614	0.009400	0.011523	0.010067	-0.009986	-0.071830	-0.035463	-0.004542	-0.018578	-0.014404	0.043049	0.011887	0.002582	-0.024713	-0.036099	-0.069562	-0.027585	-0.006172	0.003903	-0.007435	0.042085	0.016209	0.004040	-0.034902	-0.031825	-0.050689	0.000000	0.000000	0.000000	0.000000	-0.000000	-0.000000	-0.000000	-0.000000	-0.013937	0.012215	-0.000089	0.000456	0.000216	-0.028973	-0.002868	-0.052397	-0.027782	0.051055	0.010752	0.011803	0.006986	-0.014976	-0.085975	-0.041932	-0.004409	-0.024191	-0.018540	0.059092	0.010611	0.003283	-0.032133	-0.036412	-0.058254	-0.026151	-0.004977	0.004632	-0.007936	0.046059	0.015960	0.004642	-0.033371	-0.030295	-0.048757	0.000000	0.000000	0.000000	0.000000	-0.000000	-0.000000	
1.464996	1.593420	-0.225277	0.085212	-0.190023	-0.137049	0.756675	0.094288	0.092111	-0.066052	-0.044048	-0.684904	-0.000000	-0.000000	-0.013937	0.012215	-0.000089	0.000456	0.000216	-0.023869	-0.002370	-0.049145	-0.025165	0.042614	0.009400	0.011523	0.010067	-0.009986	-0.071830	-0.035463	-0.004542	-0.018578	-0.014404	0.043049	0.011887	0.002582	-0.024713	-0.036099	-0.069562	-0.027585	-0.006172	0.003903	-0.007435	0.042085	0.016209	0.004040	-0.034902	-0.031825	-0.050689	0.000000	0.000000	0.000000	0.000000	-0.000000	-0.000000	-0.000000	-0.000000	-0.013937	0.012215	-0.000089	0.000456	0.000216	-0.028973	-0.002868	-0.052397	-0.027782	0.051055	0.010752	0.011803	0.006986	-0.014976	-0.085975	-0.041932	-0.004409	-0.024191	-0.018540	0.059092	0.010611	0.003283	-0.032133	-0.036412	-0.058254	-0.026151	-0.004977	0.004632	-0.007936	0.046059	0.015960	0.004642	-0.033371	-0.030295	-0.048757	0.000000	0.000000	0.000000	0.000000	-0.000000	-0.000000	-0.000000	-0.000000	-0.013937	0.012215	-0.000089	0.000456	0.000216	-0.033872	-0.003380	-0.057482	-0.030147	0.059407	0.012719	0.012304	0.002687	-0.018688	-0.094571	-0.035949	-0.003349	-0.024753	-0.020000	0.070118	0.017113	0.001608	-0.020661	-0.034350	-0.069337	-0.024982	-0.003504	0.007599	-0.009609	0.049915	0.015396	0.005495	-0.030333	-0.029032	-0.052017	0.000000	0.000000	0.000000	-0.000000	-0.000000	-0.000000	
1.499562	1.603373	-0.221749	0.079622	-0.159972	-0.182560	0.687618	0.108666	0.083292	-0.002574	0.003171	-0.730900	-0.000000	-0.000000	-0.013937	0.012215	-0.000089	0.000456	0.000216	-0.028973	-0.002868	-0.052397	-0.027782	0.051055	0.010752	0.011803	0.006986	-0.014976	-0.085975	-0.041932	-0.004409	-0.024191	-0.018540	0.059092	0.010611	0.003283	-0.032133	-0.036412	-0.058254	-0.026151	-0.004977	0.004632	-0.007936	0.046059	0.015960	0.004642	-0.033371	-0.030295	-0.048757	0.000000	0.000000	0.000000	0.000000	-0.000000	-0.000000	-0.000000	-0.000000	-0.013937	0.012215	-0.000089	0.000456	0.000216	-0.033872	-0.003380	-0.057482	-0.030147	0.059407	0.012719	0.012304	0.002687	-0.018688	-0.094571	-0.035949	-0.003349	-0.024753	-0.020000	0.070118	0.017113	0.001608	-0.020661	-0.034350	-0.069337	-0.024982	-0.003504	0.007599	-0.009609	0.049915	0.015396	0.005495	-0.030333	-0.029032	-0.052017	0.000000	0.000000	0.000000	-0.000000	-0.000000	-0.000000	-0.000000	-0.000000	-0.013937	0.012215	-0.000089	0.000456	0.000216	-0.036451	-0.003547	-0.060244	-0.034715	0.068687	0.014833	0.012872	-0.000039	-0.021733	-0.104263	-0.031512	-0.001149	-0.012944	-0.027474	0.069476	0.010784	0.002952	-0.021608	-0.019487	-0.076028	-0.025780	-0.002060	0.007513	-0.007095	0.051977	0.014696	0.006307	-0.028597	-0.026647	-0.052591	0.000000	0.000000	0.000000	-0.000000	-0.000000	-0.000000	
1.512902	1.631025	-0.249411	0.052347	-0.093847	-0.270419	0.731489	0.118645	0.113601	0.010867	-0.030499	-0.846835	-0.000000	-0.000000	-0.013937	0.012215	-0.000089	0.000456	0.000216	-0.033872	-0.003380	-0.057482	-0.030147	0.059407	0.012719	0.012304	0.002687	-0.018688	-0.094571	-0.035949	-0.003349	-0.024753	-0.020000	0.070118	0.017113	0.001608	-0.020661	-0.034350	-0.069337	-0.024982	-0.003504	0.007599	-0.009609	0.049915	0.015396	0.005495	-0.030333	-0.029032	-0.052017	0.000000	0.000000	0.000000	-0.000000	-0.000000	-0.000000	-0.000000	-0.000000	-0.013937	0.012215	-0.000089	0.000456	0.000216	-0.036451	-0.003547	-0.060244	-0.034715	0.068687	0.014833	0.012872	-0.000039	-0.021733	-0.104263	-0.031512	-0.001149	-0.012944	-0.027474	0.069476	0.010784	0.002952	-0.021608	-0.019487	-0.076028	-0.025780	-0.002060	0.007513	-0.007095	0.051977	0.014696	0.006307	-0.028597	-0.026647	-0.052591	0.000000	0.000000	0.000000	-0.000000	-0.000000	-0.000000	-0.000000	-0.000000	-0.013937	0.012215	-0.000089	0.000456	0.000216	-0.040505	-0.003588	-0.062638	-0.037713	0.082757	0.017292	0.013867	-0.002087	-0.025322	-0.114199	-0.028974	0.001281	-0.025373	-0.027175	0.063829	0.008407	0.005530	-0.017166	-0.008579	-0.077395	-0.025060	-0.000821	0.007501	-0.006842	0.048247	0.013871	0.006565	-0.026588	-0.023010	-0.053646	0.000000	0.000000	-0.000000	-0.000000	-0.000000	-0.000000	
1.544178	1.642437	-0.251575	0.135794	-0.078218	-0.235594	0.822285	0.110358	0.087259	-0.002577	-0.087788	-1.044720	-0.000000	-0.000000	-0.013937	0.012215	-0.000089	0.000456	0.000216	-0.036451	-0.003547	-0.060244	-0.034715	0.068687	0.014833	0.012872	-0.000039	-0.021733	-0.104263	-0.031512	-0.001149	-0.012944	-0.027474	0.069476	0.010784	0.002952	-0.021608	-0.019487	-0.076028	-0.025780	-0.002060	0.007513	-0.007095	0.051977	0.014696	0.006307	-0.028597	-0.026647	-0.052591	0.000000	0.000000	0.000000	-0.000000	-0.000000	-0.000000	-0.000000	-0.000000	-0.013937	0.012215	-0.000089	0.000456	0.000216	-0.040505	-0.003588	-0.062638	-0.037713	0.082757	0.017292	0.013867	-0.002087	-0.025322	-0.114199	-0.028974	0.001281	-0.025373	-0.027175	0.063829	0.008407	0.005530	-0.017166	-0.008579	-0.077395	-0.025060	-0.000821	0.007501	-0.006842	0.048247	0.013871	0.006565	-0.026588	-0.023010	-0.053646	0.000000	0.000000	-0.000000	-0.000000	-0.000000	-0.000000	-0.000000	-0.000000	-0.013937	0.012215	-0.000089	0.000456	0.000216	-0.044878	-0.003589	-0.064328	-0.040300	0.092477	0.019746	0.015002	-0.003296	-0.026719	-0.128690	-0.029768	0.000128	-0.014751	-0.021213	0.071290	0.011310	0.003577	-0.014279	-0.006441	-0.061131	-0.024423	-0.000037	0.007786	-0.008306	0.049483	0.013194	0.007131	-0.025216	-0.022070	-0.051838	0.000000	0.000000	-0.000000	-0.000000	-0.000000	-0.000000	
1.557082	1.638737	-0.212179	0.157976	-0.096221	-0.048765	0.708038	0.097985	0.009604	0.006065	-0.106918	-0.858111	-0.000000	-0.000000	-0.013937	0.012215	-0.000089	0.000456	0.000216	-0.040505	-0.003588	-0.062638	-0.037713	0.082757	0.017292	0.013867	-0.002087	-0.025322	-0.114199	-0.028974	0.001281	-0.025373	-0.027175	0.063829	0.008407	0.005530	-0.017166	-0.008579	-0.077395	-0.025060	-0.000821	0.007501	-0.006842	0.048247	0.013871	0.006565	-0.026588	-0.023010	-0.053646	0.000000	0.000000	-0.000000	-0.000000	-0.000000	-0.000000	-0.000000	-0.000000	-0.013937	0.012215	-0.000089	0.000456	0.000216	-0.044878	-0.003589	-0.064328	-0.040300	0.092477	0.019746	0.015002	-0.003296	-0.026719	-0.128690	-0.029768	0.000128	-0.014751	-0.021213	0.071290	0.011310	0.003577	-0.014279	-0.006441	-0.061131	-0.024423	-0.000037	0.007786	-0.008306	0.049483	0.013194	0.007131	-0.025216	-0.022070	-0.051838	0.000000	0.000000	-0.000000	-0.000000	-0.000000	-0.000000	-0.000000	-0.000000	-0.013937	0.012215	-0.000089	0.000456	0.000216	-0.049896	-0.003573	-0.066145	-0.042417	0.102394	0.022442	0.016312	-0.005428	-0.027725	-0.137938	-0.031592	-0.001383	-0.011246	-0.017127	0.076224	0.017183	0.006755	-0.009105	-0.010764	-0.082885	-0.023177	0.001983	0.008430	-0.009722	0.051897	0.012152	0.007130	-0.023123	-0.022380	-0.058257	0.000000	0.000000	-0.000000	-0.000000	-0.000000	-0.000000	
1.585009	1.634512	-0.214674	0.104073	0.005244	-0.096261	0.638979	0.089568	-0.035921	0.045580	-0.123052	-0.813562	-0.000000	-0.000000	-0.013937	0.012215	-0.000089	0.000456	0.000216	-0.044878	-0.003589	-0.064328	-0.040300	0.092477	0.019746	0.015002	-0.003296	-0.026719	-0.128690	-0.029768	0.000128	-0.014751	-0.021213	0.071290	0.011310	0.003577	-0.014279	-0.006441	-0.061131	-0.024423	-0.000037	0.007786	-0.008306	0.049483	0.013194	0.007131	-0.025216	-0.022070	-0.051838	0.000000	0.000000	-0.000000	-0.000000	-0.000000	-0.000000	-0.000000	-0.000000	-0.013937	0.012215	-0.000089	0.000456	0.000216	-0.049896	-0.003573	-0.066145	-0.042417	0.102394	0.022442	0.016312	-0.005428	-0.027725	-0.137938	-0.031592	-0.001383	-0.011246	-0.017127	0.076224	0.017183	0.006755	-0.009105	-0.010764	-0.082885	-0.023177	0.001983	0.008430	-0.009722	0.051897	0.012152	0.007130	-0.023123	-0.022380	-0.058257	0.000000	0.000000	-0.000000	-0.000000	-0.000000	-0.000000	-0.000000	-0.000000	-0.013937	0.012215	-0.000089	0.000456	0.000216	-0.054705	-0.003448	-0.067381	-0.044197	0.112762	0.023975	0.017576	-0.006388	-0.029162	-0.148293	-0.027587	0.000327	-0.008802	-0.012531	0.071832	0.017771	0.006492	-0.003353	-0.000727	-0.091342	-0.021550	0.004228	0.008223	-0.008673	0.052145	0.012089	0.006010	-0.022072	-0.022546	-0.060769	0.000000	0.000000	-0.000000	-0.000000	-0.000000	-0.000000	
1.608216	1.645782	-0.236606	0.079141	0.076934	-0.264513	0.636729	0.081845	0.018517	0.036707	-0.102850	-0.895480	-0.000000	-0.000000	-0.013937	0.012215	-0.000089	0.000456	0.000216	-0.049896	-0.003573	-0.066145	-0.042417	0.102394	0.022442	0.016312	-0.005428	-0.027725	-0.137938	-0.031592	-0.001383	-0.011246	-0.017127	0.076224	0.017183	0.006755	-0.009105	-0.010764	-0.082885	-0.023177	0.001983	0.008430	-0.009722	0.051897	0.012152	0.007130	-0.023123	-0.022380	-0.058257	0.000000	0.000000	-0.000000	-0.000000	-0.000000	-0.000000	-0.000000	-0.000000	-0.013937	0.012215	-0.000089	0.000456	0.000216	-0.054705	-0.003448	-0.067381	-0.044197	0.112762	0.023975	0.017576	-0.006388	-0.029162	-0.148293	-0.027587	0.000327	-0.008802	-0.012531	0.071832	0.017771	0.006492	-0.003353	-0.000727	-0.091342	-0.021550	0.004228	0.008223	-0.008673	0.052145	0.012089	0.006010	-0.022072	-0.022546	-0.060769	0.000000	0.000000	-0.000000	-0.000000	-0.000000	-0.000000	-0.000000	-0.000000	-0.013937	0.012215	-0.000089	0.000456	0.000216	-0.059738	-0.003270	-0.068403	-0.047752	0.121864	0.026439	0.018701	-0.007064	-0.029692	-0.165510	-0.024394	0.001080	-0.003323	-0.014514	0.055689	0.015387	0.005302	-0.004523	-0.001469	-0.096026	-0.019737	0.005610	0.009324	-0.006562	0.052627	0.010969	0.004346	-0.020712	-0.023862	-0.055753	0.000000	0.000000	-0.000000	-0.000000	-0.000000	-0.000000	
1.608731	1.673803	-0.237158	0.122772	0.074104	-0.274344	0.713382	0.095577	0.041138	-0.018684	-0.019363	-1.154219	-0.000000	-0.000000	-0.013937	0.012215	-0.000089	0.000456	0.000216	-0.054705	-0.003448	-0.067381	-0.044197	0.112762	0.023975	0.017576	-0.006388	-0.029162	-0.148293	-0.027587	0.000327	-0.008802	-0.012531	0.071832	0.017771	0.006492	-0.003353	-0.000727	-0.091342	-0.021550	0.004228	0.008223	-0.008673	0.052145	0.012089	0.006010	-0.022072	-0.022546	-0.060769	0.000000	0.000000	-0.000000	-0.000000	-0.000000	-0.000000	-0.000000	-0.000000	-0.013937	0.012215	-0.000089	0.000456	0.000216	-0.059738	-0.003270	-0.068403	-0.047752	0.121864	0.026439	0.018701	-0.007064	-0.029692	-0.165510	-0.024394	0.001080	-0.003323	-0.014514	0.055689	0.015387	0.005302	-0.004523	-0.001469	-0.096026	-0.019737	0.005610	0.009324	-0.006562	0.052627	0.010969	0.004346	-0.020712	-0.023862	-0.055753	0.000000	0.000000	-0.000000	-0.000000	-0.000000	-0.000000	-0.000000	-0.000000	-0.013937	0.012215	-0.000089	0.000456	0.000216	-0.062538	-0.003065	-0.069092	-0.049747	0.136503	0.029330	0.019709	-0.007757	-0.030210	-0.177217	-0.026169	-0.000125	-0.004171	-0.021342	0.061752	0.015148	0.006579	-0.011619	-0.006079	-0.081489	-0.020482	0.006591	0.011166	-0.008530	0.047529	0.009303	0.003615	-0.019469	-0.024885	-0.057465	0.000000	0.000000	-0.000000	-0.000000	-0.000000	-0.000000	
1.616040	1.678038	-0.186994	0.136193	0.038683	-0.161970	0.740923	0.092653	0.004917	-0.001506	-0.095081	-1.058425	-0.000000	-0.000000	-0.013937	0.012215	-0.000089	0.000456	0.000216	-0.059738	-0.003270	-0.068403	-0.047752	0.121864	0.026439	0.018701	-0.007064	-0.029692	-0.165510	-0.024394	0.001080	-0.003323	-0.014514	0.055689	0.015387	0.005302	-0.004523	-0.001469	-0.096026	-0.019737	0.005610	0.009324	-0.006562	0.052627	0.010969	0.004346	-0.020712	-0.023862	-0.055753	0.000000	0.000000	-0.000000	-0.000000	-0.000000	-0.000000	-0.000000	-0.000000	-0.013937	0.012215	-0.000089	0.000456	0.000216	-0.062538	-0.003065	-0.069092	-0.049747	0.136503	0.029330	0.019709	-0.007757	-0.030210	-0.177217	-0.026169	-0.000125	-0.004171	-0.021342	0.061752	0.015148	0.006579	-0.011619	-0.006079	-0.081489	-0.020482	0.006591	0.011166	-0.008530	0.047529	0.009303	0.003615	-0.019469	-0.024885	-0.057465	0.000000	0.000000	-0.000000	-0.000000	-0.000000	-0.000000	-0.000000	-0.000000	-0.013937	0.012215	-0.000089	0.000456	0.000216	-0.066490	-0.002692	-0.070684	-0.052012	0.146605	0.031435	0.020606	-0.008889	-0.030823	-0.187532	-0.028789	0.002198	-0.009490	-0.022025	0.070035	0.015822	0.004845	-0.007443	-0.011775	-0.085619	-0.020103	0.008068	0.013874	-0.010399	0.048176	0.008638	0.003339	-0.018619	-0.024565	-0.064541	0.000000	0.000000	-0.000000	-0.000000	-0.000000	-0.000000	
1.634956	1.686761	-0.168177	0.094161	-0.011571	-0.034959	0.555192	0.132387	-0.025355	0.013318	-0.182470	-0.715359	-0.000000	-0.000000	-0.013937	0.012215	-0.000089	0.000456	0.000216	-0.062538	-0.003065	-0.069092	-0.049747	0.136503	0.029330	0.019709	-0.007757	-0.030210	-0.177217	-0.026169	-0.000125	-0.004171	-0.021342	0.061752	0.015148	0.006579	-0.011619	-0.006079	-0.081489	-0.020482	0.006591	0.011166	-0.008530	0.047529	0.009303	0.003615	-0.019469	-0.024885	-0.057465	0.000000	0.000000	-0.000000	-0.000000	-0.000000	-0.000000	-0.000000	-0.000000	-0.013937	0.012215	-0.000089	0.000456	0.000216	-0.066490	-0.002692	-0.070684	-0.052012	0.146605	0.031435	0.020606	-0.008889	-0.030823	-0.187532	-0.028789	0.002198	-0.009490	-0.022025	0.070035	0.015822	0.004845	-0.007443	-0.011775	-0.085619	-0.020103	0.008068	0.013874	-0.010399	0.048176	0.008638	0.003339	-0.018619	-0.024565	-0.064541	0.000000	0.000000	-0.000000	-0.000000	-0.000000	-0.000000	-0.000000	-0.000000	-0.013937	0.012215	-0.000089	0.000456	0.000216	-0.070334	-0.002246	-0.071608	-0.055179	0.155919	0.033383	0.021423	-0.009431	-0.031527	-0.199748	-0.014046	0.004058	-0.011418	-0.030120	0.071213	0.001931	0.001997	-0.005979	-0.013740	-0.096850	-0.019054	0.009658	0.015377	-0.009652	0.049934	0.008075	0.002595	-0.018100	-0.025281	-0.068143	0.000000	0.000000	-0.000000	-0.000000	-0.000000	-0.000000	
1.664271	1.677092	-0.122685	0.075864	0.075713	-0.220971	0.379152	0.041180	-0.052837	0.069223	-0.381168	-0.428310	-0.000000	-0.000000	-0.013937	0.012215	-0.000089	0.000456	0.000216	-0.066490	-0.002692	-0.070684	-0.052012	0.146605	0.031435	0.020606	-0.008889	-0.030823	-0.187532	-0.028789	0.002198	-0.009490	-0.022025	0.070035	0.015822	0.004845	-0.007443	-0.011775	-0.085619	-0.020103	0.008068	0.013874	-0.010399	0.048176	0.008638	0.003339	-0.018619	-0.024565	-0.064541	0.000000	0.000000	-0.000000	-0.000000	-0.000000	-0.000000	-0.000000	-0.000000	-0.013937	0.012215	-0.000089	0.000456	0.000216	-0.070334	-0.002246	-0.071608	-0.055179	0.155919	0.033383	0.021423	-0.009431	-0.031527	-0.199748	-0.014046	0.004058	-0.011418	-0.030120	0.071213	0.001931	0.001997	-0.005979	-0.013740	-0.096850	-0.019054	0.009658	0.015377	-0.009652	0.049934	0.008075	0.002595	-0.018100	-0.025281	-0.068143	0.000000	0.000000	-0.000000	-0.000000	-0.000000	-0.000000	-0.000000	-0.000000	-0.013937	0.012215	-0.000089	0.000456	0.000216	-0.073914	-0.001826	-0.072205	-0.060272	0.165246	0.034839	0.022112	-0.009636	-0.033146	-0.212539	-0.019551	0.000638	-0.007772	-0.025346	0.065747	0.006125	0.004969	-0.002343	-0.015333	-0.107046	-0.017999	0.010651	0.015800	-0.005085	0.048943	0.008607	0.001526	-0.017695	-0.026402	-0.066091	0.000000	0.000000	-0.000000	-0.000000	-0.000000	-0.000000	
1.658546	1.674903	-0.098970	0.115238	0.104753	-0.415619	0.455127	-0.019738	0.019570	-0.027474	-0.225767	-0.560030	-0.000000	-0.000000	-0.013937	0.012215	-0.000089	0.000456	0.000216	-0.070334	-0.002246	-0.071608	-0.055179	0.155919	0.033383	0.021423	-0.009431	-0.031527	-0.199748	-0.014046	0.004058	-0.011418	-0.030120	0.071213	0.001931	0.001997	-0.005979	-0.013740	-0.096850	-0.019054	0.009658	0.015377	-0.009652	0.049934	0.008075	0.002595	-0.018100	-0.025281	-0.068143	0.000000	0.000000	-0.000000	-0.000000	-0.000000	-0.000000	-0.000000	-0.000000	-0.013937	0.012215	-0.000089	0.000456	0.000216	-0.073914	-0.001826	-0.072205	-0.060272	0.165246	0.034839	0.022112	-0.009636	-0.033146	-0.212539	-0.019551	0.000638	-0.007772	-0.025346	0.065747	0.006125	0.004969	-0.002343	-0.015333	-0.107046	-0.017999	0.010651	0.015800	-0.005085	0.048943	0.008607	0.001526	-0.017695	-0.026402	-0.066091	0.000000	0.000000	-0.000000	-0.000000	-0.000000	-0.000000	-0.000000	-0.000000	-0.013937	0.012215	-0.000089	0.000456	0.000216	-0.077126	-0.001297	-0.072494	-0.063326	0.179204	0.035906	0.022484	-0.009701	-0.034172	-0.231673	-0.023242	0.002507	-0.000079	-0.021030	0.053685	0.009337	0.004219	-0.000234	-0.014445	-0.082242	-0.016625	0.011259	0.017223	-0.005342	0.040666	0.008157	0.000362	-0.016592	-0.031087	-0.053376	0.000000	-0.000000	-0.000000	-0.000000	-0.000000	-0.000000	
1.663250	1.690880	-0.086115	0.150041	0.099282	-0.349876	0.662675	-0.018433	0.074654	-0.045189	-0.129608	-0.787152	-0.000000	-0.000000	-0.013937	0.012215	-0.000089	0.000456	0.000216	-0.073914	-0.001826	-0.072205	-0.060272	0.165246	0.034839	0.022112	-0.009636	-0.033146	-0.212539	-0.019551	0.000638	-0.007772	-0.025346	0.065747	0.006125	0.004969	-0.002343	-0.015333	-0.107046	-0.017999	0.010651	0.015800	-0.005085	0.048943	0.008607	0.001526	-0.017695	-0.026402	-0.066091	0.000000	0.000000	-0.000000	-0.000000	-0.000000	-0.000000	-0.000000	-0.000000	-0.013937	0.012215	-0.000089	0.000456	0.000216	-0.077126	-0.001297	-0.072494	-0.063326	0.179204	0.035906	0.022484	-0.009701	-0.034172	-0.231673	-0.023242	0.002507	-0.000079	-0.021030	0.053685	0.009337	0.004219	-0.000234	-0.014445	-0.082242	-0.016625	0.011259	0.017223	-0.005342	0.040666	0.008157	0.000362	-0.016592	-0.031087	-0.053376	0.000000	-0.000000	-0.000000	-0.000000	-0.000000	-0.000000	-0.000000	-0.000000	-0.013937	0.012215	-0.000089	0.000456	0.000216	-0.079974	-0.000739	-0.072358	-0.065560	0.187884	0.037185	0.022809	-0.009738	-0.035880	-0.242770	-0.014887	0.001879	0.006622	-0.018504	0.061552	0.000585	0.000771	-0.003513	-0.015054	-0.074876	-0.015262	0.012430	0.018659	-0.009344	0.038815	0.006582	0.000331	-0.016967	-0.032767	-0.050682	0.000000	-0.000000	-0.000000	-0.000000	-0.000000	-0.000000	
1.674498	1.688359	-0.056341	0.118779	0.124174	-0.193384	0.672917	0.020496	0.002914	0.025482	-0.203317	-0.703679	-0.000000	-0.000000	-0.013937	0.012215	-0.000089	0.000456	0.000216	-0.077126	-0.001297	-0.072494	-0.063326	0.179204	0.035906	0.022484	-0.009701	-0.034172	-0.231673	-0.023242	0.002507	-0.000079	-0.021030	0.053685	0.009337	0.004219	-0.000234	-0.014445	-0.082242	-0.016625	0.011259	0.017223	-0.005342	0.040666	0.008157	0.000362	-0.016592	-0.031087	-0.053376	0.000000	-0.000000	-0.000000	-0.000000	-0.000000	-0.000000	-0.000000	-0.000000	-0.013937	0.012215	-0.000089	0.000456	0.000216	-0.079974	-0.000739	-0.072358	-0.065560	0.187884	0.037185	0.022809	-0.009738	-0.035880	-0.242770	-0.014887	0.001879	0.006622	-0.018504	0.061552	0.000585	0.000771	-0.003513	-0.015054	-0.074876	-0.015262	0.012430	0.018659	-0.009344	0.038815	0.006582	0.000331	-0.016967	-0.032767	-0.050682	0.000000	-0.000000	-0.000000	-0.000000	-0.000000	-0.000000	-0.000000	-0.000000	-0.013937	0.012215	-0.000089	0.000456	0.000216	-0.081852	-0.000256	-0.072040	-0.067970	0.195751	0.037974	0.023019	-0.009746	-0.038112	-0.251945	-0.021380	0.001816	-0.000734	-0.018252	0.051520	-0.002733	0.000659	-0.004888	-0.020349	-0.081119	-0.014675	0.014197	0.019830	-0.012180	0.040884	0.005516	0.001240	-0.017637	-0.032478	-0.053310	-0.000000	-0.000000	-0.000000	-0.000000	-0.000000	-0.000000	
1.679648	1.691219	-0.036005	0.098863	0.112084	-0.073014	0.526284	0.032705	-0.072769	0.052848	-0.211695	-0.538702	-0.000000	-0.000000	-0.013937	0.012215	-0.000089	0.000456	0.000216	-0.079974	-0.000739	-0.072358	-0.065560	0.187884	0.037185	0.022809	-0.009738	-0.035880	-0.242770	-0.014887	0.001879	0.006622	-0.018504	0.061552	0.000585	0.000771	-0.003513	-0.015054	-0.074876	-0.015262	0.012430	0.018659	-0.009344	0.038815	0.006582	0.000331	-0.016967	-0.032767	-0.050682	0.000000	-0.000000	-0.000000	-0.000000	-0.000000	-0.000000	-0.000000	-0.000000	-0.013937	0.012215	-0.000089	0.000456	0.000216	-0.081852	-0.000256	-0.072040	-0.067970	0.195751	0.037974	0.023019	-0.009746	-0.038112	-0.251945	-0.021380	0.001816	-0.000734	-0.018252	0.051520	-0.002733	0.000659	-0.004888	-0.020349	-0.081119	-0.014675	0.014197	0.019830	-0.012180	0.040884	0.005516	0.001240	-0.017637	-0.032478	-0.053310	-0.000000	-0.000000	-0.000000	-0.000000	-0.000000	-0.000000	-0.000000	-0.000000	-0.013937	0.012215	-0.000089	0.000456	0.000216	-0.084166	0.000519	-0.071540	-0.072208	0.203601	0.038520	0.023400	-0.009723	-0.042799	-0.262528	-0.017143	0.002624	0.004812	-0.018924	0.069012	-0.000273	0.003788	-0.000838	-0.027160	-0.089071	-0.013207	0.015204	0.021193	-0.010843	0.043131	0.005278	0.000902	-0.017277	-0.030842	-0.053286	-0.000000	-0.000000	-0.000000	-0.000000	-0.000000	-0.000000	
1.679654	1.688215	-0.033905	0.071239	0.059346	-0.137666	0.496599	0.037657	0.031305	0.010585	-0.113893	-0.529711	-0.000000	-0.000000	-0.013937	0.012215	-0.000089	0.000456	0.000216	-0.081852	-0.000256	-0.072040	-0.067970	0.195751	0.037974	0.023019	-0.009746	-0.038112	-0.251945	-0.021380	0.001816	-0.000734	-0.018252	0.051520	-0.002733	0.000659	-0.004888	-0.020349	-0.081119	-0.014675	0.014197	0.019830	-0.012180	0.040884	0.005516	0.001240	-0.017637	-0.032478	-0.053310	-0.000000	-0.000000	-0.000000	-0.000000	-0.000000	-0.000000	-0.000000	-0.000000	-0.013937	0.012215	-0.000089	0.000456	0.000216	-0.084166	0.000519	-0.071540	-0.072208	0.203601	0.038520	0.023400	-0.009723	-0.042799	-0.262528	-0.017143	0.002624	0.004812	-0.018924	0.069012	-0.000273	0.003788	-0.000838	-0.027160	-0.089071	-0.013207	0.015204	0.021193	-0.010843	0.043131	0.005278	0.000902	-0.017277	-0.030842	-0.053286	-0.000000	-0.000000	-0.000000	-0.000000	-0.000000	-0.000000	-0.000000	-0.000000	-0.013937	0.012215	-0.000089	0.000456	0.000216	-0.086253	0.000957	-0.071053	-0.075504	0.215398	0.039065	0.023864	-0.009694	-0.045675	-0.276543	-0.006251	0.000495	0.002924	-0.027716	0.053313	0.000671	0.000728	-0.002875	-0.020164	-0.070325	-0.011659	0.016247	0.022384	-0.008642	0.039217	0.005223	-0.000652	-0.016515	-0.031137	-0.047338	-0.000000	-0.000000	-0.000000	-0.000000	-0.000000	-0.000000	
1.687399	1.687585	-0.034673	0.019547	0.103491	-0.275118	0.461102	0.006159	0.044123	0.070459	-0.086500	-0.610608	-0.000000	-0.000000	-0.013937	0.012215	-0.000089	0.000456	0.000216	-0.084166	0.000519	-0.071540	-0.072208	0.203601	0.038520	0.023400	-0.009723	-0.042799	-0.262528	-0.017143	0.002624	0.004812	-0.018924	0.069012	-0.000273	0.003788	-0.000838	-0.027160	-0.089071	-0.013207	0.015204	0.021193	-0.010843	0.043131	0.005278	0.000902	-0.017277	-0.030842	-0.053286	-0.000000	-0.000000	-0.000000	-0.000000	-0.000000	-0.000000	-0.000000	-0.000000	-0.013937	0.012215	-0.000089	0.000456	0.000216	-0.086253	0.000957	-0.071053	-0.075504	0.215398	0.039065	0.023864	-0.009694	-0.045675	-0.276543	-0.006251	0.000495	0.002924	-0.027716	0.053313	0.000671	0.000728	-0.002875	-0.020164	-0.070325	-0.011659	0.016247	0.022384	-0.008642	0.039217	0.005223	-0.000652	-0.016515	-0.031137	-0.047338	-0.000000	-0.000000	-0.000000	-0.000000	-0.000000	-0.000000	-0.000000	-0.000000	-0.013937	0.012215	-0.000089	0.000456	0.000216	-0.087494	0.001787	-0.070131	-0.078368	0.223282	0.039828	0.024078	-0.009519	-0.048504	-0.286204	-0.006208	0.004121	0.003782	-0.026152	0.048952	0.007395	-0.000044	0.000410	-0.023303	-0.071242	-0.010927	0.016486	0.022354	-0.007844	0.038788	0.005025	-0.000396	-0.016531	-0.030017	-0.045630	-0.000000	-0.000000	-0.000000	-0.000000	-0.000000	-0.000000	
1.694082	1.693134	-0.029642	0.049152	0.055449	-0.185023	0.468435	0.069155	0.011997	0.079288	-0.114916	-0.581866	-0.000000	-0.000000	-0.013937	0.012215	-0.000089	0.000456	0.000216	-0.086253	0.000957	-0.071053	-0.075504	0.215398	0.039065	0.023864	-0.009694	-0.045675	-0.276543	-0.006251	0.000495	0.002924	-0.027716	0.053313	0.000671	0.000728	-0.002875	-0.020164	-0.070325	-0.011659	0.016247	0.022384	-0.008642	0.039217	0.005223	-0.000652	-0.016515	-0.031137	-0.047338	-0.000000	-0.000000	-0.000000	-0.000000	-0.000000	-0.000000	-0.000000	-0.000000	-0.013937	0.012215	-0.000089	0.000456	0.000216	-0.087494	0.001787	-0.070131	-0.078368	0.223282	0.039828	0.024078	-0.009519	-0.048504	-0.286204	-0.006208	0.004121	0.003782	-0.026152	0.048952	0.007395	-0.000044	0.000410	-0.023303	-0.071242	-0.010927	0.016486	0.022354	-0.007844	0.038788	0.005025	-0.000396	-0.016531	-0.030017	-0.045630	-0.000000	-0.000000	-0.000000	-0.000000	-0.000000	-0.000000	-0.000000	-0.000000	-0.013937	0.012215	-0.000089	0.000456	0.000216	-0.088663	0.002713	-0.069293	-0.081243	0.230021	0.040635	0.024161	-0.009411	-0.052487	-0.294704	-0.005157	0.007275	0.004915	-0.029834	0.054448	-0.000307	-0.001865	0.000041	-0.019778	-0.069589	-0.010280	0.015854	0.023073	-0.009110	0.038990	0.004311	0.000185	-0.015578	-0.027337	-0.046322	-0.000000	-0.000000	-0.000000	-0.000000	-0.000000	-0.000000	
1.705056	1.707427	-0.024859	0.067116	0.063393	-0.115453	0.487507	0.068565	-0.018219	0.089673	-0.135461	-0.600828	-0.000000	-0.000000	-0.013937	0.012215	-0.000089	0.000456	0.000216	-0.087494	0.001787	-0.070131	-0.078368	0.223282	0.039828	0.024078	-0.009519	-0.048504	-0.286204	-0.006208	0.004121	0.003782	-0.026152	0.048952	0.007395	-0.000044	0.000410	-0.023303	-0.071242	-0.010927	0.016486	0.022354	-0.007844	0.038788	0.005025	-0.000396	-0.016531	-0.030017	-0.045630	-0.000000	-0.000000	-0.000000	-0.000000	-0.000000	-0.000000	-0.000000	-0.000000	-0.013937	0.012215	-0.000089	0.000456	0.000216	-0.088663	0.002713	-0.069293	-0.081243	0.230021	0.040635	0.024161	-0.009411	-0.052487	-0.294704	-0.005157	0.007275	0.004915	-0.029834	0.054448	-0.000307	-0.001865	0.000041	-0.019778	-0.069589	-0.010280	0.015854	0.023073	-0.009110	0.038990	0.004311	0.000185	-0.015578	-0.027337	-0.046322	-0.000000	-0.000000	-0.000000	-0.000000	-0.000000	-0.000000	-0.000000	-0.000000	-0.013937	0.012215	-0.000089	0.000456	0.000216	-0.089479	0.003536	-0.068325	-0.085986	0.237476	0.041185	0.024283	-0.009293	-0.054931	-0.308908	-0.002958	0.003170	0.005028	-0.029854	0.059534	0.001016	0.001209	-0.000694	-0.020124	-0.062095	-0.009909	0.015769	0.022937	-0.007144	0.038565	0.004799	0.000244	-0.014507	-0.026617	-0.040849	-0.000000	-0.000000	-0.000000	-0.000000	-0.000000	-0.000000	
1.713199	1.718764	-0.022928	0.054125	0.076801	-0.158049	0.498470	0.036498	0.033285	0.091977	-0.063674	-0.706629	-0.000000	-0.000000	-0.013937	0.012215	-0.000089	0.000456	0.000216	-0.088663	0.002713	-0.069293	-0.081243	0.230021	0.040635	0.024161	-0.009411	-0.052487	-0.294704	-0.005157	0.007275	0.004915	-0.029834	0.054448	-0.000307	-0.001865	0.000041	-0.019778	-0.069589	-0.010280	0.015854	0.023073	-0.009110	0.038990	0.004311	0.000185	-0.015578	-0.027337	-0.046322	-0.000000	-0.000000	-0.000000	-0.000000	-0.000000	-0.000000	-0.000000	-0.000000	-0.013937	0.012215	-0.000089	0.000456	0.000216	-0.089479	0.003536	-0.068325	-0.085986	0.237476	0.041185	0.024283	-0.009293	-0.054931	-0.308908	-0.002958	0.003170	0.005028	-0.029854	0.059534	0.001016	0.001209	-0.000694	-0.020124	-0.062095	-0.009909	0.015769	0.022937	-0.007144	0.038565	0.004799	0.000244	-0.014507	-0.026617	-0.040849	-0.000000	-0.000000	-0.000000	-0.000000	-0.000000	-0.000000	-0.000000	-0.000000	-0.013937	0.012215	-0.000089	0.000456	0.000216	-0.089884	0.004080	-0.067526	-0.088558	0.248030	0.041391	0.024364	-0.009172	-0.057141	-0.317444	-0.003785	0.006017	0.007482	-0.019736	0.042246	-0.003737	-0.000461	-0.006002	-0.017367	-0.056460	-0.009877	0.016232	0.023090	-0.006305	0.035330	0.005622	-0.000111	-0.013281	-0.026441	-0.041334	-0.000000	-0.000000	-0.000000	-0.000000	-0.000000	-0.000000	
1.707416	1.719002	-0.016402	0.070968	0.049850	-0.040281	0.366089	0.023475	-0.015017	0.057980	-0.035024	-0.482883	-0.000000	-0.000000	-0.013937	0.012215	-0.000089	0.000456	0.000216	-0.089479	0.003536	-0.068325	-0.085986	0.237476	0.041185	0.024283	-0.009293	-0.054931	-0.308908	-0.002958	0.003170	0.005028	-0.029854	0.059534	0.001016	0.001209	-0.000694	-0.020124	-0.062095	-0.009909	0.015769	0.022937	-0.007144	0.038565	0.004799	0.000244	-0.014507	-0.026617	-0.040849	-0.000000	-0.000000	-0.000000	-0.000000	-0.000000	-0.000000	-0.000000	-0.000000	-0.013937	0.012215	-0.000089	0.000456	0.000216	-0.089884	0.004080	-0.067526	-0.088558	0.248030	0.041391	0.024364	-0.009172	-0.057141	-0.317444	-0.003785	0.006017	0.007482	-0.019736	0.042246	-0.003737	-0.000461	-0.006002	-0.017367	-0.056460	-0.009877	0.016232	0.023090	-0.006305	0.035330	0.005622	-0.000111	-0.013281	-0.026441	-0.041334	-0.000000	-0.000000	-0.000000	-0.000000	-0.000000	-0.000000	-0.000000	-0.000000	-0.013937	0.012215	-0.000089	0.000456	0.000216	-0.090038	0.004949	-0.066154	-0.090939	0.255496	0.041748	0.024388	-0.009027	-0.059109	-0.323925	-0.008056	0.006534	0.003540	-0.019771	0.051684	0.003116	-0.001093	0.004285	-0.023023	-0.052756	-0.010067	0.016175	0.022869	-0.006292	0.035329	0.005812	0.000363	-0.012049	-0.025426	-0.045436	-0.000000	-0.000000	-0.000000	0.000000	-0.000000	-0.000000	
1.721350	1.723111	-0.008260	0.044789	0.061838	0.084141	0.207004	0.034572	-0.061004	0.130144	-0.148010	-0.366777	-0.000000	-0.000000	-0.013937	0.012215	-0.000089	0.000456	0.000216	-0.089884	0.004080	-0.067526	-0.088558	0.248030	0.041391	0.024364	-0.009172	-0.057141	-0.317444	-0.003785	0.006017	0.007482	-0.019736	0.042246	-0.003737	-0.000461	-0.006002	-0.017367	-0.056460	-0.009877	0.016232	0.023090	-0.006305	0.035330	0.005622	-0.000111	-0.013281	-0.026441	-0.041334	-0.000000	-0.000000	-0.000000	-0.000000	-0.000000	-0.000000	-0.000000	-0.000000	-0.013937	0.012215	-0.000089	0.000456	0.000216	-0.090038	0.004949	-0.066154	-0.090939	0.255496	0.041748	0.024388	-0.009027	-0.059109	-0.323925	-0.008056	0.006534	0.003540	-0.019771	0.051684	0.003116	-0.001093	0.004285	-0.023023	-0.052756	-0.010067	0.016175	0.022869	-0.006292	0.035329	0.005812	0.000363	-0.012049	-0.025426	-0.045436	-0.000000	-0.000000	-0.000000	0.000000	-0.000000	-0.000000	-0.000000	-0.000000	-0.013937	0.012215	-0.000089	0.000456	0.000216	-0.090093	0.005970	-0.064765	-0.092942	0.262030	0.042061	0.024441	-0.008925	-0.062484	-0.331134	0.000241	0.003794	0.010474	-0.016634	0.053674	-0.003527	-0.000924	0.001126	-0.012771	-0.072974	-0.010257	0.016216	0.022226	-0.004892	0.034281	0.005850	0.000085	-0.011282	-0.022577	-0.045462	-0.000000	-0.000000	-0.000000	0.000000	-0.000000	-0.000000	
1.717997	1.725770	-0.021796	0.014524	0.046469	0.049210	0.061834	0.042181	-0.064930	0.055022	0.030061	-0.422858	-0.000000	-0.000000	-0.013937	0.012215	-0.000089	0.000456	0.000216	-0.090038	0.004949	-0.066154	-0.090939	0.255496	0.041748	0.024388	-0.009027	-0.059109	-0.323925	-0.008056	0.006534	0.003540	-0.019771	0.051684	0.003116	-0.001093	0.004285	-0.023023	-0.052756	-0.010067	0.016175	0.022869	-0.006292	0.035329	0.005812	0.000363	-0.012049	-0.025426	-0.045436	-0.000000	-0.000000	-0.000000	0.000000	-0.000000	-0.000000	-0.000000	-0.000000	-0.013937	0.012215	-0.000089	0.000456	0.000216	-0.090093	0.005970	-0.064765	-0.092942	0.262030	0.042061	0.024441	-0.008925	-0.062484	-0.331134	0.000241	0.003794	0.010474	-0.016634	0.053674	-0.003527	-0.000924	0.001126	-0.012771	-0.072974	-0.010257	0.016216	0.022226	-0.004892	0.034281	0.005850	0.000085	-0.011282	-0.022577	-0.045462	-0.000000	-0.000000	-0.000000	0.000000	-0.000000	-0.000000	-0.000000	-0.000000	-0.013937	0.012215	-0.000089	0.000456	0.000216	-0.090225	0.006894	-0.063639	-0.095378	0.268644	0.042415	0.024509	-0.008735	-0.064588	-0.343772	-0.006257	0.005498	0.008376	-0.006898	0.046894	-0.000353	0.000373	0.000113	-0.023262	-0.054407	-0.010249	0.015964	0.022027	-0.001195	0.030769	0.006015	-0.000896	-0.009522	-0.022690	-0.038320	-0.000000	-0.000000	0.000000	0.000000	-0.000000	-0.000000	
1.712595	1.746561	-0.031469	0.013999	0.013615	0.144556	-0.029115	0.029358	-0.030099	0.024685	0.171452	-0.642061	-0.000000	-0.000000	-0.013937	0.012215	-0.000089	0.000456	0.000216	-0.090093	0.005970	-0.064765	-0.092942	0.262030	0.042061	0.024441	-0.008925	-0.062484	-0.331134	0.000241	0.003794	0.010474	-0.016634	0.053674	-0.003527	-0.000924	0.001126	-0.012771	-0.072974	-0.010257	0.016216	0.022226	-0.004892	0.034281	0.005850	0.000085	-0.011282	-0.022577	-0.045462	-0.000000	-0.000000	-0.000000	0.000000	-0.000000	-0.000000	-0.000000	-0.000000	-0.013937	0.012215	-0.000089	0.000456	0.000216	-0.090225	0.006894	-0.063639	-0.095378	0.268644	0.042415	0.024509	-0.008735	-0.064588	-0.343772	-0.006257	0.005498	0.008376	-0.006898	0.046894	-0.000353	0.000373	0.000113	-0.023262	-0.054407	-0.010249	0.015964	0.022027	-0.001195	0.030769	0.006015	-0.000896	-0.009522	-0.022690	-0.038320	-0.000000	-0.000000	0.000000	0.000000	-0.000000	-0.000000	-0.000000	-0.000000	-0.013937	0.012215	-0.000089	0.000456	0.000216	-0.090397	0.007862	-0.062735	-0.096253	0.277237	0.042849	0.024522	-0.008237	-0.066173	-0.351340	-0.004464	0.005668	0.008515	-0.007669	0.035747	-0.002827	-0.000079	0.003152	-0.012795	-0.045223	-0.010404	0.015213	0.021819	0.000417	0.023102	0.006212	-0.001882	-0.009196	-0.020656	-0.037087	-0.000000	-0.000000	0.000000	0.000000	-0.000000	-0.000000	
1.719300	1.744060	-0.021235	-0.024382	0.073547	0.185575	-0.207289	0.006811	-0.135254	0.095833	0.177163	-0.684294	-0.000000	-0.000000	-0.013937	0.012215	-0.000089	0.000456	0.000216	-0.090225	0.006894	-0.063639	-0.095378	0.268644	0.042415	0.024509	-0.008735	-0.064588	-0.343772	-0.006257	0.005498	0.008376	-0.006898	0.046894	-0.000353	0.000373	0.000113	-0.023262	-0.054407	-0.010249	0.015964	0.022027	-0.001195	0.030769	0.006015	-0.000896	-0.009522	-0.022690	-0.038320	-0.000000	-0.000000	0.000000	0.000000	-0.000000	-0.000000	-0.000000	-0.000000	-0.013937	0.012215	-0.000089	0.000456	0.000216	-0.090397	0.007862	-0.062735	-0.096253	0.277237	0.042849	0.024522	-0.008237	-0.066173	-0.351340	-0.004464	0.005668	0.008515	-0.007669	0.035747	-0.002827	-0.000079	0.003152	-0.012795	-0.045223	-0.010404	0.015213	0.021819	0.000417	0.023102	0.006212	-0.001882	-0.009196	-0.020656	-0.037087	-0.000000	-0.000000	0.000000	0.000000	-0.000000	-0.000000	-0.000000	-0.000000	-0.013937	0.012215	-0.000089	0.000456	0.000216	-0.090601	0.008686	-0.060786	-0.096525	0.282154	0.043493	0.024493	-0.007022	-0.067798	-0.357822	-0.000446	0.002661	0.014810	0.000978	0.031492	0.001811	-0.000473	0.003456	-0.014191	-0.056169	-0.010672	0.014600	0.020074	0.002857	0.017748	0.006009	-0.002304	-0.010040	-0.016459	-0.040235	-0.000000	-0.000000	0.000000	0.000000	-0.000000	-0.000000	
1.724733	1.751952	-0.032443	-0.054632	0.033002	0.221075	-0.355934	0.048790	-0.118125	0.093224	0.155807	-0.681770	-0.000000	-0.000000	-0.013937	0.012215	-0.000089	0.000456	0.000216	-0.090397	0.007862	-0.062735	-0.096253	0.277237	0.042849	0.024522	-0.008237	-0.066173	-0.351340	-0.004464	0.005668	0.008515	-0.007669	0.035747	-0.002827	-0.000079	0.003152	-0.012795	-0.045223	-0.010404	0.015213	0.021819	0.000417	0.023102	0.006212	-0.001882	-0.009196	-0.020656	-0.037087	-0.000000	-0.000000	0.000000	0.000000	-0.000000	-0.000000	-0.000000	-0.000000	-0.013937	0.012215	-0.000089	0.000456	0.000216	-0.090601	0.008686	-0.060786	-0.096525	0.282154	0.043493	0.024493	-0.007022	-0.067798	-0.357822	-0.000446	0.002661	0.014810	0.000978	0.031492	0.001811	-0.000473	0.003456	-0.014191	-0.056169	-0.010672	0.014600	0.020074	0.002857	0.017748	0.006009	-0.002304	-0.010040	-0.016459	-0.040235	-0.000000	-0.000000	0.000000	0.000000	-0.000000	-0.000000	-0.000000	-0.000000	-0.013937	0.012215	-0.000089	0.000456	0.000216	-0.090811	0.009319	-0.059620	-0.096458	0.285561	0.044058	0.024479	-0.006149	-0.069480	-0.365104	-0.003534	0.003058	0.003924	-0.002345	0.022342	0.000879	0.000651	0.005929	-0.002815	-0.061451	-0.010780	0.013601	0.020012	0.005574	0.011232	0.005546	-0.004319	-0.009475	-0.012119	-0.043217	-0.000000	-0.000000	0.000000	0.000000	-0.000000	-0.000000	
1.724129	1.757248	-0.051881	-0.046576	0.014524	0.085442	-0.297216	0.028637	-0.072076	0.057720	0.207617	-0.688180	-0.000000	-0.000000	-0.013937	0.012215	-0.000089	0.000456	0.000216	-0.090601	0.008686	-0.060786	-0.096525	0.282154	0.043493	0.024493	-0.007022	-0.067798	-0.357822	-0.000446	0.002661	0.014810	0.000978	0.031492	0.001811	-0.000473	0.003456	-0.014191	-0.056169	-0.010672	0.014600	0.020074	0.002857	0.017748	0.006009	-0.002304	-0.010040	-0.016459	-0.040235	-0.000000	-0.000000	0.000000	0.000000	-0.000000	-0.000000	-0.000000	-0.000000	-0.013937	0.012215	-0.000089	0.000456	0.000216	-0.090811	0.009319	-0.059620	-0.096458	0.285561	0.044058	0.024479	-0.006149	-0.069480	-0.365104	-0.003534	0.003058	0.003924	-0.002345	0.022342	0.000879	0.000651	0.005929	-0.002815	-0.061451	-0.010780	0.013601	0.020012	0.005574	0.011232	0.005546	-0.004319	-0.009475	-0.012119	-0.043217	-0.000000	-0.000000	0.000000	0.000000	-0.000000	-0.000000	-0.000000	-0.000000	-0.013937	0.012215	-0.000089	0.000456	0.000216	-0.090999	0.009849	-0.058709	-0.096202	0.288084	0.044850	0.024298	-0.005272	-0.069865	-0.375817	-0.005937	0.001469	0.003882	0.000463	0.009562	0.005322	-0.003425	0.003385	-0.007610	-0.048719	-0.011079	0.012251	0.019595	0.008633	0.003373	0.005486	-0.005910	-0.008955	-0.009398	-0.042725	-0.000000	-0.000000	0.000000	0.000000	-0.000000	-0.000000	
1.729609	1.768095	-0.040433	-0.020396	-0.004159	0.068688	-0.323962	0.023268	-0.053943	0.074557	-0.023112	-0.431259	-0.000000	-0.000000	-0.013937	0.012215	-0.000089	0.000456	0.000216	-0.090811	0.009319	-0.059620	-0.096458	0.285561	0.044058	0.024479	-0.006149	-0.069480	-0.365104	-0.003534	0.003058	0.003924	-0.002345	0.022342	0.000879	0.000651	0.005929	-0.002815	-0.061451	-0.010780	0.013601	0.020012	0.005574	0.011232	0.005546	-0.004319	-0.009475	-0.012119	-0.043217	-0.000000	-0.000000	0.000000	0.000000	-0.000000	-0.000000	-0.000000	-0.000000	-0.013937	0.012215	-0.000089	0.000456	0.000216	-0.090999	0.009849	-0.058709	-0.096202	0.288084	0.044850	0.024298	-0.005272	-0.069865	-0.375817	-0.005937	0.001469	0.003882	0.000463	0.009562	0.005322	-0.003425	0.003385	-0.007610	-0.048719	-0.011079	0.012251	0.019595	0.008633	0.003373	0.005486	-0.005910	-0.008955	-0.009398	-0.042725	-0.000000	-0.000000	0.000000	0.000000	-0.000000	-0.000000	-0.000000	-0.000000	-0.013937	0.012215	-0.000089	0.000456	0.000216	-0.091157	0.010157	-0.057969	-0.095788	0.289922	0.045323	0.024181	-0.004200	-0.069894	-0.383389	-0.004083	0.000845	-0.001008	0.000046	0.016660	-0.000864	-0.003134	0.010109	-0.004251	-0.061404	-0.011699	0.011244	0.019073	0.009500	-0.002925	0.005442	-0.006874	-0.009161	-0.006254	-0.045482	-0.000000	-0.000000	0.000000	0.000000	-0.000000	-0.000000	
1.744950	1.771479	-0.032191	-0.049917	-0.006039	0.023180	-0.200565	0.051369	-0.053349	0.106393	-0.148870	-0.311703	-0.000000	-0.000000	-0.013937	0.012215	-0.000089	0.000456	0.000216	-0.090999	0.009849	-0.058709	-0.096202	0.288084	0.044850	0.024298	-0.005272	-0.069865	-0.375817	-0.005937	0.001469	0.003882	0.000463	0.009562	0.005322	-0.003425	0.003385	-0.007610	-0.048719	-0.011079	0.012251	0.019595	0.008633	0.003373	0.005486	-0.005910	-0.008955	-0.009398	-0.042725	-0.000000	-0.000000	0.000000	0.000000	-0.000000	-0.000000	-0.000000	-0.000000	-0.013937	0.012215	-0.000089	0.000456	0.000216	-0.091157	0.010157	-0.057969	-0.095788	0.289922	0.045323	0.024181	-0.004200	-0.069894	-0.383389	-0.004083	0.000845	-0.001008	0.000046	0.016660	-0.000864	-0.003134	0.010109	-0.004251	-0.061404	-0.011699	0.011244	0.019073	0.009500	-0.002925	0.005442	-0.006874	-0.009161	-0.006254	-0.045482	-0.000000	-0.000000	0.000000	0.000000	-0.000000	-0.000000	-0.000000	-0.000000	-0.013937	0.012215	-0.000089	0.000456	0.000216	-0.091335	0.010389	-0.057239	-0.095341	0.290629	0.045588	0.024037	-0.002337	-0.069657	-0.391422	-0.000757	0.003690	-0.000101	-0.003485	-0.001824	-0.006368	-0.000662	0.007641	-0.000425	-0.069652	-0.012127	0.010708	0.018281	0.010082	-0.008480	0.005526	-0.007537	-0.009908	-0.006837	-0.043902	-0.000000	-0.000000	0.000000	0.000000	-0.000000	-0.000000	
1.748693	1.776164	-0.008355	-0.010502	0.020437	-0.237238	0.005064	-0.016478	0.025385	0.096033	-0.241514	-0.291041	-0.000000	-0.000000	-0.013937	0.012215	-0.000089	0.000456	0.000216	-0.091157	0.010157	-0.057969	-0.095788	0.289922	0.045323	0.024181	-0.004200	-0.069894	-0.383389	-0.004083	0.000845	-0.001008	0.000046	0.016660	-0.000864	-0.003134	0.010109	-0.004251	-0.061404	-0.011699	0.011244	0.019073	0.009500	-0.002925	0.005442	-0.006874	-0.009161	-0.006254	-0.045482	-0.000000	-0.000000	0.000000	0.000000	-0.000000	-0.000000	-0.000000	-0.000000	-0.013937	0.012215	-0.000089	0.000456	0.000216	-0.091335	0.010389	-0.057239	-0.095341	0.290629	0.045588	0.024037	-0.002337	-0.069657	-0.391422	-0.000757	0.003690	-0.000101	-0.003485	-0.001824	-0.006368	-0.000662	0.007641	-0.000425	-0.069652	-0.012127	0.010708	0.018281	0.010082	-0.008480	0.005526	-0.007537	-0.009908	-0.006837	-0.043902	-0.000000	-0.000000	0.000000	0.000000	-0.000000	-0.000000	-0.000000	-0.000000	-0.013937	0.012215	-0.000089	0.000456	0.000216	-0.091418	0.010637	-0.056488	-0.094864	0.290164	0.045859	0.023919	-0.001383	-0.069077	-0.399717	-0.002170	0.002463	-0.000359	0.004537	-0.011000	0.001108	-0.002276	0.001462	0.002051	-0.066289	-0.012526	0.009710	0.017439	0.009953	-0.011028	0.006026	-0.008220	-0.009264	-0.009653	-0.040289	-0.000000	-0.000000	0.000000	0.000000	-0.000000	-0.000000	
1.749570	1.782205	0.018048	0.067907	0.021716	-0.335921	0.374605	-0.045166	0.128760	0.026122	-0.444194	-0.071924	-0.000000	-0.000000	-0.013937	0.012215	-0.000089	0.000456	0.000216	-0.091335	0.010389	-0.057239	-0.095341	0.290629	0.045588	0.024037	-0.002337	-0.069657	-0.391422	-0.000757	0.003690	-0.000101	-0.003485	-0.001824	-0.006368	-0.000662	0.007641	-0.000425	-0.069652	-0.012127	0.010708	0.018281	0.010082	-0.008480	0.005526	-0.007537	-0.009908	-0.006837	-0.043902	-0.000000	-0.000000	0.000000	0.000000	-0.000000	-0.000000	-0.000000	-0.000000	-0.013937	0.012215	-0.000089	0.000456	0.000216	-0.091418	0.010637	-0.056488	-0.094864	0.290164	0.045859	0.023919	-0.001383	-0.069077	-0.399717	-0.002170	0.002463	-0.000359	0.004537	-0.011000	0.001108	-0.002276	0.001462	0.002051	-0.066289	-0.012526	0.009710	0.017439	0.009953	-0.011028	0.006026	-0.008220	-0.009264	-0.009653	-0.040289	-0.000000	-0.000000	0.000000	0.000000	-0.000000	-0.000000	-0.000000	-0.000000	-0.013860	0.012008	0.006822	-0.005776	0.008125	-0.091629	0.010840	-0.056265	-0.094284	0.289053	0.046252	0.023814	-0.000587	-0.068960	-0.410948	-0.005800	0.001642	0.000662	0.003245	-0.012965	0.000111	-0.002554	0.006777	0.000205	-0.049900	-0.012441	0.009349	0.017522	0.005814	-0.009841	0.005386	-0.007735	-0.008620	-0.013392	-0.033423	-0.000000	0.000000	0.000000	0.000000	-0.000000	-0.000000	
1.750818	1.786027	0.041737	0.108851	0.029514	-0.397875	0.661984	-0.055271	0.157185	-0.016492	-0.707238	0.285852	-0.000000	-0.000000	-0.013937	0.012215	-0.000089	0.000456	0.000216	-0.091418	0.010637	-0.056488	-0.094864	0.290164	0.045859	0.023919	-0.001383	-0.069077	-0.399717	-0.002170	0.002463	-0.000359	0.004537	-0.011000	0.001108	-0.002276	0.001462	0.002051	-0.066289	-0.012526	0.009710	0.017439	0.009953	-0.011028	0.006026	-0.008220	-0.009264	-0.009653	-0.040289	-0.000000	-0.000000	0.000000	0.000000	-0.000000	-0.000000	-0.000000	-0.000000	-0.013860	0.012008	0.006822	-0.005776	0.008125	-0.091629	0.010840	-0.056265	-0.094284	0.289053	0.046252	0.023814	-0.000587	-0.068960	-0.410948	-0.005800	0.001642	0.000662	0.003245	-0.012965	0.000111	-0.002554	0.006777	0.000205	-0.049900	-0.012441	0.009349	0.017522	0.005814	-0.009841	0.005386	-0.007735	-0.008620	-0.013392	-0.033423	-0.000000	0.000000	0.000000	0.000000	-0.000000	-0.000000	-0.000000	-0.000000	-0.013845	0.011967	0.007513	-0.006399	0.008916	-0.091865	0.010929	-0.056196	-0.094120	0.287983	0.046621	0.023769	0.000130	-0.069058	-0.417944	-0.003023	0.001793	-0.005168	0.004512	-0.012114	-0.002432	-0.001302	-0.001416	-0.000328	-0.041282	-0.011934	0.010280	0.017780	0.000605	-0.003146	0.004338	-0.005757	-0.008945	-0.019964	-0.027507	-0.000000	0.000000	0.000000	0.000000	-0.000000	-0.000000	
1.751933	1.769892	0.066386	0.165299	0.057136	-0.353585	0.866587	-0.036172	0.134044	-0.020445	-0.759837	0.571929	-0.000000	-0.000000	-0.013860	0.012008	0.006822	-0.005776	0.008125	-0.091629	0.010840	-0.056265	-0.094284	0.289053	0.046252	0.023814	-0.000587	-0.068960	-0.410948	-0.005800	0.001642	0.000662	0.003245	-0.012965	0.000111	-0.002554	0.006777	0.000205	-0.049900	-0.012441	0.009349	0.017522	0.005814	-0.009841	0.005386	-0.007735	-0.008620	-0.013392	-0.033423	-0.000000	0.000000	0.000000	0.000000	-0.000000	-0.000000	-0.000000	-0.000000	-0.013845	0.011967	0.007513	-0.006399	0.008916	-0.091865	0.010929	-0.056196	-0.094120	0.287983	0.046621	0.023769	0.000130	-0.069058	-0.417944	-0.003023	0.001793	-0.005168	0.004512	-0.012114	-0.002432	-0.001302	-0.001416	-0.000328	-0.041282	-0.011934	0.010280	0.017780	0.000605	-0.003146	0.004338	-0.005757	-0.008945	-0.019964	-0.027507	-0.000000	0.000000	0.000000	0.000000	-0.000000	-0.000000	-0.000000	-0.000000	-0.013841	0.011959	0.007582	-0.006461	0.008995	-0.092082	0.011092	-0.056182	-0.094426	0.287333	0.047035	0.023777	0.001315	-0.069635	-0.423099	0.002140	0.000296	-0.001564	0.001149	-0.001211	-0.000243	-0.000479	-0.002584	-0.014340	-0.035186	-0.011091	0.011748	0.018208	-0.005051	0.007427	0.003096	-0.003408	-0.010377	-0.029987	-0.018067	0.000000	0.000000	0.000000	0.000000	-0.000000	-0.000000	
1.755045	1.750811	0.101004	0.184890	0.069980	-0.403673	1.062220	-0.042595	0.158890	0.015889	-0.734779	0.738903	-0.000000	-0.000000	-0.013845	0.011967	0.007513	-0.006399	0.008916	-0.091865	0.010929	-0.056196	-0.094120	0.287983	0.046621	0.023769	0.000130	-0.069058	-0.417944	-0.003023	0.001793	-0.005168	0.004512	-0.012114	-0.002432	-0.001302	-0.001416	-0.000328	-0.041282	-0.011934	0.010280	0.017780	0.000605	-0.003146	0.004338	-0.005757	-0.008945	-0.019964	-0.027507	-0.000000	0.000000	0.000000	0.000000	-0.000000	-0.000000	-0.000000	-0.000000	-0.013841	0.011959	0.007582	-0.006461	0.008995	-0.092082	0.011092	-0.056182	-0.094426	0.287333	0.047035	0.023777	0.001315	-0.069635	-0.423099	0.002140	0.000296	-0.001564	0.001149	-0.001211	-0.000243	-0.000479	-0.002584	-0.014340	-0.035186	-0.011091	0.011748	0.018208	-0.005051	0.007427	0.003096	-0.003408	-0.010377	-0.029987	-0.018067	0.000000	0.000000	0.000000	0.000000	-0.000000	-0.000000	-0.000000	-0.000000	-0.013841	0.011957	0.007589	-0.006468	0.009003	-0.092174	0.011327	-0.056300	-0.095239	0.288221	0.047238	0.023883	0.001892	-0.071786	-0.426626	0.000214	-0.000785	-0.003646	-0.006515	0.011046	-0.001071	-0.001444	-0.005493	-0.022023	-0.023410	-0.010004	0.013993	0.019184	-0.009543	0.019538	0.002350	-0.001504	-0.011260	-0.039234	-0.005961	0.000000	0.000000	0.000000	0.000000	-0.000000	-0.000000	
1.745176	1.712089	0.100729	0.160403	0.085981	-0.315045	0.994747	-0.028496	0.123239	0.086123	-0.302198	0.660330	-0.000000	-0.000000	-0.013841	0.011959	0.007582	-0.006461	0.008995	-0.092082	0.011092	-0.056182	-0.094426	0.287333	0.047035	0.023777	0.001315	-0.069635	-0.423099	0.002140	0.000296	-0.001564	0.001149	-0.001211	-0.000243	-0.000479	-0.002584	-0.014340	-0.035186	-0.011091	0.011748	0.018208	-0.005051	0.007427	0.003096	-0.003408	-0.010377	-0.029987	-0.018067	0.000000	0.000000	0.000000	0.000000	-0.000000	-0.000000	-0.000000	-0.000000	-0.013841	0.011957	0.007589	-0.006468	0.009003	-0.092174	0.011327	-0.056300	-0.095239	0.288221	0.047238	0.023883	0.001892	-0.071786	-0.426626	0.000214	-0.000785	-0.003646	-0.006515	0.011046	-0.001071	-0.001444	-0.005493	-0.022023	-0.023410	-0.010004	0.013993	0.019184	-0.009543	0.019538	0.002350	-0.001504	-0.011260	-0.039234	-0.005961	0.000000	0.000000	0.000000	0.000000	-0.000000	-0.000000	-0.000000	-0.000000	-0.013841	0.011957	0.007589	-0.006468	0.009004	-0.092168	0.011818	-0.056348	-0.096298	0.291064	0.047594	0.024106	0.002104	-0.074834	-0.429004	-0.003468	0.002597	-0.003505	-0.002745	0.036699	0.003034	0.001833	-0.002992	-0.028375	0.001847	-0.008495	0.016274	0.020281	-0.014536	0.032621	0.001356	0.000655	-0.011234	-0.047203	0.007495	0.000000	0.000000	0.000000	0.000000	-0.000000	-0.000000	
1.735693	1.687212	0.113254	0.117141	0.026511	-0.007441	0.643629	0.019078	0.083405	0.139187	0.094033	0.448044	-0.000000	-0.000000	-0.013841	0.011957	0.007589	-0.006468	0.009003	-0.092174	0.011327	-0.056300	-0.095239	0.288221	0.047238	0.023883	0.001892	-0.071786	-0.426626	0.000214	-0.000785	-0.003646	-0.006515	0.011046	-0.001071	-0.001444	-0.005493	-0.022023	-0.023410	-0.010004	0.013993	0.019184	-0.009543	0.019538	0.002350	-0.001504	-0.011260	-0.039234	-0.005961	0.000000	0.000000	0.000000	0.000000	-0.000000	-0.000000	-0.000000	-0.000000	-0.013841	0.011957	0.007589	-0.006468	0.009004	-0.092168	0.011818	-0.056348	-0.096298	0.291064	0.047594	0.024106	0.002104	-0.074834	-0.429004	-0.003468	0.002597	-0.003505	-0.002745	0.036699	0.003034	0.001833	-0.002992	-0.028375	0.001847	-0.008495	0.016274	0.020281	-0.014536	0.032621	0.001356	0.000655	-0.011234	-0.047203	0.007495	0.000000	0.000000	0.000000	0.000000	-0.000000	-0.000000	-0.000000	-0.000000	-0.013841	0.011957	0.007590	-0.006468	0.009004	-0.092167	0.012668	-0.056334	-0.097552	0.296188	0.048077	0.024248	0.002171	-0.079175	-0.428437	-0.003139	0.004098	-0.001397	-0.013186	0.043801	0.002048	-0.000631	-0.005185	-0.032499	0.013445	-0.006985	0.017831	0.021556	-0.018010	0.042423	0.000445	0.002363	-0.010009	-0.047396	0.016837	0.000000	0.000000	0.000000	0.000000	-0.000000	-0.000000	
1.723043	1.680957	0.128012	0.016784	0.016622	0.314901	0.038085	0.063604	-0.090620	0.183472	0.482334	0.074539	-0.000000	-0.000000	-0.013841	0.011957	0.007589	-0.006468	0.009004	-0.092168	0.011818	-0.056348	-0.096298	0.291064	0.047594	0.024106	0.002104	-0.074834	-0.429004	-0.003468	0.002597	-0.003505	-0.002745	0.036699	0.003034	0.001833	-0.002992	-0.028375	0.001847	-0.008495	0.016274	0.020281	-0.014536	0.032621	0.001356	0.000655	-0.011234	-0.047203	0.007495	0.000000	0.000000	0.000000	0.000000	-0.000000	-0.000000	-0.000000	-0.000000	-0.013841	0.011957	0.007590	-0.006468	0.009004	-0.092167	0.012668	-0.056334	-0.097552	0.296188	0.048077	0.024248	0.002171	-0.079175	-0.428437	-0.003139	0.004098	-0.001397	-0.013186	0.043801	0.002048	-0.000631	-0.005185	-0.032499	0.013445	-0.006985	0.017831	0.021556	-0.018010	0.042423	0.000445	0.002363	-0.010009	-0.047396	0.016837	0.000000	0.000000	0.000000	0.000000	-0.000000	-0.000000	-0.000000	-0.000000	-0.013841	0.011957	0.007590	-0.006468	0.009004	-0.091973	0.013783	-0.056306	-0.099886	0.306422	0.048707	0.024591	0.002232	-0.083654	-0.425974	-0.001710	0.006110	-0.002582	-0.019465	0.053584	0.007184	0.002263	-0.000867	-0.031865	0.027517	-0.005481	0.018472	0.021927	-0.015786	0.041839	0.000101	0.003270	-0.007983	-0.041507	0.021091	0.000000	0.000000	0.000000	0.000000	-0.000000	-0.000000	
1.712407	1.702347	0.103024	-0.072376	-0.041320	0.708282	-0.547966	0.148367	-0.241641	0.148164	0.953402	-0.516662	-0.000000	-0.000000	-0.013841	0.011957	0.007590	-0.006468	0.009004	-0.092167	0.012668	-0.056334	-0.097552	0.296188	0.048077	0.024248	0.002171	-0.079175	-0.428437	-0.003139	0.004098	-0.001397	-0.013186	0.043801	0.002048	-0.000631	-0.005185	-0.032499	0.013445	-0.006985	0.017831	0.021556	-0.018010	0.042423	0.000445	0.002363	-0.010009	-0.047396	0.016837	0.000000	0.000000	0.000000	0.000000	-0.000000	-0.000000	-0.000000	-0.000000	-0.013841	0.011957	0.007590	-0.006468	0.009004	-0.091973	0.013783	-0.056306	-0.099886	0.306422	0.048707	0.024591	0.002232	-0.083654	-0.425974	-0.001710	0.006110	-0.002582	-0.019465	0.053584	0.007184	0.002263	-0.000867	-0.031865	0.027517	-0.005481	0.018472	0.021927	-0.015786	0.041839	0.000101	0.003270	-0.007983	-0.041507	0.021091	0.000000	0.000000	0.000000	0.000000	-0.000000	-0.000000	-0.000000	-0.000000	-0.013841	0.011957	0.007590	-0.006468	0.009004	-0.091837	0.015209	-0.056252	-0.102631	0.314261	0.049075	0.025185	0.002681	-0.090730	-0.422427	-0.004010	0.007009	-0.000258	-0.029864	0.061193	0.000718	0.004647	0.003403	-0.030755	0.028575	-0.003697	0.017298	0.022122	-0.008319	0.034572	0.000687	0.001317	-0.005680	-0.027198	0.018662	0.000000	0.000000	0.000000	0.000000	-0.000000	-0.000000	
1.709783	1.737204	0.025068	-0.187157	0.019329	1.033597	-1.212074	0.178031	-0.415710	0.137392	1.243320	-1.227751	-0.000000	-0.000000	-0.013841	0.011957	0.007590	-0.006468	0.009004	-0.091973	0.013783	-0.056306	-0.099886	0.306422	0.048707	0.024591	0.002232	-0.083654	-0.425974	-0.001710	0.006110	-0.002582	-0.019465	0.053584	0.007184	0.002263	-0.000867	-0.031865	0.027517	-0.005481	0.018472	0.021927	-0.015786	0.041839	0.000101	0.003270	-0.007983	-0.041507	0.021091	0.000000	0.000000	0.000000	0.000000	-0.000000	-0.000000	-0.000000	-0.000000	-0.013841	0.011957	0.007590	-0.006468	0.009004	-0.091837	0.015209	-0.056252	-0.102631	0.314261	0.049075	0.025185	0.002681	-0.090730	-0.422427	-0.004010	0.007009	-0.000258	-0.029864	0.061193	0.000718	0.004647	0.003403	-0.030755	0.028575	-0.003697	0.017298	0.022122	-0.008319	0.034572	0.000687	0.001317	-0.005680	-0.027198	0.018662	0.000000	0.000000	0.000000	0.000000	-0.000000	-0.000000	-0.000000	-0.000000	-0.013841	0.011957	0.007590	-0.006468	0.009004	-0.091446	0.016423	-0.055878	-0.106694	0.320966	0.049246	0.025538	0.003813	-0.093744	-0.417114	0.001344	0.004656	0.005209	-0.017992	0.033687	0.000072	0.001512	0.010111	-0.019128	0.019608	-0.002541	0.014997	0.021128	0.006374	0.019643	0.002743	-0.002662	-0.004589	-0.009876	0.005595	0.000000	0.000000	0.000000	0.000000	-0.000000	-0.000000	
1.702007	1.745158	-0.021929	-0.269846	0.026655	1.299990	-1.841899	0.187328	-0.482086	0.093575	1.516820	-1.580179	-0.000000	-0.000000	-0.013841	0.011957	0.007590	-0.006468	0.009004	-0.091837	0.015209	-0.056252	-0.102631	0.314261	0.049075	0.025185	0.002681	-0.090730	-0.422427	-0.004010	0.007009	-0.000258	-0.029864	0.061193	0.000718	0.004647	0.003403	-0.030755	0.028575	-0.003697	0.017298	0.022122	-0.008319	0.034572	0.000687	0.001317	-0.005680	-0.027198	0.018662	0.000000	0.000000	0.000000	0.000000	-0.000000	-0.000000	-0.000000	-0.000000	-0.013841	0.011957	0.007590	-0.006468	0.009004	-0.091446	0.016423	-0.055878	-0.106694	0.320966	0.049246	0.025538	0.003813	-0.093744	-0.417114	0.001344	0.004656	0.005209	-0.017992	0.033687	0.000072	0.001512	0.010111	-0.019128	0.019608	-0.002541	0.014997	0.021128	0.006374	0.019643	0.002743	-0.002662	-0.004589	-0.009876	0.005595	0.000000	0.000000	0.000000	0.000000	-0.000000	-0.000000	-0.000000	-0.000000	-0.013841	0.011957	0.007590	-0.006468	0.009004	-0.090762	0.017022	-0.055028	-0.107361	0.324439	0.049401	0.025584	0.005857	-0.094420	-0.415154	-0.003006	0.004188	0.011339	0.003086	0.015233	0.004893	-0.000547	0.016017	0.003671	0.008940	-0.002849	0.011590	0.020567	0.022553	-0.002021	0.005259	-0.008947	-0.004571	0.009460	-0.014790	0.000000	0.000000	0.000000	0.000000	-0.000000	-0.000000	
1.696611	1.757232	-0.078502	-0.359505	-0.041332	1.492662	-2.217318	0.216736	-0.515047	0.027122	1.545340	-1.576556	-0.000000	-0.000000	-0.013841	0.011957	0.007590	-0.006468	0.009004	-0.091446	0.016423	-0.055878	-0.106694	0.320966	0.049246	0.025538	0.003813	-0.093744	-0.417114	0.001344	0.004656	0.005209	-0.017992	0.033687	0.000072	0.001512	0.010111	-0.019128	0.019608	-0.002541	0.014997	0.021128	0.006374	0.019643	0.002743	-0.002662	-0.004589	-0.009876	0.005595	0.000000	0.000000	0.000000	0.000000	-0.000000	-0.000000	-0.000000	-0.000000	-0.013841	0.011957	0.007590	-0.006468	0.009004	-0.090762	0.017022	-0.055028	-0.107361	0.324439	0.049401	0.025584	0.005857	-0.094420	-0.415154	-0.003006	0.004188	0.011339	0.003086	0.015233	0.004893	-0.000547	0.016017	0.003671	0.008940	-0.002849	0.011590	0.020567	0.022553	-0.002021	0.005259	-0.008947	-0.004571	0.009460	-0.014790	0.000000	0.000000	0.000000	0.000000	-0.000000	-0.000000	-0.000000	-0.000000	-0.013841	0.011957	0.007590	-0.006468	0.009004	-0.090650	0.017473	-0.053598	-0.105459	0.326370	0.049917	0.025262	0.010434	-0.092592	-0.416144	-0.001348	0.000535	0.010207	0.007288	-0.001268	0.001187	0.000527	0.024284	0.018513	-0.016205	-0.003290	0.007096	0.019537	0.040131	-0.031553	0.007551	-0.015850	-0.007745	0.030361	-0.037480	0.000000	0.000000	0.000000	-0.000000	-0.000000	-0.000000	
1.728815	1.792146	-0.102699	-0.499310	-0.036879	1.261131	-2.358231	0.142163	-0.537796	0.162365	1.274019	-1.561971	-0.000000	-0.000000	-0.013841	0.011957	0.007590	-0.006468	0.009004	-0.090762	0.017022	-0.055028	-0.107361	0.324439	0.049401	0.025584	0.005857	-0.094420	-0.415154	-0.003006	0.004188	0.011339	0.003086	0.015233	0.004893	-0.000547	0.016017	0.003671	0.008940	-0.002849	0.011590	0.020567	0.022553	-0.002021	0.005259	-0.008947	-0.004571	0.009460	-0.014790	0.000000	0.000000	0.000000	0.000000	-0.000000	-0.000000	-0.000000	-0.000000	-0.013841	0.011957	0.007590	-0.006468	0.009004	-0.090650	0.017473	-0.053598	-0.105459	0.326370	0.049917	0.025262	0.010434	-0.092592	-0.416144	-0.001348	0.000535	0.010207	0.007288	-0.001268	0.001187	0.000527	0.024284	0.018513	-0.016205	-0.003290	0.007096	0.019537	0.040131	-0.031553	0.007551	-0.015850	-0.007745	0.030361	-0.037480	0.000000	0.000000	0.000000	-0.000000	-0.000000	-0.000000	-0.000000	-0.000000	-0.013841	0.011957	0.007590	-0.006468	0.009004	-0.090724	0.017514	-0.051276	-0.101589	0.323097	0.050359	0.024301	0.013869	-0.085659	-0.421067	-0.003973	-0.000063	0.005208	0.037719	-0.039909	0.002561	-0.008322	0.013944	0.051055	-0.062689	-0.004394	0.001660	0.016595	0.058658	-0.061551	0.010360	-0.022617	-0.010774	0.046616	-0.056212	0.000000	0.000000	0.000000	-0.000000	-0.000000	-0.000000	
1.737119	1.820501	-0.055920	-0.552225	-0.222075	0.565695	-1.865815	0.086112	-0.381224	0.037786	1.078999	-1.569377	-0.000000	-0.000000	-0.013841	0.011957	0.007590	-0.006468	0.009004	-0.090650	0.017473	-0.053598	-0.105459	0.326370	0.049917	0.025262	0.010434	-0.092592	-0.416144	-0.001348	0.000535	0.010207	0.007288	-0.001268	0.001187	0.000527	0.024284	0.018513	-0.016205	-0.003290	0.007096	0.019537	0.040131	-0.031553	0.007551	-0.015850	-0.007745	0.030361	-0.037480	0.000000	0.000000	0.000000	-0.000000	-0.000000	-0.000000	-0.000000	-0.000000	-0.013841	0.011957	0.007590	-0.006468	0.009004	-0.090724	0.017514	-0.051276	-0.101589	0.323097	0.050359	0.024301	0.013869	-0.085659	-0.421067	-0.003973	-0.000063	0.005208	0.037719	-0.039909	0.002561	-0.008322	0.013944	0.051055	-0.062689	-0.004394	0.001660	0.016595	0.058658	-0.061551	0.010360	-0.022617	-0.010774	0.046616	-0.056212	0.000000	0.000000	0.000000	-0.000000	-0.000000	-0.000000	-0.000000	-0.000000	-0.013841	0.011957	0.007590	-0.006468	0.009004	-0.091030	0.017305	-0.049624	-0.091752	0.313742	0.051030	0.022332	0.016519	-0.077245	-0.432787	-0.005981	-0.001635	0.013432	0.056814	-0.089138	-0.004280	-0.017350	0.019889	0.066174	-0.072921	-0.005628	-0.005617	0.014390	0.067729	-0.087553	0.011822	-0.028711	-0.010990	0.057304	-0.067911	0.000000	0.000000	-0.000000	-0.000000	-0.000000	-0.000000	
1.753380	1.841787	0.031873	-0.486471	-0.380088	-0.195595	-1.080090	-0.073822	-0.229851	-0.016581	0.555011	-1.388504	-0.000000	-0.000000	-0.013841	0.011957	0.007590	-0.006468	0.009004	-0.090724	0.017514	-0.051276	-0.101589	0.323097	0.050359	0.024301	0.013869	-0.085659	-0.421067	-0.003973	-0.000063	0.005208	0.037719	-0.039909	0.002561	-0.008322	0.013944	0.051055	-0.062689	-0.004394	0.001660	0.016595	0.058658	-0.061551	0.010360	-0.022617	-0.010774	0.046616	-0.056212	0.000000	0.000000	0.000000	-0.000000	-0.000000	-0.000000	-0.000000	-0.000000	-0.013841	0.011957	0.007590	-0.006468	0.009004	-0.091030	0.017305	-0.049624	-0.091752	0.313742	0.051030	0.022332	0.016519	-0.077245	-0.432787	-0.005981	-0.001635	0.013432	0.056814	-0.089138	-0.004280	-0.017350	0.019889	0.066174	-0.072921	-0.005628	-0.005617	0.014390	0.067729	-0.087553	0.011822	-0.028711	-0.010990	0.057304	-0.067911	0.000000	0.000000	-0.000000	-0.000000	-0.000000	-0.000000	-0.000000	-0.000000	-0.013841	0.011957	0.007590	-0.006468	0.009004	-0.091406	0.016447	-0.048034	-0.083241	0.299197	0.051479	0.020751	0.019376	-0.067710	-0.444655	-0.007228	-0.005282	0.009020	0.069193	-0.140822	0.000619	-0.016159	0.022229	0.081993	-0.103955	-0.006092	-0.013055	0.009464	0.067716	-0.101036	0.012666	-0.032856	-0.013278	0.063978	-0.079618	0.000000	0.000000	-0.000000	-0.000000	-0.000000	-0.000000	
1.769133	1.845998	0.080418	-0.271914	-0.370104	-0.988631	-0.017548	-0.219973	-0.062113	-0.028471	-0.384168	-0.952527	-0.000000	-0.000000	-0.013841	0.011957	0.007590	-0.006468	0.009004	-0.091030	0.017305	-0.049624	-0.091752	0.313742	0.051030	0.022332	0.016519	-0.077245	-0.432787	-0.005981	-0.001635	0.013432	0.056814	-0.089138	-0.004280	-0.017350	0.019889	0.066174	-0.072921	-0.005628	-0.005617	0.014390	0.067729	-0.087553	0.011822	-0.028711	-0.010990	0.057304	-0.067911	0.000000	0.000000	-0.000000	-0.000000	-0.000000	-0.000000	-0.000000	-0.000000	-0.013841	0.011957	0.007590	-0.006468	0.009004	-0.091406	0.016447	-0.048034	-0.083241	0.299197	0.051479	0.020751	0.019376	-0.067710	-0.444655	-0.007228	-0.005282	0.009020	0.069193	-0.140822	0.000619	-0.016159	0.022229	0.081993	-0.103955	-0.006092	-0.013055	0.009464	0.067716	-0.101036	0.012666	-0.032856	-0.013278	0.063978	-0.079618	0.000000	0.000000	-0.000000	-0.000000	-0.000000	-0.000000	-0.000000	-0.000000	-0.013841	0.011957	0.007590	-0.006468	0.009004	-0.091820	0.014959	-0.047473	-0.074002	0.272467	0.052005	0.018092	0.023630	-0.056304	-0.458055	-0.002119	-0.009369	0.000553	0.073920	-0.138313	0.004249	-0.019878	0.015483	0.094742	-0.119621	-0.005200	-0.018850	0.003212	0.055549	-0.090477	0.011035	-0.033639	-0.017781	0.060881	-0.087007	0.000000	0.000000	-0.000000	-0.000000	-0.000000	-0.000000	
1.802600	1.845076	0.112450	0.092015	-0.257396	-1.792715	1.359920	-0.401584	0.267488	-0.248908	-2.383695	0.303887	-0.000000	-0.000000	-0.013841	0.011957	0.007590	-0.006468	0.009004	-0.091406	0.016447	-0.048034	-0.083241	0.299197	0.051479	0.020751	0.019376	-0.067710	-0.444655	-0.007228	-0.005282	0.009020	0.069193	-0.140822	0.000619	-0.016159	0.022229	0.081993	-0.103955	-0.006092	-0.013055	0.009464	0.067716	-0.101036	0.012666	-0.032856	-0.013278	0.063978	-0.079618	0.000000	0.000000	-0.000000	-0.000000	-0.000000	-0.000000	-0.000000	-0.000000	-0.013841	0.011957	0.007590	-0.006468	0.009004	-0.091820	0.014959	-0.047473	-0.074002	0.272467	0.052005	0.018092	0.023630	-0.056304	-0.458055	-0.002119	-0.009369	0.000553	0.073920	-0.138313	0.004249	-0.019878	0.015483	0.094742	-0.119621	-0.005200	-0.018850	0.003212	0.055549	-0.090477	0.011035	-0.033639	-0.017781	0.060881	-0.087007	0.000000	0.000000	-0.000000	-0.000000	-0.000000	-0.000000	-0.000000	-0.000000	-0.013841	0.011957	0.007590	-0.006468	0.009004	-0.092097	0.013611	-0.047919	-0.066096	0.254834	0.052255	0.015112	0.025136	-0.037932	-0.473191	-0.005097	-0.016408	-0.010763	0.051710	-0.131781	-0.002018	-0.019552	0.002944	0.080663	-0.133052	-0.003717	-0.021582	-0.001895	0.032810	-0.073107	0.007484	-0.031591	-0.019714	0.036745	-0.086163	0.000000	0.000000	-0.000000	-0.000000	-0.000000	-0.000000	
1.845317	1.830996	0.222116	0.492874	-0.033440	-2.456336	2.484660	-0.630526	0.625285	-0.513326	-4.686155	2.340670	-0.000000	-0.000000	-0.013841	0.011957	0.007590	-0.006468	0.009004	-0.091820	0.014959	-0.047473	-0.074002	0.272467	0.052005	0.018092	0.023630	-0.056304	-0.458055	-0.002119	-0.009369	0.000553	0.073920	-0.138313	0.004249	-0.019878	0.015483	0.094742	-0.119621	-0.005200	-0.018850	0.003212	0.055549	-0.090477	0.011035	-0.033639	-0.017781	0.060881	-0.087007	0.000000	0.000000	-0.000000	-0.000000	-0.000000	-0.000000	-0.000000	-0.000000	-0.013841	0.011957	0.007590	-0.006468	0.009004	-0.092097	0.013611	-0.047919	-0.066096	0.254834	0.052255	0.015112	0.025136	-0.037932	-0.473191	-0.005097	-0.016408	-0.010763	0.051710	-0.131781	-0.002018	-0.019552	0.002944	0.080663	-0.133052	-0.003717	-0.021582	-0.001895	0.032810	-0.073107	0.007484	-0.031591	-0.019714	0.036745	-0.086163	0.000000	0.000000	-0.000000	-0.000000	-0.000000	-0.000000	-0.000000	-0.000000	-0.013841	0.011957	0.007590	-0.006468	0.009004	-0.092104	0.010934	-0.050068	-0.057802	0.240209	0.052451	0.011802	0.025340	-0.027350	-0.497108	-0.003999	-0.020950	-0.029342	0.011103	-0.109143	0.002939	-0.022428	-0.002497	0.060760	-0.119739	-0.002024	-0.017525	-0.003606	-0.002364	-0.038091	0.001267	-0.024270	-0.023650	-0.009578	-0.057690	0.000000	0.000000	-0.000000	-0.000000	-0.000000	-0.000000	
1.881415	1.763805	0.288901	0.922793	0.266026	-2.693400	3.374897	-0.650779	0.924968	-0.709536	-5.987773	4.109913	-0.000000	-0.000000	-0.013841	0.011957	0.007590	-0.006468	0.009004	-0.092097	0.013611	-0.047919	-0.066096	0.254834	0.052255	0.015112	0.025136	-0.037932	-0.473191	-0.005097	-0.016408	-0.010763	0.051710	-0.131781	-0.002018	-0.019552	0.002944	0.080663	-0.133052	-0.003717	-0.021582	-0.001895	0.032810	-0.073107	0.007484	-0.031591	-0.019714	0.036745	-0.086163	0.000000	0.000000	-0.000000	-0.000000	-0.000000	-0.000000	-0.000000	-0.000000	-0.013841	0.011957	0.007590	-0.006468	0.009004	-0.092104	0.010934	-0.050068	-0.057802	0.240209	0.052451	0.011802	0.025340	-0.027350	-0.497108	-0.003999	-0.020950	-0.029342	0.011103	-0.109143	0.002939	-0.022428	-0.002497	0.060760	-0.119739	-0.002024	-0.017525	-0.003606	-0.002364	-0.038091	0.001267	-0.024270	-0.023650	-0.009578	-0.057690	0.000000	0.000000	-0.000000	-0.000000	-0.000000	-0.000000	-0.000000	-0.000000	-0.013841	0.011957	0.007590	-0.006468	0.009004	-0.091766	0.008395	-0.054302	-0.056968	0.223519	0.052344	0.009226	0.024387	-0.022787	-0.510954	0.004835	-0.014890	-0.044112	-0.006916	-0.035691	-0.007034	-0.015736	-0.016651	0.016545	-0.084907	0.000973	-0.007587	0.000127	-0.040076	0.015901	-0.008093	-0.012307	-0.030404	-0.084495	-0.008703	0.000000	0.000000	-0.000000	-0.000000	-0.000000	-0.000000	
1.835052	1.643677	0.383073	1.088910	0.124364	-1.729471	3.520687	-0.393382	0.917669	-0.748092	-4.565564	4.025429	-0.000000	-0.000000	-0.013841	0.011957	0.007590	-0.006468	0.009004	-0.092104	0.010934	-0.050068	-0.057802	0.240209	0.052451	0.011802	0.025340	-0.027350	-0.497108	-0.003999	-0.020950	-0.029342	0.011103	-0.109143	0.002939	-0.022428	-0.002497	0.060760	-0.119739	-0.002024	-0.017525	-0.003606	-0.002364	-0.038091	0.001267	-0.024270	-0.023650	-0.009578	-0.057690	0.000000	0.000000	-0.000000	-0.000000	-0.000000	-0.000000	-0.000000	-0.000000	-0.013841	0.011957	0.007590	-0.006468	0.009004	-0.091766	0.008395	-0.054302	-0.056968	0.223519	0.052344	0.009226	0.024387	-0.022787	-0.510954	0.004835	-0.014890	-0.044112	-0.006916	-0.035691	-0.007034	-0.015736	-0.016651	0.016545	-0.084907	0.000973	-0.007587	0.000127	-0.040076	0.015901	-0.008093	-0.012307	-0.030404	-0.084495	-0.008703	0.000000	0.000000	-0.000000	-0.000000	-0.000000	-0.000000	-0.000000	-0.000000	-0.013841	0.011957	0.007590	-0.006468	0.009004	-0.090657	0.006902	-0.064624	-0.061744	0.221902	0.051305	0.008695	0.016999	-0.027544	-0.515420	0.006067	-0.008236	-0.053964	-0.041171	0.027489	-0.017454	0.003661	-0.054359	-0.073373	0.002327	0.004196	0.007745	0.014439	-0.075692	0.068131	-0.016813	0.002097	-0.033657	-0.169535	0.057399	0.000000	0.000000	-0.000000	-0.000000	-0.000000	-0.000000	
1.770630	1.474061	0.386246	0.583504	-0.297993	-0.585389	1.948872	-0.135763	0.651847	-0.147220	-0.916806	2.602287	-0.000000	-0.000000	-0.013841	0.011957	0.007590	-0.006468	0.009004	-0.091766	0.008395	-0.054302	-0.056968	0.223519	0.052344	0.009226	0.024387	-0.022787	-0.510954	0.004835	-0.014890	-0.044112	-0.006916	-0.035691	-0.007034	-0.015736	-0.016651	0.016545	-0.084907	0.000973	-0.007587	0.000127	-0.040076	0.015901	-0.008093	-0.012307	-0.030404	-0.084495	-0.008703	0.000000	0.000000	-0.000000	-0.000000	-0.000000	-0.000000	-0.000000	-0.000000	-0.013841	0.011957	0.007590	-0.006468	0.009004	-0.090657	0.006902	-0.064624	-0.061744	0.221902	0.051305	0.008695	0.016999	-0.027544	-0.515420	0.006067	-0.008236	-0.053964	-0.041171	0.027489	-0.017454	0.003661	-0.054359	-0.073373	0.002327	0.004196	0.007745	0.014439	-0.075692	0.068131	-0.016813	0.002097	-0.033657	-0.169535	0.057399	0.000000	0.000000	-0.000000	-0.000000	-0.000000	-0.000000	-0.000000	-0.000000	-0.013841	0.011957	0.007590	-0.006468	0.009004	-0.088811	0.006668	-0.071632	-0.070333	0.230351	0.050734	0.008806	0.008833	-0.052972	-0.508970	0.016310	-0.003034	-0.045527	-0.083681	0.102203	-0.006980	0.003739	-0.067202	-0.191241	0.081890	0.008097	0.024313	0.023312	-0.093045	0.112493	-0.022143	0.015750	-0.036712	-0.212591	0.111331	0.000000	-0.000000	-0.000000	-0.000000	-0.000000	-0.000000	
1.688515	1.398838	0.275477	-0.177296	-0.251481	0.011608	-0.443191	0.113057	0.370526	0.664988	2.090961	1.110228	-0.000000	-0.000000	-0.013841	0.011957	0.007590	-0.006468	0.009004	-0.090657	0.006902	-0.064624	-0.061744	0.221902	0.051305	0.008695	0.016999	-0.027544	-0.515420	0.006067	-0.008236	-0.053964	-0.041171	0.027489	-0.017454	0.003661	-0.054359	-0.073373	0.002327	0.004196	0.007745	0.014439	-0.075692	0.068131	-0.016813	0.002097	-0.033657	-0.169535	0.057399	0.000000	0.000000	-0.000000	-0.000000	-0.000000	-0.000000	-0.000000	-0.000000	-0.013841	0.011957	0.007590	-0.006468	0.009004	-0.088811	0.006668	-0.071632	-0.070333	0.230351	0.050734	0.008806	0.008833	-0.052972	-0.508970	0.016310	-0.003034	-0.045527	-0.083681	0.102203	-0.006980	0.003739	-0.067202	-0.191241	0.081890	0.008097	0.024313	0.023312	-0.093045	0.112493	-0.022143	0.015750	-0.036712	-0.212591	0.111331	0.000000	-0.000000	-0.000000	-0.000000	-0.000000	-0.000000	-0.000000	-0.000000	-0.013841	0.011957	0.007590	-0.006468	0.009004	-0.085655	0.007881	-0.076596	-0.090371	0.248592	0.050305	0.010590	-0.001354	-0.081758	-0.486670	0.014892	0.011445	-0.035610	-0.090723	0.168999	-0.002443	0.013751	-0.094310	-0.258513	0.165920	0.010728	0.031843	0.023811	-0.081779	0.123453	-0.023748	0.023734	-0.028731	-0.197543	0.128023	0.000000	-0.000000	-0.000000	-0.000000	-0.000000	-0.000000	
1.668258	1.447860	0.152113	-0.552941	-0.126657	0.151442	-1.627199	0.250309	0.295326	1.144401	3.710102	-0.036057	-0.000000	-0.000000	-0.013841	0.011957	0.007590	-0.006468	0.009004	-0.088811	0.006668	-0.071632	-0.070333	0.230351	0.050734	0.008806	0.008833	-0.052972	-0.508970	0.016310	-0.003034	-0.045527	-0.083681	0.102203	-0.006980	0.003739	-0.067202	-0.191241	0.081890	0.008097	0.024313	0.023312	-0.093045	0.112493	-0.022143	0.015750	-0.036712	-0.212591	0.111331	0.000000	-0.000000	-0.000000	-0.000000	-0.000000	-0.000000	-0.000000	-0.000000	-0.013841	0.011957	0.007590	-0.006468	0.009004	-0.085655	0.007881	-0.076596	-0.090371	0.248592	0.050305	0.010590	-0.001354	-0.081758	-0.486670	0.014892	0.011445	-0.035610	-0.090723	0.168999	-0.002443	0.013751	-0.094310	-0.258513	0.165920	0.010728	0.031843	0.023811	-0.081779	0.123453	-0.023748	0.023734	-0.028731	-0.197543	0.128023	0.000000	-0.000000	-0.000000	-0.000000	-0.000000	-0.000000	-0.000000	-0.000000	-0.013841	0.011957	0.007590	-0.006468	0.009004	-0.082237	0.010434	-0.081321	-0.103442	0.281781	0.050170	0.013604	-0.011559	-0.113227	-0.463017	0.025917	0.019058	-0.040202	-0.095266	0.162418	-0.003734	0.022313	-0.084109	-0.251631	0.195261	0.011446	0.026628	0.024760	-0.068533	0.083610	-0.021916	0.026282	-0.008543	-0.134682	0.121038	-0.000000	-0.000000	-0.000000	-0.000000	-0.000000	-0.000000	
1.703489	1.522012	0.026370	-0.439206	0.025869	0.856855	-1.698674	0.381827	0.102684	1.130513	3.739357	-0.521982	-0.000000	-0.000000	-0.013841	0.011957	0.007590	-0.006468	0.009004	-0.085655	0.007881	-0.076596	-0.090371	0.248592	0.050305	0.010590	-0.001354	-0.081758	-0.486670	0.014892	0.011445	-0.035610	-0.090723	0.168999	-0.002443	0.013751	-0.094310	-0.258513	0.165920	0.010728	0.031843	0.023811	-0.081779	0.123453	-0.023748	0.023734	-0.028731	-0.197543	0.128023	0.000000	-0.000000	-0.000000	-0.000000	-0.000000	-0.000000	-0.000000	-0.000000	-0.013841	0.011957	0.007590	-0.006468	0.009004	-0.082237	0.010434	-0.081321	-0.103442	0.281781	0.050170	0.013604	-0.011559	-0.113227	-0.463017	0.025917	0.019058	-0.040202	-0.095266	0.162418	-0.003734	0.022313	-0.084109	-0.251631	0.195261	0.011446	0.026628	0.024760	-0.068533	0.083610	-0.021916	0.026282	-0.008543	-0.134682	0.121038	-0.000000	-0.000000	-0.000000	-0.000000	-0.000000	-0.000000	-0.000000	-0.000000	-0.013841	0.011957	0.007590	-0.006468	0.009004	-0.077555	0.012730	-0.083429	-0.115580	0.301457	0.050555	0.017470	-0.021427	-0.139441	-0.439117	0.023180	0.008536	-0.003322	-0.103398	0.113603	0.001371	0.024216	-0.021323	-0.183941	0.186680	0.009045	0.016039	0.024969	-0.054124	0.039529	-0.018547	0.026846	0.018490	-0.052821	0.096598	-0.000000	-0.000000	-0.000000	-0.000000	-0.000000	-0.000000	
1.705136	1.592800	-0.202450	-0.276247	0.490362	1.032048	-1.480925	0.442188	-0.371963	1.121616	2.531371	-1.171720	-0.000000	-0.000000	-0.013841	0.011957	0.007590	-0.006468	0.009004	-0.082237	0.010434	-0.081321	-0.103442	0.281781	0.050170	0.013604	-0.011559	-0.113227	-0.463017	0.025917	0.019058	-0.040202	-0.095266	0.162418	-0.003734	0.022313	-0.084109	-0.251631	0.195261	0.011446	0.026628	0.024760	-0.068533	0.083610	-0.021916	0.026282	-0.008543	-0.134682	0.121038	-0.000000	-0.000000	-0.000000	-0.000000	-0.000000	-0.000000	-0.000000	-0.000000	-0.013841	0.011957	0.007590	-0.006468	0.009004	-0.077555	0.012730	-0.083429	-0.115580	0.301457	0.050555	0.017470	-0.021427	-0.139441	-0.439117	0.023180	0.008536	-0.003322	-0.103398	0.113603	0.001371	0.024216	-0.021323	-0.183941	0.186680	0.009045	0.016039	0.024969	-0.054124	0.039529	-0.018547	0.026846	0.018490	-0.052821	0.096598	-0.000000	-0.000000	-0.000000	-0.000000	-0.000000	-0.000000	-0.000000	-0.000000	-0.013841	0.011957	0.007590	-0.006468	0.009004	-0.074510	0.013747	-0.082106	-0.125448	0.308590	0.050633	0.021458	-0.020517	-0.161865	-0.419070	0.034074	0.007368	0.022699	-0.063382	0.009266	-0.002306	0.020219	0.024738	-0.038634	0.151623	0.006396	0.008432	0.024034	-0.031400	0.006908	-0.012895	0.024398	0.034542	0.025709	0.068719	-0.000000	-0.000000	-0.000000	-0.000000	-0.000000	-0.000000	
1.711543	1.677080	-0.357510	-0.105990	0.333133	1.877446	-1.725905	0.607334	-0.867663	0.399546	2.199366	-2.049456	-0.000000	-0.000000	-0.013841	0.011957	0.007590	-0.006468	0.009004	-0.077555	0.012730	-0.083429	-0.115580	0.301457	0.050555	0.017470	-0.021427	-0.139441	-0.439117	0.023180	0.008536	-0.003322	-0.103398	0.113603	0.001371	0.024216	-0.021323	-0.183941	0.186680	0.009045	0.016039	0.024969	-0.054124	0.039529	-0.018547	0.026846	0.018490	-0.052821	0.096598	-0.000000	-0.000000	-0.000000	-0.000000	-0.000000	-0.000000	-0.000000	-0.000000	-0.013841	0.011957	0.007590	-0.006468	0.009004	-0.074510	0.013747	-0.082106	-0.125448	0.308590	0.050633	0.021458	-0.020517	-0.161865	-0.419070	0.034074	0.007368	0.022699	-0.063382	0.009266	-0.002306	0.020219	0.024738	-0.038634	0.151623	0.006396	0.008432	0.024034	-0.031400	0.006908	-0.012895	0.024398	0.034542	0.025709	0.068719	-0.000000	-0.000000	-0.000000	-0.000000	-0.000000	-0.000000	-0.000000	-0.000000	-0.013841	0.011957	0.007590	-0.006468	0.009004	-0.070121	0.014515	-0.079273	-0.129845	0.307763	0.050381	0.025019	-0.012871	-0.162230	-0.394293	0.007595	0.003877	0.028093	0.001688	-0.018615	-0.000580	0.018772	0.073662	0.038012	0.079023	-0.001029	0.003521	0.028554	-0.011527	-0.014473	-0.006013	0.015260	0.043716	0.064035	0.026370	-0.000000	-0.000000	-0.000000	-0.000000	-0.000000	-0.000000	
1.613255	1.667125	-0.299282	-0.089413	-0.130338	2.165751	-2.064986	0.478868	-0.749641	-0.297517	2.152985	-1.732957	-0.000000	-0.000000	-0.013841	0.011957	0.007590	-0.006468	0.009004	-0.074510	0.013747	-0.082106	-0.125448	0.308590	0.050633	0.021458	-0.020517	-0.161865	-0.419070	0.034074	0.007368	0.022699	-0.063382	0.009266	-0.002306	0.020219	0.024738	-0.038634	0.151623	0.006396	0.008432	0.024034	-0.031400	0.006908	-0.012895	0.024398	0.034542	0.025709	0.068719	-0.000000	-0.000000	-0.000000	-0.000000	-0.000000	-0.000000	-0.000000	-0.000000	-0.013841	0.011957	0.007590	-0.006468	0.009004	-0.070121	0.014515	-0.079273	-0.129845	0.307763	0.050381	0.025019	-0.012871	-0.162230	-0.394293	0.007595	0.003877	0.028093	0.001688	-0.018615	-0.000580	0.018772	0.073662	0.038012	0.079023	-0.001029	0.003521	0.028554	-0.011527	-0.014473	-0.006013	0.015260	0.043716	0.064035	0.026370	-0.000000	-0.000000	-0.000000	-0.000000	-0.000000	-0.000000	-0.000000	-0.000000	-0.013841	0.011957	0.007590	-0.006468	0.009004	-0.069824	0.014718	-0.076258	-0.130070	0.303357	0.050598	0.027427	-0.001212	-0.152174	-0.385290	-0.005173	-0.001357	0.014674	-0.005415	-0.021055	-0.005292	0.013393	0.115196	0.104303	0.035121	-0.006682	0.001731	0.030530	0.016826	-0.035924	0.002870	-0.000148	0.038043	0.086929	-0.013337	-0.000000	-0.000000	-0.000000	-0.000000	-0.000000	-0.000000	
1.613687	1.712055	-0.296011	-0.257269	-0.097205	2.044601	-2.314107	0.181038	-0.639464	-0.188454	1.711325	-1.315052	-0.000000	-0.000000	-0.013841	0.011957	0.007590	-0.006468	0.009004	-0.070121	0.014515	-0.079273	-0.129845	0.307763	0.050381	0.025019	-0.012871	-0.162230	-0.394293	0.007595	0.003877	0.028093	0.001688	-0.018615	-0.000580	0.018772	0.073662	0.038012	0.079023	-0.001029	0.003521	0.028554	-0.011527	-0.014473	-0.006013	0.015260	0.043716	0.064035	0.026370	-0.000000	-0.000000	-0.000000	-0.000000	-0.000000	-0.000000	-0.000000	-0.000000	-0.013841	0.011957	0.007590	-0.006468	0.009004	-0.069824	0.014718	-0.076258	-0.130070	0.303357	0.050598	0.027427	-0.001212	-0.152174	-0.385290	-0.005173	-0.001357	0.014674	-0.005415	-0.021055	-0.005292	0.013393	0.115196	0.104303	0.035121	-0.006682	0.001731	0.030530	0.016826	-0.035924	0.002870	-0.000148	0.038043	0.086929	-0.013337	-0.000000	-0.000000	-0.000000	-0.000000	-0.000000	-0.000000	-0.000000	-0.000000	-0.013841	0.011957	0.007590	-0.006468	0.009004	-0.070492	0.014613	-0.074177	-0.127909	0.298041	0.051320	0.027860	0.022736	-0.136349	-0.384290	-0.002611	-0.003509	0.015426	0.021094	-0.057940	0.010638	-0.003081	0.112370	0.141291	-0.019519	-0.010506	0.000494	0.026493	0.047169	-0.061600	0.009335	-0.011832	0.009630	0.103416	-0.040346	-0.000000	-0.000000	-0.000000	-0.000000	-0.000000	-0.000000	
1.644216	1.769004	-0.308246	-0.481822	-0.190518	1.606021	-2.463787	0.153965	-0.654485	-0.126299	1.394548	-0.984031	-0.000000	-0.000000	-0.013841	0.011957	0.007590	-0.006468	0.009004	-0.069824	0.014718	-0.076258	-0.130070	0.303357	0.050598	0.027427	-0.001212	-0.152174	-0.385290	-0.005173	-0.001357	0.014674	-0.005415	-0.021055	-0.005292	0.013393	0.115196	0.104303	0.035121	-0.006682	0.001731	0.030530	0.016826	-0.035924	0.002870	-0.000148	0.038043	0.086929	-0.013337	-0.000000	-0.000000	-0.000000	-0.000000	-0.000000	-0.000000	-0.000000	-0.000000	-0.013841	0.011957	0.007590	-0.006468	0.009004	-0.070492	0.014613	-0.074177	-0.127909	0.298041	0.051320	0.027860	0.022736	-0.136349	-0.384290	-0.002611	-0.003509	0.015426	0.021094	-0.057940	0.010638	-0.003081	0.112370	0.141291	-0.019519	-0.010506	0.000494	0.026493	0.047169	-0.061600	0.009335	-0.011832	0.009630	0.103416	-0.040346	-0.000000	-0.000000	-0.000000	-0.000000	-0.000000	-0.000000	-0.000000	-0.000000	-0.013841	0.011957	0.007590	-0.006468	0.009004	-0.071837	0.014188	-0.071483	-0.123721	0.289054	0.051246	0.027777	0.037437	-0.108272	-0.389348	-0.012126	-0.004422	0.022480	0.038053	-0.089196	-0.009754	-0.001937	0.109645	0.113235	-0.058484	-0.013602	-0.002942	0.022341	0.073660	-0.087335	0.012125	-0.021344	-0.007899	0.101018	-0.055020	-0.000000	-0.000000	-0.000000	-0.000000	-0.000000	-0.000000	
1.661947	1.801315	-0.184498	-0.632996	-0.248173	1.181258	-2.340145	0.120270	-0.685994	-0.063334	1.182323	-1.265497	-0.000000	-0.000000	-0.013841	0.011957	0.007590	-0.006468	0.009004	-0.070492	0.014613	-0.074177	-0.127909	0.298041	0.051320	0.027860	0.022736	-0.136349	-0.384290	-0.002611	-0.003509	0.015426	0.021094	-0.057940	0.010638	-0.003081	0.112370	0.141291	-0.019519	-0.010506	0.000494	0.026493	0.047169	-0.061600	0.009335	-0.011832	0.009630	0.103416	-0.040346	-0.000000	-0.000000	-0.000000	-0.000000	-0.000000	-0.000000	-0.000000	-0.000000	-0.013841	0.011957	0.007590	-0.006468	0.009004	-0.071837	0.014188	-0.071483	-0.123721	0.289054	0.051246	0.027777	0.037437	-0.108272	-0.389348	-0.012126	-0.004422	0.022480	0.038053	-0.089196	-0.009754	-0.001937	0.109645	0.113235	-0.058484	-0.013602	-0.002942	0.022341	0.073660	-0.087335	0.012125	-0.021344	-0.007899	0.101018	-0.055020	-0.000000	-0.000000	-0.000000	-0.000000	-0.000000	-0.000000	-0.000000	-0.000000	-0.013895	0.012087	-0.000360	0.002520	0.007486	-0.074506	0.013570	-0.068666	-0.111179	0.274291	0.050989	0.026670	0.048738	-0.090346	-0.401628	-0.016218	-0.004630	0.023535	0.083020	-0.134197	-0.005163	-0.006940	0.077267	0.120898	-0.067964	-0.015554	-0.009545	0.016668	0.085187	-0.109498	0.014690	-0.030046	-0.021092	0.103992	-0.057487	-0.000000	-0.000000	-0.000000	-0.000000	-0.000000	-0.000000	
1.642348	1.789722	-0.104538	-0.584208	-0.360108	0.126172	-0.985332	-0.049134	-0.548448	0.045843	0.752855	-1.514269	-0.000000	-0.000000	-0.013841	0.011957	0.007590	-0.006468	0.009004	-0.071837	0.014188	-0.071483	-0.123721	0.289054	0.051246	0.027777	0.037437	-0.108272	-0.389348	-0.012126	-0.004422	0.022480	0.038053	-0.089196	-0.009754	-0.001937	0.109645	0.113235	-0.058484	-0.013602	-0.002942	0.022341	0.073660	-0.087335	0.012125	-0.021344	-0.007899	0.101018	-0.055020	-0.000000	-0.000000	-0.000000	-0.000000	-0.000000	-0.000000	-0.000000	-0.000000	-0.013895	0.012087	-0.000360	0.002520	0.007486	-0.074506	0.013570	-0.068666	-0.111179	0.274291	0.050989	0.026670	0.048738	-0.090346	-0.401628	-0.016218	-0.004630	0.023535	0.083020	-0.134197	-0.005163	-0.006940	0.077267	0.120898	-0.067964	-0.015554	-0.009545	0.016668	0.085187	-0.109498	0.014690	-0.030046	-0.021092	0.103992	-0.057487	-0.000000	-0.000000	-0.000000	-0.000000	-0.000000	-0.000000	-0.000000	-0.000000	-0.013906	0.012113	-0.001155	0.003419	0.007334	-0.078335	0.012380	-0.065704	-0.098831	0.259585	0.050840	0.024664	0.056693	-0.073311	-0.411524	-0.025700	-0.006395	0.026432	0.102173	-0.114619	-0.006449	-0.017444	0.052045	0.126201	-0.081823	-0.014492	-0.017849	0.009984	0.090558	-0.129892	0.016642	-0.038328	-0.029998	0.104691	-0.066573	-0.000000	-0.000000	-0.000000	0.000000	-0.000000	-0.000000	
1.674643	1.825832	-0.051201	-0.439116	-0.351239	-0.998148	0.651232	-0.259783	-0.249610	0.154691	-0.092543	-1.478095	-0.000000	-0.000000	-0.013895	0.012087	-0.000360	0.002520	0.007486	-0.074506	0.013570	-0.068666	-0.111179	0.274291	0.050989	0.026670	0.048738	-0.090346	-0.401628	-0.016218	-0.004630	0.023535	0.083020	-0.134197	-0.005163	-0.006940	0.077267	0.120898	-0.067964	-0.015554	-0.009545	0.016668	0.085187	-0.109498	0.014690	-0.030046	-0.021092	0.103992	-0.057487	-0.000000	-0.000000	-0.000000	-0.000000	-0.000000	-0.000000	-0.000000	-0.000000	-0.013906	0.012113	-0.001155	0.003419	0.007334	-0.078335	0.012380	-0.065704	-0.098831	0.259585	0.050840	0.024664	0.056693	-0.073311	-0.411524	-0.025700	-0.006395	0.026432	0.102173	-0.114619	-0.006449	-0.017444	0.052045	0.126201	-0.081823	-0.014492	-0.017849	0.009984	0.090558	-0.129892	0.016642	-0.038328	-0.029998	0.104691	-0.066573	-0.000000	-0.000000	-0.000000	0.000000	-0.000000	-0.000000	-0.000000	-0.000000	-0.013909	0.012118	-0.001234	0.003508	0.007319	-0.082324	0.009961	-0.063536	-0.086038	0.226328	0.049696	0.021451	0.064609	-0.056043	-0.422736	-0.029440	-0.025067	0.008576	0.095364	-0.171985	-0.015650	-0.021170	0.013929	0.131268	-0.102751	-0.012073	-0.024208	0.002405	0.079661	-0.111439	0.017048	-0.043356	-0.037225	0.098734	-0.078112	-0.000000	-0.000000	-0.000000	0.000000	-0.000000	-0.000000	
1.685079	1.852238	0.010069	-0.200430	-0.283395	-1.700411	1.373388	-0.376210	0.037536	0.121300	-0.728746	-1.430017	-0.000000	-0.000000	-0.013906	0.012113	-0.001155	0.003419	0.007334	-0.078335	0.012380	-0.065704	-0.098831	0.259585	0.050840	0.024664	0.056693	-0.073311	-0.411524	-0.025700	-0.006395	0.026432	0.102173	-0.114619	-0.006449	-0.017444	0.052045	0.126201	-0.081823	-0.014492	-0.017849	0.009984	0.090558	-0.129892	0.016642	-0.038328	-0.029998	0.104691	-0.066573	-0.000000	-0.000000	-0.000000	0.000000	-0.000000	-0.000000	-0.000000	-0.000000	-0.013909	0.012118	-0.001234	0.003508	0.007319	-0.082324	0.009961	-0.063536	-0.086038	0.226328	0.049696	0.021451	0.064609	-0.056043	-0.422736	-0.029440	-0.025067	0.008576	0.095364	-0.171985	-0.015650	-0.021170	0.013929	0.131268	-0.102751	-0.012073	-0.024208	0.002405	0.079661	-0.111439	0.017048	-0.043356	-0.037225	0.098734	-0.078112	-0.000000	-0.000000	-0.000000	0.000000	-0.000000	-0.000000	-0.000000	-0.000000	-0.013909	0.012119	-0.001242	0.003517	0.007318	-0.084503	0.008176	-0.062909	-0.073859	0.203174	0.048885	0.017392	0.066313	-0.028671	-0.435714	-0.030512	-0.019024	-0.008913	0.092590	-0.172836	-0.002961	-0.027010	-0.005237	0.118514	-0.113219	-0.010661	-0.028999	-0.003482	0.052535	-0.078533	0.013969	-0.043035	-0.036613	0.069976	-0.087268	-0.000000	-0.000000	0.000000	0.000000	-0.000000	-0.000000	
1.746971	1.848323	0.119299	0.336927	-0.246543	-2.187335	2.316575	-0.413301	0.450222	-0.364151	-2.844924	-0.127750	-0.000000	-0.000000	-0.013909	0.012118	-0.001234	0.003508	0.007319	-0.082324	0.009961	-0.063536	-0.086038	0.226328	0.049696	0.021451	0.064609	-0.056043	-0.422736	-0.029440	-0.025067	0.008576	0.095364	-0.171985	-0.015650	-0.021170	0.013929	0.131268	-0.102751	-0.012073	-0.024208	0.002405	0.079661	-0.111439	0.017048	-0.043356	-0.037225	0.098734	-0.078112	-0.000000	-0.000000	-0.000000	0.000000	-0.000000	-0.000000	-0.000000	-0.000000	-0.013909	0.012119	-0.001242	0.003517	0.007318	-0.084503	0.008176	-0.062909	-0.073859	0.203174	0.048885	0.017392	0.066313	-0.028671	-0.435714	-0.030512	-0.019024	-0.008913	0.092590	-0.172836	-0.002961	-0.027010	-0.005237	0.118514	-0.113219	-0.010661	-0.028999	-0.003482	0.052535	-0.078533	0.013969	-0.043035	-0.036613	0.069976	-0.087268	-0.000000	-0.000000	0.000000	0.000000	-0.000000	-0.000000	-0.000000	-0.000000	-0.013909	0.012119	-0.001243	0.003518	0.007317	-0.087338	0.004912	-0.065110	-0.058895	0.186305	0.049135	0.012751	0.065806	-0.012606	-0.459078	-0.021546	-0.021910	-0.028808	0.043457	-0.122322	0.001100	-0.033293	-0.017972	0.108514	-0.117756	-0.007675	-0.028734	-0.005522	0.012120	-0.041108	0.008088	-0.037832	-0.034290	0.043004	-0.085307	-0.000000	-0.000000	0.000000	0.000000	-0.000000	-0.000000	
1.847220	1.804954	0.231369	0.830798	0.048222	-2.316663	2.705065	-0.564833	0.627551	-0.544787	-5.165861	2.091665	-0.000000	-0.000000	-0.013909	0.012119	-0.001242	0.003517	0.007318	-0.084503	0.008176	-0.062909	-0.073859	0.203174	0.048885	0.017392	0.066313	-0.028671	-0.435714	-0.030512	-0.019024	-0.008913	0.092590	-0.172836	-0.002961	-0.027010	-0.005237	0.118514	-0.113219	-0.010661	-0.028999	-0.003482	0.052535	-0.078533	0.013969	-0.043035	-0.036613	0.069976	-0.087268	-0.000000	-0.000000	0.000000	0.000000	-0.000000	-0.000000	-0.000000	-0.000000	-0.013909	0.012119	-0.001243	0.003518	0.007317	-0.087338	0.004912	-0.065110	-0.058895	0.186305	0.049135	0.012751	0.065806	-0.012606	-0.459078	-0.021546	-0.021910	-0.028808	0.043457	-0.122322	0.001100	-0.033293	-0.017972	0.108514	-0.117756	-0.007675	-0.028734	-0.005522	0.012120	-0.041108	0.008088	-0.037832	-0.034290	0.043004	-0.085307	-0.000000	-0.000000	0.000000	0.000000	-0.000000	-0.000000	-0.000000	-0.000000	-0.013909	0.012119	-0.001243	0.003518	0.007317	-0.089480	0.001084	-0.069524	-0.054981	0.176194	0.049864	0.008325	0.063669	-0.000596	-0.475819	-0.004946	-0.024641	-0.041267	0.002950	-0.054108	0.003251	-0.022988	-0.030063	0.086576	-0.132866	-0.003740	-0.019843	-0.004812	-0.024662	0.003814	0.001149	-0.026641	-0.037625	-0.011756	-0.070486	-0.000000	-0.000000	0.000000	0.000000	-0.000000	-0.000000	
1.881814	1.740638	0.293311	1.038145	0.329153	-2.468266	3.456492	-0.520030	0.882843	-0.819417	-6.197610	4.057690	-0.000000	-0.000000	-0.013909	0.012119	-0.001243	0.003518	0.007317	-0.087338	0.004912	-0.065110	-0.058895	0.186305	0.049135	0.012751	0.065806	-0.012606	-0.459078	-0.021546	-0.021910	-0.028808	0.043457	-0.122322	0.001100	-0.033293	-0.017972	0.108514	-0.117756	-0.007675	-0.028734	-0.005522	0.012120	-0.041108	0.008088	-0.037832	-0.034290	0.043004	-0.085307	-0.000000	-0.000000	0.000000	0.000000	-0.000000	-0.000000	-0.000000	-0.000000	-0.013909	0.012119	-0.001243	0.003518	0.007317	-0.089480	0.001084	-0.069524	-0.054981	0.176194	0.049864	0.008325	0.063669	-0.000596	-0.475819	-0.004946	-0.024641	-0.041267	0.002950	-0.054108	0.003251	-0.022988	-0.030063	0.086576	-0.132866	-0.003740	-0.019843	-0.004812	-0.024662	0.003814	0.001149	-0.026641	-0.037625	-0.011756	-0.070486	-0.000000	-0.000000	0.000000	0.000000	-0.000000	-0.000000	-0.000000	-0.000000	-0.013909	0.012119	-0.001243	0.003518	0.007317	-0.089545	-0.001790	-0.075763	-0.057712	0.170076	0.049767	0.005946	0.054445	0.004399	-0.489491	-0.000495	-0.017121	-0.053679	-0.037044	0.016923	-0.016076	-0.004393	-0.059887	0.011798	-0.099481	-0.000204	-0.004506	0.002149	-0.056686	0.050512	-0.007228	-0.014846	-0.036574	-0.094249	-0.025435	-0.000000	-0.000000	0.000000	0.000000	-0.000000	-0.000000	
1.825198	1.588400	0.419653	1.043409	0.193225	-1.523767	3.686481	-0.390530	0.916428	-0.872370	-4.624206	3.937754	-0.000000	-0.000000	-0.013909	0.012119	-0.001243	0.003518	0.007317	-0.089480	0.001084	-0.069524	-0.054981	0.176194	0.049864	0.008325	0.063669	-0.000596	-0.475819	-0.004946	-0.024641	-0.041267	0.002950	-0.054108	0.003251	-0.022988	-0.030063	0.086576	-0.132866	-0.003740	-0.019843	-0.004812	-0.024662	0.003814	0.001149	-0.026641	-0.037625	-0.011756	-0.070486	-0.000000	-0.000000	0.000000	0.000000	-0.000000	-0.000000	-0.000000	-0.000000	-0.013909	0.012119	-0.001243	0.003518	0.007317	-0.089545	-0.001790	-0.075763	-0.057712	0.170076	0.049767	0.005946	0.054445	0.004399	-0.489491	-0.000495	-0.017121	-0.053679	-0.037044	0.016923	-0.016076	-0.004393	-0.059887	0.011798	-0.099481	-0.000204	-0.004506	0.002149	-0.056686	0.050512	-0.007228	-0.014846	-0.036574	-0.094249	-0.025435	-0.000000	-0.000000	0.000000	0.000000	-0.000000	-0.000000	-0.000000	-0.000000	-0.013909	0.012119	-0.001243	0.003518	0.007317	-0.088298	-0.003164	-0.087649	-0.064849	0.175057	0.049578	0.005316	0.045596	-0.001170	-0.496514	0.009024	-0.007761	-0.053525	-0.061632	0.078813	-0.005795	-0.004627	-0.076479	-0.086759	-0.053917	0.002947	0.012437	0.018972	-0.086562	0.097366	-0.014837	-0.000978	-0.040013	-0.181620	0.042438	-0.000000	-0.000000	0.000000	0.000000	-0.000000	-0.000000	
1.786617	1.467258	0.463156	0.576707	-0.263608	-0.746414	2.170052	-0.175011	0.645638	-0.400950	-1.802835	2.583014	-0.000000	-0.000000	-0.013909	0.012119	-0.001243	0.003518	0.007317	-0.089545	-0.001790	-0.075763	-0.057712	0.170076	0.049767	0.005946	0.054445	0.004399	-0.489491	-0.000495	-0.017121	-0.053679	-0.037044	0.016923	-0.016076	-0.004393	-0.059887	0.011798	-0.099481	-0.000204	-0.004506	0.002149	-0.056686	0.050512	-0.007228	-0.014846	-0.036574	-0.094249	-0.025435	-0.000000	-0.000000	0.000000	0.000000	-0.000000	-0.000000	-0.000000	-0.000000	-0.013909	0.012119	-0.001243	0.003518	0.007317	-0.088298	-0.003164	-0.087649	-0.064849	0.175057	0.049578	0.005316	0.045596	-0.001170	-0.496514	0.009024	-0.007761	-0.053525	-0.061632	0.078813	-0.005795	-0.004627	-0.076479	-0.086759	-0.053917	0.002947	0.012437	0.018972	-0.086562	0.097366	-0.014837	-0.000978	-0.040013	-0.181620	0.042438	-0.000000	-0.000000	0.000000	0.000000	-0.000000	-0.000000	-0.000000	-0.000000	-0.013909	0.012119	-0.001243	0.003518	0.007317	-0.086401	-0.003011	-0.093782	-0.079412	0.189478	0.049371	0.005958	0.034836	-0.019828	-0.496368	-0.002587	0.003760	-0.037806	-0.083982	0.140138	-0.002324	0.003725	-0.112337	-0.192580	0.054630	0.007346	0.027938	0.028004	-0.094861	0.138253	-0.020489	0.012130	-0.042341	-0.232339	0.101370	-0.000000	-0.000000	0.000000	0.000000	-0.000000	-0.000000	
1.689579	1.365009	0.289043	-0.185624	-0.347728	0.258402	-0.897025	0.150770	0.349360	0.299028	1.745128	1.105602	-0.000000	-0.000000	-0.013909	0.012119	-0.001243	0.003518	0.007317	-0.088298	-0.003164	-0.087649	-0.064849	0.175057	0.049578	0.005316	0.045596	-0.001170	-0.496514	0.009024	-0.007761	-0.053525	-0.061632	0.078813	-0.005795	-0.004627	-0.076479	-0.086759	-0.053917	0.002947	0.012437	0.018972	-0.086562	0.097366	-0.014837	-0.000978	-0.040013	-0.181620	0.042438	-0.000000	-0.000000	0.000000	0.000000	-0.000000	-0.000000	-0.000000	-0.000000	-0.013909	0.012119	-0.001243	0.003518	0.007317	-0.086401	-0.003011	-0.093782	-0.079412	0.189478	0.049371	0.005958	0.034836	-0.019828	-0.496368	-0.002587	0.003760	-0.037806	-0.083982	0.140138	-0.002324	0.003725	-0.112337	-0.192580	0.054630	0.007346	0.027938	0.028004	-0.094861	0.138253	-0.020489	0.012130	-0.042341	-0.232339	0.101370	-0.000000	-0.000000	0.000000	0.000000	-0.000000	-0.000000	-0.000000	-0.000000	-0.013909	0.012119	-0.001243	0.003518	0.007317	-0.085003	-0.000727	-0.098668	-0.091824	0.211943	0.049378	0.008073	0.020906	-0.050314	-0.482502	0.010559	0.017824	-0.044260	-0.111691	0.191287	-0.000232	0.012121	-0.123251	-0.295288	0.151679	0.012896	0.034305	0.028935	-0.093646	0.148341	-0.023121	0.019699	-0.034426	-0.228897	0.126251	-0.000000	-0.000000	0.000000	0.000000	-0.000000	-0.000000	
1.664293	1.384042	0.207260	-0.454239	-0.130928	0.073949	-1.876357	0.246801	0.358199	0.879747	3.524837	0.021411	-0.000000	-0.000000	-0.013909	0.012119	-0.001243	0.003518	0.007317	-0.086401	-0.003011	-0.093782	-0.079412	0.189478	0.049371	0.005958	0.034836	-0.019828	-0.496368	-0.002587	0.003760	-0.037806	-0.083982	0.140138	-0.002324	0.003725	-0.112337	-0.192580	0.054630	0.007346	0.027938	0.028004	-0.094861	0.138253	-0.020489	0.012130	-0.042341	-0.232339	0.101370	-0.000000	-0.000000	0.000000	0.000000	-0.000000	-0.000000	-0.000000	-0.000000	-0.013909	0.012119	-0.001243	0.003518	0.007317	-0.085003	-0.000727	-0.098668	-0.091824	0.211943	0.049378	0.008073	0.020906	-0.050314	-0.482502	0.010559	0.017824	-0.044260	-0.111691	0.191287	-0.000232	0.012121	-0.123251	-0.295288	0.151679	0.012896	0.034305	0.028935	-0.093646	0.148341	-0.023121	0.019699	-0.034426	-0.228897	0.126251	-0.000000	-0.000000	0.000000	0.000000	-0.000000	-0.000000	-0.000000	-0.000000	-0.013909	0.012119	-0.001243	0.003518	0.007317	-0.081162	0.002533	-0.102796	-0.105453	0.253126	0.050494	0.010790	-0.000418	-0.086025	-0.460511	0.030020	0.019812	-0.019082	-0.121442	0.189423	0.013237	0.014938	-0.103405	-0.294741	0.194186	0.013390	0.028261	0.027847	-0.076141	0.093703	-0.021976	0.022222	-0.008616	-0.167011	0.120844	-0.000000	-0.000000	0.000000	0.000000	-0.000000	-0.000000	
1.683057	1.495015	0.003158	-0.429512	0.239291	0.052094	-1.026033	0.311223	0.325346	1.362891	3.193292	-0.425142	-0.000000	-0.000000	-0.013909	0.012119	-0.001243	0.003518	0.007317	-0.085003	-0.000727	-0.098668	-0.091824	0.211943	0.049378	0.008073	0.020906	-0.050314	-0.482502	0.010559	0.017824	-0.044260	-0.111691	0.191287	-0.000232	0.012121	-0.123251	-0.295288	0.151679	0.012896	0.034305	0.028935	-0.093646	0.148341	-0.023121	0.019699	-0.034426	-0.228897	0.126251	-0.000000	-0.000000	0.000000	0.000000	-0.000000	-0.000000	-0.000000	-0.000000	-0.013909	0.012119	-0.001243	0.003518	0.007317	-0.081162	0.002533	-0.102796	-0.105453	0.253126	0.050494	0.010790	-0.000418	-0.086025	-0.460511	0.030020	0.019812	-0.019082	-0.121442	0.189423	0.013237	0.014938	-0.103405	-0.294741	0.194186	0.013390	0.028261	0.027847	-0.076141	0.093703	-0.021976	0.022222	-0.008616	-0.167011	0.120844	-0.000000	-0.000000	0.000000	0.000000	-0.000000	-0.000000	-0.000000	-0.000000	-0.013909	0.012119	-0.001243	0.003518	0.007317	-0.078358	0.004478	-0.103864	-0.119230	0.275878	0.052922	0.013870	-0.010257	-0.135939	-0.437574	0.022544	0.020593	0.012050	-0.100083	0.123631	0.013188	0.018477	-0.046633	-0.168013	0.180291	0.013699	0.019494	0.026949	-0.061254	0.042770	-0.020698	0.024522	0.014435	-0.064158	0.098228	-0.000000	0.000000	0.000000	0.000000	-0.000000	-0.000000	
1.698577	1.567287	-0.191602	-0.295267	0.425331	0.874129	-0.490947	0.495299	-0.161329	0.980318	2.532010	-1.044252	-0.000000	-0.000000	-0.013909	0.012119	-0.001243	0.003518	0.007317	-0.081162	0.002533	-0.102796	-0.105453	0.253126	0.050494	0.010790	-0.000418	-0.086025	-0.460511	0.030020	0.019812	-0.019082	-0.121442	0.189423	0.013237	0.014938	-0.103405	-0.294741	0.194186	0.013390	0.028261	0.027847	-0.076141	0.093703	-0.021976	0.022222	-0.008616	-0.167011	0.120844	-0.000000	-0.000000	0.000000	0.000000	-0.000000	-0.000000	-0.000000	-0.000000	-0.013909	0.012119	-0.001243	0.003518	0.007317	-0.078358	0.004478	-0.103864	-0.119230	0.275878	0.052922	0.013870	-0.010257	-0.135939	-0.437574	0.022544	0.020593	0.012050	-0.100083	0.123631	0.013188	0.018477	-0.046633	-0.168013	0.180291	0.013699	0.019494	0.026949	-0.061254	0.042770	-0.020698	0.024522	0.014435	-0.064158	0.098228	-0.000000	0.000000	0.000000	0.000000	-0.000000	-0.000000	-0.000000	-0.000000	-0.013909	0.012119	-0.001243	0.003518	0.007317	-0.073338	0.006627	-0.101557	-0.138173	0.286196	0.054014	0.017225	-0.011861	-0.153870	-0.404658	0.054250	0.011714	0.037497	-0.072124	0.042374	-0.002869	0.018016	0.000920	-0.060073	0.110504	0.008726	0.010911	0.028226	-0.041530	0.017084	-0.017128	0.026041	0.036453	0.001603	0.058944	-0.000000	0.000000	0.000000	0.000000	-0.000000	-0.000000	
1.706554	1.614183	-0.297571	-0.079845	0.269452	1.565042	-0.825285	0.557380	-0.564337	0.275190	2.341126	-1.623841	-0.000000	-0.000000	-0.013909	0.012119	-0.001243	0.003518	0.007317	-0.078358	0.004478	-0.103864	-0.119230	0.275878	0.052922	0.013870	-0.010257	-0.135939	-0.437574	0.022544	0.020593	0.012050	-0.100083	0.123631	0.013188	0.018477	-0.046633	-0.168013	0.180291	0.013699	0.019494	0.026949	-0.061254	0.042770	-0.020698	0.024522	0.014435	-0.064158	0.098228	-0.000000	0.000000	0.000000	0.000000	-0.000000	-0.000000	-0.000000	-0.000000	-0.013909	0.012119	-0.001243	0.003518	0.007317	-0.073338	0.006627	-0.101557	-0.138173	0.286196	0.054014	0.017225	-0.011861	-0.153870	-0.404658	0.054250	0.011714	0.037497	-0.072124	0.042374	-0.002869	0.018016	0.000920	-0.060073	0.110504	0.008726	0.010911	0.028226	-0.041530	0.017084	-0.017128	0.026041	0.036453	0.001603	0.058944	-0.000000	0.000000	0.000000	0.000000	-0.000000	-0.000000	-0.000000	-0.000000	-0.013909	0.012119	-0.001243	0.003518	0.007317	-0.066881	0.007801	-0.096443	-0.144070	0.288163	0.053893	0.020666	-0.006196	-0.156100	-0.389472	0.004029	0.006173	0.042834	-0.015587	-0.024378	-0.007964	0.019482	0.064650	0.012139	0.074911	-0.000606	0.005306	0.029496	-0.022514	0.007749	-0.009573	0.020178	0.045501	0.041832	0.028086	0.000000	0.000000	0.000000	0.000000	-0.000000	-0.000000	
1.631868	1.664904	-0.363107	-0.128142	-0.032664	2.209397	-2.026637	0.498935	-0.767408	-0.148488	2.313241	-1.634470	-0.000000	-0.000000	-0.013909	0.012119	-0.001243	0.003518	0.007317	-0.073338	0.006627	-0.101557	-0.138173	0.286196	0.054014	0.017225	-0.011861	-0.153870	-0.404658	0.054250	0.011714	0.037497	-0.072124	0.042374	-0.002869	0.018016	0.000920	-0.060073	0.110504	0.008726	0.010911	0.028226	-0.041530	0.017084	-0.017128	0.026041	0.036453	0.001603	0.058944	-0.000000	0.000000	0.000000	0.000000	-0.000000	-0.000000	-0.000000	-0.000000	-0.013909	0.012119	-0.001243	0.003518	0.007317	-0.066881	0.007801	-0.096443	-0.144070	0.288163	0.053893	0.020666	-0.006196	-0.156100	-0.389472	0.004029	0.006173	0.042834	-0.015587	-0.024378	-0.007964	0.019482	0.064650	0.012139	0.074911	-0.000606	0.005306	0.029496	-0.022514	0.007749	-0.009573	0.020178	0.045501	0.041832	0.028086	0.000000	0.000000	0.000000	0.000000	-0.000000	-0.000000	-0.000000	-0.000000	-0.013909	0.012119	-0.001243	0.003518	0.007317	-0.066753	0.008253	-0.091809	-0.144910	0.286860	0.053772	0.023293	0.012094	-0.149057	-0.381515	-0.002040	0.000966	0.019289	0.007863	-0.009068	-0.002890	0.010207	0.106617	0.077288	0.040643	-0.005192	0.003658	0.028898	0.001770	-0.003311	-0.001103	0.009097	0.031333	0.069860	-0.004196	0.000000	0.000000	0.000000	0.000000	-0.000000	-0.000000	
1.629813	1.694745	-0.403461	-0.102047	-0.109809	2.219324	-2.373800	0.305159	-0.631602	-0.326143	1.867384	-1.170987	-0.000000	-0.000000	-0.013909	0.012119	-0.001243	0.003518	0.007317	-0.066881	0.007801	-0.096443	-0.144070	0.288163	0.053893	0.020666	-0.006196	-0.156100	-0.389472	0.004029	0.006173	0.042834	-0.015587	-0.024378	-0.007964	0.019482	0.064650	0.012139	0.074911	-0.000606	0.005306	0.029496	-0.022514	0.007749	-0.009573	0.020178	0.045501	0.041832	0.028086	0.000000	0.000000	0.000000	0.000000	-0.000000	-0.000000	-0.000000	-0.000000	-0.013909	0.012119	-0.001243	0.003518	0.007317	-0.066753	0.008253	-0.091809	-0.144910	0.286860	0.053772	0.023293	0.012094	-0.149057	-0.381515	-0.002040	0.000966	0.019289	0.007863	-0.009068	-0.002890	0.010207	0.106617	0.077288	0.040643	-0.005192	0.003658	0.028898	0.001770	-0.003311	-0.001103	0.009097	0.031333	0.069860	-0.004196	0.000000	0.000000	0.000000	0.000000	-0.000000	-0.000000	-0.000000	-0.000000	-0.013909	0.012119	-0.001243	0.003518	0.007317	-0.067697	0.008271	-0.088483	-0.143528	0.285436	0.053675	0.024392	0.025567	-0.129861	-0.379802	-0.008230	-0.000020	0.008210	0.003927	-0.014167	0.000060	0.007418	0.097903	0.085897	0.000575	-0.009697	0.001717	0.025082	0.033544	-0.032301	0.006482	-0.003518	0.015631	0.085379	-0.030437	0.000000	0.000000	0.000000	0.000000	-0.000000	-0.000000	
1.629146	1.745372	-0.364511	-0.244735	-0.133822	1.849745	-2.626586	0.107525	-0.545813	-0.195854	1.402407	-0.759101	-0.000000	-0.000000	-0.013909	0.012119	-0.001243	0.003518	0.007317	-0.066753	0.008253	-0.091809	-0.144910	0.286860	0.053772	0.023293	0.012094	-0.149057	-0.381515	-0.002040	0.000966	0.019289	0.007863	-0.009068	-0.002890	0.010207	0.106617	0.077288	0.040643	-0.005192	0.003658	0.028898	0.001770	-0.003311	-0.001103	0.009097	0.031333	0.069860	-0.004196	0.000000	0.000000	0.000000	0.000000	-0.000000	-0.000000	-0.000000	-0.000000	-0.013909	0.012119	-0.001243	0.003518	0.007317	-0.067697	0.008271	-0.088483	-0.143528	0.285436	0.053675	0.024392	0.025567	-0.129861	-0.379802	-0.008230	-0.000020	0.008210	0.003927	-0.014167	0.000060	0.007418	0.097903	0.085897	0.000575	-0.009697	0.001717	0.025082	0.033544	-0.032301	0.006482	-0.003518	0.015631	0.085379	-0.030437	0.000000	0.000000	0.000000	0.000000	-0.000000	-0.000000	-0.000000	-0.000000	-0.013909	0.012119	-0.001243	0.003518	0.007317	-0.069849	0.008073	-0.087430	-0.140464	0.280814	0.053001	0.024959	0.038415	-0.114778	-0.382247	-0.015479	-0.001165	0.007102	0.008768	-0.046084	-0.009067	0.000974	0.109943	0.098273	-0.038328	-0.013586	0.000387	0.022386	0.063706	-0.063216	0.011724	-0.013541	-0.002100	0.098252	-0.045523	0.000000	0.000000	0.000000	0.000000	-0.000000	-0.000000	
1.665503	1.779191	-0.256817	-0.471210	-0.095373	1.387009	-2.558733	0.036298	-0.732933	0.069330	0.999135	-0.873075	-0.000000	-0.000000	-0.013909	0.012119	-0.001243	0.003518	0.007317	-0.067697	0.008271	-0.088483	-0.143528	0.285436	0.053675	0.024392	0.025567	-0.129861	-0.379802	-0.008230	-0.000020	0.008210	0.003927	-0.014167	0.000060	0.007418	0.097903	0.085897	0.000575	-0.009697	0.001717	0.025082	0.033544	-0.032301	0.006482	-0.003518	0.015631	0.085379	-0.030437	0.000000	0.000000	0.000000	0.000000	-0.000000	-0.000000	-0.000000	-0.000000	-0.013909	0.012119	-0.001243	0.003518	0.007317	-0.069849	0.008073	-0.087430	-0.140464	0.280814	0.053001	0.024959	0.038415	-0.114778	-0.382247	-0.015479	-0.001165	0.007102	0.008768	-0.046084	-0.009067	0.000974	0.109943	0.098273	-0.038328	-0.013586	0.000387	0.022386	0.063706	-0.063216	0.011724	-0.013541	-0.002100	0.098252	-0.045523	0.000000	0.000000	0.000000	0.000000	-0.000000	-0.000000	-0.000000	-0.000000	-0.013909	0.012119	-0.001243	0.003518	0.007317	-0.072072	0.007605	-0.085717	-0.134229	0.271286	0.052527	0.024790	0.050339	-0.099014	-0.388358	-0.017600	-0.004188	0.024440	0.064388	-0.084172	-0.009980	-0.003043	0.094396	0.120798	-0.062459	-0.016842	-0.002824	0.018661	0.085278	-0.093174	0.013814	-0.021577	-0.016968	0.103571	-0.050824	0.000000	0.000000	0.000000	0.000000	-0.000000	-0.000000	
1.671050	1.786957	-0.144658	-0.582238	-0.154163	0.633528	-1.721482	0.004163	-0.660391	0.029292	0.849667	-1.347458	-0.000000	-0.000000	-0.013909	0.012119	-0.001243	0.003518	0.007317	-0.069849	0.008073	-0.087430	-0.140464	0.280814	0.053001	0.024959	0.038415	-0.114778	-0.382247	-0.015479	-0.001165	0.007102	0.008768	-0.046084	-0.009067	0.000974	0.109943	0.098273	-0.038328	-0.013586	0.000387	0.022386	0.063706	-0.063216	0.011724	-0.013541	-0.002100	0.098252	-0.045523	0.000000	0.000000	0.000000	0.000000	-0.000000	-0.000000	-0.000000	-0.000000	-0.013909	0.012119	-0.001243	0.003518	0.007317	-0.072072	0.007605	-0.085717	-0.134229	0.271286	0.052527	0.024790	0.050339	-0.099014	-0.388358	-0.017600	-0.004188	0.024440	0.064388	-0.084172	-0.009980	-0.003043	0.094396	0.120798	-0.062459	-0.016842	-0.002824	0.018661	0.085278	-0.093174	0.013814	-0.021577	-0.016968	0.103571	-0.050824	0.000000	0.000000	0.000000	0.000000	-0.000000	-0.000000	-0.000000	-0.000000	-0.013909	0.012119	-0.001243	0.003518	0.007317	-0.075934	0.006720	-0.082806	-0.123265	0.249606	0.052360	0.023730	0.066804	-0.082145	-0.396584	-0.032469	-0.008794	0.025127	0.094029	-0.128112	-0.000998	-0.006586	0.049570	0.134217	-0.078481	-0.016831	-0.009004	0.014319	0.095110	-0.109860	0.014526	-0.031507	-0.032393	0.101683	-0.055689	0.000000	0.000000	0.000000	0.000000	-0.000000	-0.000000	
1.645855	1.805931	-0.095016	-0.482257	-0.256457	-0.518784	-0.062075	-0.097178	-0.329872	-0.116966	0.554625	-1.586556	-0.000000	-0.000000	-0.013909	0.012119	-0.001243	0.003518	0.007317	-0.072072	0.007605	-0.085717	-0.134229	0.271286	0.052527	0.024790	0.050339	-0.099014	-0.388358	-0.017600	-0.004188	0.024440	0.064388	-0.084172	-0.009980	-0.003043	0.094396	0.120798	-0.062459	-0.016842	-0.002824	0.018661	0.085278	-0.093174	0.013814	-0.021577	-0.016968	0.103571	-0.050824	0.000000	0.000000	0.000000	0.000000	-0.000000	-0.000000	-0.000000	-0.000000	-0.013909	0.012119	-0.001243	0.003518	0.007317	-0.075934	0.006720	-0.082806	-0.123265	0.249606	0.052360	0.023730	0.066804	-0.082145	-0.396584	-0.032469	-0.008794	0.025127	0.094029	-0.128112	-0.000998	-0.006586	0.049570	0.134217	-0.078481	-0.016831	-0.009004	0.014319	0.095110	-0.109860	0.014526	-0.031507	-0.032393	0.101683	-0.055689	0.000000	0.000000	0.000000	0.000000	-0.000000	-0.000000	-0.000000	-0.000000	-0.013909	0.012119	-0.001243	0.003518	0.007317	-0.078693	0.005856	-0.076795	-0.109876	0.229615	0.051187	0.021313	0.072835	-0.057301	-0.405838	-0.028721	-0.011581	0.013331	0.107810	-0.170892	-0.018246	-0.015082	0.016124	0.110085	-0.077990	-0.016240	-0.016869	0.005998	0.091219	-0.115676	0.015761	-0.038989	-0.037985	0.089576	-0.066634	0.000000	0.000000	0.000000	0.000000	-0.000000	-0.000000	
1.651747	1.837612	-0.025099	-0.270025	-0.188168	-1.237732	1.130299	-0.267679	-0.096192	0.057262	-0.364127	-1.597864	-0.000000	-0.000000	-0.013909	0.012119	-0.001243	0.003518	0.007317	-0.075934	0.006720	-0.082806	-0.123265	0.249606	0.052360	0.023730	0.066804	-0.082145	-0.396584	-0.032469	-0.008794	0.025127	0.094029	-0.128112	-0.000998	-0.006586	0.049570	0.134217	-0.078481	-0.016831	-0.009004	0.014319	0.095110	-0.109860	0.014526	-0.031507	-0.032393	0.101683	-0.055689	0.000000	0.000000	0.000000	0.000000	-0.000000	-0.000000	-0.000000	-0.000000	-0.013909	0.012119	-0.001243	0.003518	0.007317	-0.078693	0.005856	-0.076795	-0.109876	0.229615	0.051187	0.021313	0.072835	-0.057301	-0.405838	-0.028721	-0.011581	0.013331	0.107810	-0.170892	-0.018246	-0.015082	0.016124	0.110085	-0.077990	-0.016240	-0.016869	0.005998	0.091219	-0.115676	0.015761	-0.038989	-0.037985	0.089576	-0.066634	0.000000	0.000000	0.000000	0.000000	-0.000000	-0.000000	-0.000000	-0.000000	-0.013909	0.012119	-0.001243	0.003518	0.007317	-0.082929	0.003656	-0.075375	-0.088199	0.208048	0.048869	0.017760	0.074792	-0.040675	-0.421890	-0.025206	-0.017327	0.005172	0.096277	-0.173076	-0.010549	-0.022911	-0.006065	0.112208	-0.088758	-0.013432	-0.021915	0.000724	0.061746	-0.095041	0.016619	-0.040393	-0.041700	0.081285	-0.074424	0.000000	0.000000	0.000000	0.000000	-0.000000	-0.000000	
1.685409	1.845883	0.046501	0.119653	-0.147469	-1.812338	1.975059	-0.347213	0.198025	-0.050391	-1.441992	-1.168730	-0.000000	-0.000000	-0.013909	0.012119	-0.001243	0.003518	0.007317	-0.078693	0.005856	-0.076795	-0.109876	0.229615	0.051187	0.021313	0.072835	-0.057301	-0.405838	-0.028721	-0.011581	0.013331	0.107810	-0.170892	-0.018246	-0.015082	0.016124	0.110085	-0.077990	-0.016240	-0.016869	0.005998	0.091219	-0.115676	0.015761	-0.038989	-0.037985	0.089576	-0.066634	0.000000	0.000000	0.000000	0.000000	-0.000000	-0.000000	-0.000000	-0.000000	-0.013909	0.012119	-0.001243	0.003518	0.007317	-0.082929	0.003656	-0.075375	-0.088199	0.208048	0.048869	0.017760	0.074792	-0.040675	-0.421890	-0.025206	-0.017327	0.005172	0.096277	-0.173076	-0.010549	-0.022911	-0.006065	0.112208	-0.088758	-0.013432	-0.021915	0.000724	0.061746	-0.095041	0.016619	-0.040393	-0.041700	0.081285	-0.074424	0.000000	0.000000	0.000000	0.000000	-0.000000	-0.000000	-0.000000	-0.000000	-0.013909	0.012119	-0.001243	0.003518	0.007317	-0.086660	0.000768	-0.075891	-0.076618	0.189049	0.048817	0.013665	0.074336	-0.025645	-0.435084	-0.016130	-0.017552	-0.004368	0.061972	-0.145028	0.000690	-0.026602	-0.018753	0.115212	-0.108679	-0.010078	-0.023078	-0.001583	0.031598	-0.059086	0.012655	-0.037741	-0.040384	0.060793	-0.085199	0.000000	0.000000	0.000000	-0.000000	-0.000000	-0.000000	
1.768342	1.823584	0.165916	0.488347	0.047785	-2.056203	2.227507	-0.464428	0.428549	-0.361663	-3.455153	0.446346	-0.000000	-0.000000	-0.013909	0.012119	-0.001243	0.003518	0.007317	-0.082929	0.003656	-0.075375	-0.088199	0.208048	0.048869	0.017760	0.074792	-0.040675	-0.421890	-0.025206	-0.017327	0.005172	0.096277	-0.173076	-0.010549	-0.022911	-0.006065	0.112208	-0.088758	-0.013432	-0.021915	0.000724	0.061746	-0.095041	0.016619	-0.040393	-0.041700	0.081285	-0.074424	0.000000	0.000000	0.000000	0.000000	-0.000000	-0.000000	-0.000000	-0.000000	-0.013909	0.012119	-0.001243	0.003518	0.007317	-0.086660	0.000768	-0.075891	-0.076618	0.189049	0.048817	0.013665	0.074336	-0.025645	-0.435084	-0.016130	-0.017552	-0.004368	0.061972	-0.145028	0.000690	-0.026602	-0.018753	0.115212	-0.108679	-0.010078	-0.023078	-0.001583	0.031598	-0.059086	0.012655	-0.037741	-0.040384	0.060793	-0.085199	0.000000	0.000000	0.000000	-0.000000	-0.000000	-0.000000	-0.000000	-0.000000	-0.013909	0.012119	-0.001243	0.003518	0.007317	-0.089417	-0.002023	-0.078151	-0.070618	0.166250	0.049122	0.009437	0.069107	-0.012558	-0.450640	-0.015572	-0.014434	-0.030099	0.040396	-0.070337	-0.002374	-0.023947	-0.033980	0.108184	-0.137891	-0.006623	-0.018495	-0.001533	-0.001558	-0.006693	0.007148	-0.030546	-0.035910	0.026099	-0.087156	0.000000	0.000000	0.000000	-0.000000	-0.000000	-0.000000	
1.852398	1.777945	0.214458	0.830656	0.202782	-2.077564	2.894832	-0.442255	0.708309	-0.724629	-5.281744	2.761827	-0.000000	-0.000000	-0.013909	0.012119	-0.001243	0.003518	0.007317	-0.086660	0.000768	-0.075891	-0.076618	0.189049	0.048817	0.013665	0.074336	-0.025645	-0.435084	-0.016130	-0.017552	-0.004368	0.061972	-0.145028	0.000690	-0.026602	-0.018753	0.115212	-0.108679	-0.010078	-0.023078	-0.001583	0.031598	-0.059086	0.012655	-0.037741	-0.040384	0.060793	-0.085199	0.000000	0.000000	0.000000	-0.000000	-0.000000	-0.000000	-0.000000	-0.000000	-0.013909	0.012119	-0.001243	0.003518	0.007317	-0.089417	-0.002023	-0.078151	-0.070618	0.166250	0.049122	0.009437	0.069107	-0.012558	-0.450640	-0.015572	-0.014434	-0.030099	0.040396	-0.070337	-0.002374	-0.023947	-0.033980	0.108184	-0.137891	-0.006623	-0.018495	-0.001533	-0.001558	-0.006693	0.007148	-0.030546	-0.035910	0.026099	-0.087156	0.000000	0.000000	0.000000	-0.000000	-0.000000	-0.000000	-0.000000	-0.000000	-0.013909	0.012119	-0.001243	0.003518	0.007317	-0.089969	-0.004358	-0.086139	-0.068885	0.161011	0.049546	0.007404	0.064329	0.004260	-0.466643	0.001235	-0.018426	-0.050469	0.004040	-0.002148	0.008836	-0.019494	-0.049461	0.044668	-0.135577	-0.003582	-0.008832	0.007172	-0.034145	0.031969	-0.000245	-0.022083	-0.036559	-0.042564	-0.064455	0.000000	0.000000	-0.000000	-0.000000	-0.000000	-0.000000	
1.841136	1.663995	0.306398	1.029728	0.321030	-1.733101	3.194178	-0.386146	0.909463	-0.836720	-5.497689	4.314479	-0.000000	-0.000000	-0.013909	0.012119	-0.001243	0.003518	0.007317	-0.089417	-0.002023	-0.078151	-0.070618	0.166250	0.049122	0.009437	0.069107	-0.012558	-0.450640	-0.015572	-0.014434	-0.030099	0.040396	-0.070337	-0.002374	-0.023947	-0.033980	0.108184	-0.137891	-0.006623	-0.018495	-0.001533	-0.001558	-0.006693	0.007148	-0.030546	-0.035910	0.026099	-0.087156	0.000000	0.000000	0.000000	-0.000000	-0.000000	-0.000000	-0.000000	-0.000000	-0.013909	0.012119	-0.001243	0.003518	0.007317	-0.089969	-0.004358	-0.086139	-0.068885	0.161011	0.049546	0.007404	0.064329	0.004260	-0.466643	0.001235	-0.018426	-0.050469	0.004040	-0.002148	0.008836	-0.019494	-0.049461	0.044668	-0.135577	-0.003582	-0.008832	0.007172	-0.034145	0.031969	-0.000245	-0.022083	-0.036559	-0.042564	-0.064455	0.000000	0.000000	-0.000000	-0.000000	-0.000000	-0.000000	-0.000000	-0.000000	-0.013909	0.012119	-0.001243	0.003518	0.007317	-0.089449	-0.006101	-0.092002	-0.071034	0.164035	0.049679	0.005616	0.057703	0.006848	-0.487656	0.002217	-0.010334	-0.049714	-0.026466	0.045499	0.000535	-0.009394	-0.059035	-0.023101	-0.083001	-0.000887	0.005367	0.016076	-0.063146	0.072351	-0.007010	-0.009674	-0.040798	-0.124347	-0.002032	0.000000	0.000000	-0.000000	-0.000000	-0.000000	-0.000000	
1.801554	1.536142	0.395725	0.788579	-0.073936	-1.014884	2.971466	-0.306090	0.789944	-0.776853	-3.361143	3.519806	-0.000000	-0.000000	-0.013909	0.012119	-0.001243	0.003518	0.007317	-0.089969	-0.004358	-0.086139	-0.068885	0.161011	0.049546	0.007404	0.064329	0.004260	-0.466643	0.001235	-0.018426	-0.050469	0.004040	-0.002148	0.008836	-0.019494	-0.049461	0.044668	-0.135577	-0.003582	-0.008832	0.007172	-0.034145	0.031969	-0.000245	-0.022083	-0.036559	-0.042564	-0.064455	0.000000	0.000000	-0.000000	-0.000000	-0.000000	-0.000000	-0.000000	-0.000000	-0.013909	0.012119	-0.001243	0.003518	0.007317	-0.089449	-0.006101	-0.092002	-0.071034	0.164035	0.049679	0.005616	0.057703	0.006848	-0.487656	0.002217	-0.010334	-0.049714	-0.026466	0.045499	0.000535	-0.009394	-0.059035	-0.023101	-0.083001	-0.000887	0.005367	0.016076	-0.063146	0.072351	-0.007010	-0.009674	-0.040798	-0.124347	-0.002032	0.000000	0.000000	-0.000000	-0.000000	-0.000000	-0.000000	-0.000000	-0.000000	-0.013909	0.012119	-0.001243	0.003518	0.007317	-0.087746	-0.006563	-0.097246	-0.078031	0.174381	0.049415	0.005323	0.048163	-0.003224	-0.493336	0.013482	-0.001615	-0.048592	-0.077674	0.107843	0.002147	0.000805	-0.085816	-0.125145	0.002169	0.002010	0.021289	0.026140	-0.082170	0.109961	-0.012543	0.004273	-0.043821	-0.196816	0.068427	0.000000	0.000000	-0.000000	-0.000000	-0.000000	-0.000000	
1.753482	1.446986	0.428526	0.354361	-0.278328	-0.513906	1.466356	-0.084394	0.541486	-0.179569	-0.562717	1.974302	-0.000000	-0.000000	-0.013909	0.012119	-0.001243	0.003518	0.007317	-0.089449	-0.006101	-0.092002	-0.071034	0.164035	0.049679	0.005616	0.057703	0.006848	-0.487656	0.002217	-0.010334	-0.049714	-0.026466	0.045499	0.000535	-0.009394	-0.059035	-0.023101	-0.083001	-0.000887	0.005367	0.016076	-0.063146	0.072351	-0.007010	-0.009674	-0.040798	-0.124347	-0.002032	0.000000	0.000000	-0.000000	-0.000000	-0.000000	-0.000000	-0.000000	-0.000000	-0.013909	0.012119	-0.001243	0.003518	0.007317	-0.087746	-0.006563	-0.097246	-0.078031	0.174381	0.049415	0.005323	0.048163	-0.003224	-0.493336	0.013482	-0.001615	-0.048592	-0.077674	0.107843	0.002147	0.000805	-0.085816	-0.125145	0.002169	0.002010	0.021289	0.026140	-0.082170	0.109961	-0.012543	0.004273	-0.043821	-0.196816	0.068427	0.000000	0.000000	-0.000000	-0.000000	-0.000000	-0.000000	-0.000000	-0.000000	-0.013909	0.012119	-0.001243	0.003518	0.007317	-0.085660	-0.004975	-0.101760	-0.088252	0.199085	0.049823	0.006541	0.028225	-0.025837	-0.486209	0.009374	0.019846	-0.042547	-0.086982	0.159792	0.003704	0.007641	-0.108734	-0.205142	0.105255	0.005855	0.031518	0.029546	-0.087157	0.129785	-0.017537	0.014893	-0.035524	-0.224570	0.114043	0.000000	0.000000	-0.000000	-0.000000	-0.000000	-0.000000	
1.673165	1.403581	0.298234	-0.305881	-0.157817	0.020029	-0.639132	0.104674	0.364266	0.587865	2.046936	0.752603	-0.000000	-0.000000	-0.013909	0.012119	-0.001243	0.003518	0.007317	-0.087746	-0.006563	-0.097246	-0.078031	0.174381	0.049415	0.005323	0.048163	-0.003224	-0.493336	0.013482	-0.001615	-0.048592	-0.077674	0.107843	0.002147	0.000805	-0.085816	-0.125145	0.002169	0.002010	0.021289	0.026140	-0.082170	0.109961	-0.012543	0.004273	-0.043821	-0.196816	0.068427	0.000000	0.000000	-0.000000	-0.000000	-0.000000	-0.000000	-0.000000	-0.000000	-0.013909	0.012119	-0.001243	0.003518	0.007317	-0.085660	-0.004975	-0.101760	-0.088252	0.199085	0.049823	0.006541	0.028225	-0.025837	-0.486209	0.009374	0.019846	-0.042547	-0.086982	0.159792	0.003704	0.007641	-0.108734	-0.205142	0.105255	0.005855	0.031518	0.029546	-0.087157	0.129785	-0.017537	0.014893	-0.035524	-0.224570	0.114043	0.000000	0.000000	-0.000000	-0.000000	-0.000000	-0.000000	-0.000000	-0.000000	-0.013909	0.012119	-0.001243	0.003518	0.007317	-0.084661	-0.003196	-0.106565	-0.099747	0.222564	0.050559	0.008901	0.013308	-0.076186	-0.468183	0.008266	0.021061	-0.013328	-0.094194	0.188018	0.019214	0.012629	-0.101953	-0.254320	0.174887	0.011289	0.035057	0.030172	-0.083377	0.128317	-0.019540	0.020661	-0.023302	-0.182669	0.125654	0.000000	0.000000	-0.000000	-0.000000	-0.000000	-0.000000	
1.674551	1.484761	0.197931	-0.445511	0.043146	0.089015	-0.995436	0.214216	0.278636	1.053974	3.128939	0.000529	-0.000000	-0.000000	-0.013909	0.012119	-0.001243	0.003518	0.007317	-0.085660	-0.004975	-0.101760	-0.088252	0.199085	0.049823	0.006541	0.028225	-0.025837	-0.486209	0.009374	0.019846	-0.042547	-0.086982	0.159792	0.003704	0.007641	-0.108734	-0.205142	0.105255	0.005855	0.031518	0.029546	-0.087157	0.129785	-0.017537	0.014893	-0.035524	-0.224570	0.114043	0.000000	0.000000	-0.000000	-0.000000	-0.000000	-0.000000	-0.000000	-0.000000	-0.013909	0.012119	-0.001243	0.003518	0.007317	-0.084661	-0.003196	-0.106565	-0.099747	0.222564	0.050559	0.008901	0.013308	-0.076186	-0.468183	0.008266	0.021061	-0.013328	-0.094194	0.188018	0.019214	0.012629	-0.101953	-0.254320	0.174887	0.011289	0.035057	0.030172	-0.083377	0.128317	-0.019540	0.020661	-0.023302	-0.182669	0.125654	0.000000	0.000000	-0.000000	-0.000000	-0.000000	-0.000000	-0.000000	-0.000000	-0.013909	0.012119	-0.001243	0.003518	0.007317	-0.081772	0.000335	-0.108471	-0.120003	0.246162	0.054244	0.011546	0.001770	-0.107920	-0.433511	0.016530	0.021183	-0.010755	-0.098405	0.221201	0.024604	0.015803	-0.083827	-0.200961	0.168590	0.012869	0.026942	0.029713	-0.062820	0.095139	-0.021656	0.023476	-0.002953	-0.120253	0.102262	0.000000	0.000000	-0.000000	-0.000000	-0.000000	-0.000000	
1.694723	1.554704	-0.013988	-0.395830	0.149573	0.614881	-0.795265	0.387781	0.135569	0.880212	3.290318	-0.646135	-0.000000	-0.000000	-0.013909	0.012119	-0.001243	0.003518	0.007317	-0.084661	-0.003196	-0.106565	-0.099747	0.222564	0.050559	0.008901	0.013308	-0.076186	-0.468183	0.008266	0.021061	-0.013328	-0.094194	0.188018	0.019214	0.012629	-0.101953	-0.254320	0.174887	0.011289	0.035057	0.030172	-0.083377	0.128317	-0.019540	0.020661	-0.023302	-0.182669	0.125654	0.000000	0.000000	-0.000000	-0.000000	-0.000000	-0.000000	-0.000000	-0.000000	-0.013909	0.012119	-0.001243	0.003518	0.007317	-0.081772	0.000335	-0.108471	-0.120003	0.246162	0.054244	0.011546	0.001770	-0.107920	-0.433511	0.016530	0.021183	-0.010755	-0.098405	0.221201	0.024604	0.015803	-0.083827	-0.200961	0.168590	0.012869	0.026942	0.029713	-0.062820	0.095139	-0.021656	0.023476	-0.002953	-0.120253	0.102262	0.000000	0.000000	-0.000000	-0.000000	-0.000000	-0.000000	-0.000000	-0.000000	-0.013909	0.012119	-0.001243	0.003518	0.007317	-0.077656	0.003295	-0.108634	-0.132948	0.265883	0.056750	0.014563	-0.005069	-0.129243	-0.411212	0.023987	0.016775	0.006253	-0.089404	0.141465	0.002111	0.018680	-0.038045	-0.135603	0.148069	0.011726	0.017290	0.030524	-0.048538	0.060466	-0.020944	0.024645	0.019719	-0.051927	0.079972	0.000000	0.000000	-0.000000	-0.000000	-0.000000	-0.000000	
1.688465	1.584610	-0.219349	-0.184719	0.202502	1.330529	-1.119240	0.461109	-0.255383	0.544391	2.752552	-1.029888	-0.000000	-0.000000	-0.013909	0.012119	-0.001243	0.003518	0.007317	-0.081772	0.000335	-0.108471	-0.120003	0.246162	0.054244	0.011546	0.001770	-0.107920	-0.433511	0.016530	0.021183	-0.010755	-0.098405	0.221201	0.024604	0.015803	-0.083827	-0.200961	0.168590	0.012869	0.026942	0.029713	-0.062820	0.095139	-0.021656	0.023476	-0.002953	-0.120253	0.102262	0.000000	0.000000	-0.000000	-0.000000	-0.000000	-0.000000	-0.000000	-0.000000	-0.013909	0.012119	-0.001243	0.003518	0.007317	-0.077656	0.003295	-0.108634	-0.132948	0.265883	0.056750	0.014563	-0.005069	-0.129243	-0.411212	0.023987	0.016775	0.006253	-0.089404	0.141465	0.002111	0.018680	-0.038045	-0.135603	0.148069	0.011726	0.017290	0.030524	-0.048538	0.060466	-0.020944	0.024645	0.019719	-0.051927	0.079972	0.000000	0.000000	-0.000000	-0.000000	-0.000000	-0.000000	-0.000000	-0.000000	-0.013909	0.012119	-0.001243	0.003518	0.007317	-0.071234	0.005268	-0.106364	-0.142541	0.285869	0.056815	0.017993	-0.004402	-0.140124	-0.393836	0.052300	0.009936	0.028891	-0.067566	0.029850	-0.010607	0.020828	0.026904	-0.062415	0.126126	0.005096	0.009386	0.030496	-0.029734	0.028564	-0.015200	0.023245	0.032238	0.008249	0.052915	0.000000	0.000000	-0.000000	-0.000000	-0.000000	-0.000000	
1.708940	1.641342	-0.365541	-0.071860	0.276736	1.491691	-1.712044	0.444308	-0.675729	0.374890	2.186115	-1.471136	-0.000000	-0.000000	-0.013909	0.012119	-0.001243	0.003518	0.007317	-0.077656	0.003295	-0.108634	-0.132948	0.265883	0.056750	0.014563	-0.005069	-0.129243	-0.411212	0.023987	0.016775	0.006253	-0.089404	0.141465	0.002111	0.018680	-0.038045	-0.135603	0.148069	0.011726	0.017290	0.030524	-0.048538	0.060466	-0.020944	0.024645	0.019719	-0.051927	0.079972	0.000000	0.000000	-0.000000	-0.000000	-0.000000	-0.000000	-0.000000	-0.000000	-0.013909	0.012119	-0.001243	0.003518	0.007317	-0.071234	0.005268	-0.106364	-0.142541	0.285869	0.056815	0.017993	-0.004402	-0.140124	-0.393836	0.052300	0.009936	0.028891	-0.067566	0.029850	-0.010607	0.020828	0.026904	-0.062415	0.126126	0.005096	0.009386	0.030496	-0.029734	0.028564	-0.015200	0.023245	0.032238	0.008249	0.052915	0.000000	0.000000	-0.000000	-0.000000	-0.000000	-0.000000	-0.000000	-0.000000	-0.013909	0.012119	-0.001243	0.003518	0.007317	-0.067890	0.006075	-0.098180	-0.146252	0.290569	0.056440	0.020085	0.002469	-0.141064	-0.382242	-0.008031	0.002855	0.030108	-0.001173	0.005777	-0.011181	0.020345	0.072483	0.031447	0.073332	-0.001539	0.005808	0.025349	-0.006061	0.007074	-0.007908	0.017322	0.033535	0.050483	0.025871	0.000000	-0.000000	-0.000000	-0.000000	-0.000000	-0.000000	
1.635237	1.681077	-0.393979	-0.106960	-0.035284	2.100234	-2.035077	0.425814	-0.681320	-0.205285	2.023407	-1.655820	-0.000000	-0.000000	-0.013909	0.012119	-0.001243	0.003518	0.007317	-0.071234	0.005268	-0.106364	-0.142541	0.285869	0.056815	0.017993	-0.004402	-0.140124	-0.393836	0.052300	0.009936	0.028891	-0.067566	0.029850	-0.010607	0.020828	0.026904	-0.062415	0.126126	0.005096	0.009386	0.030496	-0.029734	0.028564	-0.015200	0.023245	0.032238	0.008249	0.052915	0.000000	0.000000	-0.000000	-0.000000	-0.000000	-0.000000	-0.000000	-0.000000	-0.013909	0.012119	-0.001243	0.003518	0.007317	-0.067890	0.006075	-0.098180	-0.146252	0.290569	0.056440	0.020085	0.002469	-0.141064	-0.382242	-0.008031	0.002855	0.030108	-0.001173	0.005777	-0.011181	0.020345	0.072483	0.031447	0.073332	-0.001539	0.005808	0.025349	-0.006061	0.007074	-0.007908	0.017322	0.033535	0.050483	0.025871	0.000000	-0.000000	-0.000000	-0.000000	-0.000000	-0.000000	-0.000000	-0.000000	-0.013909	0.012119	-0.001243	0.003518	0.007317	-0.067924	0.006260	-0.095089	-0.146292	0.290419	0.056244	0.022579	0.012906	-0.133206	-0.370424	-0.008131	-0.002855	0.009641	0.000930	-0.008495	-0.003910	0.014481	0.089604	0.074333	0.025828	-0.006976	0.004547	0.026400	0.016304	-0.018400	-0.001061	0.004714	0.028708	0.075345	-0.007965	-0.000000	-0.000000	-0.000000	-0.000000	-0.000000	-0.000000	
1.624566	1.716131	-0.366791	-0.166603	-0.058569	1.837076	-2.312985	0.180445	-0.517929	-0.237321	1.607988	-1.319668	-0.000000	-0.000000	-0.013909	0.012119	-0.001243	0.003518	0.007317	-0.067890	0.006075	-0.098180	-0.146252	0.290569	0.056440	0.020085	0.002469	-0.141064	-0.382242	-0.008031	0.002855	0.030108	-0.001173	0.005777	-0.011181	0.020345	0.072483	0.031447	0.073332	-0.001539	0.005808	0.025349	-0.006061	0.007074	-0.007908	0.017322	0.033535	0.050483	0.025871	0.000000	-0.000000	-0.000000	-0.000000	-0.000000	-0.000000	-0.000000	-0.000000	-0.013909	0.012119	-0.001243	0.003518	0.007317	-0.067924	0.006260	-0.095089	-0.146292	0.290419	0.056244	0.022579	0.012906	-0.133206	-0.370424	-0.008131	-0.002855	0.009641	0.000930	-0.008495	-0.003910	0.014481	0.089604	0.074333	0.025828	-0.006976	0.004547	0.026400	0.016304	-0.018400	-0.001061	0.004714	0.028708	0.075345	-0.007965	-0.000000	-0.000000	-0.000000	-0.000000	-0.000000	-0.000000	-0.000000	-0.000000	-0.013909	0.012119	-0.001243	0.003518	0.007317	-0.069579	0.006136	-0.093501	-0.144482	0.287578	0.056326	0.024080	0.024300	-0.120948	-0.368836	-0.016168	-0.002147	0.007943	0.016843	-0.030511	0.004495	0.006101	0.094107	0.112820	-0.014516	-0.011244	0.003064	0.024282	0.046068	-0.046152	0.005258	-0.007028	0.014229	0.093505	-0.034446	-0.000000	-0.000000	-0.000000	-0.000000	-0.000000	-0.000000	
1.647019	1.770890	-0.357865	-0.340752	-0.067581	1.457013	-2.244489	0.076781	-0.550143	-0.077188	1.135798	-1.145015	-0.000000	-0.000000	-0.013909	0.012119	-0.001243	0.003518	0.007317	-0.067924	0.006260	-0.095089	-0.146292	0.290419	0.056244	0.022579	0.012906	-0.133206	-0.370424	-0.008131	-0.002855	0.009641	0.000930	-0.008495	-0.003910	0.014481	0.089604	0.074333	0.025828	-0.006976	0.004547	0.026400	0.016304	-0.018400	-0.001061	0.004714	0.028708	0.075345	-0.007965	-0.000000	-0.000000	-0.000000	-0.000000	-0.000000	-0.000000	-0.000000	-0.000000	-0.013909	0.012119	-0.001243	0.003518	0.007317	-0.069579	0.006136	-0.093501	-0.144482	0.287578	0.056326	0.024080	0.024300	-0.120948	-0.368836	-0.016168	-0.002147	0.007943	0.016843	-0.030511	0.004495	0.006101	0.094107	0.112820	-0.014516	-0.011244	0.003064	0.024282	0.046068	-0.046152	0.005258	-0.007028	0.014229	0.093505	-0.034446	-0.000000	-0.000000	-0.000000	-0.000000	-0.000000	-0.000000	-0.000000	-0.000000	-0.013909	0.012119	-0.001243	0.003518	0.007317	-0.072236	0.005764	-0.092384	-0.139977	0.279303	0.055785	0.024347	0.047152	-0.104005	-0.372638	-0.021159	-0.003239	0.010565	0.038674	-0.063771	-0.003389	-0.001600	0.098047	0.141794	-0.050306	-0.014086	0.000938	0.022287	0.069107	-0.072559	0.008504	-0.015062	-0.012182	0.100672	-0.050431	-0.000000	-0.000000	-0.000000	-0.000000	-0.000000	-0.000000	
1.672910	1.808825	-0.305874	-0.491716	-0.157815	1.168686	-2.105215	0.121814	-0.635343	-0.084282	1.070600	-1.265474	-0.000000	-0.000000	-0.013909	0.012119	-0.001243	0.003518	0.007317	-0.069579	0.006136	-0.093501	-0.144482	0.287578	0.056326	0.024080	0.024300	-0.120948	-0.368836	-0.016168	-0.002147	0.007943	0.016843	-0.030511	0.004495	0.006101	0.094107	0.112820	-0.014516	-0.011244	0.003064	0.024282	0.046068	-0.046152	0.005258	-0.007028	0.014229	0.093505	-0.034446	-0.000000	-0.000000	-0.000000	-0.000000	-0.000000	-0.000000	-0.000000	-0.000000	-0.013909	0.012119	-0.001243	0.003518	0.007317	-0.072236	0.005764	-0.092384	-0.139977	0.279303	0.055785	0.024347	0.047152	-0.104005	-0.372638	-0.021159	-0.003239	0.010565	0.038674	-0.063771	-0.003389	-0.001600	0.098047	0.141794	-0.050306	-0.014086	0.000938	0.022287	0.069107	-0.072559	0.008504	-0.015062	-0.012182	0.100672	-0.050431	-0.000000	-0.000000	-0.000000	-0.000000	-0.000000	-0.000000	-0.000000	-0.000000	-0.013909	0.012119	-0.001243	0.003518	0.007317	-0.074222	0.005528	-0.087362	-0.132096	0.267301	0.054635	0.023900	0.059235	-0.078200	-0.379723	-0.025147	-0.002185	0.021645	0.071915	-0.111764	-0.015344	-0.006209	0.062498	0.112238	-0.066099	-0.017464	-0.003933	0.016252	0.083063	-0.094194	0.010805	-0.022860	-0.025422	0.091889	-0.060506	-0.000000	-0.000000	-0.000000	-0.000000	-0.000000	-0.000000	
1.654103	1.812617	-0.160197	-0.486907	-0.174344	0.449234	-1.520310	0.021087	-0.526701	-0.018741	0.731305	-1.368819	-0.000000	-0.000000	-0.013909	0.012119	-0.001243	0.003518	0.007317	-0.072236	0.005764	-0.092384	-0.139977	0.279303	0.055785	0.024347	0.047152	-0.104005	-0.372638	-0.021159	-0.003239	0.010565	0.038674	-0.063771	-0.003389	-0.001600	0.098047	0.141794	-0.050306	-0.014086	0.000938	0.022287	0.069107	-0.072559	0.008504	-0.015062	-0.012182	0.100672	-0.050431	-0.000000	-0.000000	-0.000000	-0.000000	-0.000000	-0.000000	-0.000000	-0.000000	-0.013909	0.012119	-0.001243	0.003518	0.007317	-0.074222	0.005528	-0.087362	-0.132096	0.267301	0.054635	0.023900	0.059235	-0.078200	-0.379723	-0.025147	-0.002185	0.021645	0.071915	-0.111764	-0.015344	-0.006209	0.062498	0.112238	-0.066099	-0.017464	-0.003933	0.016252	0.083063	-0.094194	0.010805	-0.022860	-0.025422	0.091889	-0.060506	-0.000000	-0.000000	-0.000000	-0.000000	-0.000000	-0.000000	-0.000000	-0.000000	-0.013909	0.012119	-0.001243	0.003518	0.007317	-0.077987	0.004770	-0.083813	-0.115083	0.251063	0.053436	0.022607	0.066693	-0.062812	-0.393887	-0.029385	-0.008361	0.014727	0.080125	-0.144480	-0.015842	-0.010508	0.049521	0.101954	-0.086174	-0.018286	-0.010550	0.010336	0.083579	-0.109532	0.013832	-0.031096	-0.034143	0.092559	-0.065322	-0.000000	-0.000000	-0.000000	-0.000000	-0.000000	-0.000000	
1.649349	1.819127	-0.046078	-0.377550	-0.157483	-0.726663	0.036137	-0.211041	-0.251860	0.109702	-0.027794	-1.288887	-0.000000	-0.000000	-0.013909	0.012119	-0.001243	0.003518	0.007317	-0.074222	0.005528	-0.087362	-0.132096	0.267301	0.054635	0.023900	0.059235	-0.078200	-0.379723	-0.025147	-0.002185	0.021645	0.071915	-0.111764	-0.015344	-0.006209	0.062498	0.112238	-0.066099	-0.017464	-0.003933	0.016252	0.083063	-0.094194	0.010805	-0.022860	-0.025422	0.091889	-0.060506	-0.000000	-0.000000	-0.000000	-0.000000	-0.000000	-0.000000	-0.000000	-0.000000	-0.013909	0.012119	-0.001243	0.003518	0.007317	-0.077987	0.004770	-0.083813	-0.115083	0.251063	0.053436	0.022607	0.066693	-0.062812	-0.393887	-0.029385	-0.008361	0.014727	0.080125	-0.144480	-0.015842	-0.010508	0.049521	0.101954	-0.086174	-0.018286	-0.010550	0.010336	0.083579	-0.109532	0.013832	-0.031096	-0.034143	0.092559	-0.065322	-0.000000	-0.000000	-0.000000	-0.000000	-0.000000	-0.000000	-0.000000	-0.000000	-0.013909	0.012119	-0.001243	0.003518	0.007317	-0.082303	0.003140	-0.081722	-0.102811	0.231651	0.050748	0.020119	0.070365	-0.048321	-0.405468	-0.029460	-0.012933	0.010197	0.088972	-0.181252	-0.019730	-0.016173	0.021353	0.112791	-0.082598	-0.016374	-0.016224	0.005630	0.078046	-0.112927	0.016836	-0.036509	-0.038097	0.089038	-0.074275	-0.000000	-0.000000	-0.000000	-0.000000	-0.000000	-0.000000	
1.656783	1.835233	-0.006043	-0.150637	-0.109587	-1.516468	1.233290	-0.323270	-0.039004	0.120653	-0.811576	-1.277121	-0.000000	-0.000000	-0.013909	0.012119	-0.001243	0.003518	0.007317	-0.077987	0.004770	-0.083813	-0.115083	0.251063	0.053436	0.022607	0.066693	-0.062812	-0.393887	-0.029385	-0.008361	0.014727	0.080125	-0.144480	-0.015842	-0.010508	0.049521	0.101954	-0.086174	-0.018286	-0.010550	0.010336	0.083579	-0.109532	0.013832	-0.031096	-0.034143	0.092559	-0.065322	-0.000000	-0.000000	-0.000000	-0.000000	-0.000000	-0.000000	-0.000000	-0.000000	-0.013909	0.012119	-0.001243	0.003518	0.007317	-0.082303	0.003140	-0.081722	-0.102811	0.231651	0.050748	0.020119	0.070365	-0.048321	-0.405468	-0.029460	-0.012933	0.010197	0.088972	-0.181252	-0.019730	-0.016173	0.021353	0.112791	-0.082598	-0.016374	-0.016224	0.005630	0.078046	-0.112927	0.016836	-0.036509	-0.038097	0.089038	-0.074275	-0.000000	-0.000000	-0.000000	-0.000000	-0.000000	-0.000000	-0.000000	-0.000000	-0.013909	0.012119	-0.001243	0.003518	0.007317	-0.086559	0.000851	-0.080892	-0.090857	0.199585	0.049411	0.016560	0.071657	-0.033984	-0.417939	-0.023186	-0.014903	0.001020	0.092299	-0.158060	0.000121	-0.026859	-0.004844	0.107593	-0.111204	-0.012809	-0.019598	0.002438	0.055194	-0.080319	0.015008	-0.036727	-0.037743	0.074285	-0.081136	-0.000000	-0.000000	-0.000000	-0.000000	-0.000000	-0.000000	
1.700825	1.846403	0.054457	0.253277	-0.083059	-1.927483	2.064798	-0.336662	0.311869	-0.356540	-2.119411	-0.392488	-0.000000	-0.000000	-0.013909	0.012119	-0.001243	0.003518	0.007317	-0.082303	0.003140	-0.081722	-0.102811	0.231651	0.050748	0.020119	0.070365	-0.048321	-0.405468	-0.029460	-0.012933	0.010197	0.088972	-0.181252	-0.019730	-0.016173	0.021353	0.112791	-0.082598	-0.016374	-0.016224	0.005630	0.078046	-0.112927	0.016836	-0.036509	-0.038097	0.089038	-0.074275	-0.000000	-0.000000	-0.000000	-0.000000	-0.000000	-0.000000	-0.000000	-0.000000	-0.013909	0.012119	-0.001243	0.003518	0.007317	-0.086559	0.000851	-0.080892	-0.090857	0.199585	0.049411	0.016560	0.071657	-0.033984	-0.417939	-0.023186	-0.014903	0.001020	0.092299	-0.158060	0.000121	-0.026859	-0.004844	0.107593	-0.111204	-0.012809	-0.019598	0.002438	0.055194	-0.080319	0.015008	-0.036727	-0.037743	0.074285	-0.081136	-0.000000	-0.000000	-0.000000	-0.000000	-0.000000	-0.000000	-0.000000	-0.000000	-0.013909	0.012119	-0.001243	0.003518	0.007317	-0.090221	-0.001489	-0.082422	-0.081705	0.181201	0.049192	0.014144	0.070898	-0.011027	-0.432065	-0.015230	-0.016612	-0.019789	0.066460	-0.124682	0.000012	-0.026415	-0.017235	0.098349	-0.112320	-0.009238	-0.019517	0.002325	0.023305	-0.043444	0.010380	-0.034896	-0.035175	0.039160	-0.086157	-0.000000	-0.000000	-0.000000	-0.000000	-0.000000	-0.000000	
1.796842	1.815515	0.168335	0.684483	0.026408	-1.951877	2.415861	-0.458957	0.526983	-0.543764	-3.999084	1.283969	-0.000000	-0.000000	-0.013909	0.012119	-0.001243	0.003518	0.007317	-0.086559	0.000851	-0.080892	-0.090857	0.199585	0.049411	0.016560	0.071657	-0.033984	-0.417939	-0.023186	-0.014903	0.001020	0.092299	-0.158060	0.000121	-0.026859	-0.004844	0.107593	-0.111204	-0.012809	-0.019598	0.002438	0.055194	-0.080319	0.015008	-0.036727	-0.037743	0.074285	-0.081136	-0.000000	-0.000000	-0.000000	-0.000000	-0.000000	-0.000000	-0.000000	-0.000000	-0.013909	0.012119	-0.001243	0.003518	0.007317	-0.090221	-0.001489	-0.082422	-0.081705	0.181201	0.049192	0.014144	0.070898	-0.011027	-0.432065	-0.015230	-0.016612	-0.019789	0.066460	-0.124682	0.000012	-0.026415	-0.017235	0.098349	-0.112320	-0.009238	-0.019517	0.002325	0.023305	-0.043444	0.010380	-0.034896	-0.035175	0.039160	-0.086157	-0.000000	-0.000000	-0.000000	-0.000000	-0.000000	-0.000000	-0.000000	-0.000000	-0.013909	0.012119	-0.001243	0.003518	0.007317	-0.091365	-0.003742	-0.085225	-0.071999	0.170496	0.049560	0.010252	0.068492	0.001173	-0.456070	-0.006409	-0.014108	-0.027453	0.025141	-0.063068	0.008376	-0.025092	-0.035224	0.062528	-0.108593	-0.007276	-0.013464	0.003881	-0.015315	-0.001765	0.004961	-0.026325	-0.038118	-0.004834	-0.068040	-0.000000	-0.000000	-0.000000	-0.000000	-0.000000	-0.000000	
1.856531	1.745013	0.245381	0.875854	0.331337	-2.085963	3.072229	-0.490042	0.718080	-0.670852	-5.449836	3.239821	-0.000000	-0.000000	-0.013909	0.012119	-0.001243	0.003518	0.007317	-0.090221	-0.001489	-0.082422	-0.081705	0.181201	0.049192	0.014144	0.070898	-0.011027	-0.432065	-0.015230	-0.016612	-0.019789	0.066460	-0.124682	0.000012	-0.026415	-0.017235	0.098349	-0.112320	-0.009238	-0.019517	0.002325	0.023305	-0.043444	0.010380	-0.034896	-0.035175	0.039160	-0.086157	-0.000000	-0.000000	-0.000000	-0.000000	-0.000000	-0.000000	-0.000000	-0.000000	-0.013909	0.012119	-0.001243	0.003518	0.007317	-0.091365	-0.003742	-0.085225	-0.071999	0.170496	0.049560	0.010252	0.068492	0.001173	-0.456070	-0.006409	-0.014108	-0.027453	0.025141	-0.063068	0.008376	-0.025092	-0.035224	0.062528	-0.108593	-0.007276	-0.013464	0.003881	-0.015315	-0.001765	0.004961	-0.026325	-0.038118	-0.004834	-0.068040	-0.000000	-0.000000	-0.000000	-0.000000	-0.000000	-0.000000	-0.000000	-0.000000	-0.013909	0.012119	-0.001243	0.003518	0.007317	-0.091182	-0.005776	-0.089299	-0.070930	0.167507	0.050240	0.007502	0.063915	0.006473	-0.470904	0.000057	-0.013857	-0.037642	-0.006559	0.001370	0.007119	-0.013327	-0.049237	0.016024	-0.100543	-0.004935	-0.001164	0.008352	-0.045660	0.037459	-0.002602	-0.015672	-0.041697	-0.070116	-0.033948	-0.000000	-0.000000	-0.000000	0.000000	-0.000000	-0.000000	
1.824364	1.628913	0.365204	1.038194	0.309009	-1.542300	3.520112	-0.335006	0.884821	-0.735016	-4.766282	3.874842	-0.000000	-0.000000	-0.013909	0.012119	-0.001243	0.003518	0.007317	-0.091365	-0.003742	-0.085225	-0.071999	0.170496	0.049560	0.010252	0.068492	0.001173	-0.456070	-0.006409	-0.014108	-0.027453	0.025141	-0.063068	0.008376	-0.025092	-0.035224	0.062528	-0.108593	-0.007276	-0.013464	0.003881	-0.015315	-0.001765	0.004961	-0.026325	-0.038118	-0.004834	-0.068040	-0.000000	-0.000000	-0.000000	-0.000000	-0.000000	-0.000000	-0.000000	-0.000000	-0.013909	0.012119	-0.001243	0.003518	0.007317	-0.091182	-0.005776	-0.089299	-0.070930	0.167507	0.050240	0.007502	0.063915	0.006473	-0.470904	0.000057	-0.013857	-0.037642	-0.006559	0.001370	0.007119	-0.013327	-0.049237	0.016024	-0.100543	-0.004935	-0.001164	0.008352	-0.045660	0.037459	-0.002602	-0.015672	-0.041697	-0.070116	-0.033948	-0.000000	-0.000000	-0.000000	0.000000	-0.000000	-0.000000	-0.000000	-0.000000	-0.013909	0.012119	-0.001243	0.003518	0.007317	-0.090128	-0.006264	-0.093894	-0.075054	0.171344	0.050351	0.006298	0.050326	0.004043	-0.479517	0.003844	0.002337	-0.043197	-0.053000	0.051784	0.005946	-0.005869	-0.069482	-0.045857	-0.040065	-0.002308	0.012464	0.017918	-0.072832	0.079715	-0.010066	-0.003694	-0.038172	-0.149450	0.023273	-0.000000	-0.000000	0.000000	0.000000	-0.000000	-0.000000	
1.784071	1.518278	0.432673	0.597433	-0.243523	-0.797702	2.556721	-0.187218	0.668297	-0.484163	-2.156115	2.728686	-0.000000	-0.000000	-0.013909	0.012119	-0.001243	0.003518	0.007317	-0.091182	-0.005776	-0.089299	-0.070930	0.167507	0.050240	0.007502	0.063915	0.006473	-0.470904	0.000057	-0.013857	-0.037642	-0.006559	0.001370	0.007119	-0.013327	-0.049237	0.016024	-0.100543	-0.004935	-0.001164	0.008352	-0.045660	0.037459	-0.002602	-0.015672	-0.041697	-0.070116	-0.033948	-0.000000	-0.000000	-0.000000	0.000000	-0.000000	-0.000000	-0.000000	-0.000000	-0.013909	0.012119	-0.001243	0.003518	0.007317	-0.090128	-0.006264	-0.093894	-0.075054	0.171344	0.050351	0.006298	0.050326	0.004043	-0.479517	0.003844	0.002337	-0.043197	-0.053000	0.051784	0.005946	-0.005869	-0.069482	-0.045857	-0.040065	-0.002308	0.012464	0.017918	-0.072832	0.079715	-0.010066	-0.003694	-0.038172	-0.149450	0.023273	-0.000000	-0.000000	0.000000	0.000000	-0.000000	-0.000000	-0.000000	-0.000000	-0.013909	0.012119	-0.001243	0.003518	0.007317	-0.089311	-0.006095	-0.103271	-0.084312	0.182920	0.050592	0.006413	0.039732	-0.015781	-0.478695	0.007713	0.000815	-0.035028	-0.083817	0.116847	-0.000452	0.003135	-0.090001	-0.159176	0.029494	0.002363	0.027894	0.031937	-0.086747	0.121029	-0.015340	0.009486	-0.038622	-0.201239	0.080670	-0.000000	-0.000000	0.000000	0.000000	-0.000000	-0.000000	
1.723280	1.451230	0.369413	0.055483	-0.206491	-0.216369	0.476467	0.027884	0.463148	0.172108	0.450139	1.226223	-0.000000	-0.000000	-0.013909	0.012119	-0.001243	0.003518	0.007317	-0.090128	-0.006264	-0.093894	-0.075054	0.171344	0.050351	0.006298	0.050326	0.004043	-0.479517	0.003844	0.002337	-0.043197	-0.053000	0.051784	0.005946	-0.005869	-0.069482	-0.045857	-0.040065	-0.002308	0.012464	0.017918	-0.072832	0.079715	-0.010066	-0.003694	-0.038172	-0.149450	0.023273	-0.000000	-0.000000	0.000000	0.000000	-0.000000	-0.000000	-0.000000	-0.000000	-0.013909	0.012119	-0.001243	0.003518	0.007317	-0.089311	-0.006095	-0.103271	-0.084312	0.182920	0.050592	0.006413	0.039732	-0.015781	-0.478695	0.007713	0.000815	-0.035028	-0.083817	0.116847	-0.000452	0.003135	-0.090001	-0.159176	0.029494	0.002363	0.027894	0.031937	-0.086747	0.121029	-0.015340	0.009486	-0.038622	-0.201239	0.080670	-0.000000	-0.000000	0.000000	0.000000	-0.000000	-0.000000	-0.000000	-0.000000	-0.013909	0.012119	-0.001243	0.003518	0.007317	-0.086967	-0.004405	-0.106624	-0.101576	0.203192	0.050785	0.008124	0.027217	-0.040877	-0.465638	0.014730	0.010899	-0.010133	-0.068403	0.179885	0.002049	0.007642	-0.112642	-0.226342	0.123342	0.006501	0.035155	0.031642	-0.081434	0.139062	-0.018338	0.017787	-0.033361	-0.208445	0.108495	-0.000000	-0.000000	0.000000	0.000000	-0.000000	-0.000000	
1.678160	1.442429	0.284041	-0.458237	-0.105213	0.134973	-1.264774	0.174555	0.353837	0.723499	2.621831	0.424496	-0.000000	-0.000000	-0.013909	0.012119	-0.001243	0.003518	0.007317	-0.089311	-0.006095	-0.103271	-0.084312	0.182920	0.050592	0.006413	0.039732	-0.015781	-0.478695	0.007713	0.000815	-0.035028	-0.083817	0.116847	-0.000452	0.003135	-0.090001	-0.159176	0.029494	0.002363	0.027894	0.031937	-0.086747	0.121029	-0.015340	0.009486	-0.038622	-0.201239	0.080670	-0.000000	-0.000000	0.000000	0.000000	-0.000000	-0.000000	-0.000000	-0.000000	-0.013909	0.012119	-0.001243	0.003518	0.007317	-0.086967	-0.004405	-0.106624	-0.101576	0.203192	0.050785	0.008124	0.027217	-0.040877	-0.465638	0.014730	0.010899	-0.010133	-0.068403	0.179885	0.002049	0.007642	-0.112642	-0.226342	0.123342	0.006501	0.035155	0.031642	-0.081434	0.139062	-0.018338	0.017787	-0.033361	-0.208445	0.108495	-0.000000	-0.000000	0.000000	0.000000	-0.000000	-0.000000	-0.000000	-0.000000	-0.013909	0.012119	-0.001243	0.003518	0.007317	-0.085117	-0.001127	-0.108846	-0.112954	0.227093	0.052399	0.010461	0.014512	-0.071778	-0.447130	0.004614	0.021795	-0.017415	-0.098967	0.177465	0.024981	0.013327	-0.097458	-0.266560	0.163435	0.010194	0.032710	0.030765	-0.073304	0.122310	-0.019533	0.022400	-0.018073	-0.170789	0.108388	-0.000000	-0.000000	0.000000	0.000000	-0.000000	-0.000000	
1.683926	1.494171	0.151877	-0.389740	0.037079	0.236746	-1.125661	0.311160	0.296324	1.014399	3.337697	-0.122291	-0.000000	-0.000000	-0.013909	0.012119	-0.001243	0.003518	0.007317	-0.086967	-0.004405	-0.106624	-0.101576	0.203192	0.050785	0.008124	0.027217	-0.040877	-0.465638	0.014730	0.010899	-0.010133	-0.068403	0.179885	0.002049	0.007642	-0.112642	-0.226342	0.123342	0.006501	0.035155	0.031642	-0.081434	0.139062	-0.018338	0.017787	-0.033361	-0.208445	0.108495	-0.000000	-0.000000	0.000000	0.000000	-0.000000	-0.000000	-0.000000	-0.000000	-0.013909	0.012119	-0.001243	0.003518	0.007317	-0.085117	-0.001127	-0.108846	-0.112954	0.227093	0.052399	0.010461	0.014512	-0.071778	-0.447130	0.004614	0.021795	-0.017415	-0.098967	0.177465	0.024981	0.013327	-0.097458	-0.266560	0.163435	0.010194	0.032710	0.030765	-0.073304	0.122310	-0.019533	0.022400	-0.018073	-0.170789	0.108388	-0.000000	-0.000000	0.000000	0.000000	-0.000000	-0.000000	-0.000000	-0.000000	-0.013909	0.012119	-0.001243	0.003518	0.007317	-0.082105	0.002324	-0.110841	-0.124825	0.264613	0.055412	0.013602	-0.001334	-0.100859	-0.426683	0.019654	0.019977	0.000003	-0.104117	0.150004	0.017155	0.025062	-0.055111	-0.206721	0.159418	0.011435	0.022399	0.031185	-0.059411	0.065856	-0.019933	0.024556	0.008604	-0.102457	0.094296	-0.000000	-0.000000	0.000000	0.000000	-0.000000	-0.000000	
1.713085	1.548836	-0.053502	-0.240937	0.260125	0.677996	-0.677540	0.367751	0.005876	1.010616	2.640575	-0.692826	-0.000000	-0.000000	-0.013909	0.012119	-0.001243	0.003518	0.007317	-0.085117	-0.001127	-0.108846	-0.112954	0.227093	0.052399	0.010461	0.014512	-0.071778	-0.447130	0.004614	0.021795	-0.017415	-0.098967	0.177465	0.024981	0.013327	-0.097458	-0.266560	0.163435	0.010194	0.032710	0.030765	-0.073304	0.122310	-0.019533	0.022400	-0.018073	-0.170789	0.108388	-0.000000	-0.000000	0.000000	0.000000	-0.000000	-0.000000	-0.000000	-0.000000	-0.013909	0.012119	-0.001243	0.003518	0.007317	-0.082105	0.002324	-0.110841	-0.124825	0.264613	0.055412	0.013602	-0.001334	-0.100859	-0.426683	0.019654	0.019977	0.000003	-0.104117	0.150004	0.017155	0.025062	-0.055111	-0.206721	0.159418	0.011435	0.022399	0.031185	-0.059411	0.065856	-0.019933	0.024556	0.008604	-0.102457	0.094296	-0.000000	-0.000000	0.000000	0.000000	-0.000000	-0.000000	-0.000000	-0.000000	-0.013909	0.012119	-0.001243	0.003518	0.007317	-0.077843	0.004880	-0.108381	-0.135851	0.280526	0.056669	0.015741	-0.005157	-0.132847	-0.407762	0.023950	0.014560	0.035944	-0.082298	0.075022	0.010091	0.023095	-0.001673	-0.080694	0.142267	0.009453	0.013992	0.029281	-0.044832	0.033045	-0.016519	0.026865	0.027654	-0.020367	0.073540	-0.000000	-0.000000	0.000000	0.000000	-0.000000	-0.000000	
1.721363	1.616781	-0.231743	-0.094471	0.398449	1.298513	-0.691085	0.437363	-0.545944	0.492955	2.083576	-1.412117	-0.000000	-0.000000	-0.013909	0.012119	-0.001243	0.003518	0.007317	-0.082105	0.002324	-0.110841	-0.124825	0.264613	0.055412	0.013602	-0.001334	-0.100859	-0.426683	0.019654	0.019977	0.000003	-0.104117	0.150004	0.017155	0.025062	-0.055111	-0.206721	0.159418	0.011435	0.022399	0.031185	-0.059411	0.065856	-0.019933	0.024556	0.008604	-0.102457	0.094296	-0.000000	-0.000000	0.000000	0.000000	-0.000000	-0.000000	-0.000000	-0.000000	-0.013909	0.012119	-0.001243	0.003518	0.007317	-0.077843	0.004880	-0.108381	-0.135851	0.280526	0.056669	0.015741	-0.005157	-0.132847	-0.407762	0.023950	0.014560	0.035944	-0.082298	0.075022	0.010091	0.023095	-0.001673	-0.080694	0.142267	0.009453	0.013992	0.029281	-0.044832	0.033045	-0.016519	0.026865	0.027654	-0.020367	0.073540	-0.000000	-0.000000	0.000000	0.000000	-0.000000	-0.000000	-0.000000	-0.000000	-0.013909	0.012119	-0.001243	0.003518	0.007317	-0.071127	0.006272	-0.103720	-0.148234	0.288435	0.056872	0.019247	-0.002408	-0.140239	-0.382968	0.008676	0.004015	0.040933	-0.011370	0.024950	-0.007017	0.023596	0.039266	-0.000392	0.089254	0.001935	0.008990	0.028519	-0.022288	0.014983	-0.011211	0.023448	0.040050	0.026596	0.038363	-0.000000	-0.000000	0.000000	0.000000	-0.000000	-0.000000	
1.659351	1.670906	-0.334809	-0.138433	0.073556	2.153076	-1.656366	0.529493	-0.764534	-0.117994	2.313192	-1.998186	-0.000000	-0.000000	-0.013909	0.012119	-0.001243	0.003518	0.007317	-0.077843	0.004880	-0.108381	-0.135851	0.280526	0.056669	0.015741	-0.005157	-0.132847	-0.407762	0.023950	0.014560	0.035944	-0.082298	0.075022	0.010091	0.023095	-0.001673	-0.080694	0.142267	0.009453	0.013992	0.029281	-0.044832	0.033045	-0.016519	0.026865	0.027654	-0.020367	0.073540	-0.000000	-0.000000	0.000000	0.000000	-0.000000	-0.000000	-0.000000	-0.000000	-0.013909	0.012119	-0.001243	0.003518	0.007317	-0.071127	0.006272	-0.103720	-0.148234	0.288435	0.056872	0.019247	-0.002408	-0.140239	-0.382968	0.008676	0.004015	0.040933	-0.011370	0.024950	-0.007017	0.023596	0.039266	-0.000392	0.089254	0.001935	0.008990	0.028519	-0.022288	0.014983	-0.011211	0.023448	0.040050	0.026596	0.038363	-0.000000	-0.000000	0.000000	0.000000	-0.000000	-0.000000	-0.000000	-0.000000	-0.013909	0.012119	-0.001243	0.003518	0.007317	-0.070413	0.006865	-0.098644	-0.150348	0.287980	0.056718	0.022517	0.006575	-0.136046	-0.372144	-0.006461	0.002030	0.027823	-0.007069	0.000052	-0.004540	0.019343	0.090120	0.061727	0.046264	-0.002263	0.006976	0.029435	-0.000649	0.005046	-0.004481	0.011969	0.038480	0.053735	0.006305	-0.000000	-0.000000	0.000000	0.000000	-0.000000	-0.000000	
1.625440	1.682916	-0.387612	-0.187119	0.007931	2.174149	-2.457088	0.291595	-0.671510	-0.251559	1.918730	-1.578037	-0.000000	-0.000000	-0.013909	0.012119	-0.001243	0.003518	0.007317	-0.071127	0.006272	-0.103720	-0.148234	0.288435	0.056872	0.019247	-0.002408	-0.140239	-0.382968	0.008676	0.004015	0.040933	-0.011370	0.024950	-0.007017	0.023596	0.039266	-0.000392	0.089254	0.001935	0.008990	0.028519	-0.022288	0.014983	-0.011211	0.023448	0.040050	0.026596	0.038363	-0.000000	-0.000000	0.000000	0.000000	-0.000000	-0.000000	-0.000000	-0.000000	-0.013909	0.012119	-0.001243	0.003518	0.007317	-0.070413	0.006865	-0.098644	-0.150348	0.287980	0.056718	0.022517	0.006575	-0.136046	-0.372144	-0.006461	0.002030	0.027823	-0.007069	0.000052	-0.004540	0.019343	0.090120	0.061727	0.046264	-0.002263	0.006976	0.029435	-0.000649	0.005046	-0.004481	0.011969	0.038480	0.053735	0.006305	-0.000000	-0.000000	0.000000	0.000000	-0.000000	-0.000000	-0.000000	-0.000000	-0.013909	0.012119	-0.001243	0.003518	0.007317	-0.071216	0.006943	-0.095545	-0.148831	0.288108	0.056688	0.024730	0.025966	-0.125951	-0.369107	-0.009021	-0.002705	0.015345	0.012554	0.000005	-0.002897	0.012752	0.104977	0.080502	-0.000608	-0.006474	0.004825	0.027437	0.030077	-0.019886	0.003479	-0.001693	0.017322	0.078279	-0.026655	-0.000000	-0.000000	0.000000	0.000000	-0.000000	-0.000000	
1.617453	1.729625	-0.369443	-0.269620	-0.099654	2.100468	-2.820498	0.157400	-0.657270	-0.309242	1.451086	-0.957956	-0.000000	-0.000000	-0.013909	0.012119	-0.001243	0.003518	0.007317	-0.070413	0.006865	-0.098644	-0.150348	0.287980	0.056718	0.022517	0.006575	-0.136046	-0.372144	-0.006461	0.002030	0.027823	-0.007069	0.000052	-0.004540	0.019343	0.090120	0.061727	0.046264	-0.002263	0.006976	0.029435	-0.000649	0.005046	-0.004481	0.011969	0.038480	0.053735	0.006305	-0.000000	-0.000000	0.000000	0.000000	-0.000000	-0.000000	-0.000000	-0.000000	-0.013909	0.012119	-0.001243	0.003518	0.007317	-0.071216	0.006943	-0.095545	-0.148831	0.288108	0.056688	0.024730	0.025966	-0.125951	-0.369107	-0.009021	-0.002705	0.015345	0.012554	0.000005	-0.002897	0.012752	0.104977	0.080502	-0.000608	-0.006474	0.004825	0.027437	0.030077	-0.019886	0.003479	-0.001693	0.017322	0.078279	-0.026655	-0.000000	-0.000000	0.000000	0.000000	-0.000000	-0.000000	-0.000000	-0.000000	-0.013909	0.012119	-0.001243	0.003518	0.007317	-0.071909	0.006894	-0.093374	-0.144917	0.285686	0.056681	0.025536	0.039658	-0.105320	-0.371699	-0.007532	-0.001550	0.010259	0.030917	-0.029312	-0.002732	0.003020	0.108207	0.089010	-0.031816	-0.011597	0.002066	0.025385	0.058786	-0.054332	0.007861	-0.012575	-0.000145	0.086439	-0.047742	-0.000000	0.000000	0.000000	0.000000	-0.000000	-0.000000	
1.639262	1.781511	-0.324562	-0.443615	-0.151340	1.520847	-2.570401	0.047697	-0.617060	-0.151208	1.124825	-0.728575	-0.000000	-0.000000	-0.013909	0.012119	-0.001243	0.003518	0.007317	-0.071216	0.006943	-0.095545	-0.148831	0.288108	0.056688	0.024730	0.025966	-0.125951	-0.369107	-0.009021	-0.002705	0.015345	0.012554	0.000005	-0.002897	0.012752	0.104977	0.080502	-0.000608	-0.006474	0.004825	0.027437	0.030077	-0.019886	0.003479	-0.001693	0.017322	0.078279	-0.026655	-0.000000	-0.000000	0.000000	0.000000	-0.000000	-0.000000	-0.000000	-0.000000	-0.013909	0.012119	-0.001243	0.003518	0.007317	-0.071909	0.006894	-0.093374	-0.144917	0.285686	0.056681	0.025536	0.039658	-0.105320	-0.371699	-0.007532	-0.001550	0.010259	0.030917	-0.029312	-0.002732	0.003020	0.108207	0.089010	-0.031816	-0.011597	0.002066	0.025385	0.058786	-0.054332	0.007861	-0.012575	-0.000145	0.086439	-0.047742	-0.000000	0.000000	0.000000	0.000000	-0.000000	-0.000000	-0.000000	-0.000000	-0.013909	0.012119	-0.001243	0.003518	0.007317	-0.074375	0.006529	-0.091244	-0.136598	0.278101	0.055687	0.025358	0.051581	-0.090846	-0.379681	-0.016108	-0.003994	0.015682	0.055087	-0.087380	-0.006206	-0.002606	0.086895	0.101027	-0.055526	-0.014678	-0.001617	0.021759	0.081999	-0.089089	0.011218	-0.022264	-0.016710	0.093749	-0.054140	0.000000	0.000000	0.000000	0.000000	-0.000000	-0.000000	
1.671195	1.796275	-0.177933	-0.561615	-0.131268	0.788042	-1.959795	0.030099	-0.626327	-0.016983	0.895395	-1.161831	-0.000000	-0.000000	-0.013909	0.012119	-0.001243	0.003518	0.007317	-0.071909	0.006894	-0.093374	-0.144917	0.285686	0.056681	0.025536	0.039658	-0.105320	-0.371699	-0.007532	-0.001550	0.010259	0.030917	-0.029312	-0.002732	0.003020	0.108207	0.089010	-0.031816	-0.011597	0.002066	0.025385	0.058786	-0.054332	0.007861	-0.012575	-0.000145	0.086439	-0.047742	-0.000000	0.000000	0.000000	0.000000	-0.000000	-0.000000	-0.000000	-0.000000	-0.013909	0.012119	-0.001243	0.003518	0.007317	-0.074375	0.006529	-0.091244	-0.136598	0.278101	0.055687	0.025358	0.051581	-0.090846	-0.379681	-0.016108	-0.003994	0.015682	0.055087	-0.087380	-0.006206	-0.002606	0.086895	0.101027	-0.055526	-0.014678	-0.001617	0.021759	0.081999	-0.089089	0.011218	-0.022264	-0.016710	0.093749	-0.054140	0.000000	0.000000	0.000000	0.000000	-0.000000	-0.000000	-0.000000	-0.000000	-0.013909	0.012119	-0.001243	0.003518	0.007317	-0.077533	0.005778	-0.088176	-0.125992	0.263813	0.054640	0.024240	0.060557	-0.076029	-0.388257	-0.022200	-0.002958	0.028438	0.094145	-0.130875	-0.008996	-0.008519	0.056497	0.119677	-0.075345	-0.016382	-0.007512	0.016424	0.094180	-0.113313	0.012980	-0.030392	-0.027952	0.095784	-0.056481	0.000000	0.000000	0.000000	0.000000	-0.000000	-0.000000	
1.647203	1.798912	-0.087980	-0.476858	-0.192659	-0.345753	-0.318233	-0.105571	-0.421082	-0.023771	0.430221	-1.494577	-0.000000	-0.000000	-0.013909	0.012119	-0.001243	0.003518	0.007317	-0.074375	0.006529	-0.091244	-0.136598	0.278101	0.055687	0.025358	0.051581	-0.090846	-0.379681	-0.016108	-0.003994	0.015682	0.055087	-0.087380	-0.006206	-0.002606	0.086895	0.101027	-0.055526	-0.014678	-0.001617	0.021759	0.081999	-0.089089	0.011218	-0.022264	-0.016710	0.093749	-0.054140	0.000000	0.000000	0.000000	0.000000	-0.000000	-0.000000	-0.000000	-0.000000	-0.013909	0.012119	-0.001243	0.003518	0.007317	-0.077533	0.005778	-0.088176	-0.125992	0.263813	0.054640	0.024240	0.060557	-0.076029	-0.388257	-0.022200	-0.002958	0.028438	0.094145	-0.130875	-0.008996	-0.008519	0.056497	0.119677	-0.075345	-0.016382	-0.007512	0.016424	0.094180	-0.113313	0.012980	-0.030392	-0.027952	0.095784	-0.056481	0.000000	0.000000	0.000000	0.000000	-0.000000	-0.000000	-0.000000	-0.000000	-0.013909	0.012119	-0.001243	0.003518	0.007317	-0.081218	0.004610	-0.084412	-0.112796	0.235389	0.053073	0.021560	0.071149	-0.061506	-0.397775	-0.029788	-0.007042	0.031459	0.109567	-0.156860	-0.020093	-0.024232	0.026239	0.106886	-0.080817	-0.015366	-0.014768	0.010691	0.092804	-0.114286	0.014998	-0.037107	-0.038799	0.094692	-0.064390	0.000000	0.000000	0.000000	0.000000	-0.000000	-0.000000	
1.642428	1.834556	-0.022987	-0.321107	-0.145150	-1.114435	0.865411	-0.246807	-0.172568	0.003829	-0.263994	-1.570780	-0.000000	-0.000000	-0.013909	0.012119	-0.001243	0.003518	0.007317	-0.077533	0.005778	-0.088176	-0.125992	0.263813	0.054640	0.024240	0.060557	-0.076029	-0.388257	-0.022200	-0.002958	0.028438	0.094145	-0.130875	-0.008996	-0.008519	0.056497	0.119677	-0.075345	-0.016382	-0.007512	0.016424	0.094180	-0.113313	0.012980	-0.030392	-0.027952	0.095784	-0.056481	0.000000	0.000000	0.000000	0.000000	-0.000000	-0.000000	-0.000000	-0.000000	-0.013909	0.012119	-0.001243	0.003518	0.007317	-0.081218	0.004610	-0.084412	-0.112796	0.235389	0.053073	0.021560	0.071149	-0.061506	-0.397775	-0.029788	-0.007042	0.031459	0.109567	-0.156860	-0.020093	-0.024232	0.026239	0.106886	-0.080817	-0.015366	-0.014768	0.010691	0.092804	-0.114286	0.014998	-0.037107	-0.038799	0.094692	-0.064390	0.000000	0.000000	0.000000	0.000000	-0.000000	-0.000000	-0.000000	-0.000000	-0.013909	0.012119	-0.001243	0.003518	0.007317	-0.085494	0.002591	-0.080049	-0.098840	0.212934	0.051403	0.019498	0.073849	-0.038851	-0.407942	-0.031594	-0.014081	0.006984	0.113203	-0.177256	-0.020155	-0.024292	-0.003309	0.103862	-0.087994	-0.012410	-0.019897	0.003439	0.073665	-0.096602	0.015086	-0.041357	-0.041855	0.078486	-0.076626	0.000000	0.000000	0.000000	0.000000	-0.000000	-0.000000	
1.664661	1.855870	0.021710	0.039141	-0.137307	-1.627019	1.734682	-0.320576	0.138841	0.003482	-1.097920	-1.323409	-0.000000	-0.000000	-0.013909	0.012119	-0.001243	0.003518	0.007317	-0.081218	0.004610	-0.084412	-0.112796	0.235389	0.053073	0.021560	0.071149	-0.061506	-0.397775	-0.029788	-0.007042	0.031459	0.109567	-0.156860	-0.020093	-0.024232	0.026239	0.106886	-0.080817	-0.015366	-0.014768	0.010691	0.092804	-0.114286	0.014998	-0.037107	-0.038799	0.094692	-0.064390	0.000000	0.000000	0.000000	0.000000	-0.000000	-0.000000	-0.000000	-0.000000	-0.013909	0.012119	-0.001243	0.003518	0.007317	-0.085494	0.002591	-0.080049	-0.098840	0.212934	0.051403	0.019498	0.073849	-0.038851	-0.407942	-0.031594	-0.014081	0.006984	0.113203	-0.177256	-0.020155	-0.024292	-0.003309	0.103862	-0.087994	-0.012410	-0.019897	0.003439	0.073665	-0.096602	0.015086	-0.041357	-0.041855	0.078486	-0.076626	0.000000	0.000000	0.000000	0.000000	-0.000000	-0.000000	-0.000000	-0.000000	-0.013909	0.012119	-0.001243	0.003518	0.007317	-0.088893	0.000079	-0.079612	-0.079206	0.193491	0.050123	0.015499	0.073832	-0.023948	-0.426891	-0.028634	-0.013971	-0.005234	0.075181	-0.146144	-0.006552	-0.027555	-0.012545	0.105653	-0.099879	-0.009355	-0.022204	0.000824	0.037306	-0.064171	0.012661	-0.039948	-0.041780	0.059621	-0.081252	0.000000	0.000000	0.000000	0.000000	-0.000000	-0.000000	
1.740291	1.837430	0.111509	0.386349	0.009137	-1.954399	2.182179	-0.446041	0.386221	-0.323713	-2.861076	-0.202973	-0.000000	-0.000000	-0.013909	0.012119	-0.001243	0.003518	0.007317	-0.085494	0.002591	-0.080049	-0.098840	0.212934	0.051403	0.019498	0.073849	-0.038851	-0.407942	-0.031594	-0.014081	0.006984	0.113203	-0.177256	-0.020155	-0.024292	-0.003309	0.103862	-0.087994	-0.012410	-0.019897	0.003439	0.073665	-0.096602	0.015086	-0.041357	-0.041855	0.078486	-0.076626	0.000000	0.000000	0.000000	0.000000	-0.000000	-0.000000	-0.000000	-0.000000	-0.013909	0.012119	-0.001243	0.003518	0.007317	-0.088893	0.000079	-0.079612	-0.079206	0.193491	0.050123	0.015499	0.073832	-0.023948	-0.426891	-0.028634	-0.013971	-0.005234	0.075181	-0.146144	-0.006552	-0.027555	-0.012545	0.105653	-0.099879	-0.009355	-0.022204	0.000824	0.037306	-0.064171	0.012661	-0.039948	-0.041780	0.059621	-0.081252	0.000000	0.000000	0.000000	0.000000	-0.000000	-0.000000	-0.000000	-0.000000	-0.013909	0.012119	-0.001243	0.003518	0.007317	-0.090954	-0.002459	-0.081052	-0.070796	0.179546	0.049795	0.010716	0.072035	-0.011419	-0.442143	0.000975	-0.014890	-0.017623	0.041019	-0.093131	-0.000655	-0.030324	-0.031265	0.100947	-0.128984	-0.006968	-0.019079	0.000203	0.004475	-0.024188	0.008178	-0.033081	-0.039931	0.030613	-0.085864	0.000000	0.000000	0.000000	0.000000	-0.000000	-0.000000	
1.834146	1.781889	0.194215	0.761868	0.168917	-2.003753	2.517332	-0.455942	0.601424	-0.553673	-4.688381	2.052187	-0.000000	-0.000000	-0.013909	0.012119	-0.001243	0.003518	0.007317	-0.088893	0.000079	-0.079612	-0.079206	0.193491	0.050123	0.015499	0.073832	-0.023948	-0.426891	-0.028634	-0.013971	-0.005234	0.075181	-0.146144	-0.006552	-0.027555	-0.012545	0.105653	-0.099879	-0.009355	-0.022204	0.000824	0.037306	-0.064171	0.012661	-0.039948	-0.041780	0.059621	-0.081252	0.000000	0.000000	0.000000	0.000000	-0.000000	-0.000000	-0.000000	-0.000000	-0.013909	0.012119	-0.001243	0.003518	0.007317	-0.090954	-0.002459	-0.081052	-0.070796	0.179546	0.049795	0.010716	0.072035	-0.011419	-0.442143	0.000975	-0.014890	-0.017623	0.041019	-0.093131	-0.000655	-0.030324	-0.031265	0.100947	-0.128984	-0.006968	-0.019079	0.000203	0.004475	-0.024188	0.008178	-0.033081	-0.039931	0.030613	-0.085864	0.000000	0.000000	0.000000	0.000000	-0.000000	-0.000000	-0.000000	-0.000000	-0.013909	0.012119	-0.001243	0.003518	0.007317	-0.091027	-0.004623	-0.084587	-0.068436	0.166360	0.050238	0.006973	0.064818	-0.002249	-0.458255	0.002540	-0.011958	-0.039101	0.002008	-0.019433	0.004471	-0.020364	-0.043955	0.059647	-0.129801	-0.005223	-0.011122	0.003875	-0.027190	0.021717	0.001047	-0.023547	-0.037567	-0.021456	-0.072795	0.000000	0.000000	0.000000	0.000000	-0.000000	-0.000000	
1.850317	1.686516	0.277896	1.009326	0.315448	-1.998058	3.098845	-0.434991	0.854459	-0.760545	-5.578641	3.954259	-0.000000	-0.000000	-0.013909	0.012119	-0.001243	0.003518	0.007317	-0.090954	-0.002459	-0.081052	-0.070796	0.179546	0.049795	0.010716	0.072035	-0.011419	-0.442143	0.000975	-0.014890	-0.017623	0.041019	-0.093131	-0.000655	-0.030324	-0.031265	0.100947	-0.128984	-0.006968	-0.019079	0.000203	0.004475	-0.024188	0.008178	-0.033081	-0.039931	0.030613	-0.085864	0.000000	0.000000	0.000000	0.000000	-0.000000	-0.000000	-0.000000	-0.000000	-0.013909	0.012119	-0.001243	0.003518	0.007317	-0.091027	-0.004623	-0.084587	-0.068436	0.166360	0.050238	0.006973	0.064818	-0.002249	-0.458255	0.002540	-0.011958	-0.039101	0.002008	-0.019433	0.004471	-0.020364	-0.043955	0.059647	-0.129801	-0.005223	-0.011122	0.003875	-0.027190	0.021717	0.001047	-0.023547	-0.037567	-0.021456	-0.072795	0.000000	0.000000	0.000000	0.000000	-0.000000	-0.000000	-0.000000	-0.000000	-0.010845	0.010619	-0.016663	-0.007707	-0.015572	-0.090703	-0.005750	-0.093509	-0.070048	0.166292	0.050569	0.004609	0.057801	0.005183	-0.472407	0.004791	-0.012363	-0.053812	-0.022133	0.029812	-0.005485	-0.011691	-0.065115	-0.004155	-0.112784	-0.002637	0.001424	0.015329	-0.055610	0.059515	-0.006118	-0.012169	-0.038849	-0.099157	-0.027885	0.000000	0.000000	0.000000	0.000000	-0.000000	-0.000000	
1.808241	1.563093	0.383194	0.901192	0.083445	-1.215142	3.160591	-0.288983	0.868545	-0.830430	-3.928079	3.708559	-0.000000	-0.000000	-0.013909	0.012119	-0.001243	0.003518	0.007317	-0.091027	-0.004623	-0.084587	-0.068436	0.166360	0.050238	0.006973	0.064818	-0.002249	-0.458255	0.002540	-0.011958	-0.039101	0.002008	-0.019433	0.004471	-0.020364	-0.043955	0.059647	-0.129801	-0.005223	-0.011122	0.003875	-0.027190	0.021717	0.001047	-0.023547	-0.037567	-0.021456	-0.072795	0.000000	0.000000	0.000000	0.000000	-0.000000	-0.000000	-0.000000	-0.000000	-0.010845	0.010619	-0.016663	-0.007707	-0.015572	-0.090703	-0.005750	-0.093509	-0.070048	0.166292	0.050569	0.004609	0.057801	0.005183	-0.472407	0.004791	-0.012363	-0.053812	-0.022133	0.029812	-0.005485	-0.011691	-0.065115	-0.004155	-0.112784	-0.002637	0.001424	0.015329	-0.055610	0.059515	-0.006118	-0.012169	-0.038849	-0.099157	-0.027885	0.000000	0.000000	0.000000	0.000000	-0.000000	-0.000000	-0.000000	-0.000000	-0.010233	0.010318	-0.018205	-0.008829	-0.017861	-0.089596	-0.006315	-0.099123	-0.078198	0.174130	0.050853	0.003692	0.049079	-0.000019	-0.486894	0.007807	-0.003446	-0.038882	-0.064329	0.086383	0.007478	-0.003961	-0.079794	-0.081724	-0.021398	0.000416	0.017096	0.025664	-0.077366	0.098058	-0.012913	0.001537	-0.041510	-0.177451	0.045785	0.000000	0.000000	0.000000	0.000000	-0.000000	-0.000000	
1.758411	1.439014	0.438209	0.479113	-0.365961	-0.566226	1.717238	-0.097531	0.604351	-0.374270	-1.095318	2.234648	-0.000000	-0.000000	-0.010845	0.010619	-0.016663	-0.007707	-0.015572	-0.090703	-0.005750	-0.093509	-0.070048	0.166292	0.050569	0.004609	0.057801	0.005183	-0.472407	0.004791	-0.012363	-0.053812	-0.022133	0.029812	-0.005485	-0.011691	-0.065115	-0.004155	-0.112784	-0.002637	0.001424	0.015329	-0.055610	0.059515	-0.006118	-0.012169	-0.038849	-0.099157	-0.027885	0.000000	0.000000	0.000000	0.000000	-0.000000	-0.000000	-0.000000	-0.000000	-0.010233	0.010318	-0.018205	-0.008829	-0.017861	-0.089596	-0.006315	-0.099123	-0.078198	0.174130	0.050853	0.003692	0.049079	-0.000019	-0.486894	0.007807	-0.003446	-0.038882	-0.064329	0.086383	0.007478	-0.003961	-0.079794	-0.081724	-0.021398	0.000416	0.017096	0.025664	-0.077366	0.098058	-0.012913	0.001537	-0.041510	-0.177451	0.045785	0.000000	0.000000	0.000000	0.000000	-0.000000	-0.000000	-0.000000	-0.000000	-0.010110	0.010258	-0.018359	-0.008942	-0.018090	-0.087387	-0.005750	-0.103492	-0.088358	0.189802	0.051225	0.004340	0.038441	-0.019259	-0.484411	0.016135	0.005704	-0.028665	-0.097861	0.147875	0.004586	0.003326	-0.102897	-0.206733	0.069398	0.003968	0.030078	0.031288	-0.085474	0.129903	-0.017629	0.013946	-0.043356	-0.217266	0.099057	0.000000	0.000000	-0.000000	-0.000000	-0.000000	-0.000000	
1.690299	1.385370	0.323181	-0.148782	-0.189779	-0.115160	-0.314697	0.086112	0.373116	0.350572	1.371974	0.949781	-0.000000	-0.000000	-0.010233	0.010318	-0.018205	-0.008829	-0.017861	-0.089596	-0.006315	-0.099123	-0.078198	0.174130	0.050853	0.003692	0.049079	-0.000019	-0.486894	0.007807	-0.003446	-0.038882	-0.064329	0.086383	0.007478	-0.003961	-0.079794	-0.081724	-0.021398	0.000416	0.017096	0.025664	-0.077366	0.098058	-0.012913	0.001537	-0.041510	-0.177451	0.045785	0.000000	0.000000	0.000000	0.000000	-0.000000	-0.000000	-0.000000	-0.000000	-0.010110	0.010258	-0.018359	-0.008942	-0.018090	-0.087387	-0.005750	-0.103492	-0.088358	0.189802	0.051225	0.004340	0.038441	-0.019259	-0.484411	0.016135	0.005704	-0.028665	-0.097861	0.147875	0.004586	0.003326	-0.102897	-0.206733	0.069398	0.003968	0.030078	0.031288	-0.085474	0.129903	-0.017629	0.013946	-0.043356	-0.217266	0.099057	0.000000	0.000000	-0.000000	-0.000000	-0.000000	-0.000000	-0.000000	-0.000000	-0.010085	0.010246	-0.018375	-0.008953	-0.018113	-0.085055	-0.003657	-0.106451	-0.099744	0.221580	0.051324	0.007071	0.016345	-0.048116	-0.470126	0.005452	0.014645	-0.022757	-0.087605	0.173217	-0.000239	0.022550	-0.106255	-0.266343	0.149317	0.008201	0.035164	0.028763	-0.082571	0.123852	-0.019189	0.020270	-0.026868	-0.204819	0.118251	0.000000	0.000000	-0.000000	-0.000000	-0.000000	-0.000000	
1.652077	1.433239	0.252844	-0.476813	0.019459	0.087548	-1.138873	0.138119	0.274782	1.047148	2.917924	0.139915	-0.000000	-0.000000	-0.010110	0.010258	-0.018359	-0.008942	-0.018090	-0.087387	-0.005750	-0.103492	-0.088358	0.189802	0.051225	0.004340	0.038441	-0.019259	-0.484411	0.016135	0.005704	-0.028665	-0.097861	0.147875	0.004586	0.003326	-0.102897	-0.206733	0.069398	0.003968	0.030078	0.031288	-0.085474	0.129903	-0.017629	0.013946	-0.043356	-0.217266	0.099057	0.000000	0.000000	-0.000000	-0.000000	-0.000000	-0.000000	-0.000000	-0.000000	-0.010085	0.010246	-0.018375	-0.008953	-0.018113	-0.085055	-0.003657	-0.106451	-0.099744	0.221580	0.051324	0.007071	0.016345	-0.048116	-0.470126	0.005452	0.014645	-0.022757	-0.087605	0.173217	-0.000239	0.022550	-0.106255	-0.266343	0.149317	0.008201	0.035164	0.028763	-0.082571	0.123852	-0.019189	0.020270	-0.026868	-0.204819	0.118251	0.000000	0.000000	-0.000000	-0.000000	-0.000000	-0.000000	-0.000000	-0.000000	-0.010081	0.010244	-0.018376	-0.008954	-0.018115	-0.082868	-0.000129	-0.109514	-0.110818	0.245336	0.052458	0.008991	0.003201	-0.100901	-0.449166	0.007176	0.021821	-0.021120	-0.077506	0.187965	0.026497	0.018191	-0.084257	-0.209491	0.188366	0.010865	0.029403	0.028979	-0.073225	0.095373	-0.019031	0.023951	-0.008463	-0.131442	0.111547	0.000000	0.000000	-0.000000	-0.000000	-0.000000	-0.000000	
1.684054	1.519894	0.085994	-0.393163	0.030967	0.564165	-0.846238	0.310502	0.209236	0.939416	3.232016	-0.224930	-0.000000	-0.000000	-0.010085	0.010246	-0.018375	-0.008953	-0.018113	-0.085055	-0.003657	-0.106451	-0.099744	0.221580	0.051324	0.007071	0.016345	-0.048116	-0.470126	0.005452	0.014645	-0.022757	-0.087605	0.173217	-0.000239	0.022550	-0.106255	-0.266343	0.149317	0.008201	0.035164	0.028763	-0.082571	0.123852	-0.019189	0.020270	-0.026868	-0.204819	0.118251	0.000000	0.000000	-0.000000	-0.000000	-0.000000	-0.000000	-0.000000	-0.000000	-0.010081	0.010244	-0.018376	-0.008954	-0.018115	-0.082868	-0.000129	-0.109514	-0.110818	0.245336	0.052458	0.008991	0.003201	-0.100901	-0.449166	0.007176	0.021821	-0.021120	-0.077506	0.187965	0.026497	0.018191	-0.084257	-0.209491	0.188366	0.010865	0.029403	0.028979	-0.073225	0.095373	-0.019031	0.023951	-0.008463	-0.131442	0.111547	0.000000	0.000000	-0.000000	-0.000000	-0.000000	-0.000000	-0.000000	-0.000000	-0.010080	0.010243	-0.018376	-0.008954	-0.018116	-0.079232	0.003024	-0.110127	-0.131402	0.264990	0.055908	0.011782	-0.005122	-0.126579	-0.415482	0.022004	0.018932	0.005216	-0.089059	0.137444	0.019051	0.016708	-0.052046	-0.133664	0.144463	0.011023	0.019095	0.029883	-0.051327	0.058629	-0.020408	0.025283	0.015574	-0.061977	0.079962	0.000000	0.000000	-0.000000	-0.000000	-0.000000	-0.000000	
1.675923	1.545488	-0.191737	-0.210636	0.192751	0.896967	-0.666626	0.412155	-0.149395	0.522896	2.570219	-0.484391	-0.000000	-0.000000	-0.010081	0.010244	-0.018376	-0.008954	-0.018115	-0.082868	-0.000129	-0.109514	-0.110818	0.245336	0.052458	0.008991	0.003201	-0.100901	-0.449166	0.007176	0.021821	-0.021120	-0.077506	0.187965	0.026497	0.018191	-0.084257	-0.209491	0.188366	0.010865	0.029403	0.028979	-0.073225	0.095373	-0.019031	0.023951	-0.008463	-0.131442	0.111547	0.000000	0.000000	-0.000000	-0.000000	-0.000000	-0.000000	-0.000000	-0.000000	-0.010080	0.010243	-0.018376	-0.008954	-0.018116	-0.079232	0.003024	-0.110127	-0.131402	0.264990	0.055908	0.011782	-0.005122	-0.126579	-0.415482	0.022004	0.018932	0.005216	-0.089059	0.137444	0.019051	0.016708	-0.052046	-0.133664	0.144463	0.011023	0.019095	0.029883	-0.051327	0.058629	-0.020408	0.025283	0.015574	-0.061977	0.079962	0.000000	0.000000	-0.000000	-0.000000	-0.000000	-0.000000	-0.000000	-0.000000	-0.010079	0.010243	-0.018376	-0.008954	-0.018116	-0.073513	0.005238	-0.108262	-0.141916	0.277379	0.057301	0.014884	-0.006327	-0.138743	-0.396798	0.060477	0.011083	0.031230	-0.049735	0.048990	-0.010309	0.018654	0.009103	-0.064315	0.107271	0.006596	0.010971	0.028484	-0.032333	0.033520	-0.017134	0.025325	0.030899	-0.001233	0.057897	0.000000	0.000000	-0.000000	-0.000000	-0.000000	-0.000000	
1.690374	1.606667	-0.299977	-0.085007	0.121640	1.503372	-1.262046	0.438971	-0.474361	0.240181	2.320936	-1.233772	-0.000000	-0.000000	-0.010080	0.010243	-0.018376	-0.008954	-0.018116	-0.079232	0.003024	-0.110127	-0.131402	0.264990	0.055908	0.011782	-0.005122	-0.126579	-0.415482	0.022004	0.018932	0.005216	-0.089059	0.137444	0.019051	0.016708	-0.052046	-0.133664	0.144463	0.011023	0.019095	0.029883	-0.051327	0.058629	-0.020408	0.025283	0.015574	-0.061977	0.079962	0.000000	0.000000	-0.000000	-0.000000	-0.000000	-0.000000	-0.000000	-0.000000	-0.010079	0.010243	-0.018376	-0.008954	-0.018116	-0.073513	0.005238	-0.108262	-0.141916	0.277379	0.057301	0.014884	-0.006327	-0.138743	-0.396798	0.060477	0.011083	0.031230	-0.049735	0.048990	-0.010309	0.018654	0.009103	-0.064315	0.107271	0.006596	0.010971	0.028484	-0.032333	0.033520	-0.017134	0.025325	0.030899	-0.001233	0.057897	0.000000	0.000000	-0.000000	-0.000000	-0.000000	-0.000000	-0.000000	-0.000000	-0.010079	0.010243	-0.018376	-0.008954	-0.018116	-0.069437	0.006012	-0.103794	-0.148502	0.285794	0.056562	0.018405	0.001308	-0.140545	-0.383901	-0.004421	0.001108	0.035577	-0.041266	0.000362	-0.013245	0.022222	0.064422	0.011017	0.085056	-0.000366	0.007026	0.026917	-0.012244	0.015070	-0.010190	0.019556	0.031136	0.039262	0.037708	0.000000	0.000000	-0.000000	-0.000000	-0.000000	-0.000000	
1.643671	1.661769	-0.361965	-0.155509	0.031615	1.748598	-1.996782	0.380098	-0.670155	-0.024180	2.019634	-1.508957	-0.000000	-0.000000	-0.010079	0.010243	-0.018376	-0.008954	-0.018116	-0.073513	0.005238	-0.108262	-0.141916	0.277379	0.057301	0.014884	-0.006327	-0.138743	-0.396798	0.060477	0.011083	0.031230	-0.049735	0.048990	-0.010309	0.018654	0.009103	-0.064315	0.107271	0.006596	0.010971	0.028484	-0.032333	0.033520	-0.017134	0.025325	0.030899	-0.001233	0.057897	0.000000	0.000000	-0.000000	-0.000000	-0.000000	-0.000000	-0.000000	-0.000000	-0.010079	0.010243	-0.018376	-0.008954	-0.018116	-0.069437	0.006012	-0.103794	-0.148502	0.285794	0.056562	0.018405	0.001308	-0.140545	-0.383901	-0.004421	0.001108	0.035577	-0.041266	0.000362	-0.013245	0.022222	0.064422	0.011017	0.085056	-0.000366	0.007026	0.026917	-0.012244	0.015070	-0.010190	0.019556	0.031136	0.039262	0.037708	0.000000	0.000000	-0.000000	-0.000000	-0.000000	-0.000000	-0.000000	-0.000000	-0.010079	0.010243	-0.018376	-0.008954	-0.018116	-0.069179	0.006175	-0.097278	-0.148899	0.287889	0.055905	0.021524	0.011535	-0.130461	-0.375457	-0.002187	-0.002565	0.002860	-0.012502	0.001083	-0.009351	0.018856	0.093683	0.055889	0.052475	-0.005113	0.005591	0.022222	0.010649	-0.005910	-0.002965	0.009338	0.024503	0.063908	0.010802	0.000000	0.000000	-0.000000	-0.000000	-0.000000	-0.000000	
1.636677	1.701134	-0.377034	-0.130903	-0.052229	1.836128	-2.348300	0.270754	-0.597036	-0.193969	1.588545	-1.245853	-0.000000	-0.000000	-0.010079	0.010243	-0.018376	-0.008954	-0.018116	-0.069437	0.006012	-0.103794	-0.148502	0.285794	0.056562	0.018405	0.001308	-0.140545	-0.383901	-0.004421	0.001108	0.035577	-0.041266	0.000362	-0.013245	0.022222	0.064422	0.011017	0.085056	-0.000366	0.007026	0.026917	-0.012244	0.015070	-0.010190	0.019556	0.031136	0.039262	0.037708	0.000000	0.000000	-0.000000	-0.000000	-0.000000	-0.000000	-0.000000	-0.000000	-0.010079	0.010243	-0.018376	-0.008954	-0.018116	-0.069179	0.006175	-0.097278	-0.148899	0.287889	0.055905	0.021524	0.011535	-0.130461	-0.375457	-0.002187	-0.002565	0.002860	-0.012502	0.001083	-0.009351	0.018856	0.093683	0.055889	0.052475	-0.005113	0.005591	0.022222	0.010649	-0.005910	-0.002965	0.009338	0.024503	0.063908	0.010802	0.000000	0.000000	-0.000000	-0.000000	-0.000000	-0.000000	-0.000000	-0.000000	-0.010079	0.010243	-0.018376	-0.008954	-0.018116	-0.070557	0.006119	-0.095611	-0.147718	0.287144	0.055943	0.023675	0.022184	-0.119745	-0.368243	-0.006500	-0.001071	-0.000412	0.008172	-0.014199	0.002555	0.009795	0.073927	0.082361	0.002456	-0.009160	0.003317	0.021029	0.035678	-0.035096	0.002694	-0.002858	0.013492	0.083463	-0.019030	0.000000	0.000000	-0.000000	-0.000000	-0.000000	-0.000000	
1.643492	1.750589	-0.373543	-0.214139	-0.084599	1.357601	-2.218098	0.138759	-0.443517	-0.143556	1.165910	-0.939262	-0.000000	-0.000000	-0.010079	0.010243	-0.018376	-0.008954	-0.018116	-0.069179	0.006175	-0.097278	-0.148899	0.287889	0.055905	0.021524	0.011535	-0.130461	-0.375457	-0.002187	-0.002565	0.002860	-0.012502	0.001083	-0.009351	0.018856	0.093683	0.055889	0.052475	-0.005113	0.005591	0.022222	0.010649	-0.005910	-0.002965	0.009338	0.024503	0.063908	0.010802	0.000000	0.000000	-0.000000	-0.000000	-0.000000	-0.000000	-0.000000	-0.000000	-0.010079	0.010243	-0.018376	-0.008954	-0.018116	-0.070557	0.006119	-0.095611	-0.147718	0.287144	0.055943	0.023675	0.022184	-0.119745	-0.368243	-0.006500	-0.001071	-0.000412	0.008172	-0.014199	0.002555	0.009795	0.073927	0.082361	0.002456	-0.009160	0.003317	0.021029	0.035678	-0.035096	0.002694	-0.002858	0.013492	0.083463	-0.019030	0.000000	0.000000	-0.000000	-0.000000	-0.000000	-0.000000	-0.000000	-0.000000	-0.010079	0.010243	-0.018376	-0.008954	-0.018116	-0.073571	0.005801	-0.095108	-0.145204	0.281979	0.055515	0.024323	0.032843	-0.105921	-0.368909	-0.029963	-0.002666	0.005193	0.029781	-0.049228	-0.020333	0.000747	0.093238	0.119555	-0.039187	-0.011797	0.001673	0.019743	0.060681	-0.065125	0.007181	-0.012454	-0.000075	0.093447	-0.037036	0.000000	0.000000	-0.000000	-0.000000	-0.000000	-0.000000	
1.665867	1.788534	-0.307463	-0.441513	-0.073189	1.186903	-2.142144	0.060186	-0.638388	-0.025051	0.952888	-1.090245	-0.000000	-0.000000	-0.010079	0.010243	-0.018376	-0.008954	-0.018116	-0.070557	0.006119	-0.095611	-0.147718	0.287144	0.055943	0.023675	0.022184	-0.119745	-0.368243	-0.006500	-0.001071	-0.000412	0.008172	-0.014199	0.002555	0.009795	0.073927	0.082361	0.002456	-0.009160	0.003317	0.021029	0.035678	-0.035096	0.002694	-0.002858	0.013492	0.083463	-0.019030	0.000000	0.000000	-0.000000	-0.000000	-0.000000	-0.000000	-0.000000	-0.000000	-0.010079	0.010243	-0.018376	-0.008954	-0.018116	-0.073571	0.005801	-0.095108	-0.145204	0.281979	0.055515	0.024323	0.032843	-0.105921	-0.368909	-0.029963	-0.002666	0.005193	0.029781	-0.049228	-0.020333	0.000747	0.093238	0.119555	-0.039187	-0.011797	0.001673	0.019743	0.060681	-0.065125	0.007181	-0.012454	-0.000075	0.093447	-0.037036	0.000000	0.000000	-0.000000	-0.000000	-0.000000	-0.000000	-0.000000	-0.000000	-0.010079	0.010243	-0.018376	-0.008954	-0.018116	-0.077106	0.005422	-0.091276	-0.138933	0.268732	0.054169	0.023815	0.052836	-0.090191	-0.373428	-0.018351	-0.002244	0.025994	0.057067	-0.094257	-0.011804	-0.008300	0.070741	0.122577	-0.045445	-0.013856	-0.001155	0.014644	0.074741	-0.085094	0.010605	-0.018587	-0.022217	0.095177	-0.046582	0.000000	0.000000	-0.000000	-0.000000	-0.000000	-0.000000	
1.666349	1.801429	-0.223805	-0.433702	-0.159616	0.642386	-1.621786	0.092461	-0.528230	-0.115143	0.937542	-1.351138	-0.000000	-0.000000	-0.010079	0.010243	-0.018376	-0.008954	-0.018116	-0.073571	0.005801	-0.095108	-0.145204	0.281979	0.055515	0.024323	0.032843	-0.105921	-0.368909	-0.029963	-0.002666	0.005193	0.029781	-0.049228	-0.020333	0.000747	0.093238	0.119555	-0.039187	-0.011797	0.001673	0.019743	0.060681	-0.065125	0.007181	-0.012454	-0.000075	0.093447	-0.037036	0.000000	0.000000	-0.000000	-0.000000	-0.000000	-0.000000	-0.000000	-0.000000	-0.010079	0.010243	-0.018376	-0.008954	-0.018116	-0.077106	0.005422	-0.091276	-0.138933	0.268732	0.054169	0.023815	0.052836	-0.090191	-0.373428	-0.018351	-0.002244	0.025994	0.057067	-0.094257	-0.011804	-0.008300	0.070741	0.122577	-0.045445	-0.013856	-0.001155	0.014644	0.074741	-0.085094	0.010605	-0.018587	-0.022217	0.095177	-0.046582	0.000000	0.000000	-0.000000	-0.000000	-0.000000	-0.000000	-0.000000	-0.000000	-0.010079	0.010243	-0.018376	-0.008954	-0.018116	-0.079921	0.004748	-0.087819	-0.129561	0.253990	0.053391	0.022501	0.061729	-0.065840	-0.380075	-0.019981	-0.006157	0.024584	0.077244	-0.131563	-0.014092	-0.014091	0.038481	0.099150	-0.060379	-0.015653	-0.007105	0.010089	0.083175	-0.102488	0.012285	-0.026851	-0.031486	0.085122	-0.056291	-0.000000	-0.000000	-0.000000	-0.000000	-0.000000	-0.000000	
1.652820	1.807066	-0.093363	-0.407447	-0.116839	-0.317702	-0.471809	-0.075122	-0.336507	-0.041626	0.335971	-1.483551	-0.000000	-0.000000	-0.010079	0.010243	-0.018376	-0.008954	-0.018116	-0.077106	0.005422	-0.091276	-0.138933	0.268732	0.054169	0.023815	0.052836	-0.090191	-0.373428	-0.018351	-0.002244	0.025994	0.057067	-0.094257	-0.011804	-0.008300	0.070741	0.122577	-0.045445	-0.013856	-0.001155	0.014644	0.074741	-0.085094	0.010605	-0.018587	-0.022217	0.095177	-0.046582	0.000000	0.000000	-0.000000	-0.000000	-0.000000	-0.000000	-0.000000	-0.000000	-0.010079	0.010243	-0.018376	-0.008954	-0.018116	-0.079921	0.004748	-0.087819	-0.129561	0.253990	0.053391	0.022501	0.061729	-0.065840	-0.380075	-0.019981	-0.006157	0.024584	0.077244	-0.131563	-0.014092	-0.014091	0.038481	0.099150	-0.060379	-0.015653	-0.007105	0.010089	0.083175	-0.102488	0.012285	-0.026851	-0.031486	0.085122	-0.056291	-0.000000	-0.000000	-0.000000	-0.000000	-0.000000	-0.000000	-0.000000	-0.000000	-0.010079	0.010243	-0.018376	-0.008954	-0.018116	-0.084047	0.003556	-0.085819	-0.112250	0.235945	0.052581	0.020025	0.066004	-0.050889	-0.393134	-0.032009	-0.010736	0.010136	0.076819	-0.156929	-0.016764	-0.020137	0.019551	0.103786	-0.067804	-0.014882	-0.012413	0.005697	0.075492	-0.108750	0.014481	-0.032292	-0.037487	0.084222	-0.063483	-0.000000	-0.000000	-0.000000	-0.000000	-0.000000	-0.000000	
1.652882	1.822048	-0.037032	-0.234823	-0.073114	-1.137404	0.697048	-0.226095	-0.132307	0.091914	-0.595133	-1.325489	-0.000000	-0.000000	-0.010079	0.010243	-0.018376	-0.008954	-0.018116	-0.079921	0.004748	-0.087819	-0.129561	0.253990	0.053391	0.022501	0.061729	-0.065840	-0.380075	-0.019981	-0.006157	0.024584	0.077244	-0.131563	-0.014092	-0.014091	0.038481	0.099150	-0.060379	-0.015653	-0.007105	0.010089	0.083175	-0.102488	0.012285	-0.026851	-0.031486	0.085122	-0.056291	-0.000000	-0.000000	-0.000000	-0.000000	-0.000000	-0.000000	-0.000000	-0.000000	-0.010079	0.010243	-0.018376	-0.008954	-0.018116	-0.084047	0.003556	-0.085819	-0.112250	0.235945	0.052581	0.020025	0.066004	-0.050889	-0.393134	-0.032009	-0.010736	0.010136	0.076819	-0.156929	-0.016764	-0.020137	0.019551	0.103786	-0.067804	-0.014882	-0.012413	0.005697	0.075492	-0.108750	0.014481	-0.032292	-0.037487	0.084222	-0.063483	-0.000000	-0.000000	-0.000000	-0.000000	-0.000000	-0.000000	-0.000000	-0.000000	-0.010079	0.010243	-0.018376	-0.008954	-0.018116	-0.087853	0.001758	-0.085080	-0.100378	0.215929	0.050456	0.018238	0.067489	-0.037285	-0.404130	-0.028326	-0.012357	0.002060	0.088990	-0.170982	-0.013192	-0.020276	0.002653	0.105297	-0.095417	-0.012477	-0.016729	0.003204	0.058853	-0.095814	0.015479	-0.035554	-0.039596	0.075659	-0.074749	-0.000000	-0.000000	-0.000000	-0.000000	-0.000000	-0.000000	
1.669080	1.837244	0.025436	0.079107	-0.012392	-1.653130	1.614166	-0.314644	0.157186	-0.064599	-1.522941	-1.006474	-0.000000	-0.000000	-0.010079	0.010243	-0.018376	-0.008954	-0.018116	-0.084047	0.003556	-0.085819	-0.112250	0.235945	0.052581	0.020025	0.066004	-0.050889	-0.393134	-0.032009	-0.010736	0.010136	0.076819	-0.156929	-0.016764	-0.020137	0.019551	0.103786	-0.067804	-0.014882	-0.012413	0.005697	0.075492	-0.108750	0.014481	-0.032292	-0.037487	0.084222	-0.063483	-0.000000	-0.000000	-0.000000	-0.000000	-0.000000	-0.000000	-0.000000	-0.000000	-0.010079	0.010243	-0.018376	-0.008954	-0.018116	-0.087853	0.001758	-0.085080	-0.100378	0.215929	0.050456	0.018238	0.067489	-0.037285	-0.404130	-0.028326	-0.012357	0.002060	0.088990	-0.170982	-0.013192	-0.020276	0.002653	0.105297	-0.095417	-0.012477	-0.016729	0.003204	0.058853	-0.095814	0.015479	-0.035554	-0.039596	0.075659	-0.074749	-0.000000	-0.000000	-0.000000	-0.000000	-0.000000	-0.000000	-0.000000	-0.000000	-0.010079	0.010243	-0.018376	-0.008954	-0.018116	-0.090746	-0.000476	-0.085296	-0.090613	0.186457	0.049983	0.014915	0.066889	-0.023877	-0.417089	-0.018187	-0.015427	-0.006773	0.072061	-0.129115	0.000426	-0.024710	-0.013693	0.106146	-0.115278	-0.010138	-0.018014	0.002325	0.032045	-0.055897	0.012564	-0.034214	-0.037620	0.053334	-0.081651	-0.000000	-0.000000	-0.000000	-0.000000	-0.000000	-0.000000	
1.739661	1.825844	0.123108	0.459156	-0.014862	-1.756229	2.019773	-0.354206	0.422876	-0.491096	-2.989482	0.336595	-0.000000	-0.000000	-0.010079	0.010243	-0.018376	-0.008954	-0.018116	-0.087853	0.001758	-0.085080	-0.100378	0.215929	0.050456	0.018238	0.067489	-0.037285	-0.404130	-0.028326	-0.012357	0.002060	0.088990	-0.170982	-0.013192	-0.020276	0.002653	0.105297	-0.095417	-0.012477	-0.016729	0.003204	0.058853	-0.095814	0.015479	-0.035554	-0.039596	0.075659	-0.074749	-0.000000	-0.000000	-0.000000	-0.000000	-0.000000	-0.000000	-0.000000	-0.000000	-0.010079	0.010243	-0.018376	-0.008954	-0.018116	-0.090746	-0.000476	-0.085296	-0.090613	0.186457	0.049983	0.014915	0.066889	-0.023877	-0.417089	-0.018187	-0.015427	-0.006773	0.072061	-0.129115	0.000426	-0.024710	-0.013693	0.106146	-0.115278	-0.010138	-0.018014	0.002325	0.032045	-0.055897	0.012564	-0.034214	-0.037620	0.053334	-0.081651	-0.000000	-0.000000	-0.000000	-0.000000	-0.000000	-0.000000	-0.000000	-0.000000	-0.010079	0.010243	-0.018376	-0.008954	-0.018116	-0.091737	-0.001795	-0.088950	-0.084734	0.171911	0.050300	0.010963	0.064613	-0.004111	-0.431507	-0.002517	-0.014687	-0.031386	0.036519	-0.093173	0.008767	-0.023525	-0.028937	0.070636	-0.128779	-0.008766	-0.015507	0.005792	0.001341	-0.017111	0.007522	-0.027901	-0.036313	0.010698	-0.082347	-0.000000	-0.000000	-0.000000	-0.000000	-0.000000	-0.000000	
1.832038	1.771232	0.184170	0.767493	0.184765	-1.878239	2.520067	-0.394938	0.625235	-0.614814	-4.592191	2.257147	-0.000000	-0.000000	-0.010079	0.010243	-0.018376	-0.008954	-0.018116	-0.090746	-0.000476	-0.085296	-0.090613	0.186457	0.049983	0.014915	0.066889	-0.023877	-0.417089	-0.018187	-0.015427	-0.006773	0.072061	-0.129115	0.000426	-0.024710	-0.013693	0.106146	-0.115278	-0.010138	-0.018014	0.002325	0.032045	-0.055897	0.012564	-0.034214	-0.037620	0.053334	-0.081651	-0.000000	-0.000000	-0.000000	-0.000000	-0.000000	-0.000000	-0.000000	-0.000000	-0.010079	0.010243	-0.018376	-0.008954	-0.018116	-0.091737	-0.001795	-0.088950	-0.084734	0.171911	0.050300	0.010963	0.064613	-0.004111	-0.431507	-0.002517	-0.014687	-0.031386	0.036519	-0.093173	0.008767	-0.023525	-0.028937	0.070636	-0.128779	-0.008766	-0.015507	0.005792	0.001341	-0.017111	0.007522	-0.027901	-0.036313	0.010698	-0.082347	-0.000000	-0.000000	-0.000000	-0.000000	-0.000000	-0.000000	-0.000000	-0.000000	-0.010079	0.010243	-0.018376	-0.008954	-0.018116	-0.091765	-0.003521	-0.093122	-0.081304	0.165948	0.051333	0.007927	0.060401	0.003987	-0.455353	0.000446	-0.011705	-0.034894	-0.000187	-0.027812	0.010299	-0.015148	-0.040233	0.035330	-0.104655	-0.006893	-0.006904	0.009742	-0.028396	0.019105	0.001184	-0.018531	-0.039458	-0.042179	-0.053460	-0.000000	-0.000000	-0.000000	-0.000000	-0.000000	-0.000000	
1.826291	1.651106	0.315471	0.987863	0.354256	-1.742602	3.082809	-0.422832	0.798067	-0.659652	-5.181863	3.698626	-0.000000	-0.000000	-0.010079	0.010243	-0.018376	-0.008954	-0.018116	-0.091737	-0.001795	-0.088950	-0.084734	0.171911	0.050300	0.010963	0.064613	-0.004111	-0.431507	-0.002517	-0.014687	-0.031386	0.036519	-0.093173	0.008767	-0.023525	-0.028937	0.070636	-0.128779	-0.008766	-0.015507	0.005792	0.001341	-0.017111	0.007522	-0.027901	-0.036313	0.010698	-0.082347	-0.000000	-0.000000	-0.000000	-0.000000	-0.000000	-0.000000	-0.000000	-0.000000	-0.010079	0.010243	-0.018376	-0.008954	-0.018116	-0.091765	-0.003521	-0.093122	-0.081304	0.165948	0.051333	0.007927	0.060401	0.003987	-0.455353	0.000446	-0.011705	-0.034894	-0.000187	-0.027812	0.010299	-0.015148	-0.040233	0.035330	-0.104655	-0.006893	-0.006904	0.009742	-0.028396	0.019105	0.001184	-0.018531	-0.039458	-0.042179	-0.053460	-0.000000	-0.000000	-0.000000	-0.000000	-0.000000	-0.000000	-0.000000	-0.000000	-0.010079	0.010243	-0.018376	-0.008954	-0.018116	-0.091117	-0.004698	-0.097446	-0.083139	0.166597	0.051878	0.006431	0.054130	0.004709	-0.468434	0.005977	-0.004195	-0.039084	-0.024097	0.023391	-0.003507	-0.008261	-0.064045	-0.012519	-0.077815	-0.004777	0.005795	0.016840	-0.054757	0.056287	-0.005291	-0.007649	-0.042416	-0.111840	-0.006494	-0.000000	-0.000000	-0.000000	-0.000000	-0.000000	-0.000000	
1.794990	1.560120	0.405308	0.812637	-0.029391	-1.077635	3.125544	-0.222462	0.737844	-0.700325	-3.251391	3.196773	-0.000000	-0.000000	-0.010079	0.010243	-0.018376	-0.008954	-0.018116	-0.091765	-0.003521	-0.093122	-0.081304	0.165948	0.051333	0.007927	0.060401	0.003987	-0.455353	0.000446	-0.011705	-0.034894	-0.000187	-0.027812	0.010299	-0.015148	-0.040233	0.035330	-0.104655	-0.006893	-0.006904	0.009742	-0.028396	0.019105	0.001184	-0.018531	-0.039458	-0.042179	-0.053460	-0.000000	-0.000000	-0.000000	-0.000000	-0.000000	-0.000000	-0.000000	-0.000000	-0.010079	0.010243	-0.018376	-0.008954	-0.018116	-0.091117	-0.004698	-0.097446	-0.083139	0.166597	0.051878	0.006431	0.054130	0.004709	-0.468434	0.005977	-0.004195	-0.039084	-0.024097	0.023391	-0.003507	-0.008261	-0.064045	-0.012519	-0.077815	-0.004777	0.005795	0.016840	-0.054757	0.056287	-0.005291	-0.007649	-0.042416	-0.111840	-0.006494	-0.000000	-0.000000	-0.000000	-0.000000	-0.000000	-0.000000	-0.000000	-0.000000	-0.010079	0.010243	-0.018376	-0.008954	-0.018116	-0.090018	-0.004885	-0.105047	-0.089273	0.175476	0.052278	0.006633	0.039136	-0.003773	-0.472698	0.004785	0.000278	-0.036711	-0.056150	0.088184	-0.001049	0.009759	-0.083874	-0.109082	-0.000802	-0.001147	0.020790	0.029752	-0.074744	0.093621	-0.012029	0.004112	-0.037310	-0.181033	0.053212	-0.000000	-0.000000	-0.000000	-0.000000	-0.000000	-0.000000	
1.742096	1.487698	0.432372	0.324446	-0.277364	-0.465404	1.647659	-0.056429	0.561638	-0.166721	-0.632306	1.827812	-0.000000	-0.000000	-0.010079	0.010243	-0.018376	-0.008954	-0.018116	-0.091117	-0.004698	-0.097446	-0.083139	0.166597	0.051878	0.006431	0.054130	0.004709	-0.468434	0.005977	-0.004195	-0.039084	-0.024097	0.023391	-0.003507	-0.008261	-0.064045	-0.012519	-0.077815	-0.004777	0.005795	0.016840	-0.054757	0.056287	-0.005291	-0.007649	-0.042416	-0.111840	-0.006494	-0.000000	-0.000000	-0.000000	-0.000000	-0.000000	-0.000000	-0.000000	-0.000000	-0.010079	0.010243	-0.018376	-0.008954	-0.018116	-0.090018	-0.004885	-0.105047	-0.089273	0.175476	0.052278	0.006633	0.039136	-0.003773	-0.472698	0.004785	0.000278	-0.036711	-0.056150	0.088184	-0.001049	0.009759	-0.083874	-0.109082	-0.000802	-0.001147	0.020790	0.029752	-0.074744	0.093621	-0.012029	0.004112	-0.037310	-0.181033	0.053212	-0.000000	-0.000000	-0.000000	-0.000000	-0.000000	-0.000000	-0.000000	-0.000000	-0.010079	0.010243	-0.018376	-0.008954	-0.018116	-0.088417	-0.003727	-0.108409	-0.098522	0.190459	0.052455	0.007328	0.026904	-0.034283	-0.466765	0.009552	0.007589	-0.016583	-0.076804	0.143518	-0.002548	0.007839	-0.108191	-0.193416	0.079483	0.003333	0.031825	0.032673	-0.081665	0.125533	-0.015544	0.014488	-0.035586	-0.199307	0.095244	-0.000000	-0.000000	-0.000000	-0.000000	-0.000000	-0.000000	
1.685530	1.429304	0.331350	-0.243516	-0.050217	-0.060202	-0.266775	0.040593	0.351690	0.561260	1.411353	0.775962	-0.000000	-0.000000	-0.010079	0.010243	-0.018376	-0.008954	-0.018116	-0.090018	-0.004885	-0.105047	-0.089273	0.175476	0.052278	0.006633	0.039136	-0.003773	-0.472698	0.004785	0.000278	-0.036711	-0.056150	0.088184	-0.001049	0.009759	-0.083874	-0.109082	-0.000802	-0.001147	0.020790	0.029752	-0.074744	0.093621	-0.012029	0.004112	-0.037310	-0.181033	0.053212	-0.000000	-0.000000	-0.000000	-0.000000	-0.000000	-0.000000	-0.000000	-0.000000	-0.010079	0.010243	-0.018376	-0.008954	-0.018116	-0.088417	-0.003727	-0.108409	-0.098522	0.190459	0.052455	0.007328	0.026904	-0.034283	-0.466765	0.009552	0.007589	-0.016583	-0.076804	0.143518	-0.002548	0.007839	-0.108191	-0.193416	0.079483	0.003333	0.031825	0.032673	-0.081665	0.125533	-0.015544	0.014488	-0.035586	-0.199307	0.095244	-0.000000	-0.000000	-0.000000	-0.000000	-0.000000	-0.000000	-0.000000	-0.000000	-0.010079	0.010243	-0.018376	-0.008954	-0.018116	-0.086158	-0.001193	-0.110075	-0.115154	0.212212	0.052588	0.009381	0.014231	-0.062899	-0.446895	0.007585	0.015881	-0.006544	-0.062468	0.178714	0.001839	0.010904	-0.094221	-0.233256	0.126247	0.007565	0.034162	0.030174	-0.072020	0.128516	-0.016523	0.020867	-0.025416	-0.180184	0.102814	-0.000000	-0.000000	-0.000000	-0.000000	-0.000000	-0.000000	
1.661248	1.463081	0.247824	-0.521916	-0.094430	0.371817	-1.418783	0.226435	0.256269	0.842058	3.267303	0.160108	-0.000000	-0.000000	-0.010079	0.010243	-0.018376	-0.008954	-0.018116	-0.088417	-0.003727	-0.108409	-0.098522	0.190459	0.052455	0.007328	0.026904	-0.034283	-0.466765	0.009552	0.007589	-0.016583	-0.076804	0.143518	-0.002548	0.007839	-0.108191	-0.193416	0.079483	0.003333	0.031825	0.032673	-0.081665	0.125533	-0.015544	0.014488	-0.035586	-0.199307	0.095244	-0.000000	-0.000000	-0.000000	-0.000000	-0.000000	-0.000000	-0.000000	-0.000000	-0.010079	0.010243	-0.018376	-0.008954	-0.018116	-0.086158	-0.001193	-0.110075	-0.115154	0.212212	0.052588	0.009381	0.014231	-0.062899	-0.446895	0.007585	0.015881	-0.006544	-0.062468	0.178714	0.001839	0.010904	-0.094221	-0.233256	0.126247	0.007565	0.034162	0.030174	-0.072020	0.128516	-0.016523	0.020867	-0.025416	-0.180184	0.102814	-0.000000	-0.000000	-0.000000	-0.000000	-0.000000	-0.000000	-0.000000	-0.000000	-0.010079	0.010243	-0.018376	-0.008954	-0.018116	-0.084761	0.002076	-0.112662	-0.125726	0.233332	0.054795	0.011981	0.003796	-0.091571	-0.427581	0.008785	0.023107	-0.020894	-0.080227	0.205963	0.015887	0.016794	-0.076772	-0.241428	0.150116	0.011134	0.027244	0.032009	-0.062350	0.103398	-0.018123	0.023537	-0.006571	-0.130363	0.095128	-0.000000	-0.000000	0.000000	0.000000	-0.000000	-0.000000	
1.681791	1.496662	0.050058	-0.343870	-0.095519	0.903068	-1.446250	0.353930	0.187388	0.807825	3.424057	-0.066977	-0.000000	-0.000000	-0.010079	0.010243	-0.018376	-0.008954	-0.018116	-0.086158	-0.001193	-0.110075	-0.115154	0.212212	0.052588	0.009381	0.014231	-0.062899	-0.446895	0.007585	0.015881	-0.006544	-0.062468	0.178714	0.001839	0.010904	-0.094221	-0.233256	0.126247	0.007565	0.034162	0.030174	-0.072020	0.128516	-0.016523	0.020867	-0.025416	-0.180184	0.102814	-0.000000	-0.000000	-0.000000	-0.000000	-0.000000	-0.000000	-0.000000	-0.000000	-0.010079	0.010243	-0.018376	-0.008954	-0.018116	-0.084761	0.002076	-0.112662	-0.125726	0.233332	0.054795	0.011981	0.003796	-0.091571	-0.427581	0.008785	0.023107	-0.020894	-0.080227	0.205963	0.015887	0.016794	-0.076772	-0.241428	0.150116	0.011134	0.027244	0.032009	-0.062350	0.103398	-0.018123	0.023537	-0.006571	-0.130363	0.095128	-0.000000	-0.000000	0.000000	0.000000	-0.000000	-0.000000	-0.000000	-0.000000	-0.010079	0.010243	-0.018376	-0.008954	-0.018116	-0.080580	0.004709	-0.114028	-0.136007	0.267145	0.057297	0.015280	-0.006894	-0.114293	-0.408669	0.029144	0.010337	-0.002089	-0.090378	0.108186	0.001589	0.021454	-0.018844	-0.152561	0.147967	0.010671	0.016780	0.031958	-0.046490	0.048299	-0.017227	0.024083	0.016753	-0.058622	0.078618	-0.000000	-0.000000	0.000000	0.000000	-0.000000	-0.000000	
1.697879	1.549090	-0.203461	-0.193213	0.342161	1.016171	-1.062017	0.348009	-0.292204	0.765852	2.264061	-0.623740	-0.000000	-0.000000	-0.010079	0.010243	-0.018376	-0.008954	-0.018116	-0.084761	0.002076	-0.112662	-0.125726	0.233332	0.054795	0.011981	0.003796	-0.091571	-0.427581	0.008785	0.023107	-0.020894	-0.080227	0.205963	0.015887	0.016794	-0.076772	-0.241428	0.150116	0.011134	0.027244	0.032009	-0.062350	0.103398	-0.018123	0.023537	-0.006571	-0.130363	0.095128	-0.000000	-0.000000	0.000000	0.000000	-0.000000	-0.000000	-0.000000	-0.000000	-0.010079	0.010243	-0.018376	-0.008954	-0.018116	-0.080580	0.004709	-0.114028	-0.136007	0.267145	0.057297	0.015280	-0.006894	-0.114293	-0.408669	0.029144	0.010337	-0.002089	-0.090378	0.108186	0.001589	0.021454	-0.018844	-0.152561	0.147967	0.010671	0.016780	0.031958	-0.046490	0.048299	-0.017227	0.024083	0.016753	-0.058622	0.078618	-0.000000	-0.000000	0.000000	0.000000	-0.000000	-0.000000	-0.000000	-0.000000	-0.010079	0.010243	-0.018376	-0.008954	-0.018116	-0.077393	0.005826	-0.109794	-0.143322	0.279748	0.057579	0.018589	-0.006972	-0.134953	-0.392455	0.046884	0.008246	0.028057	-0.044981	0.056533	-0.005425	0.019594	0.024288	-0.028168	0.113902	0.008235	0.010506	0.026291	-0.025628	0.014001	-0.012200	0.023585	0.028949	0.013402	0.061400	-0.000000	-0.000000	0.000000	0.000000	-0.000000	-0.000000	
1.696111	1.604247	-0.299613	-0.036077	0.231758	1.383910	-0.913846	0.432201	-0.629491	0.187765	1.969702	-1.572459	-0.000000	-0.000000	-0.010079	0.010243	-0.018376	-0.008954	-0.018116	-0.080580	0.004709	-0.114028	-0.136007	0.267145	0.057297	0.015280	-0.006894	-0.114293	-0.408669	0.029144	0.010337	-0.002089	-0.090378	0.108186	0.001589	0.021454	-0.018844	-0.152561	0.147967	0.010671	0.016780	0.031958	-0.046490	0.048299	-0.017227	0.024083	0.016753	-0.058622	0.078618	-0.000000	-0.000000	0.000000	0.000000	-0.000000	-0.000000	-0.000000	-0.000000	-0.010079	0.010243	-0.018376	-0.008954	-0.018116	-0.077393	0.005826	-0.109794	-0.143322	0.279748	0.057579	0.018589	-0.006972	-0.134953	-0.392455	0.046884	0.008246	0.028057	-0.044981	0.056533	-0.005425	0.019594	0.024288	-0.028168	0.113902	0.008235	0.010506	0.026291	-0.025628	0.014001	-0.012200	0.023585	0.028949	0.013402	0.061400	-0.000000	-0.000000	0.000000	0.000000	-0.000000	-0.000000	-0.000000	-0.000000	-0.010079	0.010243	-0.018376	-0.008954	-0.018116	-0.071836	0.006429	-0.105021	-0.151061	0.281857	0.057199	0.022151	-0.001632	-0.136104	-0.379155	0.007829	0.001290	0.042936	0.002132	-0.021915	0.001202	0.017430	0.062799	0.034522	0.096537	-0.000372	0.007006	0.026648	-0.002655	-0.004030	-0.006602	0.015642	0.035091	0.048496	0.038749	-0.000000	-0.000000	0.000000	0.000000	-0.000000	-0.000000	
1.617677	1.645226	-0.333966	-0.118200	-0.033837	1.570597	-1.442538	0.337341	-0.556507	-0.228433	1.830492	-1.471415	-0.000000	-0.000000	-0.010079	0.010243	-0.018376	-0.008954	-0.018116	-0.077393	0.005826	-0.109794	-0.143322	0.279748	0.057579	0.018589	-0.006972	-0.134953	-0.392455	0.046884	0.008246	0.028057	-0.044981	0.056533	-0.005425	0.019594	0.024288	-0.028168	0.113902	0.008235	0.010506	0.026291	-0.025628	0.014001	-0.012200	0.023585	0.028949	0.013402	0.061400	-0.000000	-0.000000	0.000000	0.000000	-0.000000	-0.000000	-0.000000	-0.000000	-0.010079	0.010243	-0.018376	-0.008954	-0.018116	-0.071836	0.006429	-0.105021	-0.151061	0.281857	0.057199	0.022151	-0.001632	-0.136104	-0.379155	0.007829	0.001290	0.042936	0.002132	-0.021915	0.001202	0.017430	0.062799	0.034522	0.096537	-0.000372	0.007006	0.026648	-0.002655	-0.004030	-0.006602	0.015642	0.035091	0.048496	0.038749	-0.000000	-0.000000	0.000000	0.000000	-0.000000	-0.000000	-0.000000	-0.000000	-0.010079	0.010243	-0.018376	-0.008954	-0.018116	-0.071258	0.006630	-0.101134	-0.152004	0.279637	0.056953	0.024721	0.008403	-0.128143	-0.364548	-0.008639	0.000129	0.014414	0.001609	-0.021035	0.000469	0.012212	0.098057	0.076735	0.032685	-0.005442	0.006264	0.026235	0.019035	-0.015510	0.000123	0.003634	0.027871	0.070065	0.000567	-0.000000	-0.000000	0.000000	0.000000	-0.000000	-0.000000	
1.617985	1.680156	-0.313442	-0.168454	0.029510	1.622367	-2.018161	0.153200	-0.589296	-0.182015	1.196600	-1.090030	-0.000000	-0.000000	-0.010079	0.010243	-0.018376	-0.008954	-0.018116	-0.071836	0.006429	-0.105021	-0.151061	0.281857	0.057199	0.022151	-0.001632	-0.136104	-0.379155	0.007829	0.001290	0.042936	0.002132	-0.021915	0.001202	0.017430	0.062799	0.034522	0.096537	-0.000372	0.007006	0.026648	-0.002655	-0.004030	-0.006602	0.015642	0.035091	0.048496	0.038749	-0.000000	-0.000000	0.000000	0.000000	-0.000000	-0.000000	-0.000000	-0.000000	-0.010079	0.010243	-0.018376	-0.008954	-0.018116	-0.071258	0.006630	-0.101134	-0.152004	0.279637	0.056953	0.024721	0.008403	-0.128143	-0.364548	-0.008639	0.000129	0.014414	0.001609	-0.021035	0.000469	0.012212	0.098057	0.076735	0.032685	-0.005442	0.006264	0.026235	0.019035	-0.015510	0.000123	0.003634	0.027871	0.070065	0.000567	-0.000000	-0.000000	0.000000	0.000000	-0.000000	-0.000000	-0.000000	-0.000000	-0.010079	0.010243	-0.018376	-0.008954	-0.018116	-0.072160	0.006646	-0.099000	-0.149502	0.275631	0.057147	0.025914	0.028197	-0.115476	-0.361457	-0.013776	0.000478	0.005629	0.020750	-0.016062	0.004583	0.005525	0.100536	0.103289	-0.004409	-0.009550	0.004475	0.023593	0.040094	-0.033143	0.004990	-0.005906	0.004650	0.084858	-0.024596	-0.000000	-0.000000	0.000000	0.000000	-0.000000	-0.000000	
1.625765	1.748296	-0.345087	-0.244550	-0.107122	1.545828	-2.243987	0.119234	-0.550564	-0.221988	1.003521	-0.832788	-0.000000	-0.000000	-0.010079	0.010243	-0.018376	-0.008954	-0.018116	-0.071258	0.006630	-0.101134	-0.152004	0.279637	0.056953	0.024721	0.008403	-0.128143	-0.364548	-0.008639	0.000129	0.014414	0.001609	-0.021035	0.000469	0.012212	0.098057	0.076735	0.032685	-0.005442	0.006264	0.026235	0.019035	-0.015510	0.000123	0.003634	0.027871	0.070065	0.000567	-0.000000	-0.000000	0.000000	0.000000	-0.000000	-0.000000	-0.000000	-0.000000	-0.010079	0.010243	-0.018376	-0.008954	-0.018116	-0.072160	0.006646	-0.099000	-0.149502	0.275631	0.057147	0.025914	0.028197	-0.115476	-0.361457	-0.013776	0.000478	0.005629	0.020750	-0.016062	0.004583	0.005525	0.100536	0.103289	-0.004409	-0.009550	0.004475	0.023593	0.040094	-0.033143	0.004990	-0.005906	0.004650	0.084858	-0.024596	-0.000000	-0.000000	0.000000	0.000000	-0.000000	-0.000000	-0.000000	-0.000000	-0.010079	0.010243	-0.018376	-0.008954	-0.018116	-0.074643	0.006431	-0.096489	-0.146166	0.271413	0.056797	0.026233	0.041292	-0.102886	-0.363795	-0.014638	-0.001581	0.021152	0.031039	-0.049763	-0.013849	-0.000029	0.087872	0.089544	-0.033243	-0.011772	0.002161	0.021525	0.061112	-0.059220	0.007639	-0.015071	-0.011177	0.090230	-0.038621	-0.000000	-0.000000	0.000000	0.000000	-0.000000	-0.000000	
1.648945	1.792308	-0.329159	-0.438018	-0.109192	1.144108	-2.026491	0.064039	-0.533008	-0.094323	0.938777	-0.880522	-0.000000	-0.000000	-0.010079	0.010243	-0.018376	-0.008954	-0.018116	-0.072160	0.006646	-0.099000	-0.149502	0.275631	0.057147	0.025914	0.028197	-0.115476	-0.361457	-0.013776	0.000478	0.005629	0.020750	-0.016062	0.004583	0.005525	0.100536	0.103289	-0.004409	-0.009550	0.004475	0.023593	0.040094	-0.033143	0.004990	-0.005906	0.004650	0.084858	-0.024596	-0.000000	-0.000000	0.000000	0.000000	-0.000000	-0.000000	-0.000000	-0.000000	-0.010079	0.010243	-0.018376	-0.008954	-0.018116	-0.074643	0.006431	-0.096489	-0.146166	0.271413	0.056797	0.026233	0.041292	-0.102886	-0.363795	-0.014638	-0.001581	0.021152	0.031039	-0.049763	-0.013849	-0.000029	0.087872	0.089544	-0.033243	-0.011772	0.002161	0.021525	0.061112	-0.059220	0.007639	-0.015071	-0.011177	0.090230	-0.038621	-0.000000	-0.000000	0.000000	0.000000	-0.000000	-0.000000	-0.000000	-0.000000	-0.010079	0.010243	-0.018376	-0.008954	-0.018116	-0.077975	0.006073	-0.094242	-0.135903	0.261845	0.055758	0.026006	0.051036	-0.080399	-0.369182	-0.022751	-0.003066	0.019563	0.054750	-0.086983	-0.009760	-0.004888	0.067064	0.091659	-0.056716	-0.013616	-0.001149	0.017672	0.074031	-0.083305	0.010466	-0.023101	-0.024250	0.082793	-0.045723	-0.000000	-0.000000	0.000000	0.000000	-0.000000	-0.000000	
1.653763	1.791310	-0.206938	-0.415234	-0.100317	0.433441	-1.307146	0.015425	-0.460012	-0.070418	0.662461	-1.257686	-0.000000	-0.000000	-0.010079	0.010243	-0.018376	-0.008954	-0.018116	-0.074643	0.006431	-0.096489	-0.146166	0.271413	0.056797	0.026233	0.041292	-0.102886	-0.363795	-0.014638	-0.001581	0.021152	0.031039	-0.049763	-0.013849	-0.000029	0.087872	0.089544	-0.033243	-0.011772	0.002161	0.021525	0.061112	-0.059220	0.007639	-0.015071	-0.011177	0.090230	-0.038621	-0.000000	-0.000000	0.000000	0.000000	-0.000000	-0.000000	-0.000000	-0.000000	-0.010079	0.010243	-0.018376	-0.008954	-0.018116	-0.077975	0.006073	-0.094242	-0.135903	0.261845	0.055758	0.026006	0.051036	-0.080399	-0.369182	-0.022751	-0.003066	0.019563	0.054750	-0.086983	-0.009760	-0.004888	0.067064	0.091659	-0.056716	-0.013616	-0.001149	0.017672	0.074031	-0.083305	0.010466	-0.023101	-0.024250	0.082793	-0.045723	-0.000000	-0.000000	0.000000	0.000000	-0.000000	-0.000000	-0.000000	-0.000000	-0.010079	0.010243	-0.018376	-0.008954	-0.018116	-0.080725	0.005541	-0.091684	-0.125562	0.248227	0.054630	0.024587	0.057467	-0.066063	-0.378838	-0.027749	-0.004145	0.025686	0.090622	-0.118622	-0.009002	-0.011307	0.042999	0.093615	-0.053131	-0.015800	-0.007183	0.013477	0.080842	-0.100066	0.012555	-0.029673	-0.032096	0.082530	-0.049267	-0.000000	-0.000000	0.000000	0.000000	-0.000000	-0.000000	
1.644556	1.801596	-0.092731	-0.328599	-0.106344	-0.528338	-0.022029	-0.110266	-0.246497	-0.088341	0.081682	-1.389308	-0.000000	-0.000000	-0.010079	0.010243	-0.018376	-0.008954	-0.018116	-0.077975	0.006073	-0.094242	-0.135903	0.261845	0.055758	0.026006	0.051036	-0.080399	-0.369182	-0.022751	-0.003066	0.019563	0.054750	-0.086983	-0.009760	-0.004888	0.067064	0.091659	-0.056716	-0.013616	-0.001149	0.017672	0.074031	-0.083305	0.010466	-0.023101	-0.024250	0.082793	-0.045723	-0.000000	-0.000000	0.000000	0.000000	-0.000000	-0.000000	-0.000000	-0.000000	-0.010079	0.010243	-0.018376	-0.008954	-0.018116	-0.080725	0.005541	-0.091684	-0.125562	0.248227	0.054630	0.024587	0.057467	-0.066063	-0.378838	-0.027749	-0.004145	0.025686	0.090622	-0.118622	-0.009002	-0.011307	0.042999	0.093615	-0.053131	-0.015800	-0.007183	0.013477	0.080842	-0.100066	0.012555	-0.029673	-0.032096	0.082530	-0.049267	-0.000000	-0.000000	0.000000	0.000000	-0.000000	-0.000000	-0.000000	-0.000000	-0.010079	0.010243	-0.018376	-0.008954	-0.018116	-0.084619	0.004498	-0.089428	-0.114285	0.222384	0.052514	0.022357	0.063116	-0.052291	-0.386586	-0.027900	-0.008092	0.017923	0.092813	-0.129114	-0.017999	-0.014857	0.003602	0.101139	-0.054866	-0.015010	-0.012370	0.009716	0.076068	-0.093836	0.014902	-0.034345	-0.038801	0.078698	-0.060390	-0.000000	-0.000000	0.000000	0.000000	-0.000000	-0.000000	
1.650636	1.826982	-0.032973	-0.211508	-0.040264	-1.162383	0.974365	-0.232864	-0.073667	-0.035215	-0.523915	-1.405921	-0.000000	-0.000000	-0.010079	0.010243	-0.018376	-0.008954	-0.018116	-0.080725	0.005541	-0.091684	-0.125562	0.248227	0.054630	0.024587	0.057467	-0.066063	-0.378838	-0.027749	-0.004145	0.025686	0.090622	-0.118622	-0.009002	-0.011307	0.042999	0.093615	-0.053131	-0.015800	-0.007183	0.013477	0.080842	-0.100066	0.012555	-0.029673	-0.032096	0.082530	-0.049267	-0.000000	-0.000000	0.000000	0.000000	-0.000000	-0.000000	-0.000000	-0.000000	-0.010079	0.010243	-0.018376	-0.008954	-0.018116	-0.084619	0.004498	-0.089428	-0.114285	0.222384	0.052514	0.022357	0.063116	-0.052291	-0.386586	-0.027900	-0.008092	0.017923	0.092813	-0.129114	-0.017999	-0.014857	0.003602	0.101139	-0.054866	-0.015010	-0.012370	0.009716	0.076068	-0.093836	0.014902	-0.034345	-0.038801	0.078698	-0.060390	-0.000000	-0.000000	0.000000	0.000000	-0.000000	-0.000000	-0.000000	-0.000000	-0.010079	0.010243	-0.018376	-0.008954	-0.018116	-0.086901	0.003530	-0.087377	-0.103015	0.203596	0.051460	0.019140	0.064052	-0.031700	-0.396520	-0.023728	-0.014768	-0.001348	0.084657	-0.151101	-0.005639	-0.020446	-0.005572	0.096657	-0.093425	-0.014120	-0.016332	0.006069	0.056870	-0.075379	0.014301	-0.034826	-0.041062	0.059333	-0.071302	0.000000	0.000000	0.000000	0.000000	-0.000000	-0.000000	
1.672198	1.838301	0.028141	0.136661	0.033803	-1.682198	1.714047	-0.347763	0.243286	-0.215511	-1.618231	-0.914365	-0.000000	-0.000000	-0.010079	0.010243	-0.018376	-0.008954	-0.018116	-0.084619	0.004498	-0.089428	-0.114285	0.222384	0.052514	0.022357	0.063116	-0.052291	-0.386586	-0.027900	-0.008092	0.017923	0.092813	-0.129114	-0.017999	-0.014857	0.003602	0.101139	-0.054866	-0.015010	-0.012370	0.009716	0.076068	-0.093836	0.014902	-0.034345	-0.038801	0.078698	-0.060390	-0.000000	-0.000000	0.000000	0.000000	-0.000000	-0.000000	-0.000000	-0.000000	-0.010079	0.010243	-0.018376	-0.008954	-0.018116	-0.086901	0.003530	-0.087377	-0.103015	0.203596	0.051460	0.019140	0.064052	-0.031700	-0.396520	-0.023728	-0.014768	-0.001348	0.084657	-0.151101	-0.005639	-0.020446	-0.005572	0.096657	-0.093425	-0.014120	-0.016332	0.006069	0.056870	-0.075379	0.014301	-0.034826	-0.041062	0.059333	-0.071302	0.000000	0.000000	0.000000	0.000000	-0.000000	-0.000000	-0.000000	-0.000000	-0.010079	0.010243	-0.018376	-0.008954	-0.018116	-0.089999	0.000614	-0.087524	-0.087021	0.188304	0.051395	0.015581	0.063076	-0.018252	-0.414768	-0.017029	-0.016366	-0.009906	0.054180	-0.108981	0.003973	-0.024262	-0.020797	0.080505	-0.094490	-0.011520	-0.016605	0.005610	0.023354	-0.045398	0.010856	-0.032377	-0.040617	0.037987	-0.074247	0.000000	0.000000	0.000000	0.000000	-0.000000	-0.000000	
1.748474	1.805811	0.123319	0.517872	0.055920	-1.669834	1.958443	-0.375909	0.428433	-0.391322	-3.113074	0.430327	-0.000000	-0.000000	-0.010079	0.010243	-0.018376	-0.008954	-0.018116	-0.086901	0.003530	-0.087377	-0.103015	0.203596	0.051460	0.019140	0.064052	-0.031700	-0.396520	-0.023728	-0.014768	-0.001348	0.084657	-0.151101	-0.005639	-0.020446	-0.005572	0.096657	-0.093425	-0.014120	-0.016332	0.006069	0.056870	-0.075379	0.014301	-0.034826	-0.041062	0.059333	-0.071302	0.000000	0.000000	0.000000	0.000000	-0.000000	-0.000000	-0.000000	-0.000000	-0.010079	0.010243	-0.018376	-0.008954	-0.018116	-0.089999	0.000614	-0.087524	-0.087021	0.188304	0.051395	0.015581	0.063076	-0.018252	-0.414768	-0.017029	-0.016366	-0.009906	0.054180	-0.108981	0.003973	-0.024262	-0.020797	0.080505	-0.094490	-0.011520	-0.016605	0.005610	0.023354	-0.045398	0.010856	-0.032377	-0.040617	0.037987	-0.074247	0.000000	0.000000	0.000000	0.000000	-0.000000	-0.000000	-0.000000	-0.000000	-0.010079	0.010243	-0.018376	-0.008954	-0.018116	-0.091612	-0.000866	-0.089298	-0.081204	0.178048	0.052036	0.011743	0.060336	-0.009044	-0.428329	-0.010427	-0.013734	-0.026116	0.023564	-0.069524	0.008074	-0.024876	-0.023366	0.060395	-0.100179	-0.009484	-0.013073	0.007892	-0.007724	-0.009403	0.004992	-0.024886	-0.041113	0.004478	-0.074417	0.000000	0.000000	0.000000	0.000000	-0.000000	-0.000000	
1.837447	1.752703	0.185801	0.740683	0.282022	-1.859563	2.594194	-0.378713	0.569227	-0.480107	-4.693972	2.245685	-0.000000	-0.000000	-0.010079	0.010243	-0.018376	-0.008954	-0.018116	-0.089999	0.000614	-0.087524	-0.087021	0.188304	0.051395	0.015581	0.063076	-0.018252	-0.414768	-0.017029	-0.016366	-0.009906	0.054180	-0.108981	0.003973	-0.024262	-0.020797	0.080505	-0.094490	-0.011520	-0.016605	0.005610	0.023354	-0.045398	0.010856	-0.032377	-0.040617	0.037987	-0.074247	0.000000	0.000000	0.000000	0.000000	-0.000000	-0.000000	-0.000000	-0.000000	-0.010079	0.010243	-0.018376	-0.008954	-0.018116	-0.091612	-0.000866	-0.089298	-0.081204	0.178048	0.052036	0.011743	0.060336	-0.009044	-0.428329	-0.010427	-0.013734	-0.026116	0.023564	-0.069524	0.008074	-0.024876	-0.023366	0.060395	-0.100179	-0.009484	-0.013073	0.007892	-0.007724	-0.009403	0.004992	-0.024886	-0.041113	0.004478	-0.074417	0.000000	0.000000	0.000000	0.000000	-0.000000	-0.000000	-0.000000	-0.000000	-0.010079	0.010243	-0.018376	-0.008954	-0.018116	-0.091765	-0.002471	-0.092464	-0.081107	0.169744	0.052552	0.008867	0.051379	-0.004246	-0.442261	-0.000345	-0.008236	-0.035414	-0.010904	0.000027	-0.000588	-0.016446	-0.056775	0.030118	-0.122384	-0.007483	-0.003707	0.011896	-0.032845	0.028250	-0.001157	-0.015590	-0.038021	-0.046973	-0.054036	0.000000	0.000000	0.000000	0.000000	-0.000000	-0.000000	
1.826995	1.637123	0.307369	0.981956	0.388775	-1.608761	2.966713	-0.375212	0.755371	-0.509935	-5.039914	3.587812	-0.000000	-0.000000	-0.010079	0.010243	-0.018376	-0.008954	-0.018116	-0.091612	-0.000866	-0.089298	-0.081204	0.178048	0.052036	0.011743	0.060336	-0.009044	-0.428329	-0.010427	-0.013734	-0.026116	0.023564	-0.069524	0.008074	-0.024876	-0.023366	0.060395	-0.100179	-0.009484	-0.013073	0.007892	-0.007724	-0.009403	0.004992	-0.024886	-0.041113	0.004478	-0.074417	0.000000	0.000000	0.000000	0.000000	-0.000000	-0.000000	-0.000000	-0.000000	-0.010079	0.010243	-0.018376	-0.008954	-0.018116	-0.091765	-0.002471	-0.092464	-0.081107	0.169744	0.052552	0.008867	0.051379	-0.004246	-0.442261	-0.000345	-0.008236	-0.035414	-0.010904	0.000027	-0.000588	-0.016446	-0.056775	0.030118	-0.122384	-0.007483	-0.003707	0.011896	-0.032845	0.028250	-0.001157	-0.015590	-0.038021	-0.046973	-0.054036	0.000000	0.000000	0.000000	0.000000	-0.000000	-0.000000	-0.000000	-0.000000	-0.007286	0.011370	-0.022611	-0.013987	0.041286	-0.091165	-0.003268	-0.099883	-0.084117	0.171186	0.052704	0.007758	0.043505	-0.002535	-0.454377	0.002408	-0.006407	-0.039136	-0.028310	0.044321	-0.001106	-0.004204	-0.065001	-0.022811	-0.079239	-0.005301	0.008178	0.023536	-0.057671	0.065641	-0.006978	-0.005960	-0.037334	-0.118948	-0.008304	0.000000	0.000000	0.000000	0.000000	-0.000000	-0.000000	
1.791880	1.558568	0.381702	0.701887	-0.121252	-0.898848	2.626469	-0.219273	0.792898	-0.554626	-2.932233	3.113911	-0.000000	-0.000000	-0.010079	0.010243	-0.018376	-0.008954	-0.018116	-0.091765	-0.002471	-0.092464	-0.081107	0.169744	0.052552	0.008867	0.051379	-0.004246	-0.442261	-0.000345	-0.008236	-0.035414	-0.010904	0.000027	-0.000588	-0.016446	-0.056775	0.030118	-0.122384	-0.007483	-0.003707	0.011896	-0.032845	0.028250	-0.001157	-0.015590	-0.038021	-0.046973	-0.054036	0.000000	0.000000	0.000000	0.000000	-0.000000	-0.000000	-0.000000	-0.000000	-0.007286	0.011370	-0.022611	-0.013987	0.041286	-0.091165	-0.003268	-0.099883	-0.084117	0.171186	0.052704	0.007758	0.043505	-0.002535	-0.454377	0.002408	-0.006407	-0.039136	-0.028310	0.044321	-0.001106	-0.004204	-0.065001	-0.022811	-0.079239	-0.005301	0.008178	0.023536	-0.057671	0.065641	-0.006978	-0.005960	-0.037334	-0.118948	-0.008304	0.000000	0.000000	0.000000	0.000000	-0.000000	-0.000000	-0.000000	-0.000000	-0.006728	0.011595	-0.023034	-0.014491	0.047226	-0.090052	-0.003210	-0.103523	-0.093686	0.180489	0.053146	0.008223	0.035120	-0.012686	-0.463610	0.002335	0.000174	-0.026945	-0.052384	0.094116	0.000587	0.010630	-0.077340	-0.125116	-0.003387	-0.001811	0.022827	0.032999	-0.072198	0.100774	-0.013040	0.004889	-0.036587	-0.184285	0.054667	0.000000	0.000000	0.000000	0.000000	-0.000000	-0.000000	
1.740053	1.498827	0.357009	0.252152	-0.331882	-0.209928	0.854688	0.017184	0.589637	0.004341	-0.080175	1.730453	-0.000000	-0.000000	-0.007286	0.011370	-0.022611	-0.013987	0.041286	-0.091165	-0.003268	-0.099883	-0.084117	0.171186	0.052704	0.007758	0.043505	-0.002535	-0.454377	0.002408	-0.006407	-0.039136	-0.028310	0.044321	-0.001106	-0.004204	-0.065001	-0.022811	-0.079239	-0.005301	0.008178	0.023536	-0.057671	0.065641	-0.006978	-0.005960	-0.037334	-0.118948	-0.008304	0.000000	0.000000	0.000000	0.000000	-0.000000	-0.000000	-0.000000	-0.000000	-0.006728	0.011595	-0.023034	-0.014491	0.047226	-0.090052	-0.003210	-0.103523	-0.093686	0.180489	0.053146	0.008223	0.035120	-0.012686	-0.463610	0.002335	0.000174	-0.026945	-0.052384	0.094116	0.000587	0.010630	-0.077340	-0.125116	-0.003387	-0.001811	0.022827	0.032999	-0.072198	0.100774	-0.013040	0.004889	-0.036587	-0.184285	0.054667	0.000000	0.000000	0.000000	0.000000	-0.000000	-0.000000	-0.000000	-0.000000	-0.006616	0.011640	-0.023076	-0.014541	0.047820	-0.088302	-0.001752	-0.105100	-0.102772	0.197132	0.053283	0.008857	0.024356	-0.033158	-0.458720	0.011400	0.009207	-0.011768	-0.081661	0.161909	-0.000290	0.007228	-0.104746	-0.222936	0.086553	0.002165	0.031897	0.032757	-0.076594	0.123528	-0.016466	0.016148	-0.034142	-0.207796	0.096485	0.000000	0.000000	0.000000	0.000000	-0.000000	-0.000000	
1.697355	1.458270	0.297218	-0.293365	-0.077616	0.063411	-0.826460	0.130899	0.364270	0.637974	1.937603	0.730263	-0.000000	-0.000000	-0.006728	0.011595	-0.023034	-0.014491	0.047226	-0.090052	-0.003210	-0.103523	-0.093686	0.180489	0.053146	0.008223	0.035120	-0.012686	-0.463610	0.002335	0.000174	-0.026945	-0.052384	0.094116	0.000587	0.010630	-0.077340	-0.125116	-0.003387	-0.001811	0.022827	0.032999	-0.072198	0.100774	-0.013040	0.004889	-0.036587	-0.184285	0.054667	0.000000	0.000000	0.000000	0.000000	-0.000000	-0.000000	-0.000000	-0.000000	-0.006616	0.011640	-0.023076	-0.014541	0.047820	-0.088302	-0.001752	-0.105100	-0.102772	0.197132	0.053283	0.008857	0.024356	-0.033158	-0.458720	0.011400	0.009207	-0.011768	-0.081661	0.161909	-0.000290	0.007228	-0.104746	-0.222936	0.086553	0.002165	0.031897	0.032757	-0.076594	0.123528	-0.016466	0.016148	-0.034142	-0.207796	0.096485	0.000000	0.000000	0.000000	0.000000	-0.000000	-0.000000	-0.000000	-0.000000	-0.006593	0.011649	-0.023081	-0.014546	0.047880	-0.086305	0.000704	-0.106239	-0.113314	0.228256	0.053335	0.010891	0.005530	-0.062092	-0.444244	0.012307	0.012902	-0.008505	-0.094360	0.171131	-0.000727	0.012820	-0.085502	-0.267266	0.146845	0.005513	0.033217	0.028926	-0.069196	0.105201	-0.016260	0.022944	-0.015251	-0.180063	0.107921	0.000000	0.000000	0.000000	0.000000	-0.000000	-0.000000	
1.686460	1.139450	0.112068	-0.096659	0.090942	0.880408	-2.942695	0.230327	-0.837376	-0.565673	4.417578	-0.445690	-0.000000	-0.000000	-0.006616	0.011640	-0.023076	-0.014541	0.047820	-0.088302	-0.001752	-0.105100	-0.102772	0.197132	0.053283	0.008857	0.024356	-0.033158	-0.458720	0.011400	0.009207	-0.011768	-0.081661	0.161909	-0.000290	0.007228	-0.104746	-0.222936	0.086553	0.002165	0.031897	0.032757	-0.076594	0.123528	-0.016466	0.016148	-0.034142	-0.207796	0.096485	0.000000	0.000000	0.000000	0.000000	-0.000000	-0.000000	-0.000000	-0.000000	-0.006593	0.011649	-0.023081	-0.014546	0.047880	-0.086305	0.000704	-0.106239	-0.113314	0.228256	0.053335	0.010891	0.005530	-0.062092	-0.444244	0.012307	0.012902	-0.008505	-0.094360	0.171131	-0.000727	0.012820	-0.085502	-0.267266	0.146845	0.005513	0.033217	0.028926	-0.069196	0.105201	-0.016260	0.022944	-0.015251	-0.180063	0.107921	0.000000	0.000000	0.000000	0.000000	-0.000000	-0.000000	0.007828	1.000000	-0.006589	0.011651	-0.023081	-0.014547	0.047886	-0.085372	0.003853	-0.106588	-0.124340	0.250378	0.055381	0.013810	-0.004560	-0.092136	-0.424700	0.007861	0.019553	0.007874	-0.092489	0.154256	0.014235	0.020591	-0.063686	-0.222146	0.163343	0.009037	0.025669	0.028111	-0.057219	0.070686	-0.016343	0.025487	0.004405	-0.120964	0.099328	0.980196	0.972355	0.198031	0.233508	-0.490793	-0.562519	
1.871861	1.715248	0.420155	0.340416	0.363997	3.562975	-1.832912	0.672499	-1.752544	-1.934299	4.408827	0.578841	-0.000000	-0.000000	-0.006593	0.011649	-0.023081	-0.014546	0.047880	-0.086305	0.000704	-0.106239	-0.113314	0.228256	0.053335	0.010891	0.005530	-0.062092	-0.444244	0.012307	0.012902	-0.008505	-0.094360	0.171131	-0.000727	0.012820	-0.085502	-0.267266	0.146845	0.005513	0.033217	0.028926	-0.069196	0.105201	-0.016260	0.022944	-0.015251	-0.180063	0.107921	0.000000	0.000000	0.000000	0.000000	-0.000000	-0.000000	0.007828	1.000000	-0.006589	0.011651	-0.023081	-0.014547	0.047886	-0.085372	0.003853	-0.106588	-0.124340	0.250378	0.055381	0.013810	-0.004560	-0.092136	-0.424700	0.007861	0.019553	0.007874	-0.092489	0.154256	0.014235	0.020591	-0.063686	-0.222146	0.163343	0.009037	0.025669	0.028111	-0.057219	0.070686	-0.016343	0.025487	0.004405	-0.120964	0.099328	0.980196	0.972355	0.198031	0.233508	-0.490793	-0.562519	0.011734	1.000000	-0.006588	0.011651	-0.023081	-0.014547	0.047886	-0.082180	0.006551	-0.105276	-0.143024	0.266193	0.058019	0.017172	-0.008783	-0.127904	-0.394159	0.023818	0.013587	0.018933	-0.079042	0.095687	0.004215	0.019624	-0.010905	-0.108409	0.114044	0.007528	0.021520	0.028165	-0.025319	0.010699	-0.015525	0.009555	0.000137	-0.018884	0.062096	0.999189	0.991792	0.040277	0.127863	-0.494062	-0.658165	
1.816723	1.868669	0.463986	-0.228867	0.278443	2.266002	-0.150764	0.767089	-1.327490	-1.356811	3.940988	-2.009763	0.007828	1.000000	-0.006589	0.011651	-0.023081	-0.014547	0.047886	-0.085372	0.003853	-0.106588	-0.124340	0.250378	0.055381	0.013810	-0.004560	-0.092136	-0.424700	0.007861	0.019553	0.007874	-0.092489	0.154256	0.014235	0.020591	-0.063686	-0.222146	0.163343	0.009037	0.025669	0.028111	-0.057219	0.070686	-0.016343	0.025487	0.004405	-0.120964	0.099328	0.980196	0.972355	0.198031	0.233508	-0.490793	-0.562519	0.011734	1.000000	-0.006588	0.011651	-0.023081	-0.014547	0.047886	-0.082180	0.006551	-0.105276	-0.143024	0.266193	0.058019	0.017172	-0.008783	-0.127904	-0.394159	0.023818	0.013587	0.018933	-0.079042	0.095687	0.004215	0.019624	-0.010905	-0.108409	0.114044	0.007528	0.021520	0.028165	-0.025319	0.010699	-0.015525	0.009555	0.000137	-0.018884	0.062096	0.999189	0.991792	0.040277	0.127863	-0.494062	-0.658165	0.011734	1.000000	-0.006588	0.011651	-0.023081	-0.014547	0.047886	-0.078198	0.007898	-0.101306	-0.150445	0.270519	0.058547	0.019137	-0.010112	-0.136851	-0.378139	0.036580	0.011828	0.038883	-0.055712	0.009918	-0.012490	0.010337	0.001003	-0.009096	0.098296	0.009847	0.025278	0.029654	0.035538	-0.021117	-0.005966	-0.018695	-0.027544	0.056186	0.054758	0.990752	0.999442	-0.135688	-0.033416	-0.438442	-0.485426	
1.786646	1.870100	0.450914	-0.391535	0.274568	1.562960	0.281078	0.650554	-1.018546	-0.899362	3.036467	-2.939176	0.011734	1.000000	-0.006588	0.011651	-0.023081	-0.014547	0.047886	-0.082180	0.006551	-0.105276	-0.143024	0.266193	0.058019	0.017172	-0.008783	-0.127904	-0.394159	0.023818	0.013587	0.018933	-0.079042	0.095687	0.004215	0.019624	-0.010905	-0.108409	0.114044	0.007528	0.021520	0.028165	-0.025319	0.010699	-0.015525	0.009555	0.000137	-0.018884	0.062096	0.999189	0.991792	0.040277	0.127863	-0.494062	-0.658165	0.011734	1.000000	-0.006588	0.011651	-0.023081	-0.014547	0.047886	-0.078198	0.007898	-0.101306	-0.150445	0.270519	0.058547	0.019137	-0.010112	-0.136851	-0.378139	0.036580	0.011828	0.038883	-0.055712	0.009918	-0.012490	0.010337	0.001003	-0.009096	0.098296	0.009847	0.025278	0.029654	0.035538	-0.021117	-0.005966	-0.018695	-0.027544	0.056186	0.054758	0.990752	0.999442	-0.135688	-0.033416	-0.438442	-0.485426	0.019547	1.000000	-0.006588	0.011651	-0.023081	-0.014547	0.047886	-0.075293	0.009937	-0.095254	-0.148512	0.267434	0.058701	0.018698	-0.010208	-0.131104	-0.366817	0.003658	0.010488	0.047509	0.033164	-0.023087	0.000147	-0.005015	0.006382	0.073769	0.078924	0.013892	0.019812	0.027772	0.067548	-0.020290	0.005370	-0.038140	-0.047772	0.109471	0.013331	0.953217	0.978178	-0.302286	-0.207769	-0.454983	-0.439399	
1.800684	1.875061	0.448072	-0.353930	0.262482	1.444063	-0.634562	0.582193	-0.543674	-0.420602	2.289882	-2.660792	0.011734	1.000000	-0.006588	0.011651	-0.023081	-0.014547	0.047886	-0.078198	0.007898	-0.101306	-0.150445	0.270519	0.058547	0.019137	-0.010112	-0.136851	-0.378139	0.036580	0.011828	0.038883	-0.055712	0.009918	-0.012490	0.010337	0.001003	-0.009096	0.098296	0.009847	0.025278	0.029654	0.035538	-0.021117	-0.005966	-0.018695	-0.027544	0.056186	0.054758	0.990752	0.999442	-0.135688	-0.033416	-0.438442	-0.485426	0.019547	1.000000	-0.006588	0.011651	-0.023081	-0.014547	0.047886	-0.075293	0.009937	-0.095254	-0.148512	0.267434	0.058701	0.018698	-0.010208	-0.131104	-0.366817	0.003658	0.010488	0.047509	0.033164	-0.023087	0.000147	-0.005015	0.006382	0.073769	0.078924	0.013892	0.019812	0.027772	0.067548	-0.020290	0.005370	-0.038140	-0.047772	0.109471	0.013331	0.953217	0.978178	-0.302286	-0.207769	-0.454983	-0.439399	0.019547	1.000000	-0.006588	0.011651	-0.023081	-0.014547	0.047886	-0.074227	0.011459	-0.085198	-0.142382	0.264466	0.058853	0.016219	-0.010518	-0.109186	-0.361959	-0.006613	0.009308	0.031621	0.052520	-0.030226	-0.008360	-0.016089	0.011107	0.107878	0.016617	0.019590	0.012416	0.021835	0.084862	-0.013106	0.014976	-0.050940	-0.060952	0.133101	-0.035614	0.889074	0.926593	-0.457763	-0.376065	-0.464006	-0.438970	
1.842292	1.874571	0.405529	-0.254554	0.176989	1.235889	-1.313626	0.394577	-0.329939	0.132827	1.449869	-1.992120	0.019547	1.000000	-0.006588	0.011651	-0.023081	-0.014547	0.047886	-0.075293	0.009937	-0.095254	-0.148512	0.267434	0.058701	0.018698	-0.010208	-0.131104	-0.366817	0.003658	0.010488	0.047509	0.033164	-0.023087	0.000147	-0.005015	0.006382	0.073769	0.078924	0.013892	0.019812	0.027772	0.067548	-0.020290	0.005370	-0.038140	-0.047772	0.109471	0.013331	0.953217	0.978178	-0.302286	-0.207769	-0.454983	-0.439399	0.019547	1.000000	-0.006588	0.011651	-0.023081	-0.014547	0.047886	-0.074227	0.011459	-0.085198	-0.142382	0.264466	0.058853	0.016219	-0.010518	-0.109186	-0.361959	-0.006613	0.009308	0.031621	0.052520	-0.030226	-0.008360	-0.016089	0.011107	0.107878	0.016617	0.019590	0.012416	0.021835	0.084862	-0.013106	0.014976	-0.050940	-0.060952	0.133101	-0.035614	0.889074	0.926593	-0.457763	-0.376065	-0.464006	-0.438970	0.019547	1.000000	-0.006588	0.011651	-0.023081	-0.014547	0.047886	-0.074572	0.012224	-0.079649	-0.127682	0.262588	0.058593	0.011426	-0.009878	-0.090796	-0.363072	-0.005198	0.001861	0.033173	0.089003	-0.014887	-0.002232	-0.037436	0.012975	0.135368	-0.042657	0.026655	0.006343	0.020223	0.091821	-0.020746	0.023968	-0.054300	-0.067901	0.149054	-0.074408	0.799001	0.846061	-0.601330	-0.533085	-0.459795	-0.437482	
1.876737	1.872535	0.408473	-0.105873	-0.116562	0.818000	-1.878215	0.320028	-0.211138	0.338259	1.183786	-1.564387	0.019547	1.000000	-0.006588	0.011651	-0.023081	-0.014547	0.047886	-0.074227	0.011459	-0.085198	-0.142382	0.264466	0.058853	0.016219	-0.010518	-0.109186	-0.361959	-0.006613	0.009308	0.031621	0.052520	-0.030226	-0.008360	-0.016089	0.011107	0.107878	0.016617	0.019590	0.012416	0.021835	0.084862	-0.013106	0.014976	-0.050940	-0.060952	0.133101	-0.035614	0.889074	0.926593	-0.457763	-0.376065	-0.464006	-0.438970	0.019547	1.000000	-0.006588	0.011651	-0.023081	-0.014547	0.047886	-0.074572	0.012224	-0.079649	-0.127682	0.262588	0.058593	0.011426	-0.009878	-0.090796	-0.363072	-0.005198	0.001861	0.033173	0.089003	-0.014887	-0.002232	-0.037436	0.012975	0.135368	-0.042657	0.026655	0.006343	0.020223	0.091821	-0.020746	0.023968	-0.054300	-0.067901	0.149054	-0.074408	0.799001	0.846061	-0.601330	-0.533085	-0.459795	-0.437482	0.019547	1.000000	-0.006588	0.011651	-0.023081	-0.014547	0.047886	-0.074762	0.012353	-0.074613	-0.114515	0.260298	0.058565	0.008109	-0.009386	-0.071293	-0.372842	0.017277	-0.000977	0.028792	0.111147	-0.024520	-0.005807	-0.036197	0.001298	0.170221	-0.099533	0.032929	0.002395	0.017842	0.097195	-0.038163	0.029916	-0.055933	-0.066400	0.151302	-0.094523	0.683083	0.739182	-0.730340	-0.673505	-0.447312	-0.437629	
1.906109	1.881796	0.309242	-0.214512	-0.339732	0.340920	-1.664440	0.296002	-0.063335	0.433949	1.492355	-1.721412	0.019547	1.000000	-0.006588	0.011651	-0.023081	-0.014547	0.047886	-0.074572	0.012224	-0.079649	-0.127682	0.262588	0.058593	0.011426	-0.009878	-0.090796	-0.363072	-0.005198	0.001861	0.033173	0.089003	-0.014887	-0.002232	-0.037436	0.012975	0.135368	-0.042657	0.026655	0.006343	0.020223	0.091821	-0.020746	0.023968	-0.054300	-0.067901	0.149054	-0.074408	0.799001	0.846061	-0.601330	-0.533085	-0.459795	-0.437482	0.019547	1.000000	-0.006588	0.011651	-0.023081	-0.014547	0.047886	-0.074762	0.012353	-0.074613	-0.114515	0.260298	0.058565	0.008109	-0.009386	-0.071293	-0.372842	0.017277	-0.000977	0.028792	0.111147	-0.024520	-0.005807	-0.036197	0.001298	0.170221	-0.099533	0.032929	0.002395	0.017842	0.097195	-0.038163	0.029916	-0.055933	-0.066400	0.151302	-0.094523	0.683083	0.739182	-0.730340	-0.673505	-0.447312	-0.437629	0.023453	1.000000	-0.006588	0.011651	-0.023081	-0.014547	0.047886	-0.070438	0.012209	-0.070019	-0.100492	0.253297	0.055918	0.002841	-0.010015	-0.048393	-0.387834	0.034181	-0.001726	0.038124	0.115106	-0.053750	-0.025008	-0.037004	-0.012782	0.185571	-0.138721	0.034731	0.000951	0.011500	0.095441	-0.059333	0.037363	-0.053832	-0.060698	0.146158	-0.102995	0.543927	0.609464	-0.839133	-0.792813	-0.436979	-0.438240	
1.936532	1.886328	0.083140	-0.619918	-0.567976	-0.456087	-1.124796	0.366740	0.071564	0.425347	2.025761	-2.439489	0.019547	1.000000	-0.006588	0.011651	-0.023081	-0.014547	0.047886	-0.074762	0.012353	-0.074613	-0.114515	0.260298	0.058565	0.008109	-0.009386	-0.071293	-0.372842	0.017277	-0.000977	0.028792	0.111147	-0.024520	-0.005807	-0.036197	0.001298	0.170221	-0.099533	0.032929	0.002395	0.017842	0.097195	-0.038163	0.029916	-0.055933	-0.066400	0.151302	-0.094523	0.683083	0.739182	-0.730340	-0.673505	-0.447312	-0.437629	0.023453	1.000000	-0.006588	0.011651	-0.023081	-0.014547	0.047886	-0.070438	0.012209	-0.070019	-0.100492	0.253297	0.055918	0.002841	-0.010015	-0.048393	-0.387834	0.034181	-0.001726	0.038124	0.115106	-0.053750	-0.025008	-0.037004	-0.012782	0.185571	-0.138721	0.034731	0.000951	0.011500	0.095441	-0.059333	0.037363	-0.053832	-0.060698	0.146158	-0.102995	0.543927	0.609464	-0.839133	-0.792813	-0.436979	-0.438240	0.027359	1.000000	-0.006588	0.011651	-0.023081	-0.014547	0.047886	-0.067125	0.012067	-0.065514	-0.086177	0.244070	0.054540	-0.002946	-0.012176	-0.008747	-0.406754	0.037965	-0.001103	-0.000375	0.102590	-0.086334	0.010062	-0.036736	-0.030242	0.181523	-0.147874	0.036054	-0.002122	0.001902	0.086236	-0.075054	0.043177	-0.048994	-0.052032	0.128881	-0.109878	0.385357	0.460146	-0.922768	-0.887843	-0.428167	-0.435461	
1.950676	1.901534	-0.049541	-1.032891	-0.980198	-1.314620	-0.906157	0.435630	0.116899	0.108485	2.128086	-3.555742	0.023453	1.000000	-0.006588	0.011651	-0.023081	-0.014547	0.047886	-0.070438	0.012209	-0.070019	-0.100492	0.253297	0.055918	0.002841	-0.010015	-0.048393	-0.387834	0.034181	-0.001726	0.038124	0.115106	-0.053750	-0.025008	-0.037004	-0.012782	0.185571	-0.138721	0.034731	0.000951	0.011500	0.095441	-0.059333	0.037363	-0.053832	-0.060698	0.146158	-0.102995	0.543927	0.609464	-0.839133	-0.792813	-0.436979	-0.438240	0.027359	1.000000	-0.006588	0.011651	-0.023081	-0.014547	0.047886	-0.067125	0.012067	-0.065514	-0.086177	0.244070	0.054540	-0.002946	-0.012176	-0.008747	-0.406754	0.037965	-0.001103	-0.000375	0.102590	-0.086334	0.010062	-0.036736	-0.030242	0.181523	-0.147874	0.036054	-0.002122	0.001902	0.086236	-0.075054	0.043177	-0.048994	-0.052032	0.128881	-0.109878	0.385357	0.460146	-0.922768	-0.887843	-0.428167	-0.435461	0.031265	1.000000	-0.006588	0.011651	-0.023081	-0.014547	0.047886	-0.062004	0.011336	-0.065194	-0.064702	0.231489	0.056906	-0.008676	-0.014959	0.015758	-0.434771	0.030318	-0.012324	-0.011553	0.068885	-0.116114	0.027527	-0.027170	-0.026405	0.175535	-0.118778	0.032180	-0.010690	-0.006937	0.057920	-0.079345	0.046312	-0.042191	-0.042869	0.134763	-0.118453	0.211472	0.295881	-0.977384	-0.955225	-0.419041	-0.434102	
1.954745	1.915748	-0.206885	-1.012609	-1.213583	-1.966119	-0.446075	0.533579	0.351167	-0.147263	2.134142	-4.154840	0.027359	1.000000	-0.006588	0.011651	-0.023081	-0.014547	0.047886	-0.067125	0.012067	-0.065514	-0.086177	0.244070	0.054540	-0.002946	-0.012176	-0.008747	-0.406754	0.037965	-0.001103	-0.000375	0.102590	-0.086334	0.010062	-0.036736	-0.030242	0.181523	-0.147874	0.036054	-0.002122	0.001902	0.086236	-0.075054	0.043177	-0.048994	-0.052032	0.128881	-0.109878	0.385357	0.460146	-0.922768	-0.887843	-0.428167	-0.435461	0.031265	1.000000	-0.006588	0.011651	-0.023081	-0.014547	0.047886	-0.062004	0.011336	-0.065194	-0.064702	0.231489	0.056906	-0.008676	-0.014959	0.015758	-0.434771	0.030318	-0.012324	-0.011553	0.068885	-0.116114	0.027527	-0.027170	-0.026405	0.175535	-0.118778	0.032180	-0.010690	-0.006937	0.057920	-0.079345	0.046312	-0.042191	-0.042869	0.134763	-0.118453	0.211472	0.295881	-0.977384	-0.955225	-0.419041	-0.434102	0.031265	1.000000	-0.006588	0.011651	-0.023081	-0.014547	0.047886	-0.056617	0.010544	-0.068111	-0.054470	0.216977	0.062541	-0.012391	-0.018932	0.037598	-0.454842	0.019084	-0.010538	-0.031166	0.073540	-0.115951	0.028925	-0.018071	-0.042073	0.152602	-0.164026	0.026050	-0.025392	-0.018724	0.027967	-0.078426	0.047212	-0.036723	-0.037268	0.144846	-0.151722	0.029218	0.120854	-0.999573	-0.992670	-0.414797	-0.429540	
1.936870	1.907553	-0.306632	-0.539230	-1.299735	-2.397120	0.188591	0.715951	0.780602	-0.704346	2.006913	-4.239326	0.031265	1.000000	-0.006588	0.011651	-0.023081	-0.014547	0.047886	-0.062004	0.011336	-0.065194	-0.064702	0.231489	0.056906	-0.008676	-0.014959	0.015758	-0.434771	0.030318	-0.012324	-0.011553	0.068885	-0.116114	0.027527	-0.027170	-0.026405	0.175535	-0.118778	0.032180	-0.010690	-0.006937	0.057920	-0.079345	0.046312	-0.042191	-0.042869	0.134763	-0.118453	0.211472	0.295881	-0.977384	-0.955225	-0.419041	-0.434102	0.031265	1.000000	-0.006588	0.011651	-0.023081	-0.014547	0.047886	-0.056617	0.010544	-0.068111	-0.054470	0.216977	0.062541	-0.012391	-0.018932	0.037598	-0.454842	0.019084	-0.010538	-0.031166	0.073540	-0.115951	0.028925	-0.018071	-0.042073	0.152602	-0.164026	0.026050	-0.025392	-0.018724	0.027967	-0.078426	0.047212	-0.036723	-0.037268	0.144846	-0.151722	0.029218	0.120854	-0.999573	-0.992670	-0.414797	-0.429540	0.031265	1.000000	-0.006588	0.011651	-0.023081	-0.014547	0.047886	-0.051808	0.007671	-0.078945	-0.048619	0.194639	0.070429	-0.014951	-0.027748	0.057863	-0.474027	0.025289	-0.019084	-0.059649	0.026547	-0.100930	0.089435	-0.017278	-0.045385	0.095522	-0.148660	0.018137	-0.037713	-0.026100	-0.007386	-0.062782	0.047331	-0.028893	-0.030662	0.156603	-0.194880	-0.154449	-0.059430	-0.988001	-0.998232	-0.413576	-0.425275	
1.936015	1.912910	-0.422215	-0.208214	-1.211758	-2.724691	0.347115	0.718923	1.128717	-0.774987	1.567620	-4.504132	0.031265	1.000000	-0.006588	0.011651	-0.023081	-0.014547	0.047886	-0.056617	0.010544	-0.068111	-0.054470	0.216977	0.062541	-0.012391	-0.018932	0.037598	-0.454842	0.019084	-0.010538	-0.031166	0.073540	-0.115951	0.028925	-0.018071	-0.042073	0.152602	-0.164026	0.026050	-0.025392	-0.018724	0.027967	-0.078426	0.047212	-0.036723	-0.037268	0.144846	-0.151722	0.029218	0.120854	-0.999573	-0.992670	-0.414797	-0.429540	0.031265	1.000000	-0.006588	0.011651	-0.023081	-0.014547	0.047886	-0.051808	0.007671	-0.078945	-0.048619	0.194639	0.070429	-0.014951	-0.027748	0.057863	-0.474027	0.025289	-0.019084	-0.059649	0.026547	-0.100930	0.089435	-0.017278	-0.045385	0.095522	-0.148660	0.018137	-0.037713	-0.026100	-0.007386	-0.062782	0.047331	-0.028893	-0.030662	0.156603	-0.194880	-0.154449	-0.059430	-0.988001	-0.998232	-0.413576	-0.425275	0.031265	1.000000	-0.006588	0.011651	-0.023081	-0.014547	0.047886	-0.048253	0.002904	-0.089279	-0.047909	0.181375	0.077775	-0.016101	-0.032977	0.074857	-0.497953	0.028352	-0.030174	-0.080294	-0.007814	-0.098730	0.086064	-0.010568	-0.043273	0.090861	-0.223197	0.009982	-0.041035	-0.035262	-0.044052	-0.046688	0.050725	-0.016034	-0.035998	0.169713	-0.234544	-0.331238	-0.236972	-0.943547	-0.971517	-0.418939	-0.427734	
1.942846	1.898645	-0.326070	0.161585	-0.967583	-3.003283	0.562000	0.643353	0.833072	-0.835570	0.023209	-4.309784	0.031265	1.000000	-0.006588	0.011651	-0.023081	-0.014547	0.047886	-0.051808	0.007671	-0.078945	-0.048619	0.194639	0.070429	-0.014951	-0.027748	0.057863	-0.474027	0.025289	-0.019084	-0.059649	0.026547	-0.100930	0.089435	-0.017278	-0.045385	0.095522	-0.148660	0.018137	-0.037713	-0.026100	-0.007386	-0.062782	0.047331	-0.028893	-0.030662	0.156603	-0.194880	-0.154449	-0.059430	-0.988001	-0.998232	-0.413576	-0.425275	0.031265	1.000000	-0.006588	0.011651	-0.023081	-0.014547	0.047886	-0.048253	0.002904	-0.089279	-0.047909	0.181375	0.077775	-0.016101	-0.032977	0.074857	-0.497953	0.028352	-0.030174	-0.080294	-0.007814	-0.098730	0.086064	-0.010568	-0.043273	0.090861	-0.223197	0.009982	-0.041035	-0.035262	-0.044052	-0.046688	0.050725	-0.016034	-0.035998	0.169713	-0.234544	-0.331238	-0.236972	-0.943547	-0.971517	-0.418939	-0.427734	0.035172	1.000000	-0.006588	0.011651	-0.023081	-0.014547	0.047886	-0.045313	-0.001789	-0.101548	-0.053995	0.171500	0.089834	-0.016210	-0.038554	0.085308	-0.537877	0.013304	-0.026514	-0.088989	-0.070225	-0.069197	0.084680	-0.000243	-0.023869	0.093186	-0.205176	0.000705	-0.039466	-0.041179	-0.078858	-0.031604	0.049455	0.001015	-0.042052	0.182789	-0.262218	-0.497035	-0.407424	-0.867731	-0.913239	-0.419196	-0.426127	
1.946228	1.888892	-0.142025	0.812745	-0.855760	-3.048200	0.665462	0.402929	0.714859	-0.684946	-2.269377	-2.803152	0.031265	1.000000	-0.006588	0.011651	-0.023081	-0.014547	0.047886	-0.048253	0.002904	-0.089279	-0.047909	0.181375	0.077775	-0.016101	-0.032977	0.074857	-0.497953	0.028352	-0.030174	-0.080294	-0.007814	-0.098730	0.086064	-0.010568	-0.043273	0.090861	-0.223197	0.009982	-0.041035	-0.035262	-0.044052	-0.046688	0.050725	-0.016034	-0.035998	0.169713	-0.234544	-0.331238	-0.236972	-0.943547	-0.971517	-0.418939	-0.427734	0.035172	1.000000	-0.006588	0.011651	-0.023081	-0.014547	0.047886	-0.045313	-0.001789	-0.101548	-0.053995	0.171500	0.089834	-0.016210	-0.038554	0.085308	-0.537877	0.013304	-0.026514	-0.088989	-0.070225	-0.069197	0.084680	-0.000243	-0.023869	0.093186	-0.205176	0.000705	-0.039466	-0.041179	-0.078858	-0.031604	0.049455	0.001015	-0.042052	0.182789	-0.262218	-0.497035	-0.407424	-0.867731	-0.913239	-0.419196	-0.426127	0.035172	1.000000	-0.006588	0.011651	-0.023081	-0.014547	0.047886	-0.043634	-0.004546	-0.115658	-0.067523	0.163831	0.102521	-0.014237	-0.041124	0.090694	-0.570338	0.011450	-0.031383	-0.127197	-0.120785	-0.056472	0.055578	0.016959	0.011921	-0.002197	-0.283985	-0.005862	-0.034287	-0.041575	-0.110355	-0.015509	0.046413	0.011531	-0.052009	0.177751	-0.294369	-0.646654	-0.563386	-0.762784	-0.826194	-0.417146	-0.430406	
1.954508	1.875608	0.002138	1.180791	-0.487288	-2.760054	0.594809	0.125705	0.578156	-0.419891	-4.720984	-1.072044	0.035172	1.000000	-0.006588	0.011651	-0.023081	-0.014547	0.047886	-0.045313	-0.001789	-0.101548	-0.053995	0.171500	0.089834	-0.016210	-0.038554	0.085308	-0.537877	0.013304	-0.026514	-0.088989	-0.070225	-0.069197	0.084680	-0.000243	-0.023869	0.093186	-0.205176	0.000705	-0.039466	-0.041179	-0.078858	-0.031604	0.049455	0.001015	-0.042052	0.182789	-0.262218	-0.497035	-0.407424	-0.867731	-0.913239	-0.419196	-0.426127	0.035172	1.000000	-0.006588	0.011651	-0.023081	-0.014547	0.047886	-0.043634	-0.004546	-0.115658	-0.067523	0.163831	0.102521	-0.014237	-0.041124	0.090694	-0.570338	0.011450	-0.031383	-0.127197	-0.120785	-0.056472	0.055578	0.016959	0.011921	-0.002197	-0.283985	-0.005862	-0.034287	-0.041575	-0.110355	-0.015509	0.046413	0.011531	-0.052009	0.177751	-0.294369	-0.646654	-0.563386	-0.762784	-0.826194	-0.417146	-0.430406	0.035172	1.000000	-0.006588	0.011651	-0.023081	-0.014547	0.047886	-0.043153	-0.009564	-0.139394	-0.087507	0.155899	0.113540	-0.009868	-0.036767	0.092037	-0.608891	-0.015256	-0.011513	-0.089841	-0.174346	-0.064273	0.057204	0.028217	0.008171	-0.006501	-0.325715	-0.008474	-0.017076	-0.030678	-0.136104	0.002406	0.041440	0.017887	-0.066642	0.142360	-0.297872	-0.774961	-0.700814	-0.632009	-0.713344	-0.416132	-0.433333	
1.953774	1.808651	0.265342	1.325615	0.215940	-2.435053	1.546288	-0.273573	0.411090	-0.612313	-6.887277	1.779366	0.035172	1.000000	-0.006588	0.011651	-0.023081	-0.014547	0.047886	-0.043634	-0.004546	-0.115658	-0.067523	0.163831	0.102521	-0.014237	-0.041124	0.090694	-0.570338	0.011450	-0.031383	-0.127197	-0.120785	-0.056472	0.055578	0.016959	0.011921	-0.002197	-0.283985	-0.005862	-0.034287	-0.041575	-0.110355	-0.015509	0.046413	0.011531	-0.052009	0.177751	-0.294369	-0.646654	-0.563386	-0.762784	-0.826194	-0.417146	-0.430406	0.035172	1.000000	-0.006588	0.011651	-0.023081	-0.014547	0.047886	-0.043153	-0.009564	-0.139394	-0.087507	0.155899	0.113540	-0.009868	-0.036767	0.092037	-0.608891	-0.015256	-0.011513	-0.089841	-0.174346	-0.064273	0.057204	0.028217	0.008171	-0.006501	-0.325715	-0.008474	-0.017076	-0.030678	-0.136104	0.002406	0.041440	0.017887	-0.066642	0.142360	-0.297872	-0.774961	-0.700814	-0.632009	-0.713344	-0.416132	-0.433333	0.035172	1.000000	-0.006588	0.011651	-0.023081	-0.014547	0.047886	-0.043808	-0.011076	-0.153422	-0.106650	0.153828	0.123789	-0.005060	-0.035605	0.094633	-0.651498	-0.017927	-0.011271	-0.095876	-0.180400	0.001250	0.056320	0.030506	-0.005115	0.014704	-0.353967	-0.007786	0.002144	-0.023957	-0.158351	0.013397	0.033075	0.021749	-0.074101	0.068969	-0.271341	-0.877590	-0.815309	-0.479411	-0.579026	-0.413647	-0.437317	
1.952912	1.778647	0.337243	1.586136	0.903522	-2.236383	2.603119	-0.662489	0.440043	-1.096827	-8.529058	4.813018	0.035172	1.000000	-0.006588	0.011651	-0.023081	-0.014547	0.047886	-0.043153	-0.009564	-0.139394	-0.087507	0.155899	0.113540	-0.009868	-0.036767	0.092037	-0.608891	-0.015256	-0.011513	-0.089841	-0.174346	-0.064273	0.057204	0.028217	0.008171	-0.006501	-0.325715	-0.008474	-0.017076	-0.030678	-0.136104	0.002406	0.041440	0.017887	-0.066642	0.142360	-0.297872	-0.774961	-0.700814	-0.632009	-0.713344	-0.416132	-0.433333	0.035172	1.000000	-0.006588	0.011651	-0.023081	-0.014547	0.047886	-0.043808	-0.011076	-0.153422	-0.106650	0.153828	0.123789	-0.005060	-0.035605	0.094633	-0.651498	-0.017927	-0.011271	-0.095876	-0.180400	0.001250	0.056320	0.030506	-0.005115	0.014704	-0.353967	-0.007786	0.002144	-0.023957	-0.158351	0.013397	0.033075	0.021749	-0.074101	0.068969	-0.271341	-0.877590	-0.815309	-0.479411	-0.579026	-0.413647	-0.437317	0.035172	1.000000	-0.006588	0.011651	-0.023081	-0.014547	0.047886	-0.044521	-0.010369	-0.164225	-0.150028	0.154601	0.133279	-0.000035	-0.037699	0.092777	-0.724674	0.001348	0.006666	-0.079031	-0.213459	0.023506	0.045414	0.026082	-0.038200	-0.024702	-0.328875	-0.003096	0.021309	-0.009917	-0.151477	0.035804	0.019485	0.022887	-0.081186	-0.032422	-0.171490	-0.950500	-0.901673	-0.310724	-0.432419	-0.413868	-0.457405	
1.939610	1.725884	0.325484	1.533991	1.443043	-2.126788	3.541162	-0.973979	0.348492	-1.463591	-9.226807	6.391142	0.035172	1.000000	-0.006588	0.011651	-0.023081	-0.014547	0.047886	-0.043808	-0.011076	-0.153422	-0.106650	0.153828	0.123789	-0.005060	-0.035605	0.094633	-0.651498	-0.017927	-0.011271	-0.095876	-0.180400	0.001250	0.056320	0.030506	-0.005115	0.014704	-0.353967	-0.007786	0.002144	-0.023957	-0.158351	0.013397	0.033075	0.021749	-0.074101	0.068969	-0.271341	-0.877590	-0.815309	-0.479411	-0.579026	-0.413647	-0.437317	0.035172	1.000000	-0.006588	0.011651	-0.023081	-0.014547	0.047886	-0.044521	-0.010369	-0.164225	-0.150028	0.154601	0.133279	-0.000035	-0.037699	0.092777	-0.724674	0.001348	0.006666	-0.079031	-0.213459	0.023506	0.045414	0.026082	-0.038200	-0.024702	-0.328875	-0.003096	0.021309	-0.009917	-0.151477	0.035804	0.019485	0.022887	-0.081186	-0.032422	-0.171490	-0.950500	-0.901673	-0.310724	-0.432419	-0.413868	-0.457405	0.035172	1.000000	-0.006588	0.011651	-0.023081	-0.014547	0.047886	-0.043185	-0.008014	-0.171620	-0.182404	0.161784	0.139296	0.004330	-0.045751	0.083488	-0.763664	0.010255	0.015323	-0.060946	-0.210484	0.048065	0.031063	0.021685	-0.100134	-0.102274	-0.241916	0.000627	0.042746	0.011031	-0.152646	0.067669	0.003530	0.025122	-0.089586	-0.151069	-0.060305	-0.991314	-0.961182	-0.131515	-0.275914	-0.414126	-0.466406	
1.917951	1.778958	0.484978	1.095577	1.234498	-1.816689	3.705783	-1.155725	0.721344	-1.869493	-9.252881	6.125580	0.035172	1.000000	-0.006588	0.011651	-0.023081	-0.014547	0.047886	-0.044521	-0.010369	-0.164225	-0.150028	0.154601	0.133279	-0.000035	-0.037699	0.092777	-0.724674	0.001348	0.006666	-0.079031	-0.213459	0.023506	0.045414	0.026082	-0.038200	-0.024702	-0.328875	-0.003096	0.021309	-0.009917	-0.151477	0.035804	0.019485	0.022887	-0.081186	-0.032422	-0.171490	-0.950500	-0.901673	-0.310724	-0.432419	-0.413868	-0.457405	0.035172	1.000000	-0.006588	0.011651	-0.023081	-0.014547	0.047886	-0.043185	-0.008014	-0.171620	-0.182404	0.161784	0.139296	0.004330	-0.045751	0.083488	-0.763664	0.010255	0.015323	-0.060946	-0.210484	0.048065	0.031063	0.021685	-0.100134	-0.102274	-0.241916	0.000627	0.042746	0.011031	-0.152646	0.067669	0.003530	0.025122	-0.089586	-0.151069	-0.060305	-0.991314	-0.961182	-0.131515	-0.275914	-0.414126	-0.466406	0.035172	1.000000	-0.006588	0.011651	-0.023081	-0.014547	0.047886	-0.039089	-0.003068	-0.184368	-0.210544	0.172380	0.141178	0.008257	-0.073752	0.060377	-0.783022	0.034875	0.034684	-0.064720	-0.219958	0.091000	-0.014342	0.020547	-0.146458	-0.214022	-0.084562	0.001414	0.060815	0.045428	-0.156415	0.110200	-0.012965	0.026424	-0.083544	-0.266388	0.054939	-0.998703	-0.993181	0.050921	-0.116582	-0.418117	-0.482235	
1.773862	1.668088	0.381996	0.305201	0.765529	-0.704725	0.618839	-0.880426	0.016563	-1.362992	-8.684882	5.358848	0.035172	1.000000	-0.006588	0.011651	-0.023081	-0.014547	0.047886	-0.043185	-0.008014	-0.171620	-0.182404	0.161784	0.139296	0.004330	-0.045751	0.083488	-0.763664	0.010255	0.015323	-0.060946	-0.210484	0.048065	0.031063	0.021685	-0.100134	-0.102274	-0.241916	0.000627	0.042746	0.011031	-0.152646	0.067669	0.003530	0.025122	-0.089586	-0.151069	-0.060305	-0.991314	-0.961182	-0.131515	-0.275914	-0.414126	-0.466406	0.035172	1.000000	-0.006588	0.011651	-0.023081	-0.014547	0.047886	-0.039089	-0.003068	-0.184368	-0.210544	0.172380	0.141178	0.008257	-0.073752	0.060377	-0.783022	0.034875	0.034684	-0.064720	-0.219958	0.091000	-0.014342	0.020547	-0.146458	-0.214022	-0.084562	0.001414	0.060815	0.045428	-0.156415	0.110200	-0.012965	0.026424	-0.083544	-0.266388	0.054939	-0.998703	-0.993181	0.050921	-0.116582	-0.418117	-0.482235	0.031265	1.000000	-0.006588	0.011651	-0.023081	-0.014547	0.047886	-0.034974	0.003680	-0.189147	-0.235922	0.189161	0.140416	0.010488	-0.095734	0.010147	-0.780326	0.015003	0.039644	-0.028108	-0.174842	0.161248	-0.015742	0.022760	-0.166096	-0.325698	0.062034	0.004570	0.070491	0.068715	-0.158272	0.148976	-0.029529	0.035007	-0.089589	-0.354878	0.144077	-0.973298	-0.998714	0.229544	0.050704	-0.424615	-0.466312	
1.576530	1.565163	0.022630	0.076401	0.545341	0.267772	-2.691405	-0.586135	-0.762815	-1.036347	-7.329688	3.820663	0.035172	1.000000	-0.006588	0.011651	-0.023081	-0.014547	0.047886	-0.039089	-0.003068	-0.184368	-0.210544	0.172380	0.141178	0.008257	-0.073752	0.060377	-0.783022	0.034875	0.034684	-0.064720	-0.219958	0.091000	-0.014342	0.020547	-0.146458	-0.214022	-0.084562	0.001414	0.060815	0.045428	-0.156415	0.110200	-0.012965	0.026424	-0.083544	-0.266388	0.054939	-0.998703	-0.993181	0.050921	-0.116582	-0.418117	-0.482235	0.031265	1.000000	-0.006588	0.011651	-0.023081	-0.014547	0.047886	-0.034974	0.003680	-0.189147	-0.235922	0.189161	0.140416	0.010488	-0.095734	0.010147	-0.780326	0.015003	0.039644	-0.028108	-0.174842	0.161248	-0.015742	0.022760	-0.166096	-0.325698	0.062034	0.004570	0.070491	0.068715	-0.158272	0.148976	-0.029529	0.035007	-0.089589	-0.354878	0.144077	-0.973298	-0.998714	0.229544	0.050704	-0.424615	-0.466312	0.019547	1.000000	-0.006588	0.011651	-0.023081	-0.014547	0.047886	-0.030225	0.011541	-0.188964	-0.262420	0.210813	0.137186	0.014335	-0.120341	-0.043786	-0.754439	0.026626	0.044328	0.004168	-0.072620	0.154314	-0.035424	0.027867	-0.204003	-0.475404	0.194993	0.005551	0.067208	0.080014	-0.142345	0.136607	-0.039505	0.031409	-0.085427	-0.431218	0.198573	-0.921531	-0.978458	0.388305	0.206444	-0.467841	-0.499574	
1.485376	1.373474	-0.103886	0.001461	0.749727	0.994659	-3.944111	-0.286648	-1.083277	-0.534309	-4.722187	1.915857	0.031265	1.000000	-0.006588	0.011651	-0.023081	-0.014547	0.047886	-0.034974	0.003680	-0.189147	-0.235922	0.189161	0.140416	0.010488	-0.095734	0.010147	-0.780326	0.015003	0.039644	-0.028108	-0.174842	0.161248	-0.015742	0.022760	-0.166096	-0.325698	0.062034	0.004570	0.070491	0.068715	-0.158272	0.148976	-0.029529	0.035007	-0.089589	-0.354878	0.144077	-0.973298	-0.998714	0.229544	0.050704	-0.424615	-0.466312	0.019547	1.000000	-0.006588	0.011651	-0.023081	-0.014547	0.047886	-0.030225	0.011541	-0.188964	-0.262420	0.210813	0.137186	0.014335	-0.120341	-0.043786	-0.754439	0.026626	0.044328	0.004168	-0.072620	0.154314	-0.035424	0.027867	-0.204003	-0.475404	0.194993	0.005551	0.067208	0.080014	-0.142345	0.136607	-0.039505	0.031409	-0.085427	-0.431218	0.198573	-0.921531	-0.978458	0.388305	0.206444	-0.467841	-0.499574	0.019547	1.000000	-0.006588	0.011651	-0.023081	-0.014547	0.047886	-0.026997	0.018469	-0.186988	-0.274408	0.240298	0.130166	0.018416	-0.145158	-0.112297	-0.720205	0.002663	0.032466	0.022402	-0.077753	0.132334	-0.055189	0.021049	-0.193137	-0.610767	0.291342	0.002662	0.061426	0.086216	-0.126342	0.066767	-0.041274	0.015890	-0.076149	-0.472608	0.221626	-0.853924	-0.937509	0.520398	0.347960	-0.527041	-0.530451	
1.441689	1.060090	-0.214885	-0.266379	1.055914	1.059240	-4.299951	-0.062755	-1.298903	0.204498	-0.477468	-0.551135	0.019547	1.000000	-0.006588	0.011651	-0.023081	-0.014547	0.047886	-0.030225	0.011541	-0.188964	-0.262420	0.210813	0.137186	0.014335	-0.120341	-0.043786	-0.754439	0.026626	0.044328	0.004168	-0.072620	0.154314	-0.035424	0.027867	-0.204003	-0.475404	0.194993	0.005551	0.067208	0.080014	-0.142345	0.136607	-0.039505	0.031409	-0.085427	-0.431218	0.198573	-0.921531	-0.978458	0.388305	0.206444	-0.467841	-0.499574	0.019547	1.000000	-0.006588	0.011651	-0.023081	-0.014547	0.047886	-0.026997	0.018469	-0.186988	-0.274408	0.240298	0.130166	0.018416	-0.145158	-0.112297	-0.720205	0.002663	0.032466	0.022402	-0.077753	0.132334	-0.055189	0.021049	-0.193137	-0.610767	0.291342	0.002662	0.061426	0.086216	-0.126342	0.066767	-0.041274	0.015890	-0.076149	-0.472608	0.221626	-0.853924	-0.937509	0.520398	0.347960	-0.527041	-0.530451	0.011734	1.000000	-0.006588	0.011651	-0.023081	-0.014547	0.047886	-0.025601	0.023861	-0.175761	-0.282574	0.250509	0.120426	0.021155	-0.183419	-0.197003	-0.677057	0.015621	0.030466	0.075173	-0.074776	0.033473	-0.057863	0.013155	-0.148430	-0.681533	0.332383	-0.000293	0.056056	0.086235	-0.103257	-0.002605	-0.035834	-0.003098	-0.045903	-0.458735	0.207215	-0.772955	-0.884749	0.634460	0.466068	-0.554387	-0.587958	
1.481887	0.846202	-0.338579	-0.541349	1.154186	0.900917	-3.531459	0.161748	-1.211218	0.941830	2.764429	-2.153822	0.019547	1.000000	-0.006588	0.011651	-0.023081	-0.014547	0.047886	-0.026997	0.018469	-0.186988	-0.274408	0.240298	0.130166	0.018416	-0.145158	-0.112297	-0.720205	0.002663	0.032466	0.022402	-0.077753	0.132334	-0.055189	0.021049	-0.193137	-0.610767	0.291342	0.002662	0.061426	0.086216	-0.126342	0.066767	-0.041274	0.015890	-0.076149	-0.472608	0.221626	-0.853924	-0.937509	0.520398	0.347960	-0.527041	-0.530451	0.011734	1.000000	-0.006588	0.011651	-0.023081	-0.014547	0.047886	-0.025601	0.023861	-0.175761	-0.282574	0.250509	0.120426	0.021155	-0.183419	-0.197003	-0.677057	0.015621	0.030466	0.075173	-0.074776	0.033473	-0.057863	0.013155	-0.148430	-0.681533	0.332383	-0.000293	0.056056	0.086235	-0.103257	-0.002605	-0.035834	-0.003098	-0.045903	-0.458735	0.207215	-0.772955	-0.884749	0.634460	0.466068	-0.554387	-0.587958	0.000015	1.000000	-0.006588	0.011651	-0.023081	-0.014547	0.047886	-0.024352	0.026789	-0.163313	-0.288399	0.247607	0.112274	0.022422	-0.202364	-0.325904	-0.635954	0.003307	0.027590	0.104529	-0.057728	-0.049695	-0.032308	0.004689	-0.102084	-0.582176	0.301940	-0.004769	0.049127	0.089646	-0.081521	-0.064289	-0.028625	-0.023874	-0.023887	-0.337006	0.157835	-0.679755	-0.833776	0.733439	0.552104	-0.567493	-0.681973	
1.647357	0.929502	-0.214161	-0.559052	0.826713	0.993788	-2.117575	0.442190	-0.718995	1.090249	3.169355	-1.793573	0.011734	1.000000	-0.006588	0.011651	-0.023081	-0.014547	0.047886	-0.025601	0.023861	-0.175761	-0.282574	0.250509	0.120426	0.021155	-0.183419	-0.197003	-0.677057	0.015621	0.030466	0.075173	-0.074776	0.033473	-0.057863	0.013155	-0.148430	-0.681533	0.332383	-0.000293	0.056056	0.086235	-0.103257	-0.002605	-0.035834	-0.003098	-0.045903	-0.458735	0.207215	-0.772955	-0.884749	0.634460	0.466068	-0.554387	-0.587958	0.000015	1.000000	-0.006588	0.011651	-0.023081	-0.014547	0.047886	-0.024352	0.026789	-0.163313	-0.288399	0.247607	0.112274	0.022422	-0.202364	-0.325904	-0.635954	0.003307	0.027590	0.104529	-0.057728	-0.049695	-0.032308	0.004689	-0.102084	-0.582176	0.301940	-0.004769	0.049127	0.089646	-0.081521	-0.064289	-0.028625	-0.023874	-0.023887	-0.337006	0.157835	-0.679755	-0.833776	0.733439	0.552104	-0.567493	-0.681973	0.000015	1.000000	-0.006588	0.011651	-0.023081	-0.014547	0.047886	-0.024611	0.029741	-0.148367	-0.299645	0.233844	0.106718	0.021649	-0.210539	-0.400975	-0.581108	-0.007695	0.019044	0.122819	-0.038226	-0.138622	-0.028007	-0.008139	-0.028006	-0.483953	0.201535	-0.009582	0.038064	0.091992	-0.056779	-0.103431	-0.020645	-0.041247	-0.001602	-0.220521	0.070722	-0.571179	-0.787202	0.820826	0.616695	-0.555434	-0.746139	
1.789662	0.961119	-0.132900	-0.436696	0.497222	0.862924	-0.774141	0.486843	-0.265623	1.126530	2.814932	-0.501956	0.000015	1.000000	-0.006588	0.011651	-0.023081	-0.014547	0.047886	-0.024352	0.026789	-0.163313	-0.288399	0.247607	0.112274	0.022422	-0.202364	-0.325904	-0.635954	0.003307	0.027590	0.104529	-0.057728	-0.049695	-0.032308	0.004689	-0.102084	-0.582176	0.301940	-0.004769	0.049127	0.089646	-0.081521	-0.064289	-0.028625	-0.023874	-0.023887	-0.337006	0.157835	-0.679755	-0.833776	0.733439	0.552104	-0.567493	-0.681973	0.000015	1.000000	-0.006588	0.011651	-0.023081	-0.014547	0.047886	-0.024611	0.029741	-0.148367	-0.299645	0.233844	0.106718	0.021649	-0.210539	-0.400975	-0.581108	-0.007695	0.019044	0.122819	-0.038226	-0.138622	-0.028007	-0.008139	-0.028006	-0.483953	0.201535	-0.009582	0.038064	0.091992	-0.056779	-0.103431	-0.020645	-0.041247	-0.001602	-0.220521	0.070722	-0.571179	-0.787202	0.820826	0.616695	-0.555434	-0.746139	0.000015	1.000000	-0.006588	0.011651	-0.023081	-0.014547	0.047886	-0.026408	0.031439	-0.130620	-0.303761	0.201526	0.104177	0.018692	-0.209799	-0.452170	-0.558676	-0.021358	0.011792	0.137909	-0.022667	-0.170896	-0.020598	-0.021054	0.040471	-0.342920	0.087154	-0.010997	0.027984	0.086642	-0.037760	-0.102868	-0.011473	-0.049071	0.014008	-0.121798	0.021394	-0.437416	-0.730244	0.899259	0.683186	-0.505793	-0.721150	
1.894980	0.799024	-0.150063	-0.242860	0.325363	0.680038	-0.248090	0.422139	-0.164983	1.233984	2.840842	0.208083	0.000015	1.000000	-0.006588	0.011651	-0.023081	-0.014547	0.047886	-0.024611	0.029741	-0.148367	-0.299645	0.233844	0.106718	0.021649	-0.210539	-0.400975	-0.581108	-0.007695	0.019044	0.122819	-0.038226	-0.138622	-0.028007	-0.008139	-0.028006	-0.483953	0.201535	-0.009582	0.038064	0.091992	-0.056779	-0.103431	-0.020645	-0.041247	-0.001602	-0.220521	0.070722	-0.571179	-0.787202	0.820826	0.616695	-0.555434	-0.746139	0.000015	1.000000	-0.006588	0.011651	-0.023081	-0.014547	0.047886	-0.026408	0.031439	-0.130620	-0.303761	0.201526	0.104177	0.018692	-0.209799	-0.452170	-0.558676	-0.021358	0.011792	0.137909	-0.022667	-0.170896	-0.020598	-0.021054	0.040471	-0.342920	0.087154	-0.010997	0.027984	0.086642	-0.037760	-0.102868	-0.011473	-0.049071	0.014008	-0.121798	0.021394	-0.437416	-0.730244	0.899259	0.683186	-0.505793	-0.721150	0.000015	1.000000	-0.006588	0.011651	-0.023081	-0.014547	0.047886	-0.030499	0.032174	-0.101868	-0.305529	0.176355	0.102651	0.014215	-0.187380	-0.484776	-0.549561	-0.023074	0.002342	0.122667	-0.019017	-0.183196	-0.006247	-0.032814	0.159685	-0.216102	0.035586	-0.008903	0.020684	0.065364	-0.023020	-0.089334	-0.002629	-0.048588	0.008524	-0.046875	0.004734	-0.279891	-0.665301	0.960032	0.746575	-0.463101	-0.711664	
1.937586	0.648325	-0.209211	-0.094606	0.257685	0.489523	0.491596	0.265199	-0.099089	1.256773	2.980225	0.397748	0.000015	1.000000	-0.006588	0.011651	-0.023081	-0.014547	0.047886	-0.026408	0.031439	-0.130620	-0.303761	0.201526	0.104177	0.018692	-0.209799	-0.452170	-0.558676	-0.021358	0.011792	0.137909	-0.022667	-0.170896	-0.020598	-0.021054	0.040471	-0.342920	0.087154	-0.010997	0.027984	0.086642	-0.037760	-0.102868	-0.011473	-0.049071	0.014008	-0.121798	0.021394	-0.437416	-0.730244	0.899259	0.683186	-0.505793	-0.721150	0.000015	1.000000	-0.006588	0.011651	-0.023081	-0.014547	0.047886	-0.030499	0.032174	-0.101868	-0.305529	0.176355	0.102651	0.014215	-0.187380	-0.484776	-0.549561	-0.023074	0.002342	0.122667	-0.019017	-0.183196	-0.006247	-0.032814	0.159685	-0.216102	0.035586	-0.008903	0.020684	0.065364	-0.023020	-0.089334	-0.002629	-0.048588	0.008524	-0.046875	0.004734	-0.279891	-0.665301	0.960032	0.746575	-0.463101	-0.711664	0.000015	1.000000	-0.006588	0.011651	-0.023081	-0.014547	0.047886	-0.032553	0.032483	-0.085018	-0.307094	0.155011	0.102055	0.011090	-0.166830	-0.518803	-0.545872	-0.000214	0.000234	0.108232	-0.025631	-0.158254	-0.010745	-0.036782	0.145783	-0.081283	0.017517	-0.009097	0.016738	0.053387	-0.011271	-0.071706	0.004289	-0.047933	0.006452	0.029693	0.004161	-0.105185	-0.607346	0.994453	0.794437	-0.431506	-0.760293	
1.952028	0.505113	-0.153901	-0.046990	0.139531	0.258441	0.954133	0.316799	0.007587	1.088710	3.035320	-0.002171	0.000015	1.000000	-0.006588	0.011651	-0.023081	-0.014547	0.047886	-0.030499	0.032174	-0.101868	-0.305529	0.176355	0.102651	0.014215	-0.187380	-0.484776	-0.549561	-0.023074	0.002342	0.122667	-0.019017	-0.183196	-0.006247	-0.032814	0.159685	-0.216102	0.035586	-0.008903	0.020684	0.065364	-0.023020	-0.089334	-0.002629	-0.048588	0.008524	-0.046875	0.004734	-0.279891	-0.665301	0.960032	0.746575	-0.463101	-0.711664	0.000015	1.000000	-0.006588	0.011651	-0.023081	-0.014547	0.047886	-0.032553	0.032483	-0.085018	-0.307094	0.155011	0.102055	0.011090	-0.166830	-0.518803	-0.545872	-0.000214	0.000234	0.108232	-0.025631	-0.158254	-0.010745	-0.036782	0.145783	-0.081283	0.017517	-0.009097	0.016738	0.053387	-0.011271	-0.071706	0.004289	-0.047933	0.006452	0.029693	0.004161	-0.105185	-0.607346	0.994453	0.794437	-0.431506	-0.760293	0.000015	1.000000	-0.006588	0.011651	-0.023081	-0.014547	0.047886	-0.033134	0.032875	-0.072633	-0.310000	0.137099	0.100603	0.006240	-0.148834	-0.526189	-0.543123	-0.000021	0.003629	0.074334	-0.004657	-0.125749	-0.022361	-0.035783	0.122059	0.005830	0.004892	-0.011654	0.014926	0.044867	-0.001023	-0.046420	0.009718	-0.044570	0.007306	0.081778	0.007377	0.077132	-0.557707	0.997021	0.830038	-0.418724	-0.805503	
1.962855	0.426818	-0.001333	0.003375	-0.125086	0.172271	1.398020	0.447386	-0.071913	0.832426	2.777628	-0.052491	0.000015	1.000000	-0.006588	0.011651	-0.023081	-0.014547	0.047886	-0.032553	0.032483	-0.085018	-0.307094	0.155011	0.102055	0.011090	-0.166830	-0.518803	-0.545872	-0.000214	0.000234	0.108232	-0.025631	-0.158254	-0.010745	-0.036782	0.145783	-0.081283	0.017517	-0.009097	0.016738	0.053387	-0.011271	-0.071706	0.004289	-0.047933	0.006452	0.029693	0.004161	-0.105185	-0.607346	0.994453	0.794437	-0.431506	-0.760293	0.000015	1.000000	-0.006588	0.011651	-0.023081	-0.014547	0.047886	-0.033134	0.032875	-0.072633	-0.310000	0.137099	0.100603	0.006240	-0.148834	-0.526189	-0.543123	-0.000021	0.003629	0.074334	-0.004657	-0.125749	-0.022361	-0.035783	0.122059	0.005830	0.004892	-0.011654	0.014926	0.044867	-0.001023	-0.046420	0.009718	-0.044570	0.007306	0.081778	0.007377	0.077132	-0.557707	0.997021	0.830038	-0.418724	-0.805503	0.000015	1.000000	-0.006588	0.011651	-0.023081	-0.014547	0.047886	-0.033759	0.033390	-0.063298	-0.310557	0.117353	0.099585	0.000835	-0.133675	-0.520227	-0.540974	-0.007679	0.000945	0.065710	0.001628	-0.072946	-0.001538	-0.034171	0.098400	0.091662	0.016542	-0.013340	0.013706	0.037627	0.003414	-0.012348	0.015493	-0.039051	0.008494	0.121391	0.005195	0.258401	-0.517535	0.966038	0.855662	-0.414392	-0.848466	
1.965154	0.400088	0.081646	0.055623	-0.218628	-0.002615	1.711754	0.396925	-0.044528	0.646424	2.544023	0.227212	0.000015	1.000000	-0.006588	0.011651	-0.023081	-0.014547	0.047886	-0.033134	0.032875	-0.072633	-0.310000	0.137099	0.100603	0.006240	-0.148834	-0.526189	-0.543123	-0.000021	0.003629	0.074334	-0.004657	-0.125749	-0.022361	-0.035783	0.122059	0.005830	0.004892	-0.011654	0.014926	0.044867	-0.001023	-0.046420	0.009718	-0.044570	0.007306	0.081778	0.007377	0.077132	-0.557707	0.997021	0.830038	-0.418724	-0.805503	0.000015	1.000000	-0.006588	0.011651	-0.023081	-0.014547	0.047886	-0.033759	0.033390	-0.063298	-0.310557	0.117353	0.099585	0.000835	-0.133675	-0.520227	-0.540974	-0.007679	0.000945	0.065710	0.001628	-0.072946	-0.001538	-0.034171	0.098400	0.091662	0.016542	-0.013340	0.013706	0.037627	0.003414	-0.012348	0.015493	-0.039051	0.008494	0.121391	0.005195	0.258401	-0.517535	0.966038	0.855662	-0.414392	-0.848466	0.000015	1.000000	-0.006588	0.011651	-0.023081	-0.014547	0.047886	-0.035338	0.033816	-0.053337	-0.308924	0.109599	0.099406	-0.004188	-0.116200	-0.504204	-0.539526	-0.011935	0.001607	0.012852	0.031918	-0.020206	-0.003992	-0.033428	0.064627	0.158523	0.000956	-0.011781	0.013330	0.025794	0.004360	0.016334	0.022369	-0.035105	0.003481	0.146948	0.002962	0.431352	-0.482775	0.902184	0.875744	-0.411143	-0.871955	
1.966215	0.384537	0.232828	0.216495	-0.358494	0.200185	2.061734	0.365831	-0.066229	0.330401	2.399572	0.330123	0.000015	1.000000	-0.006588	0.011651	-0.023081	-0.014547	0.047886	-0.033759	0.033390	-0.063298	-0.310557	0.117353	0.099585	0.000835	-0.133675	-0.520227	-0.540974	-0.007679	0.000945	0.065710	0.001628	-0.072946	-0.001538	-0.034171	0.098400	0.091662	0.016542	-0.013340	0.013706	0.037627	0.003414	-0.012348	0.015493	-0.039051	0.008494	0.121391	0.005195	0.258401	-0.517535	0.966038	0.855662	-0.414392	-0.848466	0.000015	1.000000	-0.006588	0.011651	-0.023081	-0.014547	0.047886	-0.035338	0.033816	-0.053337	-0.308924	0.109599	0.099406	-0.004188	-0.116200	-0.504204	-0.539526	-0.011935	0.001607	0.012852	0.031918	-0.020206	-0.003992	-0.033428	0.064627	0.158523	0.000956	-0.011781	0.013330	0.025794	0.004360	0.016334	0.022369	-0.035105	0.003481	0.146948	0.002962	0.431352	-0.482775	0.902184	0.875744	-0.411143	-0.871955	0.000015	1.000000	-0.006588	0.011651	-0.023081	-0.014547	0.047886	-0.036041	0.033974	-0.051418	-0.305543	0.107466	0.100776	-0.008795	-0.106550	-0.466127	-0.539019	-0.004334	-0.000770	-0.007439	0.047510	-0.014932	0.016351	-0.024746	0.053922	0.180912	-0.003394	-0.009851	0.014008	0.020592	0.000940	0.044167	0.026959	-0.031166	0.003536	0.147068	0.005865	0.590256	-0.449387	0.807216	0.893337	-0.410454	-0.879974	
1.962633	0.396609	0.352608	0.373788	-0.441486	0.340807	2.424312	0.143709	0.170353	0.182707	2.079456	0.670618	0.000015	1.000000	-0.006588	0.011651	-0.023081	-0.014547	0.047886	-0.035338	0.033816	-0.053337	-0.308924	0.109599	0.099406	-0.004188	-0.116200	-0.504204	-0.539526	-0.011935	0.001607	0.012852	0.031918	-0.020206	-0.003992	-0.033428	0.064627	0.158523	0.000956	-0.011781	0.013330	0.025794	0.004360	0.016334	0.022369	-0.035105	0.003481	0.146948	0.002962	0.431352	-0.482775	0.902184	0.875744	-0.411143	-0.871955	0.000015	1.000000	-0.006588	0.011651	-0.023081	-0.014547	0.047886	-0.036041	0.033974	-0.051418	-0.305543	0.107466	0.100776	-0.008795	-0.106550	-0.466127	-0.539019	-0.004334	-0.000770	-0.007439	0.047510	-0.014932	0.016351	-0.024746	0.053922	0.180912	-0.003394	-0.009851	0.014008	0.020592	0.000940	0.044167	0.026959	-0.031166	0.003536	0.147068	0.005865	0.590256	-0.449387	0.807216	0.893337	-0.410454	-0.879974	0.000015	1.000000	-0.006588	0.011651	-0.023081	-0.014547	0.047886	-0.037224	0.034224	-0.052730	-0.296434	0.112565	0.105072	-0.012285	-0.099701	-0.436677	-0.538457	-0.016835	-0.000077	-0.022729	0.037554	0.031658	0.031646	-0.017247	0.045872	0.252246	-0.001386	-0.005179	0.017002	0.016532	-0.005169	0.069965	0.028145	-0.028668	0.001637	0.153578	0.010251	0.728763	-0.416753	0.684766	0.909020	-0.410135	-0.884639	
1.962826	0.427209	0.410347	0.426540	-0.341703	0.388690	2.924889	0.004004	0.253158	0.116806	1.681852	0.614944	0.000015	1.000000	-0.006588	0.011651	-0.023081	-0.014547	0.047886	-0.036041	0.033974	-0.051418	-0.305543	0.107466	0.100776	-0.008795	-0.106550	-0.466127	-0.539019	-0.004334	-0.000770	-0.007439	0.047510	-0.014932	0.016351	-0.024746	0.053922	0.180912	-0.003394	-0.009851	0.014008	0.020592	0.000940	0.044167	0.026959	-0.031166	0.003536	0.147068	0.005865	0.590256	-0.449387	0.807216	0.893337	-0.410454	-0.879974	0.000015	1.000000	-0.006588	0.011651	-0.023081	-0.014547	0.047886	-0.037224	0.034224	-0.052730	-0.296434	0.112565	0.105072	-0.012285	-0.099701	-0.436677	-0.538457	-0.016835	-0.000077	-0.022729	0.037554	0.031658	0.031646	-0.017247	0.045872	0.252246	-0.001386	-0.005179	0.017002	0.016532	-0.005169	0.069965	0.028145	-0.028668	0.001637	0.153578	0.010251	0.728763	-0.416753	0.684766	0.909020	-0.410135	-0.884639	0.000015	1.000000	-0.006588	0.011651	-0.023081	-0.014547	0.047886	-0.038163	0.034653	-0.054980	-0.291995	0.120588	0.111166	-0.013977	-0.094453	-0.403767	-0.537230	-0.003777	-0.000473	-0.008903	0.019459	0.063536	0.032826	-0.018824	0.027619	0.253098	0.007539	0.001048	0.022179	0.012160	-0.004497	0.098302	0.024206	-0.024422	-0.000870	0.151855	0.019081	0.842261	-0.382496	0.539071	0.923957	-0.411210	-0.881017	
1.958504	0.487200	0.441444	0.345926	-0.018049	0.355890	3.121047	-0.239715	0.256452	0.269137	1.565800	0.682199	0.000015	1.000000	-0.006588	0.011651	-0.023081	-0.014547	0.047886	-0.037224	0.034224	-0.052730	-0.296434	0.112565	0.105072	-0.012285	-0.099701	-0.436677	-0.538457	-0.016835	-0.000077	-0.022729	0.037554	0.031658	0.031646	-0.017247	0.045872	0.252246	-0.001386	-0.005179	0.017002	0.016532	-0.005169	0.069965	0.028145	-0.028668	0.001637	0.153578	0.010251	0.728763	-0.416753	0.684766	0.909020	-0.410135	-0.884639	0.000015	1.000000	-0.006588	0.011651	-0.023081	-0.014547	0.047886	-0.038163	0.034653	-0.054980	-0.291995	0.120588	0.111166	-0.013977	-0.094453	-0.403767	-0.537230	-0.003777	-0.000473	-0.008903	0.019459	0.063536	0.032826	-0.018824	0.027619	0.253098	0.007539	0.001048	0.022179	0.012160	-0.004497	0.098302	0.024206	-0.024422	-0.000870	0.151855	0.019081	0.842261	-0.382496	0.539071	0.923957	-0.411210	-0.881017	0.000015	1.000000	-0.006588	0.011651	-0.023081	-0.014547	0.047886	-0.038279	0.035337	-0.056230	-0.288005	0.133147	0.116650	-0.015987	-0.091683	-0.371618	-0.535361	0.003112	0.002046	-0.008916	0.030212	0.104412	0.037830	-0.011072	0.004507	0.263652	0.009478	0.007331	0.027906	0.008274	-0.002644	0.129705	0.018782	-0.018606	-0.001884	0.144985	0.026455	0.927184	-0.344918	0.374606	0.938633	-0.411152	-0.871837	
1.957761	0.526031	0.569476	0.260591	0.047984	0.542603	2.744673	-0.311489	0.360865	0.233044	1.685392	0.919836	0.000015	1.000000	-0.006588	0.011651	-0.023081	-0.014547	0.047886	-0.038163	0.034653	-0.054980	-0.291995	0.120588	0.111166	-0.013977	-0.094453	-0.403767	-0.537230	-0.003777	-0.000473	-0.008903	0.019459	0.063536	0.032826	-0.018824	0.027619	0.253098	0.007539	0.001048	0.022179	0.012160	-0.004497	0.098302	0.024206	-0.024422	-0.000870	0.151855	0.019081	0.842261	-0.382496	0.539071	0.923957	-0.411210	-0.881017	0.000015	1.000000	-0.006588	0.011651	-0.023081	-0.014547	0.047886	-0.038279	0.035337	-0.056230	-0.288005	0.133147	0.116650	-0.015987	-0.091683	-0.371618	-0.535361	0.003112	0.002046	-0.008916	0.030212	0.104412	0.037830	-0.011072	0.004507	0.263652	0.009478	0.007331	0.027906	0.008274	-0.002644	0.129705	0.018782	-0.018606	-0.001884	0.144985	0.026455	0.927184	-0.344918	0.374606	0.938633	-0.411152	-0.871837	0.000015	1.000000	-0.006588	0.011651	-0.023081	-0.014547	0.047886	-0.037478	0.036362	-0.058297	-0.279598	0.150804	0.119904	-0.017173	-0.091154	-0.316625	-0.532394	0.005197	0.004625	-0.029856	0.043152	0.146886	0.029606	-0.007040	0.000102	0.231556	0.032703	0.013147	0.032066	0.010071	-0.005717	0.158829	0.011936	-0.013577	0.001620	0.113461	0.033714	0.980161	-0.301502	0.198201	0.953465	-0.412449	-0.853840	
1.957521	0.598733	0.654043	0.147915	0.059209	0.770786	2.144446	-0.413432	0.374421	0.291710	1.971917	1.086645	0.000015	1.000000	-0.006588	0.011651	-0.023081	-0.014547	0.047886	-0.038279	0.035337	-0.056230	-0.288005	0.133147	0.116650	-0.015987	-0.091683	-0.371618	-0.535361	0.003112	0.002046	-0.008916	0.030212	0.104412	0.037830	-0.011072	0.004507	0.263652	0.009478	0.007331	0.027906	0.008274	-0.002644	0.129705	0.018782	-0.018606	-0.001884	0.144985	0.026455	0.927184	-0.344918	0.374606	0.938633	-0.411152	-0.871837	0.000015	1.000000	-0.006588	0.011651	-0.023081	-0.014547	0.047886	-0.037478	0.036362	-0.058297	-0.279598	0.150804	0.119904	-0.017173	-0.091154	-0.316625	-0.532394	0.005197	0.004625	-0.029856	0.043152	0.146886	0.029606	-0.007040	0.000102	0.231556	0.032703	0.013147	0.032066	0.010071	-0.005717	0.158829	0.011936	-0.013577	0.001620	0.113461	0.033714	0.980161	-0.301502	0.198201	0.953465	-0.412449	-0.853840	0.000015	1.000000	-0.006588	0.011651	-0.023081	-0.014547	0.047886	-0.035694	0.037908	-0.060213	-0.273652	0.184022	0.123559	-0.017749	-0.090393	-0.284397	-0.525185	0.005754	0.010699	-0.020434	0.050029	0.160904	0.022503	-0.001867	0.005245	0.209851	0.035375	0.019900	0.034426	0.012706	-0.003530	0.166754	0.003611	-0.007591	0.004353	0.106497	0.040293	0.999886	-0.253913	0.015130	0.967227	-0.412672	-0.842191	
1.955541	0.696366	0.654352	0.009441	0.151715	0.824591	1.705341	-0.526177	0.413466	0.471518	2.054690	1.238791	0.000015	1.000000	-0.006588	0.011651	-0.023081	-0.014547	0.047886	-0.037478	0.036362	-0.058297	-0.279598	0.150804	0.119904	-0.017173	-0.091154	-0.316625	-0.532394	0.005197	0.004625	-0.029856	0.043152	0.146886	0.029606	-0.007040	0.000102	0.231556	0.032703	0.013147	0.032066	0.010071	-0.005717	0.158829	0.011936	-0.013577	0.001620	0.113461	0.033714	0.980161	-0.301502	0.198201	0.953465	-0.412449	-0.853840	0.000015	1.000000	-0.006588	0.011651	-0.023081	-0.014547	0.047886	-0.035694	0.037908	-0.060213	-0.273652	0.184022	0.123559	-0.017749	-0.090393	-0.284397	-0.525185	0.005754	0.010699	-0.020434	0.050029	0.160904	0.022503	-0.001867	0.005245	0.209851	0.035375	0.019900	0.034426	0.012706	-0.003530	0.166754	0.003611	-0.007591	0.004353	0.106497	0.040293	0.999886	-0.253913	0.015130	0.967227	-0.412672	-0.842191	0.000015	1.000000	-0.006588	0.011651	-0.023081	-0.014547	0.047886	-0.033398	0.038953	-0.060790	-0.265895	0.209907	0.125357	-0.017784	-0.088545	-0.257111	-0.517806	0.009997	0.012120	-0.006231	0.071655	0.190921	0.006089	-0.000768	0.016577	0.210821	0.059023	0.027418	0.035601	0.014172	0.000279	0.173046	-0.004390	-0.001938	0.006882	0.108800	0.049219	0.985682	-0.198940	-0.168614	0.980012	-0.412744	-0.820380	
1.950946	0.813930	0.670692	-0.058781	0.241938	0.927964	1.373104	-0.536752	0.405128	0.624689	2.208292	0.964042	0.000015	1.000000	-0.006588	0.011651	-0.023081	-0.014547	0.047886	-0.035694	0.037908	-0.060213	-0.273652	0.184022	0.123559	-0.017749	-0.090393	-0.284397	-0.525185	0.005754	0.010699	-0.020434	0.050029	0.160904	0.022503	-0.001867	0.005245	0.209851	0.035375	0.019900	0.034426	0.012706	-0.003530	0.166754	0.003611	-0.007591	0.004353	0.106497	0.040293	0.999886	-0.253913	0.015130	0.967227	-0.412672	-0.842191	0.000015	1.000000	-0.006588	0.011651	-0.023081	-0.014547	0.047886	-0.033398	0.038953	-0.060790	-0.265895	0.209907	0.125357	-0.017784	-0.088545	-0.257111	-0.517806	0.009997	0.012120	-0.006231	0.071655	0.190921	0.006089	-0.000768	0.016577	0.210821	0.059023	0.027418	0.035601	0.014172	0.000279	0.173046	-0.004390	-0.001938	0.006882	0.108800	0.049219	0.985682	-0.198940	-0.168614	0.980012	-0.412744	-0.820380	0.000015	1.000000	-0.006588	0.011651	-0.023081	-0.014547	0.047886	-0.030177	0.040931	-0.058797	-0.256468	0.235876	0.125789	-0.017524	-0.084831	-0.230813	-0.509229	0.022635	0.013193	0.009148	0.078005	0.196365	-0.000438	-0.000891	0.022247	0.211267	0.063830	0.034003	0.033765	0.014452	0.003209	0.172633	-0.012708	0.003998	0.010234	0.113293	0.059207	0.938147	-0.134299	-0.346236	0.990941	-0.413338	-0.791090	
1.947546	0.964446	0.658213	-0.098071	0.197491	1.109423	0.481504	-0.418892	0.425749	0.526936	2.550402	0.526104	0.000015	1.000000	-0.006588	0.011651	-0.023081	-0.014547	0.047886	-0.033398	0.038953	-0.060790	-0.265895	0.209907	0.125357	-0.017784	-0.088545	-0.257111	-0.517806	0.009997	0.012120	-0.006231	0.071655	0.190921	0.006089	-0.000768	0.016577	0.210821	0.059023	0.027418	0.035601	0.014172	0.000279	0.173046	-0.004390	-0.001938	0.006882	0.108800	0.049219	0.985682	-0.198940	-0.168614	0.980012	-0.412744	-0.820380	0.000015	1.000000	-0.006588	0.011651	-0.023081	-0.014547	0.047886	-0.030177	0.040931	-0.058797	-0.256468	0.235876	0.125789	-0.017524	-0.084831	-0.230813	-0.509229	0.022635	0.013193	0.009148	0.078005	0.196365	-0.000438	-0.000891	0.022247	0.211267	0.063830	0.034003	0.033765	0.014452	0.003209	0.172633	-0.012708	0.003998	0.010234	0.113293	0.059207	0.938147	-0.134299	-0.346236	0.990941	-0.413338	-0.791090	0.000015	1.000000	-0.006588	0.011651	-0.023081	-0.014547	0.047886	-0.027763	0.043128	-0.056121	-0.239776	0.261305	0.125197	-0.016761	-0.081640	-0.190657	-0.499687	0.027040	0.011439	0.022899	0.067473	0.193420	-0.001091	0.003633	0.026303	0.175020	0.080712	0.041659	0.030685	0.015408	0.000449	0.167820	-0.020174	0.009318	0.016423	0.106292	0.064138	0.858940	-0.057891	-0.512076	0.998323	-0.414716	-0.755821	
1.948439	1.149561	0.534609	-0.104772	0.235953	1.132598	0.053822	-0.345943	0.379468	0.692053	2.547608	-0.083806	0.000015	1.000000	-0.006588	0.011651	-0.023081	-0.014547	0.047886	-0.030177	0.040931	-0.058797	-0.256468	0.235876	0.125789	-0.017524	-0.084831	-0.230813	-0.509229	0.022635	0.013193	0.009148	0.078005	0.196365	-0.000438	-0.000891	0.022247	0.211267	0.063830	0.034003	0.033765	0.014452	0.003209	0.172633	-0.012708	0.003998	0.010234	0.113293	0.059207	0.938147	-0.134299	-0.346236	0.990941	-0.413338	-0.791090	0.000015	1.000000	-0.006588	0.011651	-0.023081	-0.014547	0.047886	-0.027763	0.043128	-0.056121	-0.239776	0.261305	0.125197	-0.016761	-0.081640	-0.190657	-0.499687	0.027040	0.011439	0.022899	0.067473	0.193420	-0.001091	0.003633	0.026303	0.175020	0.080712	0.041659	0.030685	0.015408	0.000449	0.167820	-0.020174	0.009318	0.016423	0.106292	0.064138	0.858940	-0.057891	-0.512076	0.998323	-0.414716	-0.755821	0.000015	1.000000	-0.006588	0.011651	-0.023081	-0.014547	0.047886	-0.022507	0.044827	-0.052750	-0.229240	0.300924	0.123285	-0.015373	-0.076713	-0.164547	-0.482075	0.034460	0.008705	0.030556	0.068514	0.156485	-0.015463	0.012461	0.034735	0.178374	0.082400	0.046266	0.027516	0.014997	0.006538	0.135417	-0.024540	0.014309	0.019392	0.118401	0.054410	0.751167	0.032877	-0.660113	0.999459	-0.415736	-0.710666	
1.954308	1.443682	0.383086	-0.151089	0.247969	1.516887	-0.738587	-0.150596	0.190807	0.716833	2.565703	-1.053764	0.000015	1.000000	-0.006588	0.011651	-0.023081	-0.014547	0.047886	-0.027763	0.043128	-0.056121	-0.239776	0.261305	0.125197	-0.016761	-0.081640	-0.190657	-0.499687	0.027040	0.011439	0.022899	0.067473	0.193420	-0.001091	0.003633	0.026303	0.175020	0.080712	0.041659	0.030685	0.015408	0.000449	0.167820	-0.020174	0.009318	0.016423	0.106292	0.064138	0.858940	-0.057891	-0.512076	0.998323	-0.414716	-0.755821	0.000015	1.000000	-0.006588	0.011651	-0.023081	-0.014547	0.047886	-0.022507	0.044827	-0.052750	-0.229240	0.300924	0.123285	-0.015373	-0.076713	-0.164547	-0.482075	0.034460	0.008705	0.030556	0.068514	0.156485	-0.015463	0.012461	0.034735	0.178374	0.082400	0.046266	0.027516	0.014997	0.006538	0.135417	-0.024540	0.014309	0.019392	0.118401	0.054410	0.751167	0.032877	-0.660113	0.999459	-0.415736	-0.710666	0.000015	1.000000	-0.006588	0.011651	-0.023081	-0.014547	0.047886	-0.015276	0.045781	-0.048828	-0.219547	0.324308	0.119874	-0.014134	-0.070105	-0.140375	-0.470507	0.043926	0.002964	0.032717	0.078738	0.152093	-0.024229	0.012297	0.055469	0.199996	0.071751	0.047061	0.024989	0.014618	0.013851	0.112840	-0.026322	0.018768	0.023175	0.132478	0.041584	0.617862	0.140858	-0.786287	0.990030	-0.415468	-0.655132	
1.953584	1.747775	0.281134	-0.190357	0.115454	2.407857	-2.154145	0.146714	-0.135757	0.566465	2.651028	-1.970907	0.000015	1.000000	-0.006588	0.011651	-0.023081	-0.014547	0.047886	-0.022507	0.044827	-0.052750	-0.229240	0.300924	0.123285	-0.015373	-0.076713	-0.164547	-0.482075	0.034460	0.008705	0.030556	0.068514	0.156485	-0.015463	0.012461	0.034735	0.178374	0.082400	0.046266	0.027516	0.014997	0.006538	0.135417	-0.024540	0.014309	0.019392	0.118401	0.054410	0.751167	0.032877	-0.660113	0.999459	-0.415736	-0.710666	0.000015	1.000000	-0.006588	0.011651	-0.023081	-0.014547	0.047886	-0.015276	0.045781	-0.048828	-0.219547	0.324308	0.119874	-0.014134	-0.070105	-0.140375	-0.470507	0.043926	0.002964	0.032717	0.078738	0.152093	-0.024229	0.012297	0.055469	0.199996	0.071751	0.047061	0.024989	0.014618	0.013851	0.112840	-0.026322	0.018768	0.023175	0.132478	0.041584	0.617862	0.140858	-0.786287	0.990030	-0.415468	-0.655132	0.000015	1.000000	-0.006588	0.011651	-0.023081	-0.014547	0.047886	-0.007480	0.046222	-0.041962	-0.209709	0.342750	0.115290	-0.011277	-0.056570	-0.113512	-0.461432	0.040336	0.000762	0.026652	0.069989	0.132810	-0.030340	0.020539	0.073595	0.217513	0.063009	0.045005	0.022285	0.011466	0.026737	0.083333	-0.023994	0.018769	0.020378	0.144052	0.016723	0.463609	0.273682	-0.886040	0.961820	-0.413708	-0.566895	
1.952991	1.882923	0.114489	-0.294588	-0.060028	3.122843	-3.426955	0.384016	-0.475578	0.338431	2.551764	-2.747698	0.000015	1.000000	-0.006588	0.011651	-0.023081	-0.014547	0.047886	-0.015276	0.045781	-0.048828	-0.219547	0.324308	0.119874	-0.014134	-0.070105	-0.140375	-0.470507	0.043926	0.002964	0.032717	0.078738	0.152093	-0.024229	0.012297	0.055469	0.199996	0.071751	0.047061	0.024989	0.014618	0.013851	0.112840	-0.026322	0.018768	0.023175	0.132478	0.041584	0.617862	0.140858	-0.786287	0.990030	-0.415468	-0.655132	0.000015	1.000000	-0.006588	0.011651	-0.023081	-0.014547	0.047886	-0.007480	0.046222	-0.041962	-0.209709	0.342750	0.115290	-0.011277	-0.056570	-0.113512	-0.461432	0.040336	0.000762	0.026652	0.069989	0.132810	-0.030340	0.020539	0.073595	0.217513	0.063009	0.045005	0.022285	0.011466	0.026737	0.083333	-0.023994	0.018769	0.020378	0.144052	0.016723	0.463609	0.273682	-0.886040	0.961820	-0.413708	-0.566895	0.000015	1.000000	-0.006588	0.011651	-0.023081	-0.014547	0.047886	0.000476	0.046302	-0.037680	-0.197078	0.356398	0.112410	-0.008298	-0.045381	-0.068712	-0.456951	0.044862	-0.000738	0.032676	0.060041	0.091798	-0.031998	0.013453	0.074709	0.194139	0.026890	0.041266	0.019348	0.008917	0.050234	0.037364	-0.018913	0.013754	0.017689	0.139028	-0.017329	0.293508	0.427736	-0.955957	0.903904	-0.413925	-0.475667	
1.958741	1.958356	-0.089617	-0.496550	-0.384042	4.025489	-5.053806	0.488443	-0.812851	0.065170	2.244805	-2.605114	0.000015	1.000000	-0.006588	0.011651	-0.023081	-0.014547	0.047886	-0.007480	0.046222	-0.041962	-0.209709	0.342750	0.115290	-0.011277	-0.056570	-0.113512	-0.461432	0.040336	0.000762	0.026652	0.069989	0.132810	-0.030340	0.020539	0.073595	0.217513	0.063009	0.045005	0.022285	0.011466	0.026737	0.083333	-0.023994	0.018769	0.020378	0.144052	0.016723	0.463609	0.273682	-0.886040	0.961820	-0.413708	-0.566895	0.000015	1.000000	-0.006588	0.011651	-0.023081	-0.014547	0.047886	0.000476	0.046302	-0.037680	-0.197078	0.356398	0.112410	-0.008298	-0.045381	-0.068712	-0.456951	0.044862	-0.000738	0.032676	0.060041	0.091798	-0.031998	0.013453	0.074709	0.194139	0.026890	0.041266	0.019348	0.008917	0.050234	0.037364	-0.018913	0.013754	0.017689	0.139028	-0.017329	0.293508	0.427736	-0.955957	0.903904	-0.413925	-0.475667	0.000015	1.000000	-0.006588	0.011651	-0.023081	-0.014547	0.047886	0.007884	0.046181	-0.034255	-0.186337	0.370978	0.109193	-0.006063	-0.035680	-0.040462	-0.455207	0.037289	-0.002749	0.024903	0.082078	0.031513	-0.015065	0.010535	0.070982	0.170864	-0.022436	0.035575	0.015053	0.004592	0.086310	-0.028592	-0.009939	0.004389	0.013061	0.149034	-0.060267	0.113681	0.580509	-0.993517	0.814254	-0.414103	-0.435123	
1.956314	1.977430	-0.486497	-0.730598	-0.662716	4.209122	-6.058391	0.371743	-0.830662	0.215980	1.443626	-1.234646	0.000015	1.000000	-0.006588	0.011651	-0.023081	-0.014547	0.047886	0.000476	0.046302	-0.037680	-0.197078	0.356398	0.112410	-0.008298	-0.045381	-0.068712	-0.456951	0.044862	-0.000738	0.032676	0.060041	0.091798	-0.031998	0.013453	0.074709	0.194139	0.026890	0.041266	0.019348	0.008917	0.050234	0.037364	-0.018913	0.013754	0.017689	0.139028	-0.017329	0.293508	0.427736	-0.955957	0.903904	-0.413925	-0.475667	0.000015	1.000000	-0.006588	0.011651	-0.023081	-0.014547	0.047886	0.007884	0.046181	-0.034255	-0.186337	0.370978	0.109193	-0.006063	-0.035680	-0.040462	-0.455207	0.037289	-0.002749	0.024903	0.082078	0.031513	-0.015065	0.010535	0.070982	0.170864	-0.022436	0.035575	0.015053	0.004592	0.086310	-0.028592	-0.009939	0.004389	0.013061	0.149034	-0.060267	0.113681	0.580509	-0.993517	0.814254	-0.414103	-0.435123	0.000015	1.000000	-0.006588	0.011651	-0.023081	-0.014547	0.047886	0.013945	0.046133	-0.031317	-0.174132	0.371350	0.107410	-0.004194	-0.026809	-0.014407	-0.462031	0.028854	-0.001554	0.016449	0.076605	-0.040120	-0.016163	0.011988	0.070610	0.215298	-0.081458	0.028168	0.007646	-0.004113	0.134548	-0.104847	-0.000822	-0.009685	0.005168	0.156685	-0.092559	-0.070805	0.720213	-0.997490	0.693753	-0.412378	-0.412493	
1.956407	1.967882	-1.097271	-0.927632	-0.774361	2.154976	-5.779621	-0.041739	-0.535992	0.305960	0.136316	1.221827	0.000015	1.000000	-0.006588	0.011651	-0.023081	-0.014547	0.047886	0.007884	0.046181	-0.034255	-0.186337	0.370978	0.109193	-0.006063	-0.035680	-0.040462	-0.455207	0.037289	-0.002749	0.024903	0.082078	0.031513	-0.015065	0.010535	0.070982	0.170864	-0.022436	0.035575	0.015053	0.004592	0.086310	-0.028592	-0.009939	0.004389	0.013061	0.149034	-0.060267	0.113681	0.580509	-0.993517	0.814254	-0.414103	-0.435123	0.000015	1.000000	-0.006588	0.011651	-0.023081	-0.014547	0.047886	0.013945	0.046133	-0.031317	-0.174132	0.371350	0.107410	-0.004194	-0.026809	-0.014407	-0.462031	0.028854	-0.001554	0.016449	0.076605	-0.040120	-0.016163	0.011988	0.070610	0.215298	-0.081458	0.028168	0.007646	-0.004113	0.134548	-0.104847	-0.000822	-0.009685	0.005168	0.156685	-0.092559	-0.070805	0.720213	-0.997490	0.693753	-0.412378	-0.412493	0.000015	1.000000	-0.006588	0.011651	-0.023081	-0.014547	0.047886	0.017024	0.045468	-0.028233	-0.158023	0.357514	0.107538	-0.003376	-0.012457	0.013608	-0.476167	-0.000604	-0.005855	0.003739	0.131542	-0.164535	0.006061	0.003990	0.058010	0.215553	-0.128538	0.017799	-0.002639	-0.017129	0.181521	-0.181808	0.004621	-0.022952	-0.005946	0.150306	-0.096926	-0.252325	0.836199	-0.967642	0.548426	-0.413106	-0.406771	
1.951267	1.945935	-1.371511	-0.770921	-1.241394	-0.851562	-5.166264	-0.100258	-0.233640	-0.074014	-0.815552	3.489779	0.000015	1.000000	-0.006588	0.011651	-0.023081	-0.014547	0.047886	0.013945	0.046133	-0.031317	-0.174132	0.371350	0.107410	-0.004194	-0.026809	-0.014407	-0.462031	0.028854	-0.001554	0.016449	0.076605	-0.040120	-0.016163	0.011988	0.070610	0.215298	-0.081458	0.028168	0.007646	-0.004113	0.134548	-0.104847	-0.000822	-0.009685	0.005168	0.156685	-0.092559	-0.070805	0.720213	-0.997490	0.693753	-0.412378	-0.412493	0.000015	1.000000	-0.006588	0.011651	-0.023081	-0.014547	0.047886	0.017024	0.045468	-0.028233	-0.158023	0.357514	0.107538	-0.003376	-0.012457	0.013608	-0.476167	-0.000604	-0.005855	0.003739	0.131542	-0.164535	0.006061	0.003990	0.058010	0.215553	-0.128538	0.017799	-0.002639	-0.017129	0.181521	-0.181808	0.004621	-0.022952	-0.005946	0.150306	-0.096926	-0.252325	0.836199	-0.967642	0.548426	-0.413106	-0.406771	0.000015	1.000000	-0.006588	0.011651	-0.023081	-0.014547	0.047886	0.017542	0.044334	-0.029336	-0.122837	0.328332	0.109527	-0.003778	-0.004449	0.052653	-0.491426	-0.003550	-0.007448	-0.018470	0.199850	-0.286202	0.017007	-0.002044	0.039650	0.048774	-0.110913	0.000809	-0.015430	-0.027649	0.178684	-0.239384	0.002006	-0.030596	-0.009362	0.113307	-0.063326	-0.425582	0.923044	-0.904920	0.384694	-0.413078	-0.409635	
1.946776	1.937830	-1.307021	-0.513581	-1.607664	-2.247374	-4.140565	-0.291250	0.023523	-0.022985	-0.730408	3.989622	0.000015	1.000000	-0.006588	0.011651	-0.023081	-0.014547	0.047886	0.017024	0.045468	-0.028233	-0.158023	0.357514	0.107538	-0.003376	-0.012457	0.013608	-0.476167	-0.000604	-0.005855	0.003739	0.131542	-0.164535	0.006061	0.003990	0.058010	0.215553	-0.128538	0.017799	-0.002639	-0.017129	0.181521	-0.181808	0.004621	-0.022952	-0.005946	0.150306	-0.096926	-0.252325	0.836199	-0.967642	0.548426	-0.413106	-0.406771	0.000015	1.000000	-0.006588	0.011651	-0.023081	-0.014547	0.047886	0.017542	0.044334	-0.029336	-0.122837	0.328332	0.109527	-0.003778	-0.004449	0.052653	-0.491426	-0.003550	-0.007448	-0.018470	0.199850	-0.286202	0.017007	-0.002044	0.039650	0.048774	-0.110913	0.000809	-0.015430	-0.027649	0.178684	-0.239384	0.002006	-0.030596	-0.009362	0.113307	-0.063326	-0.425582	0.923044	-0.904920	0.384694	-0.413078	-0.409635	0.000015	1.000000	-0.006588	0.011651	-0.023081	-0.014547	0.047886	0.016701	0.042589	-0.032998	-0.092754	0.267655	0.112542	-0.005353	0.000109	0.065987	-0.503348	0.001390	-0.011679	-0.033603	0.217498	-0.333614	0.015659	-0.013465	0.020366	0.064899	-0.049128	-0.018928	-0.025251	-0.042613	0.135823	-0.256222	-0.002513	-0.032527	-0.015030	0.087736	0.000956	-0.583926	0.977732	-0.811807	0.209855	-0.414620	-0.416219	
1.925157	1.880239	-1.076385	-0.353720	-1.527341	-2.289647	-2.184417	-0.136236	-0.107986	-0.171360	-0.542498	3.549711	0.000015	1.000000	-0.006588	0.011651	-0.023081	-0.014547	0.047886	0.017542	0.044334	-0.029336	-0.122837	0.328332	0.109527	-0.003778	-0.004449	0.052653	-0.491426	-0.003550	-0.007448	-0.018470	0.199850	-0.286202	0.017007	-0.002044	0.039650	0.048774	-0.110913	0.000809	-0.015430	-0.027649	0.178684	-0.239384	0.002006	-0.030596	-0.009362	0.113307	-0.063326	-0.425582	0.923044	-0.904920	0.384694	-0.413078	-0.409635	0.000015	1.000000	-0.006588	0.011651	-0.023081	-0.014547	0.047886	0.016701	0.042589	-0.032998	-0.092754	0.267655	0.112542	-0.005353	0.000109	0.065987	-0.503348	0.001390	-0.011679	-0.033603	0.217498	-0.333614	0.015659	-0.013465	0.020366	0.064899	-0.049128	-0.018928	-0.025251	-0.042613	0.135823	-0.256222	-0.002513	-0.032527	-0.015030	0.087736	0.000956	-0.583926	0.977732	-0.811807	0.209855	-0.414620	-0.416219	0.000015	1.000000	-0.006588	0.011651	-0.023081	-0.014547	0.047886	0.013916	0.039792	-0.039910	-0.068005	0.217400	0.112636	-0.006459	0.002402	0.073065	-0.503090	-0.022893	-0.018267	-0.066523	0.167965	-0.388257	-0.008205	-0.011234	0.007969	0.042084	0.032775	-0.035719	-0.030147	-0.059781	0.077413	-0.267985	-0.006970	-0.031068	-0.017667	0.069718	0.060455	-0.722054	0.999578	-0.691837	0.029055	-0.415967	-0.418651	
1.877918	1.809586	-0.881132	-0.360519	-1.446564	-1.856818	0.037956	0.138577	-0.160860	-0.578176	-0.216245	1.995650	0.000015	1.000000	-0.006588	0.011651	-0.023081	-0.014547	0.047886	0.016701	0.042589	-0.032998	-0.092754	0.267655	0.112542	-0.005353	0.000109	0.065987	-0.503348	0.001390	-0.011679	-0.033603	0.217498	-0.333614	0.015659	-0.013465	0.020366	0.064899	-0.049128	-0.018928	-0.025251	-0.042613	0.135823	-0.256222	-0.002513	-0.032527	-0.015030	0.087736	0.000956	-0.583926	0.977732	-0.811807	0.209855	-0.414620	-0.416219	0.000015	1.000000	-0.006588	0.011651	-0.023081	-0.014547	0.047886	0.013916	0.039792	-0.039910	-0.068005	0.217400	0.112636	-0.006459	0.002402	0.073065	-0.503090	-0.022893	-0.018267	-0.066523	0.167965	-0.388257	-0.008205	-0.011234	0.007969	0.042084	0.032775	-0.035719	-0.030147	-0.059781	0.077413	-0.267985	-0.006970	-0.031068	-0.017667	0.069718	0.060455	-0.722054	0.999578	-0.691837	0.029055	-0.415967	-0.418651	-0.011703	1.000000	-0.009100	0.012831	-0.057636	-0.019979	0.025196	0.007809	0.035848	-0.061940	-0.052513	0.165280	0.111201	-0.007569	0.002424	0.077800	-0.491310	-0.031253	-0.027068	-0.157055	0.103339	-0.414310	-0.005008	-0.004613	-0.000948	0.037360	0.116691	-0.045764	-0.031510	-0.060669	0.027565	-0.248641	-0.007579	-0.031579	-0.020261	0.056843	0.101938	-0.835075	0.989037	-0.550136	-0.147667	-0.422453	-0.435928	
1.785886	1.687372	-0.564964	-0.234188	-1.196110	-1.387985	1.886108	0.374487	-0.230320	-0.909411	-0.014286	0.498590	0.000015	1.000000	-0.006588	0.011651	-0.023081	-0.014547	0.047886	0.013916	0.039792	-0.039910	-0.068005	0.217400	0.112636	-0.006459	0.002402	0.073065	-0.503090	-0.022893	-0.018267	-0.066523	0.167965	-0.388257	-0.008205	-0.011234	0.007969	0.042084	0.032775	-0.035719	-0.030147	-0.059781	0.077413	-0.267985	-0.006970	-0.031068	-0.017667	0.069718	0.060455	-0.722054	0.999578	-0.691837	0.029055	-0.415967	-0.418651	-0.011703	1.000000	-0.009100	0.012831	-0.057636	-0.019979	0.025196	0.007809	0.035848	-0.061940	-0.052513	0.165280	0.111201	-0.007569	0.002424	0.077800	-0.491310	-0.031253	-0.027068	-0.157055	0.103339	-0.414310	-0.005008	-0.004613	-0.000948	0.037360	0.116691	-0.045764	-0.031510	-0.060669	0.027565	-0.248641	-0.007579	-0.031579	-0.020261	0.056843	0.101938	-0.835075	0.989037	-0.550136	-0.147667	-0.422453	-0.435928	-0.019516	1.000000	-0.009602	0.013067	-0.061091	-0.020523	0.022927	0.000214	0.031271	-0.084933	-0.040667	0.115985	0.110526	-0.008437	0.001920	0.091203	-0.470827	-0.043256	-0.028879	-0.183557	0.025339	-0.383415	-0.011319	-0.006161	-0.004980	0.039679	0.171843	-0.051412	-0.032352	-0.059418	-0.012189	-0.198776	-0.004821	-0.033128	-0.028446	0.040189	0.111450	-0.919030	0.949518	-0.394188	-0.313711	-0.436624	-0.457124	
1.688491	1.585194	-0.239356	-0.143103	-0.827037	-0.834646	3.327537	0.516810	-0.310242	-1.008939	0.122728	-0.904518	-0.011703	1.000000	-0.009100	0.012831	-0.057636	-0.019979	0.025196	0.007809	0.035848	-0.061940	-0.052513	0.165280	0.111201	-0.007569	0.002424	0.077800	-0.491310	-0.031253	-0.027068	-0.157055	0.103339	-0.414310	-0.005008	-0.004613	-0.000948	0.037360	0.116691	-0.045764	-0.031510	-0.060669	0.027565	-0.248641	-0.007579	-0.031579	-0.020261	0.056843	0.101938	-0.835075	0.989037	-0.550136	-0.147667	-0.422453	-0.435928	-0.019516	1.000000	-0.009602	0.013067	-0.061091	-0.020523	0.022927	0.000214	0.031271	-0.084933	-0.040667	0.115985	0.110526	-0.008437	0.001920	0.091203	-0.470827	-0.043256	-0.028879	-0.183557	0.025339	-0.383415	-0.011319	-0.006161	-0.004980	0.039679	0.171843	-0.051412	-0.032352	-0.059418	-0.012189	-0.198776	-0.004821	-0.033128	-0.028446	0.040189	0.111450	-0.919030	0.949518	-0.394188	-0.313711	-0.436624	-0.457124	-0.019516	1.000000	-0.009703	0.013115	-0.061437	-0.020577	0.022700	-0.009156	0.026413	-0.107949	-0.037425	0.048111	0.110754	-0.009669	-0.000871	0.096986	-0.437311	-0.057368	-0.031038	-0.175738	-0.007586	-0.256095	0.000962	-0.011434	-0.038884	0.039562	0.165494	-0.050477	-0.030991	-0.054261	-0.036155	-0.102741	0.000542	-0.035335	-0.039234	0.034194	0.085378	-0.971896	0.888193	-0.235412	-0.459470	-0.464234	-0.493788	
1.537853	1.554190	0.085968	-0.054871	-0.383783	-0.254919	4.137630	0.504545	-0.408108	-1.049319	-0.064306	-1.314476	-0.019516	1.000000	-0.009602	0.013067	-0.061091	-0.020523	0.022927	0.000214	0.031271	-0.084933	-0.040667	0.115985	0.110526	-0.008437	0.001920	0.091203	-0.470827	-0.043256	-0.028879	-0.183557	0.025339	-0.383415	-0.011319	-0.006161	-0.004980	0.039679	0.171843	-0.051412	-0.032352	-0.059418	-0.012189	-0.198776	-0.004821	-0.033128	-0.028446	0.040189	0.111450	-0.919030	0.949518	-0.394188	-0.313711	-0.436624	-0.457124	-0.019516	1.000000	-0.009703	0.013115	-0.061437	-0.020577	0.022700	-0.009156	0.026413	-0.107949	-0.037425	0.048111	0.110754	-0.009669	-0.000871	0.096986	-0.437311	-0.057368	-0.031038	-0.175738	-0.007586	-0.256095	0.000962	-0.011434	-0.038884	0.039562	0.165494	-0.050477	-0.030991	-0.054261	-0.036155	-0.102741	0.000542	-0.035335	-0.039234	0.034194	0.085378	-0.971896	0.888193	-0.235412	-0.459470	-0.464234	-0.493788	-0.023422	1.000000	-0.009723	0.013124	-0.061471	-0.020583	0.022678	-0.018349	0.023551	-0.131454	-0.040121	0.018591	0.111624	-0.011030	-0.007245	0.102141	-0.416043	-0.053545	-0.030788	-0.185774	-0.025884	-0.143210	0.003586	-0.007192	-0.053790	0.049321	0.135895	-0.044882	-0.030280	-0.043186	-0.046004	-0.023207	0.007440	-0.038637	-0.048024	0.030883	0.050516	-0.996945	0.809733	-0.078108	-0.586798	-0.493453	-0.524442	
1.383839	1.554038	0.449873	0.192069	-0.029143	0.250242	4.443874	0.396085	-0.351377	-0.949158	-0.188078	-1.889584	-0.019516	1.000000	-0.009703	0.013115	-0.061437	-0.020577	0.022700	-0.009156	0.026413	-0.107949	-0.037425	0.048111	0.110754	-0.009669	-0.000871	0.096986	-0.437311	-0.057368	-0.031038	-0.175738	-0.007586	-0.256095	0.000962	-0.011434	-0.038884	0.039562	0.165494	-0.050477	-0.030991	-0.054261	-0.036155	-0.102741	0.000542	-0.035335	-0.039234	0.034194	0.085378	-0.971896	0.888193	-0.235412	-0.459470	-0.464234	-0.493788	-0.023422	1.000000	-0.009723	0.013124	-0.061471	-0.020583	0.022678	-0.018349	0.023551	-0.131454	-0.040121	0.018591	0.111624	-0.011030	-0.007245	0.102141	-0.416043	-0.053545	-0.030788	-0.185774	-0.025884	-0.143210	0.003586	-0.007192	-0.053790	0.049321	0.135895	-0.044882	-0.030280	-0.043186	-0.046004	-0.023207	0.007440	-0.038637	-0.048024	0.030883	0.050516	-0.996945	0.809733	-0.078108	-0.586798	-0.493453	-0.524442	-0.031235	1.000000	-0.009727	0.013126	-0.061475	-0.020583	0.022675	-0.026367	0.018560	-0.165769	-0.044392	0.008228	0.113179	-0.012966	-0.017535	0.108188	-0.402436	-0.056652	-0.030531	-0.137923	-0.031901	-0.025488	0.000010	-0.013049	-0.054932	0.045063	0.086872	-0.035574	-0.026112	-0.014628	-0.045556	0.049220	0.013453	-0.042822	-0.053474	0.023871	0.017191	-0.997773	0.715416	0.066702	-0.698699	-0.538644	-0.533743	
1.344576	1.550101	0.576677	0.419072	0.093780	0.389076	3.859824	0.277787	-0.328025	-0.972565	0.004753	-1.613022	-0.023422	1.000000	-0.009723	0.013124	-0.061471	-0.020583	0.022678	-0.018349	0.023551	-0.131454	-0.040121	0.018591	0.111624	-0.011030	-0.007245	0.102141	-0.416043	-0.053545	-0.030788	-0.185774	-0.025884	-0.143210	0.003586	-0.007192	-0.053790	0.049321	0.135895	-0.044882	-0.030280	-0.043186	-0.046004	-0.023207	0.007440	-0.038637	-0.048024	0.030883	0.050516	-0.996945	0.809733	-0.078108	-0.586798	-0.493453	-0.524442	-0.031235	1.000000	-0.009727	0.013126	-0.061475	-0.020583	0.022675	-0.026367	0.018560	-0.165769	-0.044392	0.008228	0.113179	-0.012966	-0.017535	0.108188	-0.402436	-0.056652	-0.030531	-0.137923	-0.031901	-0.025488	0.000010	-0.013049	-0.054932	0.045063	0.086872	-0.035574	-0.026112	-0.014628	-0.045556	0.049220	0.013453	-0.042822	-0.053474	0.023871	0.017191	-0.997773	0.715416	0.066702	-0.698699	-0.538644	-0.533743	-0.039047	1.000000	-0.009728	0.013126	-0.061475	-0.020583	0.022675	-0.031218	0.014654	-0.182882	-0.052541	0.012674	0.113902	-0.015478	-0.025821	0.112815	-0.395401	-0.053124	-0.024689	-0.084981	-0.052394	0.079807	-0.018843	-0.016659	-0.052952	-0.005265	0.036255	-0.023970	-0.019323	0.002048	-0.033651	0.111485	0.018676	-0.045586	-0.059437	0.016421	-0.018211	-0.980603	0.605693	0.196003	-0.795698	-0.584848	-0.533789	
1.380860	1.555070	0.514713	0.369578	0.213119	-0.010212	2.417837	-0.076633	-0.149426	-0.769506	0.168080	-1.134905	-0.031235	1.000000	-0.009727	0.013126	-0.061475	-0.020583	0.022675	-0.026367	0.018560	-0.165769	-0.044392	0.008228	0.113179	-0.012966	-0.017535	0.108188	-0.402436	-0.056652	-0.030531	-0.137923	-0.031901	-0.025488	0.000010	-0.013049	-0.054932	0.045063	0.086872	-0.035574	-0.026112	-0.014628	-0.045556	0.049220	0.013453	-0.042822	-0.053474	0.023871	0.017191	-0.997773	0.715416	0.066702	-0.698699	-0.538644	-0.533743	-0.039047	1.000000	-0.009728	0.013126	-0.061475	-0.020583	0.022675	-0.031218	0.014654	-0.182882	-0.052541	0.012674	0.113902	-0.015478	-0.025821	0.112815	-0.395401	-0.053124	-0.024689	-0.084981	-0.052394	0.079807	-0.018843	-0.016659	-0.052952	-0.005265	0.036255	-0.023970	-0.019323	0.002048	-0.033651	0.111485	0.018676	-0.045586	-0.059437	0.016421	-0.018211	-0.980603	0.605693	0.196003	-0.795698	-0.584848	-0.533789	-0.046860	1.000000	-0.009728	0.013126	-0.061475	-0.020583	0.022675	-0.036066	0.011547	-0.191079	-0.058872	0.034719	0.113053	-0.018630	-0.034021	0.113280	-0.392128	-0.024156	-0.018986	-0.043743	-0.044323	0.160478	-0.007119	-0.020975	-0.061478	-0.012740	-0.003703	-0.010470	-0.009927	0.011652	-0.021482	0.147353	0.023692	-0.047355	-0.065829	0.016028	-0.045686	-0.947958	0.483374	0.318396	-0.875414	-0.596627	-0.534970	
1.439254	1.565406	0.354985	0.255660	0.250598	-0.396048	0.779339	-0.275493	0.089764	-0.696374	0.414234	-0.916286	-0.039047	1.000000	-0.009728	0.013126	-0.061475	-0.020583	0.022675	-0.031218	0.014654	-0.182882	-0.052541	0.012674	0.113902	-0.015478	-0.025821	0.112815	-0.395401	-0.053124	-0.024689	-0.084981	-0.052394	0.079807	-0.018843	-0.016659	-0.052952	-0.005265	0.036255	-0.023970	-0.019323	0.002048	-0.033651	0.111485	0.018676	-0.045586	-0.059437	0.016421	-0.018211	-0.980603	0.605693	0.196003	-0.795698	-0.584848	-0.533789	-0.046860	1.000000	-0.009728	0.013126	-0.061475	-0.020583	0.022675	-0.036066	0.011547	-0.191079	-0.058872	0.034719	0.113053	-0.018630	-0.034021	0.113280	-0.392128	-0.024156	-0.018986	-0.043743	-0.044323	0.160478	-0.007119	-0.020975	-0.061478	-0.012740	-0.003703	-0.010470	-0.009927	0.011652	-0.021482	0.147353	0.023692	-0.047355	-0.065829	0.016028	-0.045686	-0.947958	0.483374	0.318396	-0.875414	-0.596627	-0.534970	-0.046860	1.000000	-0.009728	0.013126	-0.061475	-0.020583	0.022675	-0.038077	0.009608	-0.194754	-0.063531	0.061084	0.113296	-0.020577	-0.041889	0.111967	-0.395811	0.002470	-0.008994	-0.015541	-0.043167	0.228915	-0.003504	-0.021988	-0.052560	-0.013488	-0.050272	-0.000743	-0.002449	0.018521	-0.016977	0.157230	0.022302	-0.047648	-0.069495	0.019860	-0.059014	-0.898663	0.350449	0.438640	-0.936582	-0.585742	-0.533479	
1.442663	1.641647	0.226347	0.206558	0.323631	-0.338634	0.257558	-0.343143	0.285236	-0.613959	0.689792	-1.635888	-0.046860	1.000000	-0.009728	0.013126	-0.061475	-0.020583	0.022675	-0.036066	0.011547	-0.191079	-0.058872	0.034719	0.113053	-0.018630	-0.034021	0.113280	-0.392128	-0.024156	-0.018986	-0.043743	-0.044323	0.160478	-0.007119	-0.020975	-0.061478	-0.012740	-0.003703	-0.010470	-0.009927	0.011652	-0.021482	0.147353	0.023692	-0.047355	-0.065829	0.016028	-0.045686	-0.947958	0.483374	0.318396	-0.875414	-0.596627	-0.534970	-0.046860	1.000000	-0.009728	0.013126	-0.061475	-0.020583	0.022675	-0.038077	0.009608	-0.194754	-0.063531	0.061084	0.113296	-0.020577	-0.041889	0.111967	-0.395811	0.002470	-0.008994	-0.015541	-0.043167	0.228915	-0.003504	-0.021988	-0.052560	-0.013488	-0.050272	-0.000743	-0.002449	0.018521	-0.016977	0.157230	0.022302	-0.047648	-0.069495	0.019860	-0.059014	-0.898663	0.350449	0.438640	-0.936582	-0.585742	-0.533479	-0.046860	1.000000	-0.009728	0.013126	-0.061475	-0.020583	0.022675	-0.037874	0.008647	-0.195562	-0.066789	0.090881	0.114895	-0.023479	-0.052163	0.111171	-0.403187	0.001992	-0.003924	0.011358	-0.040260	0.252160	0.000348	-0.019182	-0.049225	-0.004140	-0.068190	0.004379	0.002348	0.023089	-0.019661	0.139125	0.016569	-0.043400	-0.069670	0.026870	-0.065385	-0.831070	0.208924	0.556167	-0.977932	-0.568224	-0.530378	
1.404755	1.734963	0.115880	0.041630	0.331751	-0.161659	-0.020335	-0.380314	0.367359	-0.518330	0.816363	-2.478428	-0.046860	1.000000	-0.009728	0.013126	-0.061475	-0.020583	0.022675	-0.038077	0.009608	-0.194754	-0.063531	0.061084	0.113296	-0.020577	-0.041889	0.111967	-0.395811	0.002470	-0.008994	-0.015541	-0.043167	0.228915	-0.003504	-0.021988	-0.052560	-0.013488	-0.050272	-0.000743	-0.002449	0.018521	-0.016977	0.157230	0.022302	-0.047648	-0.069495	0.019860	-0.059014	-0.898663	0.350449	0.438640	-0.936582	-0.585742	-0.533479	-0.046860	1.000000	-0.009728	0.013126	-0.061475	-0.020583	0.022675	-0.037874	0.008647	-0.195562	-0.066789	0.090881	0.114895	-0.023479	-0.052163	0.111171	-0.403187	0.001992	-0.003924	0.011358	-0.040260	0.252160	0.000348	-0.019182	-0.049225	-0.004140	-0.068190	0.004379	0.002348	0.023089	-0.019661	0.139125	0.016569	-0.043400	-0.069670	0.026870	-0.065385	-0.831070	0.208924	0.556167	-0.977932	-0.568224	-0.530378	-0.050766	1.000000	-0.009728	0.013126	-0.061475	-0.020583	0.022675	-0.036088	0.008406	-0.193809	-0.074177	0.119547	0.116111	-0.025707	-0.060009	0.111158	-0.412466	0.009621	-0.001672	0.020678	-0.050438	0.209469	0.012248	-0.012503	-0.052731	-0.003904	-0.080450	0.005988	0.005686	0.026188	-0.017350	0.114321	0.010207	-0.036895	-0.071029	0.037227	-0.080635	-0.748048	0.055786	0.663645	-0.998443	-0.567201	-0.507506	
1.535179	1.814521	0.039472	-0.097090	0.444297	-0.416929	-0.112773	-0.407313	0.467232	-0.397300	0.600418	-4.101822	-0.046860	1.000000	-0.009728	0.013126	-0.061475	-0.020583	0.022675	-0.037874	0.008647	-0.195562	-0.066789	0.090881	0.114895	-0.023479	-0.052163	0.111171	-0.403187	0.001992	-0.003924	0.011358	-0.040260	0.252160	0.000348	-0.019182	-0.049225	-0.004140	-0.068190	0.004379	0.002348	0.023089	-0.019661	0.139125	0.016569	-0.043400	-0.069670	0.026870	-0.065385	-0.831070	0.208924	0.556167	-0.977932	-0.568224	-0.530378	-0.050766	1.000000	-0.009728	0.013126	-0.061475	-0.020583	0.022675	-0.036088	0.008406	-0.193809	-0.074177	0.119547	0.116111	-0.025707	-0.060009	0.111158	-0.412466	0.009621	-0.001672	0.020678	-0.050438	0.209469	0.012248	-0.012503	-0.052731	-0.003904	-0.080450	0.005988	0.005686	0.026188	-0.017350	0.114321	0.010207	-0.036895	-0.071029	0.037227	-0.080635	-0.748048	0.055786	0.663645	-0.998443	-0.567201	-0.507506	-0.050766	1.000000	-0.009728	0.013126	-0.061475	-0.020583	0.022675	-0.034592	0.008455	-0.190599	-0.080235	0.158044	0.117179	-0.027001	-0.068170	0.112051	-0.428862	0.005848	-0.000516	0.032777	-0.049711	0.140641	0.002272	-0.007881	-0.062154	0.012172	-0.093890	0.006231	0.006262	0.027957	-0.013718	0.075519	0.003432	-0.030087	-0.070647	0.048585	-0.101435	-0.653841	-0.107580	0.756632	-0.994196	-0.578574	-0.479511	
1.651659	1.783996	0.134432	0.011791	0.452261	-0.812799	0.502840	-0.459810	0.400135	-0.430366	-0.250624	-5.496494	-0.050766	1.000000	-0.009728	0.013126	-0.061475	-0.020583	0.022675	-0.036088	0.008406	-0.193809	-0.074177	0.119547	0.116111	-0.025707	-0.060009	0.111158	-0.412466	0.009621	-0.001672	0.020678	-0.050438	0.209469	0.012248	-0.012503	-0.052731	-0.003904	-0.080450	0.005988	0.005686	0.026188	-0.017350	0.114321	0.010207	-0.036895	-0.071029	0.037227	-0.080635	-0.748048	0.055786	0.663645	-0.998443	-0.567201	-0.507506	-0.050766	1.000000	-0.009728	0.013126	-0.061475	-0.020583	0.022675	-0.034592	0.008455	-0.190599	-0.080235	0.158044	0.117179	-0.027001	-0.068170	0.112051	-0.428862	0.005848	-0.000516	0.032777	-0.049711	0.140641	0.002272	-0.007881	-0.062154	0.012172	-0.093890	0.006231	0.006262	0.027957	-0.013718	0.075519	0.003432	-0.030087	-0.070647	0.048585	-0.101435	-0.653841	-0.107580	0.756632	-0.994196	-0.578574	-0.479511	-0.058578	1.000000	-0.009728	0.013126	-0.061475	-0.020583	0.022675	-0.033687	0.008497	-0.186661	-0.085712	0.176528	0.117950	-0.027534	-0.077339	0.113878	-0.442610	0.000585	0.000530	0.031544	-0.047545	0.106190	0.002321	-0.002766	-0.070774	-0.016231	-0.129432	0.005918	0.004763	0.030685	-0.014496	0.055343	-0.003450	-0.022544	-0.067439	0.055766	-0.149227	-0.537891	-0.275238	0.843014	-0.961376	-0.539446	-0.455644	
1.783340	1.717793	0.316135	0.287048	0.575542	-1.644906	0.909518	-0.641357	0.486250	-0.501726	-2.269382	-5.971426	-0.050766	1.000000	-0.009728	0.013126	-0.061475	-0.020583	0.022675	-0.034592	0.008455	-0.190599	-0.080235	0.158044	0.117179	-0.027001	-0.068170	0.112051	-0.428862	0.005848	-0.000516	0.032777	-0.049711	0.140641	0.002272	-0.007881	-0.062154	0.012172	-0.093890	0.006231	0.006262	0.027957	-0.013718	0.075519	0.003432	-0.030087	-0.070647	0.048585	-0.101435	-0.653841	-0.107580	0.756632	-0.994196	-0.578574	-0.479511	-0.058578	1.000000	-0.009728	0.013126	-0.061475	-0.020583	0.022675	-0.033687	0.008497	-0.186661	-0.085712	0.176528	0.117950	-0.027534	-0.077339	0.113878	-0.442610	0.000585	0.000530	0.031544	-0.047545	0.106190	0.002321	-0.002766	-0.070774	-0.016231	-0.129432	0.005918	0.004763	0.030685	-0.014496	0.055343	-0.003450	-0.022544	-0.067439	0.055766	-0.149227	-0.537891	-0.275238	0.843014	-0.961376	-0.539446	-0.455644	-0.066391	1.000000	-0.009728	0.013126	-0.061475	-0.020583	0.022675	-0.033191	0.008498	-0.180106	-0.091048	0.189360	0.118152	-0.027600	-0.092041	0.116715	-0.465134	0.003199	-0.002622	0.034561	-0.042442	0.082505	-0.005002	0.000887	-0.067448	0.024200	-0.206618	0.007438	0.004939	0.030913	-0.021350	0.050052	-0.010548	-0.016477	-0.059192	0.049171	-0.209134	-0.400718	-0.432210	0.916202	-0.901773	-0.504502	-0.464801	
1.821691	1.536463	0.353404	0.498570	0.598946	-1.920094	0.776295	-0.812367	0.714621	-1.036667	-5.504533	-4.290623	-0.058578	1.000000	-0.009728	0.013126	-0.061475	-0.020583	0.022675	-0.033687	0.008497	-0.186661	-0.085712	0.176528	0.117950	-0.027534	-0.077339	0.113878	-0.442610	0.000585	0.000530	0.031544	-0.047545	0.106190	0.002321	-0.002766	-0.070774	-0.016231	-0.129432	0.005918	0.004763	0.030685	-0.014496	0.055343	-0.003450	-0.022544	-0.067439	0.055766	-0.149227	-0.537891	-0.275238	0.843014	-0.961376	-0.539446	-0.455644	-0.066391	1.000000	-0.009728	0.013126	-0.061475	-0.020583	0.022675	-0.033191	0.008498	-0.180106	-0.091048	0.189360	0.118152	-0.027600	-0.092041	0.116715	-0.465134	0.003199	-0.002622	0.034561	-0.042442	0.082505	-0.005002	0.000887	-0.067448	0.024200	-0.206618	0.007438	0.004939	0.030913	-0.021350	0.050052	-0.010548	-0.016477	-0.059192	0.049171	-0.209134	-0.400718	-0.432210	0.916202	-0.901773	-0.504502	-0.464801	-0.066391	1.000000	-0.009728	0.013126	-0.061475	-0.020583	0.022675	-0.032995	0.008522	-0.174675	-0.098562	0.199342	0.117296	-0.027161	-0.101258	0.116386	-0.494018	-0.005612	-0.001193	0.038701	-0.034604	0.074903	-0.006084	0.001485	-0.060485	-0.026544	-0.213638	0.011979	0.009217	0.034107	-0.038487	0.053700	-0.019303	-0.009629	-0.057494	0.015491	-0.269738	-0.241956	-0.571792	0.970287	-0.820399	-0.464998	-0.484662	
1.860891	1.285614	0.293306	0.523560	0.936493	-1.443268	0.016942	-1.224278	0.746731	-1.511875	-8.090468	0.287477	-0.066391	1.000000	-0.009728	0.013126	-0.061475	-0.020583	0.022675	-0.033191	0.008498	-0.180106	-0.091048	0.189360	0.118152	-0.027600	-0.092041	0.116715	-0.465134	0.003199	-0.002622	0.034561	-0.042442	0.082505	-0.005002	0.000887	-0.067448	0.024200	-0.206618	0.007438	0.004939	0.030913	-0.021350	0.050052	-0.010548	-0.016477	-0.059192	0.049171	-0.209134	-0.400718	-0.432210	0.916202	-0.901773	-0.504502	-0.464801	-0.066391	1.000000	-0.009728	0.013126	-0.061475	-0.020583	0.022675	-0.032995	0.008522	-0.174675	-0.098562	0.199342	0.117296	-0.027161	-0.101258	0.116386	-0.494018	-0.005612	-0.001193	0.038701	-0.034604	0.074903	-0.006084	0.001485	-0.060485	-0.026544	-0.213638	0.011979	0.009217	0.034107	-0.038487	0.053700	-0.019303	-0.009629	-0.057494	0.015491	-0.269738	-0.241956	-0.571792	0.970287	-0.820399	-0.464998	-0.484662	-0.066391	1.000000	-0.009728	0.013126	-0.061475	-0.020583	0.022675	-0.032834	0.008874	-0.168863	-0.105662	0.214182	0.115380	-0.026597	-0.107027	0.109341	-0.548456	0.001184	0.001044	0.049235	-0.053362	0.066116	-0.008286	0.008873	-0.020007	-0.089895	-0.331243	0.017118	0.016341	0.037276	-0.060178	0.050500	-0.029569	0.000522	-0.067269	-0.060004	-0.279638	-0.072683	-0.684158	0.997355	-0.729334	-0.453493	-0.539061	
1.916691	1.309494	0.070868	0.262066	0.877611	-1.152620	-0.231400	-1.181217	0.728803	-2.367414	-9.142600	4.091925	-0.066391	1.000000	-0.009728	0.013126	-0.061475	-0.020583	0.022675	-0.032995	0.008522	-0.174675	-0.098562	0.199342	0.117296	-0.027161	-0.101258	0.116386	-0.494018	-0.005612	-0.001193	0.038701	-0.034604	0.074903	-0.006084	0.001485	-0.060485	-0.026544	-0.213638	0.011979	0.009217	0.034107	-0.038487	0.053700	-0.019303	-0.009629	-0.057494	0.015491	-0.269738	-0.241956	-0.571792	0.970287	-0.820399	-0.464998	-0.484662	-0.066391	1.000000	-0.009728	0.013126	-0.061475	-0.020583	0.022675	-0.032834	0.008874	-0.168863	-0.105662	0.214182	0.115380	-0.026597	-0.107027	0.109341	-0.548456	0.001184	0.001044	0.049235	-0.053362	0.066116	-0.008286	0.008873	-0.020007	-0.089895	-0.331243	0.017118	0.016341	0.037276	-0.060178	0.050500	-0.029569	0.000522	-0.067269	-0.060004	-0.279638	-0.072683	-0.684158	0.997355	-0.729334	-0.453493	-0.539061	-0.066391	1.000000	-0.009728	0.013126	-0.061475	-0.020583	0.022675	-0.031809	0.009752	-0.161885	-0.116824	0.224130	0.110562	-0.024432	-0.114700	0.091090	-0.598238	0.004306	0.005106	0.045752	-0.107582	0.067331	-0.031188	0.012636	-0.028173	-0.178935	-0.383483	0.020493	0.023318	0.044349	-0.070671	0.040807	-0.043120	0.009562	-0.082281	-0.163143	-0.225542	0.102504	-0.767317	0.994733	-0.641268	-0.441733	-0.614316	
1.929122	1.395767	-0.087064	-0.087612	0.900432	-1.356794	0.216827	-1.189989	0.682693	-2.806173	-9.491001	5.640829	-0.066391	1.000000	-0.009728	0.013126	-0.061475	-0.020583	0.022675	-0.032834	0.008874	-0.168863	-0.105662	0.214182	0.115380	-0.026597	-0.107027	0.109341	-0.548456	0.001184	0.001044	0.049235	-0.053362	0.066116	-0.008286	0.008873	-0.020007	-0.089895	-0.331243	0.017118	0.016341	0.037276	-0.060178	0.050500	-0.029569	0.000522	-0.067269	-0.060004	-0.279638	-0.072683	-0.684158	0.997355	-0.729334	-0.453493	-0.539061	-0.066391	1.000000	-0.009728	0.013126	-0.061475	-0.020583	0.022675	-0.031809	0.009752	-0.161885	-0.116824	0.224130	0.110562	-0.024432	-0.114700	0.091090	-0.598238	0.004306	0.005106	0.045752	-0.107582	0.067331	-0.031188	0.012636	-0.028173	-0.178935	-0.383483	0.020493	0.023318	0.044349	-0.070671	0.040807	-0.043120	0.009562	-0.082281	-0.163143	-0.225542	0.102504	-0.767317	0.994733	-0.641268	-0.441733	-0.614316	-0.066391	1.000000	-0.009728	0.013126	-0.061475	-0.020583	0.022675	-0.028090	0.011463	-0.154189	-0.131803	0.232275	0.102353	-0.021374	-0.122995	0.052737	-0.642873	0.027999	0.011910	0.035284	-0.119984	0.058380	-0.084427	0.019061	-0.070516	-0.225876	-0.336363	0.017837	0.025538	0.049815	-0.072979	0.029192	-0.052626	0.017434	-0.109492	-0.261911	-0.119537	0.279529	-0.840415	0.960137	-0.541944	-0.424993	-0.607152	
1.903841	1.404771	-0.007402	-0.214052	0.949407	-1.627747	1.385162	-1.001532	0.418178	-2.740068	-9.449854	5.167158	-0.066391	1.000000	-0.009728	0.013126	-0.061475	-0.020583	0.022675	-0.031809	0.009752	-0.161885	-0.116824	0.224130	0.110562	-0.024432	-0.114700	0.091090	-0.598238	0.004306	0.005106	0.045752	-0.107582	0.067331	-0.031188	0.012636	-0.028173	-0.178935	-0.383483	0.020493	0.023318	0.044349	-0.070671	0.040807	-0.043120	0.009562	-0.082281	-0.163143	-0.225542	0.102504	-0.767317	0.994733	-0.641268	-0.441733	-0.614316	-0.066391	1.000000	-0.009728	0.013126	-0.061475	-0.020583	0.022675	-0.028090	0.011463	-0.154189	-0.131803	0.232275	0.102353	-0.021374	-0.122995	0.052737	-0.642873	0.027999	0.011910	0.035284	-0.119984	0.058380	-0.084427	0.019061	-0.070516	-0.225876	-0.336363	0.017837	0.025538	0.049815	-0.072979	0.029192	-0.052626	0.017434	-0.109492	-0.261911	-0.119537	0.279529	-0.840415	0.960137	-0.541944	-0.424993	-0.607152	-0.066391	1.000000	-0.009728	0.013126	-0.061475	-0.020583	0.022675	-0.024704	0.012702	-0.147294	-0.152902	0.238363	0.095985	-0.017378	-0.139219	0.011139	-0.673319	0.012920	0.012242	0.043659	-0.092958	0.043526	-0.064626	0.022495	-0.161642	-0.363176	-0.172873	0.013145	0.022984	0.056436	-0.072246	0.026358	-0.064121	0.023685	-0.135389	-0.362773	-0.004422	0.448638	-0.904277	0.893714	-0.426946	-0.421263	-0.581270	
1.872275	1.279915	-0.006775	-0.047411	0.870694	-1.054877	1.841088	-0.650599	0.232363	-2.390381	-9.163645	4.415941	-0.066391	1.000000	-0.009728	0.013126	-0.061475	-0.020583	0.022675	-0.028090	0.011463	-0.154189	-0.131803	0.232275	0.102353	-0.021374	-0.122995	0.052737	-0.642873	0.027999	0.011910	0.035284	-0.119984	0.058380	-0.084427	0.019061	-0.070516	-0.225876	-0.336363	0.017837	0.025538	0.049815	-0.072979	0.029192	-0.052626	0.017434	-0.109492	-0.261911	-0.119537	0.279529	-0.840415	0.960137	-0.541944	-0.424993	-0.607152	-0.066391	1.000000	-0.009728	0.013126	-0.061475	-0.020583	0.022675	-0.024704	0.012702	-0.147294	-0.152902	0.238363	0.095985	-0.017378	-0.139219	0.011139	-0.673319	0.012920	0.012242	0.043659	-0.092958	0.043526	-0.064626	0.022495	-0.161642	-0.363176	-0.172873	0.013145	0.022984	0.056436	-0.072246	0.026358	-0.064121	0.023685	-0.135389	-0.362773	-0.004422	0.448638	-0.904277	0.893714	-0.426946	-0.421263	-0.581270	-0.066391	1.000000	-0.009728	0.013126	-0.061475	-0.020583	0.022675	-0.022355	0.015066	-0.139881	-0.167590	0.246002	0.084073	-0.013735	-0.164661	-0.046544	-0.693343	0.007224	0.010065	0.050080	-0.098281	0.028082	-0.091959	0.021791	-0.237407	-0.518585	0.017260	0.010685	0.017413	0.063248	-0.081948	0.039474	-0.067215	0.026308	-0.151004	-0.446686	0.093027	0.600784	-0.952681	0.799411	-0.303971	-0.428848	-0.578569	
1.877633	0.929622	-0.205011	0.005101	0.771090	-0.490794	1.504932	-0.316247	-0.217486	-1.828385	-8.512190	3.501989	-0.066391	1.000000	-0.009728	0.013126	-0.061475	-0.020583	0.022675	-0.024704	0.012702	-0.147294	-0.152902	0.238363	0.095985	-0.017378	-0.139219	0.011139	-0.673319	0.012920	0.012242	0.043659	-0.092958	0.043526	-0.064626	0.022495	-0.161642	-0.363176	-0.172873	0.013145	0.022984	0.056436	-0.072246	0.026358	-0.064121	0.023685	-0.135389	-0.362773	-0.004422	0.448638	-0.904277	0.893714	-0.426946	-0.421263	-0.581270	-0.066391	1.000000	-0.009728	0.013126	-0.061475	-0.020583	0.022675	-0.022355	0.015066	-0.139881	-0.167590	0.246002	0.084073	-0.013735	-0.164661	-0.046544	-0.693343	0.007224	0.010065	0.050080	-0.098281	0.028082	-0.091959	0.021791	-0.237407	-0.518585	0.017260	0.010685	0.017413	0.063248	-0.081948	0.039474	-0.067215	0.026308	-0.151004	-0.446686	0.093027	0.600784	-0.952681	0.799411	-0.303971	-0.428848	-0.578569	-0.054672	1.000000	-0.009728	0.013126	-0.061475	-0.020583	0.022675	-0.021498	0.016144	-0.131346	-0.180100	0.250802	0.068532	-0.009355	-0.219938	-0.119537	-0.684528	0.004561	0.011708	0.060842	-0.092532	0.037356	-0.088759	0.021372	-0.268713	-0.614038	0.148291	0.009726	0.015623	0.067776	-0.085263	0.062295	-0.061435	0.025414	-0.131588	-0.511166	0.150460	0.731803	-0.982340	0.681517	-0.187104	-0.438317	-0.616025	
1.882386	0.637576	-0.222153	-0.051507	0.993967	-0.204438	0.383596	-0.150531	-0.858299	-0.537282	-6.011173	1.457329	-0.066391	1.000000	-0.009728	0.013126	-0.061475	-0.020583	0.022675	-0.022355	0.015066	-0.139881	-0.167590	0.246002	0.084073	-0.013735	-0.164661	-0.046544	-0.693343	0.007224	0.010065	0.050080	-0.098281	0.028082	-0.091959	0.021791	-0.237407	-0.518585	0.017260	0.010685	0.017413	0.063248	-0.081948	0.039474	-0.067215	0.026308	-0.151004	-0.446686	0.093027	0.600784	-0.952681	0.799411	-0.303971	-0.428848	-0.578569	-0.054672	1.000000	-0.009728	0.013126	-0.061475	-0.020583	0.022675	-0.021498	0.016144	-0.131346	-0.180100	0.250802	0.068532	-0.009355	-0.219938	-0.119537	-0.684528	0.004561	0.011708	0.060842	-0.092532	0.037356	-0.088759	0.021372	-0.268713	-0.614038	0.148291	0.009726	0.015623	0.067776	-0.085263	0.062295	-0.061435	0.025414	-0.131588	-0.511166	0.150460	0.731803	-0.982340	0.681517	-0.187104	-0.438317	-0.616025	-0.039047	1.000000	-0.009728	0.013126	-0.061475	-0.020583	0.022675	-0.019654	0.017459	-0.115874	-0.189872	0.255421	0.055391	-0.006129	-0.258522	-0.254382	-0.660106	0.013019	0.007336	0.086346	-0.086025	0.004085	-0.075179	0.015281	-0.284057	-0.660923	0.229441	0.004808	0.014385	0.063867	-0.082850	0.080242	-0.053036	0.018927	-0.120420	-0.503961	0.178551	0.840317	-0.994941	0.542096	-0.100458	-0.436710	-0.721113	
1.855001	0.507318	-0.225666	-0.092937	1.116939	0.058703	-1.198017	-0.002169	-1.320341	0.437468	-0.990217	-0.140899	-0.054672	1.000000	-0.009728	0.013126	-0.061475	-0.020583	0.022675	-0.021498	0.016144	-0.131346	-0.180100	0.250802	0.068532	-0.009355	-0.219938	-0.119537	-0.684528	0.004561	0.011708	0.060842	-0.092532	0.037356	-0.088759	0.021372	-0.268713	-0.614038	0.148291	0.009726	0.015623	0.067776	-0.085263	0.062295	-0.061435	0.025414	-0.131588	-0.511166	0.150460	0.731803	-0.982340	0.681517	-0.187104	-0.438317	-0.616025	-0.039047	1.000000	-0.009728	0.013126	-0.061475	-0.020583	0.022675	-0.019654	0.017459	-0.115874	-0.189872	0.255421	0.055391	-0.006129	-0.258522	-0.254382	-0.660106	0.013019	0.007336	0.086346	-0.086025	0.004085	-0.075179	0.015281	-0.284057	-0.660923	0.229441	0.004808	0.014385	0.063867	-0.082850	0.080242	-0.053036	0.018927	-0.120420	-0.503961	0.178551	0.840317	-0.994941	0.542096	-0.100458	-0.436710	-0.721113	-0.015610	1.000000	-0.009728	0.013126	-0.061475	-0.020583	0.022675	-0.019358	0.018392	-0.104856	-0.190979	0.259180	0.044572	-0.003731	-0.292775	-0.347606	-0.627741	-0.002886	0.003874	0.054000	-0.005811	0.017857	-0.065097	0.010485	-0.271982	-0.728774	0.274198	0.001179	0.012679	0.067762	-0.084811	0.082238	-0.044475	0.003650	-0.094229	-0.500929	0.168051	0.922815	-0.999179	0.385243	-0.040510	-0.435284	-0.808727	
1.842516	0.483188	-0.280404	-0.152039	0.649710	0.842407	-2.942575	0.091843	-1.254723	0.911828	4.122863	-0.999912	-0.039047	1.000000	-0.009728	0.013126	-0.061475	-0.020583	0.022675	-0.019654	0.017459	-0.115874	-0.189872	0.255421	0.055391	-0.006129	-0.258522	-0.254382	-0.660106	0.013019	0.007336	0.086346	-0.086025	0.004085	-0.075179	0.015281	-0.284057	-0.660923	0.229441	0.004808	0.014385	0.063867	-0.082850	0.080242	-0.053036	0.018927	-0.120420	-0.503961	0.178551	0.840317	-0.994941	0.542096	-0.100458	-0.436710	-0.721113	-0.015610	1.000000	-0.009728	0.013126	-0.061475	-0.020583	0.022675	-0.019358	0.018392	-0.104856	-0.190979	0.259180	0.044572	-0.003731	-0.292775	-0.347606	-0.627741	-0.002886	0.003874	0.054000	-0.005811	0.017857	-0.065097	0.010485	-0.271982	-0.728774	0.274198	0.001179	0.012679	0.067762	-0.084811	0.082238	-0.044475	0.003650	-0.094229	-0.500929	0.168051	0.922815	-0.999179	0.385243	-0.040510	-0.435284	-0.808727	-0.015610	1.000000	-0.009728	0.013126	-0.061475	-0.020583	0.022675	-0.019783	0.018813	-0.097975	-0.190279	0.266765	0.036907	-0.003663	-0.321775	-0.439339	-0.577575	0.008436	-0.000776	0.037505	0.010237	0.038427	-0.039661	-0.014306	-0.211102	-0.742887	0.224584	-0.001780	0.010864	0.077629	-0.084631	0.056688	-0.036843	-0.016216	-0.058669	-0.424044	0.115773	0.975744	-0.999974	0.218912	0.007276	-0.443500	-0.847804	
1.836499	0.540359	-0.205102	-0.279550	0.217493	1.277461	-3.215566	0.078678	-0.753353	1.069250	5.831144	-1.082374	-0.015610	1.000000	-0.009728	0.013126	-0.061475	-0.020583	0.022675	-0.019358	0.018392	-0.104856	-0.190979	0.259180	0.044572	-0.003731	-0.292775	-0.347606	-0.627741	-0.002886	0.003874	0.054000	-0.005811	0.017857	-0.065097	0.010485	-0.271982	-0.728774	0.274198	0.001179	0.012679	0.067762	-0.084811	0.082238	-0.044475	0.003650	-0.094229	-0.500929	0.168051	0.922815	-0.999179	0.385243	-0.040510	-0.435284	-0.808727	-0.015610	1.000000	-0.009728	0.013126	-0.061475	-0.020583	0.022675	-0.019783	0.018813	-0.097975	-0.190279	0.266765	0.036907	-0.003663	-0.321775	-0.439339	-0.577575	0.008436	-0.000776	0.037505	0.010237	0.038427	-0.039661	-0.014306	-0.211102	-0.742887	0.224584	-0.001780	0.010864	0.077629	-0.084631	0.056688	-0.036843	-0.016216	-0.058669	-0.424044	0.115773	0.975744	-0.999974	0.218912	0.007276	-0.443500	-0.847804	0.000015	1.000000	-0.009728	0.013126	-0.061475	-0.020583	0.022675	-0.017687	0.018800	-0.092867	-0.189897	0.270658	0.033266	-0.004473	-0.353844	-0.521057	-0.550142	0.035391	-0.001473	0.025735	-0.004211	0.023385	-0.028394	-0.013412	-0.095090	-0.610296	0.166929	-0.008083	0.008595	0.082271	-0.072372	0.008640	-0.031823	-0.034234	-0.012917	-0.280459	0.073335	0.998897	-0.998605	0.046960	0.052809	-0.447245	-0.855044	
1.842137	0.880222	0.050737	-0.174293	0.165626	1.227146	-0.631720	-0.109621	-0.043068	1.856341	4.929400	-0.061465	-0.015610	1.000000	-0.009728	0.013126	-0.061475	-0.020583	0.022675	-0.019783	0.018813	-0.097975	-0.190279	0.266765	0.036907	-0.003663	-0.321775	-0.439339	-0.577575	0.008436	-0.000776	0.037505	0.010237	0.038427	-0.039661	-0.014306	-0.211102	-0.742887	0.224584	-0.001780	0.010864	0.077629	-0.084631	0.056688	-0.036843	-0.016216	-0.058669	-0.424044	0.115773	0.975744	-0.999974	0.218912	0.007276	-0.443500	-0.847804	0.000015	1.000000	-0.009728	0.013126	-0.061475	-0.020583	0.022675	-0.017687	0.018800	-0.092867	-0.189897	0.270658	0.033266	-0.004473	-0.353844	-0.521057	-0.550142	0.035391	-0.001473	0.025735	-0.004211	0.023385	-0.028394	-0.013412	-0.095090	-0.610296	0.166929	-0.008083	0.008595	0.082271	-0.072372	0.008640	-0.031823	-0.034234	-0.012917	-0.280459	0.073335	0.998897	-0.998605	0.046960	0.052809	-0.447245	-0.855044	0.000015	1.000000	-0.009728	0.013126	-0.061475	-0.020583	0.022675	-0.013391	0.018709	-0.084624	-0.190814	0.269909	0.032174	-0.007487	-0.363093	-0.624083	-0.533145	0.032154	-0.001311	0.047590	-0.023802	-0.016855	-0.008423	-0.018789	-0.010905	-0.340200	0.106725	-0.015460	0.004489	0.077294	-0.052271	-0.038900	-0.029550	-0.042533	0.012389	-0.089866	0.040083	0.992034	-0.994616	-0.125969	0.103633	-0.449050	-0.837892	
1.841320	1.335174	0.364010	-0.094947	0.123816	0.298223	1.804523	-0.362228	0.745139	2.564177	3.970669	1.560453	0.000015	1.000000	-0.009728	0.013126	-0.061475	-0.020583	0.022675	-0.017687	0.018800	-0.092867	-0.189897	0.270658	0.033266	-0.004473	-0.353844	-0.521057	-0.550142	0.035391	-0.001473	0.025735	-0.004211	0.023385	-0.028394	-0.013412	-0.095090	-0.610296	0.166929	-0.008083	0.008595	0.082271	-0.072372	0.008640	-0.031823	-0.034234	-0.012917	-0.280459	0.073335	0.998897	-0.998605	0.046960	0.052809	-0.447245	-0.855044	0.000015	1.000000	-0.009728	0.013126	-0.061475	-0.020583	0.022675	-0.013391	0.018709	-0.084624	-0.190814	0.269909	0.032174	-0.007487	-0.363093	-0.624083	-0.533145	0.032154	-0.001311	0.047590	-0.023802	-0.016855	-0.008423	-0.018789	-0.010905	-0.340200	0.106725	-0.015460	0.004489	0.077294	-0.052271	-0.038900	-0.029550	-0.042533	0.012389	-0.089866	0.040083	0.992034	-0.994616	-0.125969	0.103633	-0.449050	-0.837892	0.000015	1.000000	-0.009728	0.013126	-0.061475	-0.020583	0.022675	-0.011417	0.018190	-0.077522	-0.197104	0.262296	0.031592	-0.011022	-0.361114	-0.660174	-0.522742	0.011242	-0.004668	0.061291	-0.029250	-0.077062	-0.015150	-0.023864	0.059280	-0.142199	0.055340	-0.016674	0.002396	0.072675	-0.027590	-0.040754	-0.030611	-0.039644	0.038231	0.020102	0.028759	0.955404	-0.982621	-0.295302	0.185624	-0.447359	-0.735933	
1.840189	1.516500	0.503193	-0.081748	-0.121600	0.527848	2.268101	-0.420568	1.195478	2.602995	4.402843	2.356776	0.000015	1.000000	-0.009728	0.013126	-0.061475	-0.020583	0.022675	-0.013391	0.018709	-0.084624	-0.190814	0.269909	0.032174	-0.007487	-0.363093	-0.624083	-0.533145	0.032154	-0.001311	0.047590	-0.023802	-0.016855	-0.008423	-0.018789	-0.010905	-0.340200	0.106725	-0.015460	0.004489	0.077294	-0.052271	-0.038900	-0.029550	-0.042533	0.012389	-0.089866	0.040083	0.992034	-0.994616	-0.125969	0.103633	-0.449050	-0.837892	0.000015	1.000000	-0.009728	0.013126	-0.061475	-0.020583	0.022675	-0.011417	0.018190	-0.077522	-0.197104	0.262296	0.031592	-0.011022	-0.361114	-0.660174	-0.522742	0.011242	-0.004668	0.061291	-0.029250	-0.077062	-0.015150	-0.023864	0.059280	-0.142199	0.055340	-0.016674	0.002396	0.072675	-0.027590	-0.040754	-0.030611	-0.039644	0.038231	0.020102	0.028759	0.955404	-0.982621	-0.295302	0.185624	-0.447359	-0.735933	0.000015	1.000000	-0.009728	0.013126	-0.061475	-0.020583	0.022675	-0.010440	0.017529	-0.069317	-0.199331	0.248147	0.027938	-0.014992	-0.347269	-0.667392	-0.510943	0.001473	-0.004422	0.071036	-0.018628	-0.063889	-0.038505	-0.027628	0.149701	-0.006194	0.033451	-0.012207	0.001637	0.066320	-0.020903	0.000376	-0.032373	-0.024532	0.062725	0.086689	0.040293	0.890316	-0.951678	-0.455342	0.307097	-0.447604	-0.599448	
1.878239	1.562827	0.318080	-0.085344	-0.339493	0.897558	0.985960	-0.409494	1.119175	2.773668	5.095913	2.312689	0.000015	1.000000	-0.009728	0.013126	-0.061475	-0.020583	0.022675	-0.011417	0.018190	-0.077522	-0.197104	0.262296	0.031592	-0.011022	-0.361114	-0.660174	-0.522742	0.011242	-0.004668	0.061291	-0.029250	-0.077062	-0.015150	-0.023864	0.059280	-0.142199	0.055340	-0.016674	0.002396	0.072675	-0.027590	-0.040754	-0.030611	-0.039644	0.038231	0.020102	0.028759	0.955404	-0.982621	-0.295302	0.185624	-0.447359	-0.735933	0.000015	1.000000	-0.009728	0.013126	-0.061475	-0.020583	0.022675	-0.010440	0.017529	-0.069317	-0.199331	0.248147	0.027938	-0.014992	-0.347269	-0.667392	-0.510943	0.001473	-0.004422	0.071036	-0.018628	-0.063889	-0.038505	-0.027628	0.149701	-0.006194	0.033451	-0.012207	0.001637	0.066320	-0.020903	0.000376	-0.032373	-0.024532	0.062725	0.086689	0.040293	0.890316	-0.951678	-0.455342	0.307097	-0.447604	-0.599448	0.000015	1.000000	-0.009728	0.013126	-0.061475	-0.020583	0.022675	-0.009300	0.017259	-0.060599	-0.200165	0.243863	0.022069	-0.018105	-0.307277	-0.660233	-0.502429	0.003637	-0.002187	0.067125	-0.000118	-0.021394	-0.049216	-0.018001	0.195384	0.092903	0.067903	-0.005781	0.000678	0.055774	-0.012132	0.038767	-0.032829	-0.003442	0.061877	0.145740	0.067219	0.798119	-0.898072	-0.602500	0.439849	-0.447943	-0.545050	
1.903525	1.586325	0.210987	-0.138210	-0.235703	0.700819	0.310487	-0.369331	1.082135	2.850439	5.479019	2.130052	0.000015	1.000000	-0.009728	0.013126	-0.061475	-0.020583	0.022675	-0.010440	0.017529	-0.069317	-0.199331	0.248147	0.027938	-0.014992	-0.347269	-0.667392	-0.510943	0.001473	-0.004422	0.071036	-0.018628	-0.063889	-0.038505	-0.027628	0.149701	-0.006194	0.033451	-0.012207	0.001637	0.066320	-0.020903	0.000376	-0.032373	-0.024532	0.062725	0.086689	0.040293	0.890316	-0.951678	-0.455342	0.307097	-0.447604	-0.599448	0.000015	1.000000	-0.009728	0.013126	-0.061475	-0.020583	0.022675	-0.009300	0.017259	-0.060599	-0.200165	0.243863	0.022069	-0.018105	-0.307277	-0.660233	-0.502429	0.003637	-0.002187	0.067125	-0.000118	-0.021394	-0.049216	-0.018001	0.195384	0.092903	0.067903	-0.005781	0.000678	0.055774	-0.012132	0.038767	-0.032829	-0.003442	0.061877	0.145740	0.067219	0.798119	-0.898072	-0.602500	0.439849	-0.447943	-0.545050	0.000015	1.000000	-0.009728	0.013126	-0.061475	-0.020583	0.022675	-0.008151	0.016979	-0.048387	-0.198344	0.245503	0.012123	-0.019018	-0.277541	-0.630424	-0.490814	-0.006965	-0.001382	0.036723	0.024416	0.007981	-0.077506	-0.002963	0.190879	0.162834	0.103104	-0.002158	-0.000323	0.038469	-0.000487	0.051919	-0.029026	0.014261	0.073752	0.192379	0.090300	0.679531	-0.823784	-0.733647	0.566904	-0.436528	-0.531152	
1.907372	1.627069	0.069694	-0.282700	-0.150625	0.578684	0.328836	-0.186201	0.827206	2.655602	5.291079	1.176651	0.000015	1.000000	-0.009728	0.013126	-0.061475	-0.020583	0.022675	-0.009300	0.017259	-0.060599	-0.200165	0.243863	0.022069	-0.018105	-0.307277	-0.660233	-0.502429	0.003637	-0.002187	0.067125	-0.000118	-0.021394	-0.049216	-0.018001	0.195384	0.092903	0.067903	-0.005781	0.000678	0.055774	-0.012132	0.038767	-0.032829	-0.003442	0.061877	0.145740	0.067219	0.798119	-0.898072	-0.602500	0.439849	-0.447943	-0.545050	0.000015	1.000000	-0.009728	0.013126	-0.061475	-0.020583	0.022675	-0.008151	0.016979	-0.048387	-0.198344	0.245503	0.012123	-0.019018	-0.277541	-0.630424	-0.490814	-0.006965	-0.001382	0.036723	0.024416	0.007981	-0.077506	-0.002963	0.190879	0.162834	0.103104	-0.002158	-0.000323	0.038469	-0.000487	0.051919	-0.029026	0.014261	0.073752	0.192379	0.090300	0.679531	-0.823784	-0.733647	0.566904	-0.436528	-0.531152	0.000015	1.000000	-0.009728	0.013126	-0.061475	-0.020583	0.022675	-0.007970	0.016608	-0.043909	-0.188868	0.248884	0.005602	-0.017658	-0.249638	-0.600277	-0.473854	0.002095	-0.002697	0.018329	0.067349	0.019991	-0.076496	0.011103	0.198455	0.255323	0.146406	0.000823	-0.002023	0.030458	0.000540	0.053191	-0.028040	0.029119	0.088569	0.244347	0.105263	0.537842	-0.730242	-0.843046	0.683189	-0.428943	-0.524103	
1.916659	1.734301	-0.004607	-0.241706	-0.206067	0.459368	-0.247669	0.085582	0.705060	2.318995	5.047609	0.131872	0.000015	1.000000	-0.009728	0.013126	-0.061475	-0.020583	0.022675	-0.008151	0.016979	-0.048387	-0.198344	0.245503	0.012123	-0.019018	-0.277541	-0.630424	-0.490814	-0.006965	-0.001382	0.036723	0.024416	0.007981	-0.077506	-0.002963	0.190879	0.162834	0.103104	-0.002158	-0.000323	0.038469	-0.000487	0.051919	-0.029026	0.014261	0.073752	0.192379	0.090300	0.679531	-0.823784	-0.733647	0.566904	-0.436528	-0.531152	0.000015	1.000000	-0.009728	0.013126	-0.061475	-0.020583	0.022675	-0.007970	0.016608	-0.043909	-0.188868	0.248884	0.005602	-0.017658	-0.249638	-0.600277	-0.473854	0.002095	-0.002697	0.018329	0.067349	0.019991	-0.076496	0.011103	0.198455	0.255323	0.146406	0.000823	-0.002023	0.030458	0.000540	0.053191	-0.028040	0.029119	0.088569	0.244347	0.105263	0.537842	-0.730242	-0.843046	0.683189	-0.428943	-0.524103	0.000015	1.000000	-0.009728	0.013126	-0.061475	-0.020583	0.022675	-0.007958	0.016251	-0.042674	-0.181205	0.255546	-0.006704	-0.013751	-0.220163	-0.560248	-0.444241	-0.004327	-0.001898	-0.004448	0.058730	0.029218	-0.082328	0.036007	0.227828	0.359141	0.152830	0.001857	-0.005909	0.026962	0.001564	0.051466	-0.018529	0.037629	0.098957	0.283742	0.093313	0.378317	-0.617229	-0.925676	0.786784	-0.427788	-0.511879	
1.910421	1.822468	-0.154398	-0.367805	-0.082424	0.044599	-0.561609	0.256273	0.656629	2.283239	4.503948	-1.211657	0.000015	1.000000	-0.009728	0.013126	-0.061475	-0.020583	0.022675	-0.007970	0.016608	-0.043909	-0.188868	0.248884	0.005602	-0.017658	-0.249638	-0.600277	-0.473854	0.002095	-0.002697	0.018329	0.067349	0.019991	-0.076496	0.011103	0.198455	0.255323	0.146406	0.000823	-0.002023	0.030458	0.000540	0.053191	-0.028040	0.029119	0.088569	0.244347	0.105263	0.537842	-0.730242	-0.843046	0.683189	-0.428943	-0.524103	0.000015	1.000000	-0.009728	0.013126	-0.061475	-0.020583	0.022675	-0.007958	0.016251	-0.042674	-0.181205	0.255546	-0.006704	-0.013751	-0.220163	-0.560248	-0.444241	-0.004327	-0.001898	-0.004448	0.058730	0.029218	-0.082328	0.036007	0.227828	0.359141	0.152830	0.001857	-0.005909	0.026962	0.001564	0.051466	-0.018529	0.037629	0.098957	0.283742	0.093313	0.378317	-0.617229	-0.925676	0.786784	-0.427788	-0.511879	0.000015	1.000000	-0.009728	0.013126	-0.061475	-0.020583	0.022675	-0.008198	0.015622	-0.042791	-0.174947	0.260925	-0.019368	-0.010425	-0.171569	-0.507991	-0.423803	-0.010553	-0.005657	-0.004632	0.037629	0.035026	-0.078374	0.038032	0.216457	0.430941	0.138118	0.002028	-0.008906	0.023988	0.002196	0.042371	-0.004582	0.044879	0.085148	0.307200	0.074852	0.205855	-0.480971	-0.978583	0.876737	-0.425002	-0.479710	
1.895597	1.855962	-0.133251	-0.390100	-0.179328	0.100327	-1.068937	0.570538	0.595403	1.481686	3.854023	-2.426710	0.000015	1.000000	-0.009728	0.013126	-0.061475	-0.020583	0.022675	-0.007958	0.016251	-0.042674	-0.181205	0.255546	-0.006704	-0.013751	-0.220163	-0.560248	-0.444241	-0.004327	-0.001898	-0.004448	0.058730	0.029218	-0.082328	0.036007	0.227828	0.359141	0.152830	0.001857	-0.005909	0.026962	0.001564	0.051466	-0.018529	0.037629	0.098957	0.283742	0.093313	0.378317	-0.617229	-0.925676	0.786784	-0.427788	-0.511879	0.000015	1.000000	-0.009728	0.013126	-0.061475	-0.020583	0.022675	-0.008198	0.015622	-0.042791	-0.174947	0.260925	-0.019368	-0.010425	-0.171569	-0.507991	-0.423803	-0.010553	-0.005657	-0.004632	0.037629	0.035026	-0.078374	0.038032	0.216457	0.430941	0.138118	0.002028	-0.008906	0.023988	0.002196	0.042371	-0.004582	0.044879	0.085148	0.307200	0.074852	0.205855	-0.480971	-0.978583	0.876737	-0.425002	-0.479710	0.000015	1.000000	-0.009728	0.013126	-0.061475	-0.020583	0.022675	-0.009918	0.014503	-0.042111	-0.170667	0.265782	-0.028225	-0.005050	-0.138973	-0.414855	-0.408253	-0.009081	-0.008941	-0.000463	0.026794	0.030373	-0.028077	0.036489	0.215669	0.399735	0.110824	0.001434	-0.013300	0.022073	-0.001416	0.029097	0.008117	0.049346	0.086773	0.281569	0.041142	0.027425	-0.324171	-0.999624	0.945998	-0.426874	-0.453260	
1.901839	1.865365	-0.153625	-0.260787	-0.354833	0.400621	-1.869343	0.815376	0.237418	0.864412	2.879608	-2.405399	0.000015	1.000000	-0.009728	0.013126	-0.061475	-0.020583	0.022675	-0.008198	0.015622	-0.042791	-0.174947	0.260925	-0.019368	-0.010425	-0.171569	-0.507991	-0.423803	-0.010553	-0.005657	-0.004632	0.037629	0.035026	-0.078374	0.038032	0.216457	0.430941	0.138118	0.002028	-0.008906	0.023988	0.002196	0.042371	-0.004582	0.044879	0.085148	0.307200	0.074852	0.205855	-0.480971	-0.978583	0.876737	-0.425002	-0.479710	0.000015	1.000000	-0.009728	0.013126	-0.061475	-0.020583	0.022675	-0.009918	0.014503	-0.042111	-0.170667	0.265782	-0.028225	-0.005050	-0.138973	-0.414855	-0.408253	-0.009081	-0.008941	-0.000463	0.026794	0.030373	-0.028077	0.036489	0.215669	0.399735	0.110824	0.001434	-0.013300	0.022073	-0.001416	0.029097	0.008117	0.049346	0.086773	0.281569	0.041142	0.027425	-0.324171	-0.999624	0.945998	-0.426874	-0.453260	0.000015	1.000000	-0.009728	0.013126	-0.061475	-0.020583	0.022675	-0.010480	0.012647	-0.042169	-0.167048	0.269225	-0.030506	0.001518	-0.109069	-0.354667	-0.397970	0.001186	-0.008571	-0.005979	0.010357	0.024324	0.000333	0.038080	0.221523	0.389984	0.055750	-0.000003	-0.017296	0.019441	-0.003530	0.009620	0.018956	0.051709	0.079094	0.279191	-0.005542	-0.150652	-0.154593	-0.988587	0.987978	-0.431321	-0.443211	
1.893094	1.852729	-0.313845	-0.125209	-0.320330	0.287548	-1.798550	0.706162	-0.360121	0.476484	1.460840	-0.976581	0.000015	1.000000	-0.009728	0.013126	-0.061475	-0.020583	0.022675	-0.009918	0.014503	-0.042111	-0.170667	0.265782	-0.028225	-0.005050	-0.138973	-0.414855	-0.408253	-0.009081	-0.008941	-0.000463	0.026794	0.030373	-0.028077	0.036489	0.215669	0.399735	0.110824	0.001434	-0.013300	0.022073	-0.001416	0.029097	0.008117	0.049346	0.086773	0.281569	0.041142	0.027425	-0.324171	-0.999624	0.945998	-0.426874	-0.453260	0.000015	1.000000	-0.009728	0.013126	-0.061475	-0.020583	0.022675	-0.010480	0.012647	-0.042169	-0.167048	0.269225	-0.030506	0.001518	-0.109069	-0.354667	-0.397970	0.001186	-0.008571	-0.005979	0.010357	0.024324	0.000333	0.038080	0.221523	0.389984	0.055750	-0.000003	-0.017296	0.019441	-0.003530	0.009620	0.018956	0.051709	0.079094	0.279191	-0.005542	-0.150652	-0.154593	-0.988587	0.987978	-0.431321	-0.443211	0.000015	1.000000	-0.009728	0.013126	-0.061475	-0.020583	0.022675	-0.010253	0.010354	-0.042423	-0.165645	0.271683	-0.028999	0.008760	-0.081108	-0.298234	-0.392448	0.012332	-0.020632	0.001147	-0.002454	-0.002104	0.006315	0.040100	0.210941	0.431582	-0.021644	-0.002533	-0.018912	0.014375	0.001075	-0.020866	0.029675	0.048026	0.064095	0.265935	-0.047130	-0.324422	0.020519	-0.945913	0.999789	-0.429448	-0.440391	
1.838220	1.874017	-0.344691	-0.010374	-0.262009	0.339502	-1.943109	0.732678	-0.943827	0.199081	0.539823	-1.208557	0.000015	1.000000	-0.009728	0.013126	-0.061475	-0.020583	0.022675	-0.010480	0.012647	-0.042169	-0.167048	0.269225	-0.030506	0.001518	-0.109069	-0.354667	-0.397970	0.001186	-0.008571	-0.005979	0.010357	0.024324	0.000333	0.038080	0.221523	0.389984	0.055750	-0.000003	-0.017296	0.019441	-0.003530	0.009620	0.018956	0.051709	0.079094	0.279191	-0.005542	-0.150652	-0.154593	-0.988587	0.987978	-0.431321	-0.443211	0.000015	1.000000	-0.009728	0.013126	-0.061475	-0.020583	0.022675	-0.010253	0.010354	-0.042423	-0.165645	0.271683	-0.028999	0.008760	-0.081108	-0.298234	-0.392448	0.012332	-0.020632	0.001147	-0.002454	-0.002104	0.006315	0.040100	0.210941	0.431582	-0.021644	-0.002533	-0.018912	0.014375	0.001075	-0.020866	0.029675	0.048026	0.064095	0.265935	-0.047130	-0.324422	0.020519	-0.945913	0.999789	-0.429448	-0.440391	0.000015	1.000000	-0.009728	0.013126	-0.061475	-0.020583	0.022675	-0.009481	0.008772	-0.042862	-0.165220	0.269193	-0.026323	0.015621	-0.041783	-0.242527	-0.397813	0.010306	-0.019744	-0.005120	-0.006178	-0.032664	0.016684	0.041931	0.149164	0.439231	-0.080332	-0.008013	-0.019209	0.010008	0.004962	-0.045357	0.037591	0.035763	0.031917	0.232142	-0.056414	-0.487158	0.193911	-0.873314	0.981019	-0.432072	-0.444181	
1.713919	1.917858	-0.346461	-0.066717	-0.576422	1.170279	-3.614417	0.979185	-1.459816	-0.382114	1.184090	-1.852724	0.000015	1.000000	-0.009728	0.013126	-0.061475	-0.020583	0.022675	-0.010253	0.010354	-0.042423	-0.165645	0.271683	-0.028999	0.008760	-0.081108	-0.298234	-0.392448	0.012332	-0.020632	0.001147	-0.002454	-0.002104	0.006315	0.040100	0.210941	0.431582	-0.021644	-0.002533	-0.018912	0.014375	0.001075	-0.020866	0.029675	0.048026	0.064095	0.265935	-0.047130	-0.324422	0.020519	-0.945913	0.999789	-0.429448	-0.440391	0.000015	1.000000	-0.009728	0.013126	-0.061475	-0.020583	0.022675	-0.009481	0.008772	-0.042862	-0.165220	0.269193	-0.026323	0.015621	-0.041783	-0.242527	-0.397813	0.010306	-0.019744	-0.005120	-0.006178	-0.032664	0.016684	0.041931	0.149164	0.439231	-0.080332	-0.008013	-0.019209	0.010008	0.004962	-0.045357	0.037591	0.035763	0.031917	0.232142	-0.056414	-0.487158	0.193911	-0.873314	0.981019	-0.432072	-0.444181	0.000015	1.000000	-0.009728	0.013126	-0.061475	-0.020583	0.022675	-0.008890	0.006452	-0.043579	-0.165231	0.262274	-0.021425	0.021598	-0.021559	-0.163241	-0.407514	0.002775	-0.018492	-0.006444	-0.007946	-0.064684	0.041799	0.033157	0.109136	0.307390	-0.090040	-0.013783	-0.017045	0.006789	0.010075	-0.067635	0.043703	0.015605	0.014684	0.160967	-0.064874	-0.630642	0.363550	-0.776074	0.931575	-0.448534	-0.437795	
1.491710	1.936355	-0.421396	-0.124420	-0.876711	1.305273	-4.323205	0.869851	-1.383787	-0.305617	1.651139	-1.303262	0.000015	1.000000	-0.009728	0.013126	-0.061475	-0.020583	0.022675	-0.009481	0.008772	-0.042862	-0.165220	0.269193	-0.026323	0.015621	-0.041783	-0.242527	-0.397813	0.010306	-0.019744	-0.005120	-0.006178	-0.032664	0.016684	0.041931	0.149164	0.439231	-0.080332	-0.008013	-0.019209	0.010008	0.004962	-0.045357	0.037591	0.035763	0.031917	0.232142	-0.056414	-0.487158	0.193911	-0.873314	0.981019	-0.432072	-0.444181	0.000015	1.000000	-0.009728	0.013126	-0.061475	-0.020583	0.022675	-0.008890	0.006452	-0.043579	-0.165231	0.262274	-0.021425	0.021598	-0.021559	-0.163241	-0.407514	0.002775	-0.018492	-0.006444	-0.007946	-0.064684	0.041799	0.033157	0.109136	0.307390	-0.090040	-0.013783	-0.017045	0.006789	0.010075	-0.067635	0.043703	0.015605	0.014684	0.160967	-0.064874	-0.630642	0.363550	-0.776074	0.931575	-0.448534	-0.437795	0.000015	1.000000	-0.009728	0.013126	-0.061475	-0.020583	0.022675	-0.009329	0.004082	-0.044620	-0.166785	0.251511	-0.017320	0.025337	-0.008766	-0.121672	-0.419099	-0.010540	-0.016389	-0.010764	-0.007076	-0.103829	0.045009	0.019368	0.075472	0.252680	-0.102526	-0.018533	-0.015674	-0.000805	0.029157	-0.111009	0.054264	-0.010000	-0.003832	0.137133	-0.081039	-0.747092	0.524872	-0.664721	0.851181	-0.485824	-0.424643	
1.372916	1.912857	-0.327521	-0.348372	-1.079863	0.643511	-3.946968	0.687630	-1.019777	-0.394496	1.415420	0.570149	0.000015	1.000000	-0.009728	0.013126	-0.061475	-0.020583	0.022675	-0.008890	0.006452	-0.043579	-0.165231	0.262274	-0.021425	0.021598	-0.021559	-0.163241	-0.407514	0.002775	-0.018492	-0.006444	-0.007946	-0.064684	0.041799	0.033157	0.109136	0.307390	-0.090040	-0.013783	-0.017045	0.006789	0.010075	-0.067635	0.043703	0.015605	0.014684	0.160967	-0.064874	-0.630642	0.363550	-0.776074	0.931575	-0.448534	-0.437795	0.000015	1.000000	-0.009728	0.013126	-0.061475	-0.020583	0.022675	-0.009329	0.004082	-0.044620	-0.166785	0.251511	-0.017320	0.025337	-0.008766	-0.121672	-0.419099	-0.010540	-0.016389	-0.010764	-0.007076	-0.103829	0.045009	0.019368	0.075472	0.252680	-0.102526	-0.018533	-0.015674	-0.000805	0.029157	-0.111009	0.054264	-0.010000	-0.003832	0.137133	-0.081039	-0.747092	0.524872	-0.664721	0.851181	-0.485824	-0.424643	0.000015	1.000000	-0.009728	0.013126	-0.061475	-0.020583	0.022675	-0.011768	0.001952	-0.046572	-0.165859	0.226846	-0.007872	0.024809	-0.001966	-0.096734	-0.432733	-0.027924	-0.012224	-0.016431	0.008016	-0.156599	0.081273	-0.024701	0.027438	0.127165	-0.090514	-0.022406	-0.015407	-0.011981	0.047779	-0.151088	0.057843	-0.030195	-0.015209	0.136923	-0.086922	-0.832742	0.670416	-0.553661	0.741985	-0.552487	-0.419093	
1.361482	1.868456	-0.306129	-0.429912	-1.061308	0.090941	-2.765685	0.229615	-0.666799	-0.039876	1.167765	1.014992	0.000015	1.000000	-0.009728	0.013126	-0.061475	-0.020583	0.022675	-0.009329	0.004082	-0.044620	-0.166785	0.251511	-0.017320	0.025337	-0.008766	-0.121672	-0.419099	-0.010540	-0.016389	-0.010764	-0.007076	-0.103829	0.045009	0.019368	0.075472	0.252680	-0.102526	-0.018533	-0.015674	-0.000805	0.029157	-0.111009	0.054264	-0.010000	-0.003832	0.137133	-0.081039	-0.747092	0.524872	-0.664721	0.851181	-0.485824	-0.424643	0.000015	1.000000	-0.009728	0.013126	-0.061475	-0.020583	0.022675	-0.011768	0.001952	-0.046572	-0.165859	0.226846	-0.007872	0.024809	-0.001966	-0.096734	-0.432733	-0.027924	-0.012224	-0.016431	0.008016	-0.156599	0.081273	-0.024701	0.027438	0.127165	-0.090514	-0.022406	-0.015407	-0.011981	0.047779	-0.151088	0.057843	-0.030195	-0.015209	0.136923	-0.086922	-0.832742	0.670416	-0.553661	0.741985	-0.552487	-0.419093	0.000015	1.000000	-0.009728	0.013126	-0.061475	-0.020583	0.022675	-0.015794	0.000048	-0.049580	-0.162379	0.200151	0.007298	0.022959	0.005452	-0.076019	-0.447722	-0.031756	-0.009132	-0.025373	0.025229	-0.233762	0.084550	-0.027014	0.022286	0.173240	-0.133980	-0.023300	-0.018736	-0.025195	0.053965	-0.183684	0.053003	-0.043664	-0.028553	0.137470	-0.063368	-0.897305	0.792756	-0.441411	0.609540	-0.588125	-0.426143	
1.395417	1.812698	-0.266238	-0.291337	-0.885094	-0.079833	-1.194817	0.024675	-0.408287	-0.144258	1.257841	0.926820	0.000015	1.000000	-0.009728	0.013126	-0.061475	-0.020583	0.022675	-0.011768	0.001952	-0.046572	-0.165859	0.226846	-0.007872	0.024809	-0.001966	-0.096734	-0.432733	-0.027924	-0.012224	-0.016431	0.008016	-0.156599	0.081273	-0.024701	0.027438	0.127165	-0.090514	-0.022406	-0.015407	-0.011981	0.047779	-0.151088	0.057843	-0.030195	-0.015209	0.136923	-0.086922	-0.832742	0.670416	-0.553661	0.741985	-0.552487	-0.419093	0.000015	1.000000	-0.009728	0.013126	-0.061475	-0.020583	0.022675	-0.015794	0.000048	-0.049580	-0.162379	0.200151	0.007298	0.022959	0.005452	-0.076019	-0.447722	-0.031756	-0.009132	-0.025373	0.025229	-0.233762	0.084550	-0.027014	0.022286	0.173240	-0.133980	-0.023300	-0.018736	-0.025195	0.053965	-0.183684	0.053003	-0.043664	-0.028553	0.137470	-0.063368	-0.897305	0.792756	-0.441411	0.609540	-0.588125	-0.426143	0.000015	1.000000	-0.009728	0.013126	-0.061475	-0.020583	0.022675	-0.021179	-0.002054	-0.055392	-0.157054	0.167089	0.020583	0.018323	0.007905	-0.034750	-0.460268	-0.042608	-0.013709	-0.043017	0.038815	-0.283005	0.069524	-0.031200	0.007114	0.173660	-0.091915	-0.022509	-0.023088	-0.035313	0.050006	-0.192132	0.043164	-0.049037	-0.031605	0.113728	-0.035589	-0.946438	0.887329	-0.322886	0.461137	-0.591555	-0.439463	
1.370399	1.789297	-0.181788	-0.122768	-0.862600	0.130715	0.190861	0.094711	-0.304999	-0.319273	1.298044	-0.343369	0.000015	1.000000	-0.009728	0.013126	-0.061475	-0.020583	0.022675	-0.015794	0.000048	-0.049580	-0.162379	0.200151	0.007298	0.022959	0.005452	-0.076019	-0.447722	-0.031756	-0.009132	-0.025373	0.025229	-0.233762	0.084550	-0.027014	0.022286	0.173240	-0.133980	-0.023300	-0.018736	-0.025195	0.053965	-0.183684	0.053003	-0.043664	-0.028553	0.137470	-0.063368	-0.897305	0.792756	-0.441411	0.609540	-0.588125	-0.426143	0.000015	1.000000	-0.009728	0.013126	-0.061475	-0.020583	0.022675	-0.021179	-0.002054	-0.055392	-0.157054	0.167089	0.020583	0.018323	0.007905	-0.034750	-0.460268	-0.042608	-0.013709	-0.043017	0.038815	-0.283005	0.069524	-0.031200	0.007114	0.173660	-0.091915	-0.022509	-0.023088	-0.035313	0.050006	-0.192132	0.043164	-0.049037	-0.031605	0.113728	-0.035589	-0.946438	0.887329	-0.322886	0.461137	-0.591555	-0.439463	0.000015	1.000000	-0.009728	0.013126	-0.061475	-0.020583	0.022675	-0.024873	-0.004582	-0.063291	-0.149543	0.131202	0.029880	0.012735	0.007935	-0.010381	-0.467817	-0.038459	-0.019750	-0.069209	0.030054	-0.293513	0.033823	-0.037318	-0.014643	0.163582	-0.042343	-0.022812	-0.024932	-0.040699	0.041296	-0.174181	0.034238	-0.049578	-0.033800	0.108241	-0.014126	-0.980626	0.952848	-0.195891	0.303447	-0.581375	-0.456191	
1.355235	1.736396	-0.074631	0.013929	-0.718938	0.206015	1.406984	0.077179	-0.301773	-0.340116	1.027599	-0.708784	0.000015	1.000000	-0.009728	0.013126	-0.061475	-0.020583	0.022675	-0.021179	-0.002054	-0.055392	-0.157054	0.167089	0.020583	0.018323	0.007905	-0.034750	-0.460268	-0.042608	-0.013709	-0.043017	0.038815	-0.283005	0.069524	-0.031200	0.007114	0.173660	-0.091915	-0.022509	-0.023088	-0.035313	0.050006	-0.192132	0.043164	-0.049037	-0.031605	0.113728	-0.035589	-0.946438	0.887329	-0.322886	0.461137	-0.591555	-0.439463	0.000015	1.000000	-0.009728	0.013126	-0.061475	-0.020583	0.022675	-0.024873	-0.004582	-0.063291	-0.149543	0.131202	0.029880	0.012735	0.007935	-0.010381	-0.467817	-0.038459	-0.019750	-0.069209	0.030054	-0.293513	0.033823	-0.037318	-0.014643	0.163582	-0.042343	-0.022812	-0.024932	-0.040699	0.041296	-0.174181	0.034238	-0.049578	-0.033800	0.108241	-0.014126	-0.980626	0.952848	-0.195891	0.303447	-0.581375	-0.456191	0.000015	1.000000	-0.009728	0.013126	-0.061475	-0.020583	0.022675	-0.032712	-0.007794	-0.073038	-0.145108	0.077521	0.036344	0.007232	0.005639	0.011941	-0.473423	-0.063519	-0.025239	-0.082297	0.020454	-0.232099	0.045258	-0.028741	-0.023449	0.190840	-0.008771	-0.017699	-0.023562	-0.043892	0.038823	-0.117637	0.029194	-0.048649	-0.036293	0.105389	-0.013672	-0.997688	0.990262	-0.067956	0.139217	-0.588880	-0.463211	
1.351047	1.718233	0.081597	0.219986	-0.725550	0.202900	1.949434	0.152897	-0.280753	-0.713190	0.877945	-0.719178	0.000015	1.000000	-0.009728	0.013126	-0.061475	-0.020583	0.022675	-0.024873	-0.004582	-0.063291	-0.149543	0.131202	0.029880	0.012735	0.007935	-0.010381	-0.467817	-0.038459	-0.019750	-0.069209	0.030054	-0.293513	0.033823	-0.037318	-0.014643	0.163582	-0.042343	-0.022812	-0.024932	-0.040699	0.041296	-0.174181	0.034238	-0.049578	-0.033800	0.108241	-0.014126	-0.980626	0.952848	-0.195891	0.303447	-0.581375	-0.456191	0.000015	1.000000	-0.009728	0.013126	-0.061475	-0.020583	0.022675	-0.032712	-0.007794	-0.073038	-0.145108	0.077521	0.036344	0.007232	0.005639	0.011941	-0.473423	-0.063519	-0.025239	-0.082297	0.020454	-0.232099	0.045258	-0.028741	-0.023449	0.190840	-0.008771	-0.017699	-0.023562	-0.043892	0.038823	-0.117637	0.029194	-0.048649	-0.036293	0.105389	-0.013672	-0.997688	0.990262	-0.067956	0.139217	-0.588880	-0.463211	0.000015	1.000000	-0.009728	0.013126	-0.061475	-0.020583	0.022675	-0.040290	-0.009818	-0.084317	-0.141871	0.049530	0.043162	0.002181	-0.000588	0.032933	-0.472533	-0.055556	-0.020437	-0.094075	0.022285	-0.160003	0.040818	-0.030675	-0.041778	0.118190	0.030879	-0.011239	-0.021330	-0.043379	0.038670	-0.068575	0.023532	-0.048117	-0.035160	0.099787	-0.025177	-0.998230	0.999719	0.059480	-0.023716	-0.593429	-0.479081	
1.275734	1.728784	0.202600	0.457603	-0.573119	0.167200	2.128872	0.161037	-0.293530	-0.923565	0.428057	-0.582620	0.000015	1.000000	-0.009728	0.013126	-0.061475	-0.020583	0.022675	-0.032712	-0.007794	-0.073038	-0.145108	0.077521	0.036344	0.007232	0.005639	0.011941	-0.473423	-0.063519	-0.025239	-0.082297	0.020454	-0.232099	0.045258	-0.028741	-0.023449	0.190840	-0.008771	-0.017699	-0.023562	-0.043892	0.038823	-0.117637	0.029194	-0.048649	-0.036293	0.105389	-0.013672	-0.997688	0.990262	-0.067956	0.139217	-0.588880	-0.463211	0.000015	1.000000	-0.009728	0.013126	-0.061475	-0.020583	0.022675	-0.040290	-0.009818	-0.084317	-0.141871	0.049530	0.043162	0.002181	-0.000588	0.032933	-0.472533	-0.055556	-0.020437	-0.094075	0.022285	-0.160003	0.040818	-0.030675	-0.041778	0.118190	0.030879	-0.011239	-0.021330	-0.043379	0.038670	-0.068575	0.023532	-0.048117	-0.035160	0.099787	-0.025177	-0.998230	0.999719	0.059480	-0.023716	-0.593429	-0.479081	0.000015	1.000000	-0.009728	0.013126	-0.061475	-0.020583	0.022675	-0.046071	-0.012581	-0.103439	-0.137952	0.033003	0.049760	-0.002683	-0.006219	0.049490	-0.471022	-0.013931	-0.017980	-0.090367	0.033635	-0.100449	0.029556	-0.030287	-0.034887	0.058231	0.002041	-0.004234	-0.015266	-0.035140	0.037795	-0.022806	0.019228	-0.047465	-0.040226	0.096399	-0.037475	-0.982595	0.982815	0.185763	-0.184594	-0.594686	-0.484530	
1.158339	1.687810	0.361826	0.411185	-0.211200	0.139418	2.870950	0.044043	-0.354890	-0.915903	-0.202790	-0.178039	0.000015	1.000000	-0.009728	0.013126	-0.061475	-0.020583	0.022675	-0.040290	-0.009818	-0.084317	-0.141871	0.049530	0.043162	0.002181	-0.000588	0.032933	-0.472533	-0.055556	-0.020437	-0.094075	0.022285	-0.160003	0.040818	-0.030675	-0.041778	0.118190	0.030879	-0.011239	-0.021330	-0.043379	0.038670	-0.068575	0.023532	-0.048117	-0.035160	0.099787	-0.025177	-0.998230	0.999719	0.059480	-0.023716	-0.593429	-0.479081	0.000015	1.000000	-0.009728	0.013126	-0.061475	-0.020583	0.022675	-0.046071	-0.012581	-0.103439	-0.137952	0.033003	0.049760	-0.002683	-0.006219	0.049490	-0.471022	-0.013931	-0.017980	-0.090367	0.033635	-0.100449	0.029556	-0.030287	-0.034887	0.058231	0.002041	-0.004234	-0.015266	-0.035140	0.037795	-0.022806	0.019228	-0.047465	-0.040226	0.096399	-0.037475	-0.982595	0.982815	0.185763	-0.184594	-0.594686	-0.484530	0.003922	1.000000	-0.009728	0.013126	-0.061475	-0.020583	0.022675	-0.047712	-0.015242	-0.116594	-0.129583	0.025868	0.053430	-0.007250	-0.011805	0.058327	-0.471107	0.000701	-0.017850	-0.096278	0.029885	-0.033774	0.037154	-0.023501	-0.043968	0.048048	-0.000494	0.000446	-0.005739	-0.030586	0.031935	0.016272	0.017974	-0.047302	-0.048499	0.093985	-0.046132	-0.953207	0.939836	0.302318	-0.341626	-0.617280	-0.481365	
1.049267	1.665323	0.388659	0.314778	-0.034247	0.135115	2.733406	0.021622	-0.332420	-0.890566	-0.331163	0.140942	0.000015	1.000000	-0.009728	0.013126	-0.061475	-0.020583	0.022675	-0.046071	-0.012581	-0.103439	-0.137952	0.033003	0.049760	-0.002683	-0.006219	0.049490	-0.471022	-0.013931	-0.017980	-0.090367	0.033635	-0.100449	0.029556	-0.030287	-0.034887	0.058231	0.002041	-0.004234	-0.015266	-0.035140	0.037795	-0.022806	0.019228	-0.047465	-0.040226	0.096399	-0.037475	-0.982595	0.982815	0.185763	-0.184594	-0.594686	-0.484530	0.003922	1.000000	-0.009728	0.013126	-0.061475	-0.020583	0.022675	-0.047712	-0.015242	-0.116594	-0.129583	0.025868	0.053430	-0.007250	-0.011805	0.058327	-0.471107	0.000701	-0.017850	-0.096278	0.029885	-0.033774	0.037154	-0.023501	-0.043968	0.048048	-0.000494	0.000446	-0.005739	-0.030586	0.031935	0.016272	0.017974	-0.047302	-0.048499	0.093985	-0.046132	-0.953207	0.939836	0.302318	-0.341626	-0.617280	-0.481365	0.003922	1.000000	-0.009728	0.013126	-0.061475	-0.020583	0.022675	-0.047701	-0.017035	-0.128724	-0.123644	0.027495	0.058550	-0.010861	-0.017623	0.063899	-0.472312	-0.003420	-0.008997	-0.085353	0.045911	0.037451	0.033726	-0.022125	-0.036152	0.034816	-0.019591	0.005869	0.002228	-0.021627	0.028089	0.057758	0.013515	-0.049020	-0.056435	0.085367	-0.047601	-0.914544	0.873768	0.404487	-0.486343	-0.652498	-0.493657	
0.967725	1.690371	0.287181	0.317363	0.120811	0.157093	2.424889	0.102108	-0.315328	-0.950126	-0.118758	-0.104048	0.003922	1.000000	-0.009728	0.013126	-0.061475	-0.020583	0.022675	-0.047712	-0.015242	-0.116594	-0.129583	0.025868	0.053430	-0.007250	-0.011805	0.058327	-0.471107	0.000701	-0.017850	-0.096278	0.029885	-0.033774	0.037154	-0.023501	-0.043968	0.048048	-0.000494	0.000446	-0.005739	-0.030586	0.031935	0.016272	0.017974	-0.047302	-0.048499	0.093985	-0.046132	-0.953207	0.939836	0.302318	-0.341626	-0.617280	-0.481365	0.003922	1.000000	-0.009728	0.013126	-0.061475	-0.020583	0.022675	-0.047701	-0.017035	-0.128724	-0.123644	0.027495	0.058550	-0.010861	-0.017623	0.063899	-0.472312	-0.003420	-0.008997	-0.085353	0.045911	0.037451	0.033726	-0.022125	-0.036152	0.034816	-0.019591	0.005869	0.002228	-0.021627	0.028089	0.057758	0.013515	-0.049020	-0.056435	0.085367	-0.047601	-0.914544	0.873768	0.404487	-0.486343	-0.652498	-0.493657	0.007828	1.000000	-0.009728	0.013126	-0.061475	-0.020583	0.022675	-0.047044	-0.017555	-0.137645	-0.118530	0.035236	0.062167	-0.012917	-0.025184	0.067922	-0.474734	0.004195	-0.000900	-0.059135	0.030763	0.075632	0.008258	-0.022569	-0.044095	0.031748	-0.020454	0.011032	0.007461	-0.013219	0.024999	0.090945	0.010222	-0.051942	-0.062208	0.076387	-0.043069	-0.870228	0.787182	0.492648	-0.616721	-0.685220	-0.500403	
0.945892	1.719847	0.151420	0.152403	0.197121	-0.127371	1.779898	0.138783	-0.087504	-0.826164	-0.002011	-0.251841	0.003922	1.000000	-0.009728	0.013126	-0.061475	-0.020583	0.022675	-0.047701	-0.017035	-0.128724	-0.123644	0.027495	0.058550	-0.010861	-0.017623	0.063899	-0.472312	-0.003420	-0.008997	-0.085353	0.045911	0.037451	0.033726	-0.022125	-0.036152	0.034816	-0.019591	0.005869	0.002228	-0.021627	0.028089	0.057758	0.013515	-0.049020	-0.056435	0.085367	-0.047601	-0.914544	0.873768	0.404487	-0.486343	-0.652498	-0.493657	0.007828	1.000000	-0.009728	0.013126	-0.061475	-0.020583	0.022675	-0.047044	-0.017555	-0.137645	-0.118530	0.035236	0.062167	-0.012917	-0.025184	0.067922	-0.474734	0.004195	-0.000900	-0.059135	0.030763	0.075632	0.008258	-0.022569	-0.044095	0.031748	-0.020454	0.011032	0.007461	-0.013219	0.024999	0.090945	0.010222	-0.051942	-0.062208	0.076387	-0.043069	-0.870228	0.787182	0.492648	-0.616721	-0.685220	-0.500403	0.015640	1.000000	-0.009728	0.013126	-0.061475	-0.020583	0.022675	-0.044368	-0.017360	-0.150770	-0.114769	0.050306	0.063957	-0.016300	-0.032731	0.072361	-0.476600	0.027639	0.001771	-0.071170	0.015639	0.147846	-0.004060	-0.020636	-0.055358	0.015040	-0.016702	0.012669	0.012033	0.001721	0.023597	0.112294	0.009965	-0.053295	-0.068931	0.070163	-0.042766	-0.821675	0.679229	0.569956	-0.733927	-0.709683	-0.492889	
0.982605	1.729967	0.121784	-0.024727	0.223967	-0.215278	1.430902	0.128383	0.037258	-0.752589	0.208846	-0.751905	0.007828	1.000000	-0.009728	0.013126	-0.061475	-0.020583	0.022675	-0.047044	-0.017555	-0.137645	-0.118530	0.035236	0.062167	-0.012917	-0.025184	0.067922	-0.474734	0.004195	-0.000900	-0.059135	0.030763	0.075632	0.008258	-0.022569	-0.044095	0.031748	-0.020454	0.011032	0.007461	-0.013219	0.024999	0.090945	0.010222	-0.051942	-0.062208	0.076387	-0.043069	-0.870228	0.787182	0.492648	-0.616721	-0.685220	-0.500403	0.015640	1.000000	-0.009728	0.013126	-0.061475	-0.020583	0.022675	-0.044368	-0.017360	-0.150770	-0.114769	0.050306	0.063957	-0.016300	-0.032731	0.072361	-0.476600	0.027639	0.001771	-0.071170	0.015639	0.147846	-0.004060	-0.020636	-0.055358	0.015040	-0.016702	0.012669	0.012033	0.001721	0.023597	0.112294	0.009965	-0.053295	-0.068931	0.070163	-0.042766	-0.821675	0.679229	0.569956	-0.733927	-0.709683	-0.492889	0.019547	1.000000	-0.009728	0.013126	-0.061475	-0.020583	0.022675	-0.042331	-0.016448	-0.158678	-0.110188	0.070962	0.063854	-0.019699	-0.041365	0.074582	-0.478693	0.022306	0.005412	-0.047946	0.019361	0.167631	-0.008432	-0.018697	-0.063115	0.009181	-0.022608	0.012902	0.013407	0.012585	0.017106	0.118327	0.012149	-0.051208	-0.072686	0.067912	-0.044448	-0.767688	0.551927	0.640823	-0.833892	-0.716232	-0.484046	
0.995016	1.753206	0.187091	-0.023851	0.207518	-0.181521	1.217145	0.063951	0.113397	-0.675781	0.587106	-1.696742	0.015640	1.000000	-0.009728	0.013126	-0.061475	-0.020583	0.022675	-0.044368	-0.017360	-0.150770	-0.114769	0.050306	0.063957	-0.016300	-0.032731	0.072361	-0.476600	0.027639	0.001771	-0.071170	0.015639	0.147846	-0.004060	-0.020636	-0.055358	0.015040	-0.016702	0.012669	0.012033	0.001721	0.023597	0.112294	0.009965	-0.053295	-0.068931	0.070163	-0.042766	-0.821675	0.679229	0.569956	-0.733927	-0.709683	-0.492889	0.019547	1.000000	-0.009728	0.013126	-0.061475	-0.020583	0.022675	-0.042331	-0.016448	-0.158678	-0.110188	0.070962	0.063854	-0.019699	-0.041365	0.074582	-0.478693	0.022306	0.005412	-0.047946	0.019361	0.167631	-0.008432	-0.018697	-0.063115	0.009181	-0.022608	0.012902	0.013407	0.012585	0.017106	0.118327	0.012149	-0.051208	-0.072686	0.067912	-0.044448	-0.767688	0.551927	0.640823	-0.833892	-0.716232	-0.484046	0.019547	1.000000	-0.009728	0.013126	-0.061475	-0.020583	0.022675	-0.038773	-0.015289	-0.162877	-0.106727	0.104828	0.063543	-0.022915	-0.051137	0.076868	-0.482311	0.021075	0.003798	-0.017357	0.030900	0.154255	0.003344	-0.018969	-0.079594	0.017668	-0.020058	0.011169	0.011877	0.020140	0.010419	0.105905	0.014384	-0.047433	-0.074192	0.068756	-0.052099	-0.705199	0.409385	0.709009	-0.912362	-0.705219	-0.481010	
1.111687	1.791755	0.142165	-0.066449	0.183386	-0.332604	0.821904	-0.007092	0.240816	-0.581053	0.766963	-2.528152	0.019547	1.000000	-0.009728	0.013126	-0.061475	-0.020583	0.022675	-0.042331	-0.016448	-0.158678	-0.110188	0.070962	0.063854	-0.019699	-0.041365	0.074582	-0.478693	0.022306	0.005412	-0.047946	0.019361	0.167631	-0.008432	-0.018697	-0.063115	0.009181	-0.022608	0.012902	0.013407	0.012585	0.017106	0.118327	0.012149	-0.051208	-0.072686	0.067912	-0.044448	-0.767688	0.551927	0.640823	-0.833892	-0.716232	-0.484046	0.019547	1.000000	-0.009728	0.013126	-0.061475	-0.020583	0.022675	-0.038773	-0.015289	-0.162877	-0.106727	0.104828	0.063543	-0.022915	-0.051137	0.076868	-0.482311	0.021075	0.003798	-0.017357	0.030900	0.154255	0.003344	-0.018969	-0.079594	0.017668	-0.020058	0.011169	0.011877	0.020140	0.010419	0.105905	0.014384	-0.047433	-0.074192	0.068756	-0.052099	-0.705199	0.409385	0.709009	-0.912362	-0.705219	-0.481010	0.023453	1.000000	-0.009728	0.013126	-0.061475	-0.020583	0.022675	-0.035008	-0.014766	-0.164153	-0.103515	0.126917	0.064644	-0.025562	-0.068213	0.079797	-0.485918	0.015717	0.004218	-0.007319	0.015304	0.152219	0.007314	-0.012249	-0.078799	0.028288	-0.029923	0.010213	0.010996	0.024531	0.004482	0.102089	0.014243	-0.043084	-0.067261	0.074642	-0.073965	-0.635646	0.253601	0.771981	-0.967309	-0.701495	-0.474038	
1.305890	1.809321	0.098846	-0.062844	0.191035	-0.507948	0.077201	-0.037249	0.316472	-0.538240	0.799341	-2.855258	0.019547	1.000000	-0.009728	0.013126	-0.061475	-0.020583	0.022675	-0.038773	-0.015289	-0.162877	-0.106727	0.104828	0.063543	-0.022915	-0.051137	0.076868	-0.482311	0.021075	0.003798	-0.017357	0.030900	0.154255	0.003344	-0.018969	-0.079594	0.017668	-0.020058	0.011169	0.011877	0.020140	0.010419	0.105905	0.014384	-0.047433	-0.074192	0.068756	-0.052099	-0.705199	0.409385	0.709009	-0.912362	-0.705219	-0.481010	0.023453	1.000000	-0.009728	0.013126	-0.061475	-0.020583	0.022675	-0.035008	-0.014766	-0.164153	-0.103515	0.126917	0.064644	-0.025562	-0.068213	0.079797	-0.485918	0.015717	0.004218	-0.007319	0.015304	0.152219	0.007314	-0.012249	-0.078799	0.028288	-0.029923	0.010213	0.010996	0.024531	0.004482	0.102089	0.014243	-0.043084	-0.067261	0.074642	-0.073965	-0.635646	0.253601	0.771981	-0.967309	-0.701495	-0.474038	0.027359	1.000000	-0.009728	0.013126	-0.061475	-0.020583	0.022675	-0.031298	-0.014144	-0.164457	-0.101661	0.147062	0.067263	-0.027497	-0.078075	0.079534	-0.487003	0.013436	0.003563	-0.001081	0.011999	0.156203	0.025159	-0.012392	-0.041380	-0.014270	-0.014857	0.008636	0.009377	0.027586	-0.002362	0.094274	0.011518	-0.037537	-0.066116	0.086410	-0.110807	-0.551413	0.087398	0.834232	-0.996174	-0.666494	-0.462474	
1.539095	1.812270	0.194075	0.101794	0.226931	-0.731851	-0.719625	-0.173565	0.464200	-0.315228	0.512767	-3.097856	0.023453	1.000000	-0.009728	0.013126	-0.061475	-0.020583	0.022675	-0.035008	-0.014766	-0.164153	-0.103515	0.126917	0.064644	-0.025562	-0.068213	0.079797	-0.485918	0.015717	0.004218	-0.007319	0.015304	0.152219	0.007314	-0.012249	-0.078799	0.028288	-0.029923	0.010213	0.010996	0.024531	0.004482	0.102089	0.014243	-0.043084	-0.067261	0.074642	-0.073965	-0.635646	0.253601	0.771981	-0.967309	-0.701495	-0.474038	0.027359	1.000000	-0.009728	0.013126	-0.061475	-0.020583	0.022675	-0.031298	-0.014144	-0.164457	-0.101661	0.147062	0.067263	-0.027497	-0.078075	0.079534	-0.487003	0.013436	0.003563	-0.001081	0.011999	0.156203	0.025159	-0.012392	-0.041380	-0.014270	-0.014857	0.008636	0.009377	0.027586	-0.002362	0.094274	0.011518	-0.037537	-0.066116	0.086410	-0.110807	-0.551413	0.087398	0.834232	-0.996174	-0.666494	-0.462474	0.027359	1.000000	-0.009728	0.013126	-0.061475	-0.020583	0.022675	-0.028036	-0.013875	-0.163039	-0.100175	0.165292	0.068878	-0.028522	-0.081937	0.076816	-0.495750	0.010417	-0.000342	0.022226	0.016903	0.111934	0.004261	-0.003566	-0.019841	-0.025506	-0.094659	0.006856	0.008166	0.029032	-0.011463	0.077201	0.009345	-0.031767	-0.070323	0.101111	-0.144863	-0.444892	-0.082818	0.895584	-0.996565	-0.608233	-0.457204	
1.644154	1.785666	0.242723	0.169374	0.304767	-0.971896	-0.709654	-0.270909	0.557432	-0.190138	-0.402400	-3.706452	0.027359	1.000000	-0.009728	0.013126	-0.061475	-0.020583	0.022675	-0.031298	-0.014144	-0.164457	-0.101661	0.147062	0.067263	-0.027497	-0.078075	0.079534	-0.487003	0.013436	0.003563	-0.001081	0.011999	0.156203	0.025159	-0.012392	-0.041380	-0.014270	-0.014857	0.008636	0.009377	0.027586	-0.002362	0.094274	0.011518	-0.037537	-0.066116	0.086410	-0.110807	-0.551413	0.087398	0.834232	-0.996174	-0.666494	-0.462474	0.027359	1.000000	-0.009728	0.013126	-0.061475	-0.020583	0.022675	-0.028036	-0.013875	-0.163039	-0.100175	0.165292	0.068878	-0.028522	-0.081937	0.076816	-0.495750	0.010417	-0.000342	0.022226	0.016903	0.111934	0.004261	-0.003566	-0.019841	-0.025506	-0.094659	0.006856	0.008166	0.029032	-0.011463	0.077201	0.009345	-0.031767	-0.070323	0.101111	-0.144863	-0.444892	-0.082818	0.895584	-0.996565	-0.608233	-0.457204	0.027359	1.000000	-0.009728	0.013126	-0.061475	-0.020583	0.022675	-0.026947	-0.013546	-0.160526	-0.100023	0.188688	0.070170	-0.028557	-0.084842	0.074601	-0.516087	0.003484	0.002176	0.020020	-0.012966	0.090059	0.008452	0.003715	-0.022224	-0.026978	-0.109618	0.008677	0.009363	0.029922	-0.022587	0.043016	0.005450	-0.024772	-0.072144	0.111015	-0.170973	-0.310829	-0.250925	0.950466	-0.968007	-0.538271	-0.456319	
1.756930	1.700845	0.344678	0.386866	0.349125	-1.531071	-0.285901	-0.481589	0.763702	-0.197985	-2.460657	-3.986080	0.027359	1.000000	-0.009728	0.013126	-0.061475	-0.020583	0.022675	-0.028036	-0.013875	-0.163039	-0.100175	0.165292	0.068878	-0.028522	-0.081937	0.076816	-0.495750	0.010417	-0.000342	0.022226	0.016903	0.111934	0.004261	-0.003566	-0.019841	-0.025506	-0.094659	0.006856	0.008166	0.029032	-0.011463	0.077201	0.009345	-0.031767	-0.070323	0.101111	-0.144863	-0.444892	-0.082818	0.895584	-0.996565	-0.608233	-0.457204	0.027359	1.000000	-0.009728	0.013126	-0.061475	-0.020583	0.022675	-0.026947	-0.013546	-0.160526	-0.100023	0.188688	0.070170	-0.028557	-0.084842	0.074601	-0.516087	0.003484	0.002176	0.020020	-0.012966	0.090059	0.008452	0.003715	-0.022224	-0.026978	-0.109618	0.008677	0.009363	0.029922	-0.022587	0.043016	0.005450	-0.024772	-0.072144	0.111015	-0.170973	-0.310829	-0.250925	0.950466	-0.968007	-0.538271	-0.456319	0.027359	1.000000	-0.009728	0.013126	-0.061475	-0.020583	0.022675	-0.024839	-0.012802	-0.158739	-0.101883	0.199450	0.070113	-0.028403	-0.086780	0.072655	-0.535227	0.019541	0.003940	0.006190	-0.026422	0.047392	-0.018697	0.001069	-0.009900	-0.032709	-0.163459	0.010207	0.011158	0.032703	-0.035296	0.021616	0.001446	-0.016571	-0.073056	0.106928	-0.207392	-0.160513	-0.409420	0.987034	-0.912346	-0.506754	-0.464300	
1.795201	1.518308	0.298531	0.475861	0.504550	-1.627904	0.096020	-0.758338	0.589513	-0.460671	-5.743067	-2.345792	0.027359	1.000000	-0.009728	0.013126	-0.061475	-0.020583	0.022675	-0.026947	-0.013546	-0.160526	-0.100023	0.188688	0.070170	-0.028557	-0.084842	0.074601	-0.516087	0.003484	0.002176	0.020020	-0.012966	0.090059	0.008452	0.003715	-0.022224	-0.026978	-0.109618	0.008677	0.009363	0.029922	-0.022587	0.043016	0.005450	-0.024772	-0.072144	0.111015	-0.170973	-0.310829	-0.250925	0.950466	-0.968007	-0.538271	-0.456319	0.027359	1.000000	-0.009728	0.013126	-0.061475	-0.020583	0.022675	-0.024839	-0.012802	-0.158739	-0.101883	0.199450	0.070113	-0.028403	-0.086780	0.072655	-0.535227	0.019541	0.003940	0.006190	-0.026422	0.047392	-0.018697	0.001069	-0.009900	-0.032709	-0.163459	0.010207	0.011158	0.032703	-0.035296	0.021616	0.001446	-0.016571	-0.073056	0.106928	-0.207392	-0.160513	-0.409420	0.987034	-0.912346	-0.506754	-0.464300	0.027359	1.000000	-0.009728	0.013126	-0.061475	-0.020583	0.022675	-0.022528	-0.011853	-0.156686	-0.107247	0.205044	0.067873	-0.027419	-0.087410	0.064802	-0.559824	0.020798	0.007141	0.016671	-0.052893	0.021838	-0.020016	0.004411	-0.007271	-0.050730	-0.212812	0.013078	0.016025	0.035898	-0.052950	0.011724	-0.003553	-0.006073	-0.075402	0.077788	-0.242722	0.004752	-0.550099	0.999989	-0.835100	-0.472921	-0.489747	
1.862280	1.335777	0.251231	0.573874	0.791939	-1.377722	-0.126275	-1.069123	0.385422	-1.048733	-8.126027	0.605261	0.027359	1.000000	-0.009728	0.013126	-0.061475	-0.020583	0.022675	-0.024839	-0.012802	-0.158739	-0.101883	0.199450	0.070113	-0.028403	-0.086780	0.072655	-0.535227	0.019541	0.003940	0.006190	-0.026422	0.047392	-0.018697	0.001069	-0.009900	-0.032709	-0.163459	0.010207	0.011158	0.032703	-0.035296	0.021616	0.001446	-0.016571	-0.073056	0.106928	-0.207392	-0.160513	-0.409420	0.987034	-0.912346	-0.506754	-0.464300	0.027359	1.000000	-0.009728	0.013126	-0.061475	-0.020583	0.022675	-0.022528	-0.011853	-0.156686	-0.107247	0.205044	0.067873	-0.027419	-0.087410	0.064802	-0.559824	0.020798	0.007141	0.016671	-0.052893	0.021838	-0.020016	0.004411	-0.007271	-0.050730	-0.212812	0.013078	0.016025	0.035898	-0.052950	0.011724	-0.003553	-0.006073	-0.075402	0.077788	-0.242722	0.004752	-0.550099	0.999989	-0.835100	-0.472921	-0.489747	0.027359	1.000000	-0.009728	0.013126	-0.061475	-0.020583	0.022675	-0.020635	-0.010428	-0.153415	-0.120510	0.207447	0.065340	-0.025308	-0.087973	0.056737	-0.590358	0.019528	0.008159	0.023303	-0.065660	0.000090	-0.013168	0.011608	-0.003868	-0.061954	-0.267998	0.015659	0.021731	0.040189	-0.064083	0.010760	-0.012386	0.000650	-0.081744	-0.000213	-0.247342	0.172914	-0.663469	0.984937	-0.748204	-0.461440	-0.544508	
1.906892	1.368099	0.006948	0.350266	0.809818	-1.232138	0.227852	-1.065512	0.413960	-1.924467	-9.098343	3.590137	0.027359	1.000000	-0.009728	0.013126	-0.061475	-0.020583	0.022675	-0.022528	-0.011853	-0.156686	-0.107247	0.205044	0.067873	-0.027419	-0.087410	0.064802	-0.559824	0.020798	0.007141	0.016671	-0.052893	0.021838	-0.020016	0.004411	-0.007271	-0.050730	-0.212812	0.013078	0.016025	0.035898	-0.052950	0.011724	-0.003553	-0.006073	-0.075402	0.077788	-0.242722	0.004752	-0.550099	0.999989	-0.835100	-0.472921	-0.489747	0.027359	1.000000	-0.009728	0.013126	-0.061475	-0.020583	0.022675	-0.020635	-0.010428	-0.153415	-0.120510	0.207447	0.065340	-0.025308	-0.087973	0.056737	-0.590358	0.019528	0.008159	0.023303	-0.065660	0.000090	-0.013168	0.011608	-0.003868	-0.061954	-0.267998	0.015659	0.021731	0.040189	-0.064083	0.010760	-0.012386	0.000650	-0.081744	-0.000213	-0.247342	0.172914	-0.663469	0.984937	-0.748204	-0.461440	-0.544508	0.027359	1.000000	-0.009728	0.013126	-0.061475	-0.020583	0.022675	-0.018197	-0.008285	-0.149078	-0.132128	0.208655	0.063162	-0.022672	-0.090460	0.043661	-0.649633	0.014167	0.017450	0.034086	-0.098343	0.005592	-0.015275	0.014072	-0.035283	-0.127635	-0.300387	0.016986	0.028189	0.047721	-0.073112	0.007660	-0.026230	0.003791	-0.094974	-0.108922	-0.178996	0.342100	-0.752092	0.939663	-0.659058	-0.441316	-0.599267	
1.911938	1.525822	-0.109892	-0.041438	0.764432	-1.265450	1.578373	-0.783457	0.695568	-2.592070	-9.370388	5.261906	0.027359	1.000000	-0.009728	0.013126	-0.061475	-0.020583	0.022675	-0.020635	-0.010428	-0.153415	-0.120510	0.207447	0.065340	-0.025308	-0.087973	0.056737	-0.590358	0.019528	0.008159	0.023303	-0.065660	0.000090	-0.013168	0.011608	-0.003868	-0.061954	-0.267998	0.015659	0.021731	0.040189	-0.064083	0.010760	-0.012386	0.000650	-0.081744	-0.000213	-0.247342	0.172914	-0.663469	0.984937	-0.748204	-0.461440	-0.544508	0.027359	1.000000	-0.009728	0.013126	-0.061475	-0.020583	0.022675	-0.018197	-0.008285	-0.149078	-0.132128	0.208655	0.063162	-0.022672	-0.090460	0.043661	-0.649633	0.014167	0.017450	0.034086	-0.098343	0.005592	-0.015275	0.014072	-0.035283	-0.127635	-0.300387	0.016986	0.028189	0.047721	-0.073112	0.007660	-0.026230	0.003791	-0.094974	-0.108922	-0.178996	0.342100	-0.752092	0.939663	-0.659058	-0.441316	-0.599267	0.027359	1.000000	-0.008485	-0.005993	-0.011021	-0.017108	-0.000215	-0.013590	-0.006749	-0.144188	-0.143976	0.208993	0.059164	-0.019940	-0.106491	0.021611	-0.688290	0.026542	0.018960	0.033419	-0.103356	-0.001884	-0.021767	0.013970	-0.111009	-0.190735	-0.260354	0.012483	0.031914	0.054994	-0.079771	0.010744	-0.038236	0.007276	-0.107848	-0.223529	-0.086415	0.504766	-0.830688	0.863256	-0.556737	-0.427932	-0.589570	
1.890694	1.577554	-0.066336	0.017086	0.740005	-1.327509	2.116723	-0.628581	0.530558	-2.701620	-9.388047	5.489513	0.027359	1.000000	-0.009728	0.013126	-0.061475	-0.020583	0.022675	-0.018197	-0.008285	-0.149078	-0.132128	0.208655	0.063162	-0.022672	-0.090460	0.043661	-0.649633	0.014167	0.017450	0.034086	-0.098343	0.005592	-0.015275	0.014072	-0.035283	-0.127635	-0.300387	0.016986	0.028189	0.047721	-0.073112	0.007660	-0.026230	0.003791	-0.094974	-0.108922	-0.178996	0.342100	-0.752092	0.939663	-0.659058	-0.441316	-0.599267	0.027359	1.000000	-0.008485	-0.005993	-0.011021	-0.017108	-0.000215	-0.013590	-0.006749	-0.144188	-0.143976	0.208993	0.059164	-0.019940	-0.106491	0.021611	-0.688290	0.026542	0.018960	0.033419	-0.103356	-0.001884	-0.021767	0.013970	-0.111009	-0.190735	-0.260354	0.012483	0.031914	0.054994	-0.079771	0.010744	-0.038236	0.007276	-0.107848	-0.223529	-0.086415	0.504766	-0.830688	0.863256	-0.556737	-0.427932	-0.589570	0.027359	1.000000	-0.008236	-0.009817	-0.005976	-0.016760	-0.002504	-0.009058	-0.003849	-0.138993	-0.156742	0.209691	0.053202	-0.017438	-0.124286	-0.023051	-0.709908	0.024639	0.019693	0.021139	-0.102113	0.005744	-0.060105	0.012680	-0.145103	-0.298942	-0.124094	0.006303	0.028393	0.061262	-0.085982	0.033716	-0.044023	0.015205	-0.128924	-0.319385	0.014110	0.651272	-0.901884	0.758845	-0.431979	-0.426419	-0.542253	
1.851341	1.373053	-0.099955	-0.107611	0.678888	-0.867020	1.534301	-0.489075	0.125164	-2.386513	-9.081117	5.052991	0.027359	1.000000	-0.008485	-0.005993	-0.011021	-0.017108	-0.000215	-0.013590	-0.006749	-0.144188	-0.143976	0.208993	0.059164	-0.019940	-0.106491	0.021611	-0.688290	0.026542	0.018960	0.033419	-0.103356	-0.001884	-0.021767	0.013970	-0.111009	-0.190735	-0.260354	0.012483	0.031914	0.054994	-0.079771	0.010744	-0.038236	0.007276	-0.107848	-0.223529	-0.086415	0.504766	-0.830688	0.863256	-0.556737	-0.427932	-0.589570	0.027359	1.000000	-0.008236	-0.009817	-0.005976	-0.016760	-0.002504	-0.009058	-0.003849	-0.138993	-0.156742	0.209691	0.053202	-0.017438	-0.124286	-0.023051	-0.709908	0.024639	0.019693	0.021139	-0.102113	0.005744	-0.060105	0.012680	-0.145103	-0.298942	-0.124094	0.006303	0.028393	0.061262	-0.085982	0.033716	-0.044023	0.015205	-0.128924	-0.319385	0.014110	0.651272	-0.901884	0.758845	-0.431979	-0.426419	-0.542253	0.027359	1.000000	-0.008186	-0.010582	-0.005472	-0.016725	-0.002733	-0.006794	-0.001096	-0.132962	-0.176792	0.213683	0.047745	-0.015024	-0.148613	-0.074344	-0.713868	0.005954	0.015812	0.047828	-0.083145	0.051174	-0.065334	0.014529	-0.208534	-0.457025	0.024581	0.003046	0.025896	0.066315	-0.085816	0.061427	-0.047981	0.020737	-0.145062	-0.408706	0.100292	0.775301	-0.955860	0.631592	-0.293823	-0.432792	-0.526734	
1.856355	1.012735	-0.221043	0.001791	0.664458	-0.283986	0.596522	-0.245330	-0.271845	-1.560713	-7.954318	3.703888	0.027359	1.000000	-0.008236	-0.009817	-0.005976	-0.016760	-0.002504	-0.009058	-0.003849	-0.138993	-0.156742	0.209691	0.053202	-0.017438	-0.124286	-0.023051	-0.709908	0.024639	0.019693	0.021139	-0.102113	0.005744	-0.060105	0.012680	-0.145103	-0.298942	-0.124094	0.006303	0.028393	0.061262	-0.085982	0.033716	-0.044023	0.015205	-0.128924	-0.319385	0.014110	0.651272	-0.901884	0.758845	-0.431979	-0.426419	-0.542253	0.027359	1.000000	-0.008186	-0.010582	-0.005472	-0.016725	-0.002733	-0.006794	-0.001096	-0.132962	-0.176792	0.213683	0.047745	-0.015024	-0.148613	-0.074344	-0.713868	0.005954	0.015812	0.047828	-0.083145	0.051174	-0.065334	0.014529	-0.208534	-0.457025	0.024581	0.003046	0.025896	0.066315	-0.085816	0.061427	-0.047981	0.020737	-0.145062	-0.408706	0.100292	0.775301	-0.955860	0.631592	-0.293823	-0.432792	-0.526734	0.027359	1.000000	-0.008176	-0.010735	-0.005421	-0.016722	-0.002756	-0.005881	0.001151	-0.125915	-0.191052	0.225363	0.036185	-0.011956	-0.180765	-0.140001	-0.698254	0.004434	0.013679	0.055731	-0.112306	0.072816	-0.095170	0.020530	-0.272107	-0.598111	0.153908	0.000637	0.022038	0.069430	-0.084532	0.072712	-0.043740	0.019543	-0.148628	-0.478967	0.160306	0.872986	-0.985736	0.487744	-0.168296	-0.444598	-0.588084	
1.870124	0.655831	-0.201293	-0.099113	0.889379	-0.202295	-0.409420	-0.136538	-0.856954	-0.441407	-4.860774	1.691895	0.027359	1.000000	-0.008186	-0.010582	-0.005472	-0.016725	-0.002733	-0.006794	-0.001096	-0.132962	-0.176792	0.213683	0.047745	-0.015024	-0.148613	-0.074344	-0.713868	0.005954	0.015812	0.047828	-0.083145	0.051174	-0.065334	0.014529	-0.208534	-0.457025	0.024581	0.003046	0.025896	0.066315	-0.085816	0.061427	-0.047981	0.020737	-0.145062	-0.408706	0.100292	0.775301	-0.955860	0.631592	-0.293823	-0.432792	-0.526734	0.027359	1.000000	-0.008176	-0.010735	-0.005421	-0.016722	-0.002756	-0.005881	0.001151	-0.125915	-0.191052	0.225363	0.036185	-0.011956	-0.180765	-0.140001	-0.698254	0.004434	0.013679	0.055731	-0.112306	0.072816	-0.095170	0.020530	-0.272107	-0.598111	0.153908	0.000637	0.022038	0.069430	-0.084532	0.072712	-0.043740	0.019543	-0.148628	-0.478967	0.160306	0.872986	-0.985736	0.487744	-0.168296	-0.444598	-0.588084	0.027359	1.000000	-0.008174	-0.010766	-0.005416	-0.016722	-0.002758	-0.004995	0.003094	-0.117115	-0.204301	0.237223	0.025052	-0.009888	-0.237796	-0.220041	-0.672230	0.000792	0.011488	0.077809	-0.111732	0.093825	-0.057674	0.016477	-0.257526	-0.679570	0.243613	-0.003586	0.020122	0.070661	-0.075571	0.069858	-0.036311	0.013371	-0.115162	-0.519021	0.190204	0.944934	-0.997335	0.327261	-0.072965	-0.443094	-0.696179	
1.838532	0.574612	-0.185684	-0.201210	1.091365	-0.264459	-0.757946	-0.171330	-0.998810	0.952076	0.219639	-0.600303	0.027359	1.000000	-0.008176	-0.010735	-0.005421	-0.016722	-0.002756	-0.005881	0.001151	-0.125915	-0.191052	0.225363	0.036185	-0.011956	-0.180765	-0.140001	-0.698254	0.004434	0.013679	0.055731	-0.112306	0.072816	-0.095170	0.020530	-0.272107	-0.598111	0.153908	0.000637	0.022038	0.069430	-0.084532	0.072712	-0.043740	0.019543	-0.148628	-0.478967	0.160306	0.872986	-0.985736	0.487744	-0.168296	-0.444598	-0.588084	0.027359	1.000000	-0.008174	-0.010766	-0.005416	-0.016722	-0.002758	-0.004995	0.003094	-0.117115	-0.204301	0.237223	0.025052	-0.009888	-0.237796	-0.220041	-0.672230	0.000792	0.011488	0.077809	-0.111732	0.093825	-0.057674	0.016477	-0.257526	-0.679570	0.243613	-0.003586	0.020122	0.070661	-0.075571	0.069858	-0.036311	0.013371	-0.115162	-0.519021	0.190204	0.944934	-0.997335	0.327261	-0.072965	-0.443094	-0.696179	0.027359	1.000000	-0.008174	-0.010772	-0.005416	-0.016722	-0.002758	-0.004818	0.004638	-0.097737	-0.215505	0.246404	0.016888	-0.008012	-0.273605	-0.362160	-0.637363	-0.006900	0.009059	0.107235	-0.078174	0.004497	-0.043106	0.009325	-0.237573	-0.675502	0.275615	-0.006772	0.017096	0.064577	-0.067391	0.054557	-0.030188	-0.001314	-0.085950	-0.449556	0.180626	0.987580	-0.999935	0.157118	-0.011437	-0.438963	-0.803251	
1.833587	0.610994	-0.276249	-0.263645	0.940127	0.127374	-1.254115	-0.029880	-1.014690	1.595668	4.378521	-1.524908	0.027359	1.000000	-0.008174	-0.010766	-0.005416	-0.016722	-0.002758	-0.004995	0.003094	-0.117115	-0.204301	0.237223	0.025052	-0.009888	-0.237796	-0.220041	-0.672230	0.000792	0.011488	0.077809	-0.111732	0.093825	-0.057674	0.016477	-0.257526	-0.679570	0.243613	-0.003586	0.020122	0.070661	-0.075571	0.069858	-0.036311	0.013371	-0.115162	-0.519021	0.190204	0.944934	-0.997335	0.327261	-0.072965	-0.443094	-0.696179	0.027359	1.000000	-0.008174	-0.010772	-0.005416	-0.016722	-0.002758	-0.004818	0.004638	-0.097737	-0.215505	0.246404	0.016888	-0.008012	-0.273605	-0.362160	-0.637363	-0.006900	0.009059	0.107235	-0.078174	0.004497	-0.043106	0.009325	-0.237573	-0.675502	0.275615	-0.006772	0.017096	0.064577	-0.067391	0.054557	-0.030188	-0.001314	-0.085950	-0.449556	0.180626	0.987580	-0.999935	0.157118	-0.011437	-0.438963	-0.803251	0.027359	1.000000	-0.008174	-0.010773	-0.005416	-0.016722	-0.002758	-0.005801	0.006021	-0.084241	-0.215710	0.246932	0.011765	-0.007573	-0.300105	-0.452452	-0.602231	-0.008018	0.007769	0.062370	0.012771	-0.005134	-0.029087	0.001398	-0.189864	-0.642991	0.267299	-0.008572	0.012697	0.067438	-0.071149	0.042669	-0.027634	-0.016723	-0.045180	-0.355971	0.136496	0.999882	-0.999090	-0.015367	0.042662	-0.448440	-0.827616	
1.852591	0.833874	-0.156147	-0.190524	0.277771	1.183064	-2.092607	0.091214	-0.302814	1.494073	5.634235	-0.669674	0.027359	1.000000	-0.008174	-0.010772	-0.005416	-0.016722	-0.002758	-0.004818	0.004638	-0.097737	-0.215505	0.246404	0.016888	-0.008012	-0.273605	-0.362160	-0.637363	-0.006900	0.009059	0.107235	-0.078174	0.004497	-0.043106	0.009325	-0.237573	-0.675502	0.275615	-0.006772	0.017096	0.064577	-0.067391	0.054557	-0.030188	-0.001314	-0.085950	-0.449556	0.180626	0.987580	-0.999935	0.157118	-0.011437	-0.438963	-0.803251	0.027359	1.000000	-0.008174	-0.010773	-0.005416	-0.016722	-0.002758	-0.005801	0.006021	-0.084241	-0.215710	0.246932	0.011765	-0.007573	-0.300105	-0.452452	-0.602231	-0.008018	0.007769	0.062370	0.012771	-0.005134	-0.029087	0.001398	-0.189864	-0.642991	0.267299	-0.008572	0.012697	0.067438	-0.071149	0.042669	-0.027634	-0.016723	-0.045180	-0.355971	0.136496	0.999882	-0.999090	-0.015367	0.042662	-0.448440	-0.827616	0.027359	1.000000	-0.008174	-0.010773	-0.005416	-0.016722	-0.002758	-0.009972	0.006872	-0.075677	-0.213861	0.247110	0.008947	-0.008672	-0.316455	-0.525206	-0.554831	-0.006734	0.002289	0.043576	0.011746	-0.002258	-0.017216	-0.009399	-0.091222	-0.540634	0.177831	-0.008545	0.007893	0.072974	-0.071088	0.023682	-0.025264	-0.030842	-0.004898	-0.217549	0.066226	0.982351	-0.994979	-0.187048	0.100084	-0.449924	-0.816702	
1.860320	1.078618	0.130715	-0.064988	-0.150489	1.671862	-1.994596	-0.034446	0.359136	1.739484	5.864711	0.838388	0.027359	1.000000	-0.008174	-0.010773	-0.005416	-0.016722	-0.002758	-0.005801	0.006021	-0.084241	-0.215710	0.246932	0.011765	-0.007573	-0.300105	-0.452452	-0.602231	-0.008018	0.007769	0.062370	0.012771	-0.005134	-0.029087	0.001398	-0.189864	-0.642991	0.267299	-0.008572	0.012697	0.067438	-0.071149	0.042669	-0.027634	-0.016723	-0.045180	-0.355971	0.136496	0.999882	-0.999090	-0.015367	0.042662	-0.448440	-0.827616	0.027359	1.000000	-0.008174	-0.010773	-0.005416	-0.016722	-0.002758	-0.009972	0.006872	-0.075677	-0.213861	0.247110	0.008947	-0.008672	-0.316455	-0.525206	-0.554831	-0.006734	0.002289	0.043576	0.011746	-0.002258	-0.017216	-0.009399	-0.091222	-0.540634	0.177831	-0.008545	0.007893	0.072974	-0.071088	0.023682	-0.025264	-0.030842	-0.004898	-0.217549	0.066226	0.982351	-0.994979	-0.187048	0.100084	-0.449924	-0.816702	0.027359	1.000000	-0.008174	-0.010773	-0.005416	-0.016722	-0.002758	-0.011072	0.007122	-0.068196	-0.211673	0.244771	0.007003	-0.010839	-0.324378	-0.577682	-0.535076	-0.002069	0.001857	0.050072	0.007107	-0.028841	-0.020217	-0.014898	0.021587	-0.369177	0.077456	-0.009791	0.004778	0.069670	-0.055490	-0.005437	-0.021948	-0.033228	0.025485	-0.080373	0.036404	0.934785	-0.984019	-0.355214	0.178061	-0.444223	-0.749838	
1.854684	1.456485	0.380449	-0.030342	-0.148247	1.174826	0.365438	-0.351808	1.004576	2.522629	5.218883	2.322395	0.027359	1.000000	-0.008174	-0.010773	-0.005416	-0.016722	-0.002758	-0.009972	0.006872	-0.075677	-0.213861	0.247110	0.008947	-0.008672	-0.316455	-0.525206	-0.554831	-0.006734	0.002289	0.043576	0.011746	-0.002258	-0.017216	-0.009399	-0.091222	-0.540634	0.177831	-0.008545	0.007893	0.072974	-0.071088	0.023682	-0.025264	-0.030842	-0.004898	-0.217549	0.066226	0.982351	-0.994979	-0.187048	0.100084	-0.449924	-0.816702	0.027359	1.000000	-0.008174	-0.010773	-0.005416	-0.016722	-0.002758	-0.011072	0.007122	-0.068196	-0.211673	0.244771	0.007003	-0.010839	-0.324378	-0.577682	-0.535076	-0.002069	0.001857	0.050072	0.007107	-0.028841	-0.020217	-0.014898	0.021587	-0.369177	0.077456	-0.009791	0.004778	0.069670	-0.055490	-0.005437	-0.021948	-0.033228	0.025485	-0.080373	0.036404	0.934785	-0.984019	-0.355214	0.178061	-0.444223	-0.749838	0.023453	1.000000	-0.008174	-0.010773	-0.005416	-0.016722	-0.002758	-0.011438	0.007140	-0.055965	-0.210242	0.239820	0.004942	-0.013631	-0.317627	-0.622589	-0.525600	-0.001603	-0.001792	0.046185	-0.004524	-0.044062	-0.018074	-0.021613	0.097077	-0.098335	0.045434	-0.007465	0.003785	0.055180	-0.031840	-0.030409	-0.020404	-0.025048	0.044829	0.052516	0.039505	0.858480	-0.960865	-0.512846	0.277015	-0.441904	-0.676414	
1.862558	1.600695	0.494952	0.002633	-0.305577	1.028852	0.662420	-0.375795	1.319572	2.771921	5.431961	2.728166	0.027359	1.000000	-0.008174	-0.010773	-0.005416	-0.016722	-0.002758	-0.011072	0.007122	-0.068196	-0.211673	0.244771	0.007003	-0.010839	-0.324378	-0.577682	-0.535076	-0.002069	0.001857	0.050072	0.007107	-0.028841	-0.020217	-0.014898	0.021587	-0.369177	0.077456	-0.009791	0.004778	0.069670	-0.055490	-0.005437	-0.021948	-0.033228	0.025485	-0.080373	0.036404	0.934785	-0.984019	-0.355214	0.178061	-0.444223	-0.749838	0.023453	1.000000	-0.008174	-0.010773	-0.005416	-0.016722	-0.002758	-0.011438	0.007140	-0.055965	-0.210242	0.239820	0.004942	-0.013631	-0.317627	-0.622589	-0.525600	-0.001603	-0.001792	0.046185	-0.004524	-0.044062	-0.018074	-0.021613	0.097077	-0.098335	0.045434	-0.007465	0.003785	0.055180	-0.031840	-0.030409	-0.020404	-0.025048	0.044829	0.052516	0.039505	0.858480	-0.960865	-0.512846	0.277015	-0.441904	-0.676414	0.023453	1.000000	-0.008174	-0.010773	-0.005416	-0.016722	-0.002758	-0.011002	0.007112	-0.050635	-0.211313	0.231947	0.003196	-0.016427	-0.300694	-0.627911	-0.516943	0.000538	-0.001110	0.032187	0.001292	-0.074897	-0.029375	-0.015887	0.165694	0.044954	0.067357	-0.002181	0.003358	0.047622	-0.013107	-0.017042	-0.023948	-0.007149	0.065822	0.136299	0.065763	0.755949	-0.913794	-0.654630	0.406179	-0.443595	-0.563055	
1.892911	1.636155	0.329051	-0.128406	-0.428792	1.100892	-0.091053	-0.247446	1.122184	2.540556	5.594090	2.561836	0.023453	1.000000	-0.008174	-0.010773	-0.005416	-0.016722	-0.002758	-0.011438	0.007140	-0.055965	-0.210242	0.239820	0.004942	-0.013631	-0.317627	-0.622589	-0.525600	-0.001603	-0.001792	0.046185	-0.004524	-0.044062	-0.018074	-0.021613	0.097077	-0.098335	0.045434	-0.007465	0.003785	0.055180	-0.031840	-0.030409	-0.020404	-0.025048	0.044829	0.052516	0.039505	0.858480	-0.960865	-0.512846	0.277015	-0.441904	-0.676414	0.023453	1.000000	-0.008174	-0.010773	-0.005416	-0.016722	-0.002758	-0.011002	0.007112	-0.050635	-0.211313	0.231947	0.003196	-0.016427	-0.300694	-0.627911	-0.516943	0.000538	-0.001110	0.032187	0.001292	-0.074897	-0.029375	-0.015887	0.165694	0.044954	0.067357	-0.002181	0.003358	0.047622	-0.013107	-0.017042	-0.023948	-0.007149	0.065822	0.136299	0.065763	0.755949	-0.913794	-0.654630	0.406179	-0.443595	-0.563055	0.023453	1.000000	-0.008174	-0.010773	-0.005416	-0.016722	-0.002758	-0.009437	0.007098	-0.046564	-0.210607	0.220897	-0.001708	-0.016784	-0.274213	-0.613829	-0.500284	0.012965	-0.000227	0.023110	0.003270	-0.024240	-0.037834	0.009811	0.225598	0.159086	0.097117	0.003671	0.003411	0.038971	0.001605	0.003935	-0.024674	0.012983	0.080881	0.203621	0.089989	0.630134	-0.842446	-0.776487	0.538781	-0.441233	-0.519792	
1.907010	1.686103	0.125894	-0.234594	-0.229116	0.732876	-0.233257	-0.137932	0.882147	2.570792	5.402782	1.498231	0.023453	1.000000	-0.008174	-0.010773	-0.005416	-0.016722	-0.002758	-0.011002	0.007112	-0.050635	-0.211313	0.231947	0.003196	-0.016427	-0.300694	-0.627911	-0.516943	0.000538	-0.001110	0.032187	0.001292	-0.074897	-0.029375	-0.015887	0.165694	0.044954	0.067357	-0.002181	0.003358	0.047622	-0.013107	-0.017042	-0.023948	-0.007149	0.065822	0.136299	0.065763	0.755949	-0.913794	-0.654630	0.406179	-0.443595	-0.563055	0.023453	1.000000	-0.008174	-0.010773	-0.005416	-0.016722	-0.002758	-0.009437	0.007098	-0.046564	-0.210607	0.220897	-0.001708	-0.016784	-0.274213	-0.613829	-0.500284	0.012965	-0.000227	0.023110	0.003270	-0.024240	-0.037834	0.009811	0.225598	0.159086	0.097117	0.003671	0.003411	0.038971	0.001605	0.003935	-0.024674	0.012983	0.080881	0.203621	0.089989	0.630134	-0.842446	-0.776487	0.538781	-0.441233	-0.519792	0.019547	1.000000	-0.008174	-0.010773	-0.005416	-0.016722	-0.002758	-0.007209	0.007079	-0.043714	-0.208938	0.218566	-0.008748	-0.016266	-0.226266	-0.585859	-0.482485	0.014906	0.000210	0.012780	0.013937	0.002113	-0.053336	0.005983	0.210302	0.267860	0.146505	0.006379	0.001504	0.029689	0.016450	0.004900	-0.021347	0.029298	0.071042	0.259561	0.110617	0.482339	-0.749696	-0.875985	0.661782	-0.432127	-0.509154	
1.912983	1.767275	-0.009753	-0.289765	-0.050638	0.154726	0.085629	0.225431	0.753641	2.197262	4.939651	-0.287297	0.023453	1.000000	-0.008174	-0.010773	-0.005416	-0.016722	-0.002758	-0.009437	0.007098	-0.046564	-0.210607	0.220897	-0.001708	-0.016784	-0.274213	-0.613829	-0.500284	0.012965	-0.000227	0.023110	0.003270	-0.024240	-0.037834	0.009811	0.225598	0.159086	0.097117	0.003671	0.003411	0.038971	0.001605	0.003935	-0.024674	0.012983	0.080881	0.203621	0.089989	0.630134	-0.842446	-0.776487	0.538781	-0.441233	-0.519792	0.019547	1.000000	-0.008174	-0.010773	-0.005416	-0.016722	-0.002758	-0.007209	0.007079	-0.043714	-0.208938	0.218566	-0.008748	-0.016266	-0.226266	-0.585859	-0.482485	0.014906	0.000210	0.012780	0.013937	0.002113	-0.053336	0.005983	0.210302	0.267860	0.146505	0.006379	0.001504	0.029689	0.016450	0.004900	-0.021347	0.029298	0.071042	0.259561	0.110617	0.482339	-0.749696	-0.875985	0.661782	-0.432127	-0.509154	0.011734	1.000000	-0.008174	-0.010773	-0.005416	-0.016722	-0.002758	-0.004122	0.007010	-0.041181	-0.205721	0.218924	-0.016432	-0.013424	-0.195399	-0.520165	-0.461550	0.020335	-0.000561	-0.002212	0.020238	0.007539	-0.054886	0.022816	0.185043	0.318170	0.177965	0.005181	-0.001948	0.023718	0.024230	0.001042	-0.015732	0.039693	0.078753	0.274942	0.112164	0.317905	-0.635478	-0.948123	0.772119	-0.427897	-0.494169	
1.898574	1.834127	-0.010203	-0.368884	-0.085913	0.002674	-0.251843	0.466828	0.763068	1.898836	4.450974	-1.515705	0.019547	1.000000	-0.008174	-0.010773	-0.005416	-0.016722	-0.002758	-0.007209	0.007079	-0.043714	-0.208938	0.218566	-0.008748	-0.016266	-0.226266	-0.585859	-0.482485	0.014906	0.000210	0.012780	0.013937	0.002113	-0.053336	0.005983	0.210302	0.267860	0.146505	0.006379	0.001504	0.029689	0.016450	0.004900	-0.021347	0.029298	0.071042	0.259561	0.110617	0.482339	-0.749696	-0.875985	0.661782	-0.432127	-0.509154	0.011734	1.000000	-0.008174	-0.010773	-0.005416	-0.016722	-0.002758	-0.004122	0.007010	-0.041181	-0.205721	0.218924	-0.016432	-0.013424	-0.195399	-0.520165	-0.461550	0.020335	-0.000561	-0.002212	0.020238	0.007539	-0.054886	0.022816	0.185043	0.318170	0.177965	0.005181	-0.001948	0.023718	0.024230	0.001042	-0.015732	0.039693	0.078753	0.274942	0.112164	0.317905	-0.635478	-0.948123	0.772119	-0.427897	-0.494169	0.007828	1.000000	-0.008174	-0.010773	-0.005416	-0.016722	-0.002758	-0.002390	0.006633	-0.041038	-0.199916	0.219044	-0.024585	-0.008550	-0.167585	-0.466629	-0.439672	0.013200	-0.004360	-0.008247	0.029941	-0.005876	-0.041781	0.030664	0.203804	0.392994	0.174830	0.003303	-0.005912	0.022817	0.020743	0.002205	-0.004202	0.046111	0.083861	0.295417	0.085982	0.142938	-0.498836	-0.989732	0.866696	-0.426105	-0.469818	
1.900278	1.865255	-0.058908	-0.325197	-0.162235	0.174337	-0.954541	0.667488	0.476410	1.366991	3.417472	-1.721579	0.011734	1.000000	-0.008174	-0.010773	-0.005416	-0.016722	-0.002758	-0.004122	0.007010	-0.041181	-0.205721	0.218924	-0.016432	-0.013424	-0.195399	-0.520165	-0.461550	0.020335	-0.000561	-0.002212	0.020238	0.007539	-0.054886	0.022816	0.185043	0.318170	0.177965	0.005181	-0.001948	0.023718	0.024230	0.001042	-0.015732	0.039693	0.078753	0.274942	0.112164	0.317905	-0.635478	-0.948123	0.772119	-0.427897	-0.494169	0.007828	1.000000	-0.008174	-0.010773	-0.005416	-0.016722	-0.002758	-0.002390	0.006633	-0.041038	-0.199916	0.219044	-0.024585	-0.008550	-0.167585	-0.466629	-0.439672	0.013200	-0.004360	-0.008247	0.029941	-0.005876	-0.041781	0.030664	0.203804	0.392994	0.174830	0.003303	-0.005912	0.022817	0.020743	0.002205	-0.004202	0.046111	0.083861	0.295417	0.085982	0.142938	-0.498836	-0.989732	0.866696	-0.426105	-0.469818	0.000015	1.000000	-0.008174	-0.010773	-0.005416	-0.016722	-0.002758	-0.001438	0.005596	-0.041470	-0.196065	0.219092	-0.029535	-0.002825	-0.139389	-0.410024	-0.409173	-0.003565	-0.009742	-0.001872	0.028817	-0.006520	-0.008366	0.037032	0.214404	0.456311	0.100885	0.002198	-0.010409	0.021960	0.016932	-0.001621	0.007751	0.051832	0.084146	0.305576	0.032747	-0.035500	-0.342327	-0.999370	0.939581	-0.430428	-0.449762	
1.907158	1.849791	-0.155238	-0.136362	-0.121873	0.222498	-1.174521	0.788351	-0.023442	0.843496	2.078329	-1.491280	0.007828	1.000000	-0.008174	-0.010773	-0.005416	-0.016722	-0.002758	-0.002390	0.006633	-0.041038	-0.199916	0.219044	-0.024585	-0.008550	-0.167585	-0.466629	-0.439672	0.013200	-0.004360	-0.008247	0.029941	-0.005876	-0.041781	0.030664	0.203804	0.392994	0.174830	0.003303	-0.005912	0.022817	0.020743	0.002205	-0.004202	0.046111	0.083861	0.295417	0.085982	0.142938	-0.498836	-0.989732	0.866696	-0.426105	-0.469818	0.000015	1.000000	-0.008174	-0.010773	-0.005416	-0.016722	-0.002758	-0.001438	0.005596	-0.041470	-0.196065	0.219092	-0.029535	-0.002825	-0.139389	-0.410024	-0.409173	-0.003565	-0.009742	-0.001872	0.028817	-0.006520	-0.008366	0.037032	0.214404	0.456311	0.100885	0.002198	-0.010409	0.021960	0.016932	-0.001621	0.007751	0.051832	0.084146	0.305576	0.032747	-0.035500	-0.342327	-0.999370	0.939581	-0.430428	-0.449762	0.000015	1.000000	-0.008174	-0.010773	-0.005416	-0.016722	-0.002758	-0.001271	0.004711	-0.041435	-0.193162	0.218981	-0.029823	0.004192	-0.096260	-0.349072	-0.398420	0.000690	-0.012257	0.000860	0.014049	-0.004142	0.001606	0.045346	0.193130	0.486023	0.028235	0.001149	-0.014392	0.019496	0.016640	-0.015803	0.018033	0.051949	0.061487	0.295798	-0.003785	-0.212658	-0.173026	-0.977127	0.984917	-0.429917	-0.440423	
1.877504	1.866797	-0.086049	0.341179	-0.540130	0.646585	-1.677409	1.087088	-0.411583	-0.765707	1.376131	-1.283060	0.000015	1.000000	-0.008174	-0.010773	-0.005416	-0.016722	-0.002758	-0.001438	0.005596	-0.041470	-0.196065	0.219092	-0.029535	-0.002825	-0.139389	-0.410024	-0.409173	-0.003565	-0.009742	-0.001872	0.028817	-0.006520	-0.008366	0.037032	0.214404	0.456311	0.100885	0.002198	-0.010409	0.021960	0.016932	-0.001621	0.007751	0.051832	0.084146	0.305576	0.032747	-0.035500	-0.342327	-0.999370	0.939581	-0.430428	-0.449762	0.000015	1.000000	-0.008174	-0.010773	-0.005416	-0.016722	-0.002758	-0.001271	0.004711	-0.041435	-0.193162	0.218981	-0.029823	0.004192	-0.096260	-0.349072	-0.398420	0.000690	-0.012257	0.000860	0.014049	-0.004142	0.001606	0.045346	0.193130	0.486023	0.028235	0.001149	-0.014392	0.019496	0.016640	-0.015803	0.018033	0.051949	0.061487	0.295798	-0.003785	-0.212658	-0.173026	-0.977127	0.984917	-0.429917	-0.440423	0.000015	1.000000	0.000227	-0.013839	-0.017879	0.112908	-0.224826	-0.001166	0.002740	-0.040943	-0.191394	0.217068	-0.028305	0.011727	-0.070210	-0.253737	-0.397142	0.001116	-0.015068	-0.006195	0.011176	-0.025191	0.004697	0.043386	0.158898	0.391633	-0.010786	-0.001284	-0.014466	0.017177	0.018207	-0.031496	0.028333	0.044063	0.048081	0.231616	-0.027417	-0.383811	0.000321	-0.923412	1.000000	-0.427852	-0.445063	
1.798615	1.917316	-0.206707	0.148588	-0.417921	1.118753	-2.329613	0.865506	-1.099804	-0.438086	1.335092	-1.387498	0.000015	1.000000	-0.008174	-0.010773	-0.005416	-0.016722	-0.002758	-0.001271	0.004711	-0.041435	-0.193162	0.218981	-0.029823	0.004192	-0.096260	-0.349072	-0.398420	0.000690	-0.012257	0.000860	0.014049	-0.004142	0.001606	0.045346	0.193130	0.486023	0.028235	0.001149	-0.014392	0.019496	0.016640	-0.015803	0.018033	0.051949	0.061487	0.295798	-0.003785	-0.212658	-0.173026	-0.977127	0.984917	-0.429917	-0.440423	0.000015	1.000000	0.000227	-0.013839	-0.017879	0.112908	-0.224826	-0.001166	0.002740	-0.040943	-0.191394	0.217068	-0.028305	0.011727	-0.070210	-0.253737	-0.397142	0.001116	-0.015068	-0.006195	0.011176	-0.025191	0.004697	0.043386	0.158898	0.391633	-0.010786	-0.001284	-0.014466	0.017177	0.018207	-0.031496	0.028333	0.044063	0.048081	0.231616	-0.027417	-0.383811	0.000321	-0.923412	1.000000	-0.427852	-0.445063	0.000015	1.000000	0.001908	-0.014452	-0.019125	0.125871	-0.247033	-0.001169	0.000658	-0.041063	-0.188545	0.212760	-0.026838	0.018832	-0.050024	-0.197738	-0.400812	-0.004425	-0.010812	-0.010739	0.013680	-0.051723	0.013730	0.040049	0.145355	0.366142	-0.040162	-0.002570	-0.007270	0.009201	0.025049	-0.052331	0.043160	0.030789	0.016418	0.196244	-0.042979	-0.540255	0.175224	-0.841501	0.984529	-0.436749	-0.439961	
1.659898	1.937146	-0.330582	0.118853	-0.602900	1.603755	-2.860963	0.876737	-1.403288	-0.285647	1.465741	-1.344562	0.000015	1.000000	0.000227	-0.013839	-0.017879	0.112908	-0.224826	-0.001166	0.002740	-0.040943	-0.191394	0.217068	-0.028305	0.011727	-0.070210	-0.253737	-0.397142	0.001116	-0.015068	-0.006195	0.011176	-0.025191	0.004697	0.043386	0.158898	0.391633	-0.010786	-0.001284	-0.014466	0.017177	0.018207	-0.031496	0.028333	0.044063	0.048081	0.231616	-0.027417	-0.383811	0.000321	-0.923412	1.000000	-0.427852	-0.445063	0.000015	1.000000	0.001908	-0.014452	-0.019125	0.125871	-0.247033	-0.001169	0.000658	-0.041063	-0.188545	0.212760	-0.026838	0.018832	-0.050024	-0.197738	-0.400812	-0.004425	-0.010812	-0.010739	0.013680	-0.051723	0.013730	0.040049	0.145355	0.366142	-0.040162	-0.002570	-0.007270	0.009201	0.025049	-0.052331	0.043160	0.030789	0.016418	0.196244	-0.042979	-0.540255	0.175224	-0.841501	0.984529	-0.436749	-0.439961	0.000015	1.000000	0.002244	-0.014574	-0.019250	0.127167	-0.249253	-0.001436	-0.000470	-0.042323	-0.185769	0.202156	-0.022280	0.023750	-0.036632	-0.153095	-0.410149	-0.004630	-0.003757	-0.011543	0.013931	-0.071824	0.035222	0.014706	0.092005	0.323113	-0.058455	-0.005404	-0.003913	0.004191	0.039059	-0.076678	0.051587	0.009370	-0.003546	0.171632	-0.054458	-0.674502	0.349346	-0.738273	0.936994	-0.460415	-0.424805	
1.389736	1.943325	-0.251113	-0.098540	-0.806952	1.256942	-2.858559	0.706369	-1.302423	-0.275270	1.495504	-1.091604	0.000015	1.000000	0.001908	-0.014452	-0.019125	0.125871	-0.247033	-0.001169	0.000658	-0.041063	-0.188545	0.212760	-0.026838	0.018832	-0.050024	-0.197738	-0.400812	-0.004425	-0.010812	-0.010739	0.013680	-0.051723	0.013730	0.040049	0.145355	0.366142	-0.040162	-0.002570	-0.007270	0.009201	0.025049	-0.052331	0.043160	0.030789	0.016418	0.196244	-0.042979	-0.540255	0.175224	-0.841501	0.984529	-0.436749	-0.439961	0.000015	1.000000	0.002244	-0.014574	-0.019250	0.127167	-0.249253	-0.001436	-0.000470	-0.042323	-0.185769	0.202156	-0.022280	0.023750	-0.036632	-0.153095	-0.410149	-0.004630	-0.003757	-0.011543	0.013931	-0.071824	0.035222	0.014706	0.092005	0.323113	-0.058455	-0.005404	-0.003913	0.004191	0.039059	-0.076678	0.051587	0.009370	-0.003546	0.171632	-0.054458	-0.674502	0.349346	-0.738273	0.936994	-0.460415	-0.424805	0.000015	1.000000	0.002311	-0.014599	-0.019263	0.127297	-0.249475	-0.001853	-0.000840	-0.043980	-0.181991	0.189639	-0.014050	0.025598	-0.023049	-0.115135	-0.419529	-0.001510	-0.003051	-0.009180	0.027216	-0.114663	0.065289	0.012986	0.029091	0.276586	-0.083664	-0.009944	-0.001760	-0.003192	0.059329	-0.107062	0.056504	-0.013521	-0.021413	0.155651	-0.065240	-0.781259	0.513607	-0.624207	0.858025	-0.502031	-0.418856	
1.175127	1.931891	-0.215574	-0.278106	-1.025792	0.690866	-2.705661	0.484512	-0.904426	-0.475673	1.727892	-0.189675	0.000015	1.000000	0.002244	-0.014574	-0.019250	0.127167	-0.249253	-0.001436	-0.000470	-0.042323	-0.185769	0.202156	-0.022280	0.023750	-0.036632	-0.153095	-0.410149	-0.004630	-0.003757	-0.011543	0.013931	-0.071824	0.035222	0.014706	0.092005	0.323113	-0.058455	-0.005404	-0.003913	0.004191	0.039059	-0.076678	0.051587	0.009370	-0.003546	0.171632	-0.054458	-0.674502	0.349346	-0.738273	0.936994	-0.460415	-0.424805	0.000015	1.000000	0.002311	-0.014599	-0.019263	0.127297	-0.249475	-0.001853	-0.000840	-0.043980	-0.181991	0.189639	-0.014050	0.025598	-0.023049	-0.115135	-0.419529	-0.001510	-0.003051	-0.009180	0.027216	-0.114663	0.065289	0.012986	0.029091	0.276586	-0.083664	-0.009944	-0.001760	-0.003192	0.059329	-0.107062	0.056504	-0.013521	-0.021413	0.155651	-0.065240	-0.781259	0.513607	-0.624207	0.858025	-0.502031	-0.418856	0.000015	1.000000	0.002324	-0.014604	-0.019264	0.127310	-0.249498	-0.003220	-0.000866	-0.045136	-0.175662	0.171675	-0.003558	0.025580	-0.019702	-0.071362	-0.428530	-0.012016	-0.001003	-0.019064	0.051925	-0.170245	0.052941	-0.005681	0.003956	0.169687	-0.059664	-0.012341	-0.003212	-0.014134	0.071843	-0.131950	0.056602	-0.033027	-0.028886	0.134297	-0.072604	-0.856051	0.661208	-0.516891	0.750203	-0.583079	-0.417003	
1.177986	1.888990	-0.351046	-0.247683	-0.977532	0.415022	-1.874731	0.043131	-0.731008	-0.240301	1.611242	0.593422	0.000015	1.000000	0.002311	-0.014599	-0.019263	0.127297	-0.249475	-0.001853	-0.000840	-0.043980	-0.181991	0.189639	-0.014050	0.025598	-0.023049	-0.115135	-0.419529	-0.001510	-0.003051	-0.009180	0.027216	-0.114663	0.065289	0.012986	0.029091	0.276586	-0.083664	-0.009944	-0.001760	-0.003192	0.059329	-0.107062	0.056504	-0.013521	-0.021413	0.155651	-0.065240	-0.781259	0.513607	-0.624207	0.858025	-0.502031	-0.418856	0.000015	1.000000	0.002324	-0.014604	-0.019264	0.127310	-0.249498	-0.003220	-0.000866	-0.045136	-0.175662	0.171675	-0.003558	0.025580	-0.019702	-0.071362	-0.428530	-0.012016	-0.001003	-0.019064	0.051925	-0.170245	0.052941	-0.005681	0.003956	0.169687	-0.059664	-0.012341	-0.003212	-0.014134	0.071843	-0.131950	0.056602	-0.033027	-0.028886	0.134297	-0.072604	-0.856051	0.661208	-0.516891	0.750203	-0.583079	-0.417003	-0.007797	1.000000	0.002327	-0.014605	-0.019264	0.127311	-0.249500	-0.004342	-0.000952	-0.049753	-0.161892	0.148380	0.008767	0.022458	-0.017797	-0.043730	-0.439635	-0.019348	-0.000566	-0.048319	0.074985	-0.215236	0.067061	-0.025926	0.026568	0.182377	-0.101582	-0.014450	-0.007294	-0.024891	0.068427	-0.149207	0.051539	-0.043461	-0.037921	0.132562	-0.064341	-0.907899	0.786029	-0.419189	0.618190	-0.647462	-0.420433	
1.318268	1.836829	-0.406867	-0.120202	-0.948847	0.170649	-0.706841	-0.121974	-0.578574	-0.241458	1.337500	0.615692	0.000015	1.000000	0.002324	-0.014604	-0.019264	0.127310	-0.249498	-0.003220	-0.000866	-0.045136	-0.175662	0.171675	-0.003558	0.025580	-0.019702	-0.071362	-0.428530	-0.012016	-0.001003	-0.019064	0.051925	-0.170245	0.052941	-0.005681	0.003956	0.169687	-0.059664	-0.012341	-0.003212	-0.014134	0.071843	-0.131950	0.056602	-0.033027	-0.028886	0.134297	-0.072604	-0.856051	0.661208	-0.516891	0.750203	-0.583079	-0.417003	-0.007797	1.000000	0.002327	-0.014605	-0.019264	0.127311	-0.249500	-0.004342	-0.000952	-0.049753	-0.161892	0.148380	0.008767	0.022458	-0.017797	-0.043730	-0.439635	-0.019348	-0.000566	-0.048319	0.074985	-0.215236	0.067061	-0.025926	0.026568	0.182377	-0.101582	-0.014450	-0.007294	-0.024891	0.068427	-0.149207	0.051539	-0.043461	-0.037921	0.132562	-0.064341	-0.907899	0.786029	-0.419189	0.618190	-0.647462	-0.420433	-0.007797	1.000000	0.002327	-0.014605	-0.019264	0.127311	-0.249500	-0.007038	-0.001527	-0.056905	-0.151989	0.107928	0.018453	0.017924	-0.016423	-0.018720	-0.458505	-0.025315	-0.009362	-0.052640	0.053213	-0.205427	0.064285	-0.030510	0.002657	0.198303	-0.077159	-0.017024	-0.010437	-0.032413	0.064754	-0.136897	0.042499	-0.049900	-0.042903	0.131738	-0.036563	-0.948779	0.883144	-0.315940	0.469102	-0.646604	-0.433303	
1.385820	1.808492	-0.307659	-0.047903	-0.853941	0.218691	0.763248	-0.052444	-0.498332	-0.348950	1.240932	-0.761189	-0.007797	1.000000	0.002327	-0.014605	-0.019264	0.127311	-0.249500	-0.004342	-0.000952	-0.049753	-0.161892	0.148380	0.008767	0.022458	-0.017797	-0.043730	-0.439635	-0.019348	-0.000566	-0.048319	0.074985	-0.215236	0.067061	-0.025926	0.026568	0.182377	-0.101582	-0.014450	-0.007294	-0.024891	0.068427	-0.149207	0.051539	-0.043461	-0.037921	0.132562	-0.064341	-0.907899	0.786029	-0.419189	0.618190	-0.647462	-0.420433	-0.007797	1.000000	0.002327	-0.014605	-0.019264	0.127311	-0.249500	-0.007038	-0.001527	-0.056905	-0.151989	0.107928	0.018453	0.017924	-0.016423	-0.018720	-0.458505	-0.025315	-0.009362	-0.052640	0.053213	-0.205427	0.064285	-0.030510	0.002657	0.198303	-0.077159	-0.017024	-0.010437	-0.032413	0.064754	-0.136897	0.042499	-0.049900	-0.042903	0.131738	-0.036563	-0.948779	0.883144	-0.315940	0.469102	-0.646604	-0.433303	-0.007797	1.000000	0.002328	-0.014605	-0.019264	0.127311	-0.249500	-0.013151	-0.002053	-0.064103	-0.144967	0.080015	0.026643	0.012284	-0.021358	0.007341	-0.466738	-0.036032	-0.005124	-0.047140	0.053129	-0.204446	0.051096	-0.039576	-0.039167	0.191869	-0.048894	-0.017053	-0.011725	-0.039538	0.060308	-0.119654	0.032469	-0.052993	-0.041612	0.125867	-0.019037	-0.980772	0.951087	-0.195156	0.308923	-0.604520	-0.448951	
1.358867	1.800951	-0.186798	-0.005638	-0.840181	0.406460	1.975285	0.164708	-0.362223	-0.708015	1.230460	-1.830361	-0.007797	1.000000	0.002327	-0.014605	-0.019264	0.127311	-0.249500	-0.007038	-0.001527	-0.056905	-0.151989	0.107928	0.018453	0.017924	-0.016423	-0.018720	-0.458505	-0.025315	-0.009362	-0.052640	0.053213	-0.205427	0.064285	-0.030510	0.002657	0.198303	-0.077159	-0.017024	-0.010437	-0.032413	0.064754	-0.136897	0.042499	-0.049900	-0.042903	0.131738	-0.036563	-0.948779	0.883144	-0.315940	0.469102	-0.646604	-0.433303	-0.007797	1.000000	0.002328	-0.014605	-0.019264	0.127311	-0.249500	-0.013151	-0.002053	-0.064103	-0.144967	0.080015	0.026643	0.012284	-0.021358	0.007341	-0.466738	-0.036032	-0.005124	-0.047140	0.053129	-0.204446	0.051096	-0.039576	-0.039167	0.191869	-0.048894	-0.017053	-0.011725	-0.039538	0.060308	-0.119654	0.032469	-0.052993	-0.041612	0.125867	-0.019037	-0.980772	0.951087	-0.195156	0.308923	-0.604520	-0.448951	-0.007797	1.000000	0.002328	-0.014605	-0.019264	0.127311	-0.249500	-0.020190	-0.003023	-0.076205	-0.138207	0.056136	0.034048	0.006463	-0.027434	0.045753	-0.470759	-0.046177	-0.007957	-0.069272	0.054168	-0.185504	0.036167	-0.031526	-0.054167	0.137834	-0.005238	-0.014615	-0.011472	-0.040206	0.056819	-0.084360	0.024279	-0.054625	-0.040755	0.106013	-0.026399	-0.997810	0.989632	-0.066150	0.143627	-0.584254	-0.457452	
1.275941	1.803394	-0.046286	-0.020155	-0.806374	0.433857	2.490939	0.129675	-0.289599	-0.783298	0.981808	-1.972695	-0.007797	1.000000	0.002328	-0.014605	-0.019264	0.127311	-0.249500	-0.013151	-0.002053	-0.064103	-0.144967	0.080015	0.026643	0.012284	-0.021358	0.007341	-0.466738	-0.036032	-0.005124	-0.047140	0.053129	-0.204446	0.051096	-0.039576	-0.039167	0.191869	-0.048894	-0.017053	-0.011725	-0.039538	0.060308	-0.119654	0.032469	-0.052993	-0.041612	0.125867	-0.019037	-0.980772	0.951087	-0.195156	0.308923	-0.604520	-0.448951	-0.007797	1.000000	0.002328	-0.014605	-0.019264	0.127311	-0.249500	-0.020190	-0.003023	-0.076205	-0.138207	0.056136	0.034048	0.006463	-0.027434	0.045753	-0.470759	-0.046177	-0.007957	-0.069272	0.054168	-0.185504	0.036167	-0.031526	-0.054167	0.137834	-0.005238	-0.014615	-0.011472	-0.040206	0.056819	-0.084360	0.024279	-0.054625	-0.040755	0.106013	-0.026399	-0.997810	0.989632	-0.066150	0.143627	-0.584254	-0.457452	-0.007797	1.000000	0.002328	-0.014605	-0.019264	0.127311	-0.249500	-0.026905	-0.004316	-0.087083	-0.127138	0.037910	0.037759	0.001050	-0.033980	0.068630	-0.473357	-0.032186	-0.012079	-0.088585	0.036823	-0.123937	0.026648	-0.029092	-0.053574	0.143947	-0.021811	-0.010707	-0.010264	-0.041955	0.051858	-0.036450	0.023044	-0.054655	-0.044848	0.101627	-0.051308	-0.998072	0.999664	0.062071	-0.025924	-0.592340	-0.459715	
1.158808	1.813764	0.192927	-0.029420	-0.691360	0.228833	2.786809	0.021257	-0.254532	-0.874492	0.594167	-1.506091	-0.007797	1.000000	0.002328	-0.014605	-0.019264	0.127311	-0.249500	-0.020190	-0.003023	-0.076205	-0.138207	0.056136	0.034048	0.006463	-0.027434	0.045753	-0.470759	-0.046177	-0.007957	-0.069272	0.054168	-0.185504	0.036167	-0.031526	-0.054167	0.137834	-0.005238	-0.014615	-0.011472	-0.040206	0.056819	-0.084360	0.024279	-0.054625	-0.040755	0.106013	-0.026399	-0.997810	0.989632	-0.066150	0.143627	-0.584254	-0.457452	-0.007797	1.000000	0.002328	-0.014605	-0.019264	0.127311	-0.249500	-0.026905	-0.004316	-0.087083	-0.127138	0.037910	0.037759	0.001050	-0.033980	0.068630	-0.473357	-0.032186	-0.012079	-0.088585	0.036823	-0.123937	0.026648	-0.029092	-0.053574	0.143947	-0.021811	-0.010707	-0.010264	-0.041955	0.051858	-0.036450	0.023044	-0.054655	-0.044848	0.101627	-0.051308	-0.998072	0.999664	0.062071	-0.025924	-0.592340	-0.459715	-0.007797	1.000000	0.002328	-0.014605	-0.019264	0.127311	-0.249500	-0.031883	-0.006028	-0.099025	-0.120271	0.020767	0.043081	-0.004177	-0.041833	0.084426	-0.477197	-0.026948	-0.010746	-0.088771	0.046605	-0.038915	0.042796	-0.040016	-0.068171	0.097099	-0.041614	-0.006422	-0.008853	-0.042085	0.051486	0.017985	0.019663	-0.053764	-0.048723	0.100530	-0.077002	-0.983460	0.980938	0.181128	-0.194320	-0.617218	-0.458982	
1.016839	1.814504	0.358023	0.136280	-0.609180	0.262593	2.733639	0.134190	-0.283481	-1.141660	0.373121	-0.800859	-0.007797	1.000000	0.002328	-0.014605	-0.019264	0.127311	-0.249500	-0.026905	-0.004316	-0.087083	-0.127138	0.037910	0.037759	0.001050	-0.033980	0.068630	-0.473357	-0.032186	-0.012079	-0.088585	0.036823	-0.123937	0.026648	-0.029092	-0.053574	0.143947	-0.021811	-0.010707	-0.010264	-0.041955	0.051858	-0.036450	0.023044	-0.054655	-0.044848	0.101627	-0.051308	-0.998072	0.999664	0.062071	-0.025924	-0.592340	-0.459715	-0.007797	1.000000	0.002328	-0.014605	-0.019264	0.127311	-0.249500	-0.031883	-0.006028	-0.099025	-0.120271	0.020767	0.043081	-0.004177	-0.041833	0.084426	-0.477197	-0.026948	-0.010746	-0.088771	0.046605	-0.038915	0.042796	-0.040016	-0.068171	0.097099	-0.041614	-0.006422	-0.008853	-0.042085	0.051486	0.017985	0.019663	-0.053764	-0.048723	0.100530	-0.077002	-0.983460	0.980938	0.181128	-0.194320	-0.617218	-0.458982	-0.007797	1.000000	0.002328	-0.014605	-0.019264	0.127311	-0.249500	-0.035496	-0.007728	-0.111179	-0.113445	0.019956	0.051537	-0.007468	-0.053630	0.093740	-0.478352	-0.020492	-0.010031	-0.101003	0.053515	0.025770	0.049994	-0.036339	-0.036130	0.038674	-0.034172	0.000082	-0.007594	-0.040294	0.048090	0.060568	0.011526	-0.054288	-0.050033	0.100122	-0.098421	-0.957880	0.933630	0.287167	-0.358240	-0.652358	-0.455871	
0.968646	1.756427	0.266819	0.281124	-0.389357	0.165128	2.354258	0.235682	-0.438557	-0.982181	-0.230368	0.581417	-0.007797	1.000000	0.002328	-0.014605	-0.019264	0.127311	-0.249500	-0.031883	-0.006028	-0.099025	-0.120271	0.020767	0.043081	-0.004177	-0.041833	0.084426	-0.477197	-0.026948	-0.010746	-0.088771	0.046605	-0.038915	0.042796	-0.040016	-0.068171	0.097099	-0.041614	-0.006422	-0.008853	-0.042085	0.051486	0.017985	0.019663	-0.053764	-0.048723	0.100530	-0.077002	-0.983460	0.980938	0.181128	-0.194320	-0.617218	-0.458982	-0.007797	1.000000	0.002328	-0.014605	-0.019264	0.127311	-0.249500	-0.035496	-0.007728	-0.111179	-0.113445	0.019956	0.051537	-0.007468	-0.053630	0.093740	-0.478352	-0.020492	-0.010031	-0.101003	0.053515	0.025770	0.049994	-0.036339	-0.036130	0.038674	-0.034172	0.000082	-0.007594	-0.040294	0.048090	0.060568	0.011526	-0.054288	-0.050033	0.100122	-0.098421	-0.957880	0.933630	0.287167	-0.358240	-0.652358	-0.455871	-0.007797	1.000000	0.002328	-0.014605	-0.019264	0.127311	-0.249500	-0.036388	-0.009594	-0.132149	-0.105731	0.028106	0.057033	-0.011260	-0.057904	0.099359	-0.485902	0.005977	-0.009378	-0.095247	0.060837	0.085630	0.017911	-0.021315	-0.013384	-0.014977	-0.085424	0.006336	-0.003687	-0.028446	0.044308	0.093354	0.008039	-0.054741	-0.062856	0.100090	-0.102864	-0.926067	0.859191	0.377360	-0.511655	-0.694948	-0.455649	
0.928405	1.723267	0.189929	0.246960	-0.052388	0.000066	2.189755	0.278481	-0.528267	-0.739119	-0.583623	1.024473	-0.007797	1.000000	0.002328	-0.014605	-0.019264	0.127311	-0.249500	-0.035496	-0.007728	-0.111179	-0.113445	0.019956	0.051537	-0.007468	-0.053630	0.093740	-0.478352	-0.020492	-0.010031	-0.101003	0.053515	0.025770	0.049994	-0.036339	-0.036130	0.038674	-0.034172	0.000082	-0.007594	-0.040294	0.048090	0.060568	0.011526	-0.054288	-0.050033	0.100122	-0.098421	-0.957880	0.933630	0.287167	-0.358240	-0.652358	-0.455871	-0.007797	1.000000	0.002328	-0.014605	-0.019264	0.127311	-0.249500	-0.036388	-0.009594	-0.132149	-0.105731	0.028106	0.057033	-0.011260	-0.057904	0.099359	-0.485902	0.005977	-0.009378	-0.095247	0.060837	0.085630	0.017911	-0.021315	-0.013384	-0.014977	-0.085424	0.006336	-0.003687	-0.028446	0.044308	0.093354	0.008039	-0.054741	-0.062856	0.100090	-0.102864	-0.926067	0.859191	0.377360	-0.511655	-0.694948	-0.455649	-0.007797	1.000000	0.002328	-0.014605	-0.019264	0.127311	-0.249500	-0.035621	-0.010687	-0.145091	-0.094301	0.044494	0.060652	-0.014975	-0.061933	0.100120	-0.494900	0.014207	-0.006987	-0.076875	0.046214	0.153034	0.014005	-0.022720	-0.030651	0.001294	-0.068564	0.009570	0.001620	-0.021342	0.035354	0.112266	0.007954	-0.057602	-0.073553	0.095876	-0.085148	-0.887825	0.763175	0.460181	-0.646191	-0.709406	-0.473072	
0.866252	1.704738	0.190812	0.118035	0.068380	-0.346865	2.149287	0.342964	-0.259165	-0.710794	-0.441102	0.196048	-0.007797	1.000000	0.002328	-0.014605	-0.019264	0.127311	-0.249500	-0.036388	-0.009594	-0.132149	-0.105731	0.028106	0.057033	-0.011260	-0.057904	0.099359	-0.485902	0.005977	-0.009378	-0.095247	0.060837	0.085630	0.017911	-0.021315	-0.013384	-0.014977	-0.085424	0.006336	-0.003687	-0.028446	0.044308	0.093354	0.008039	-0.054741	-0.062856	0.100090	-0.102864	-0.926067	0.859191	0.377360	-0.511655	-0.694948	-0.455649	-0.007797	1.000000	0.002328	-0.014605	-0.019264	0.127311	-0.249500	-0.035621	-0.010687	-0.145091	-0.094301	0.044494	0.060652	-0.014975	-0.061933	0.100120	-0.494900	0.014207	-0.006987	-0.076875	0.046214	0.153034	0.014005	-0.022720	-0.030651	0.001294	-0.068564	0.009570	0.001620	-0.021342	0.035354	0.112266	0.007954	-0.057602	-0.073553	0.095876	-0.085148	-0.887825	0.763175	0.460181	-0.646191	-0.709406	-0.473072	-0.007797	1.000000	0.002328	-0.014605	-0.019264	0.127311	-0.249500	-0.032342	-0.010994	-0.155749	-0.088719	0.074671	0.061885	-0.018594	-0.066859	0.100441	-0.507726	0.025499	0.000465	-0.082017	0.030794	0.155238	0.000354	-0.021349	-0.034123	0.006411	-0.041404	0.009136	0.005627	-0.011469	0.029773	0.114894	0.010893	-0.061897	-0.079700	0.086811	-0.056974	-0.844273	0.648799	0.535913	-0.760960	-0.721479	-0.483020	
0.866088	1.727165	0.135996	0.089316	0.106882	-0.540372	2.028652	0.356134	0.033575	-0.603868	-0.113220	-0.934879	-0.007797	1.000000	0.002328	-0.014605	-0.019264	0.127311	-0.249500	-0.035621	-0.010687	-0.145091	-0.094301	0.044494	0.060652	-0.014975	-0.061933	0.100120	-0.494900	0.014207	-0.006987	-0.076875	0.046214	0.153034	0.014005	-0.022720	-0.030651	0.001294	-0.068564	0.009570	0.001620	-0.021342	0.035354	0.112266	0.007954	-0.057602	-0.073553	0.095876	-0.085148	-0.887825	0.763175	0.460181	-0.646191	-0.709406	-0.473072	-0.007797	1.000000	0.002328	-0.014605	-0.019264	0.127311	-0.249500	-0.032342	-0.010994	-0.155749	-0.088719	0.074671	0.061885	-0.018594	-0.066859	0.100441	-0.507726	0.025499	0.000465	-0.082017	0.030794	0.155238	0.000354	-0.021349	-0.034123	0.006411	-0.041404	0.009136	0.005627	-0.011469	0.029773	0.114894	0.010893	-0.061897	-0.079700	0.086811	-0.056974	-0.844273	0.648799	0.535913	-0.760960	-0.721479	-0.483020	-0.007797	1.000000	0.002328	-0.014605	-0.019264	0.127311	-0.249500	-0.028875	-0.011007	-0.164618	-0.084355	0.097548	0.061719	-0.022315	-0.074072	0.100748	-0.512157	0.020347	0.000046	-0.080437	0.025413	0.161739	-0.013923	-0.022956	-0.043892	0.010761	-0.013562	0.008532	0.007412	-0.001574	0.020205	0.124268	0.016205	-0.062065	-0.083153	0.079885	-0.049601	-0.797737	0.518651	0.603006	-0.854986	-0.740124	-0.488579	
0.912642	1.747574	0.091221	-0.002625	0.036802	-0.682614	1.648317	0.282487	0.165018	-0.519156	0.048323	-1.344133	-0.007797	1.000000	0.002328	-0.014605	-0.019264	0.127311	-0.249500	-0.032342	-0.010994	-0.155749	-0.088719	0.074671	0.061885	-0.018594	-0.066859	0.100441	-0.507726	0.025499	0.000465	-0.082017	0.030794	0.155238	0.000354	-0.021349	-0.034123	0.006411	-0.041404	0.009136	0.005627	-0.011469	0.029773	0.114894	0.010893	-0.061897	-0.079700	0.086811	-0.056974	-0.844273	0.648799	0.535913	-0.760960	-0.721479	-0.483020	-0.007797	1.000000	0.002328	-0.014605	-0.019264	0.127311	-0.249500	-0.028875	-0.011007	-0.164618	-0.084355	0.097548	0.061719	-0.022315	-0.074072	0.100748	-0.512157	0.020347	0.000046	-0.080437	0.025413	0.161739	-0.013923	-0.022956	-0.043892	0.010761	-0.013562	0.008532	0.007412	-0.001574	0.020205	0.124268	0.016205	-0.062065	-0.083153	0.079885	-0.049601	-0.797737	0.518651	0.603006	-0.854986	-0.740124	-0.488579	-0.007797	1.000000	0.002328	-0.014605	-0.019264	0.127311	-0.249500	-0.026073	-0.010792	-0.178121	-0.080914	0.121099	0.061735	-0.025886	-0.079949	0.100882	-0.513310	0.013202	0.001633	-0.049919	0.026271	0.184723	0.002795	-0.021023	-0.033353	-0.010440	-0.002752	0.007769	0.008535	0.013531	0.008661	0.131133	0.021529	-0.057991	-0.086330	0.078053	-0.062465	-0.745939	0.373303	0.666014	-0.927709	-0.740174	-0.481850	
1.066158	1.763930	0.128707	-0.021379	-0.069891	-0.789004	1.038400	0.128890	0.294455	-0.481872	0.262523	-1.857635	-0.007797	1.000000	0.002328	-0.014605	-0.019264	0.127311	-0.249500	-0.028875	-0.011007	-0.164618	-0.084355	0.097548	0.061719	-0.022315	-0.074072	0.100748	-0.512157	0.020347	0.000046	-0.080437	0.025413	0.161739	-0.013923	-0.022956	-0.043892	0.010761	-0.013562	0.008532	0.007412	-0.001574	0.020205	0.124268	0.016205	-0.062065	-0.083153	0.079885	-0.049601	-0.797737	0.518651	0.603006	-0.854986	-0.740124	-0.488579	-0.007797	1.000000	0.002328	-0.014605	-0.019264	0.127311	-0.249500	-0.026073	-0.010792	-0.178121	-0.080914	0.121099	0.061735	-0.025886	-0.079949	0.100882	-0.513310	0.013202	0.001633	-0.049919	0.026271	0.184723	0.002795	-0.021023	-0.033353	-0.010440	-0.002752	0.007769	0.008535	0.013531	0.008661	0.131133	0.021529	-0.057991	-0.086330	0.078053	-0.062465	-0.745939	0.373303	0.666014	-0.927709	-0.740174	-0.481850	-0.007797	1.000000	0.002328	-0.014605	-0.019264	0.127311	-0.249500	-0.023550	-0.010393	-0.183996	-0.076057	0.145874	0.062683	-0.028701	-0.085826	0.099818	-0.515091	0.014581	-0.000651	-0.027326	0.007164	0.202027	0.015983	-0.014781	-0.052539	-0.015351	-0.021213	0.006614	0.008097	0.019958	-0.006430	0.131071	0.024816	-0.052702	-0.088237	0.079842	-0.080836	-0.685994	0.216218	0.727607	-0.976345	-0.726207	-0.475728	
1.329528	1.798570	0.126524	-0.048711	0.009241	-0.869025	0.703653	0.030758	0.430420	-0.384992	0.314638	-3.002014	-0.007797	1.000000	0.002328	-0.014605	-0.019264	0.127311	-0.249500	-0.026073	-0.010792	-0.178121	-0.080914	0.121099	0.061735	-0.025886	-0.079949	0.100882	-0.513310	0.013202	0.001633	-0.049919	0.026271	0.184723	0.002795	-0.021023	-0.033353	-0.010440	-0.002752	0.007769	0.008535	0.013531	0.008661	0.131133	0.021529	-0.057991	-0.086330	0.078053	-0.062465	-0.745939	0.373303	0.666014	-0.927709	-0.740174	-0.481850	-0.007797	1.000000	0.002328	-0.014605	-0.019264	0.127311	-0.249500	-0.023550	-0.010393	-0.183996	-0.076057	0.145874	0.062683	-0.028701	-0.085826	0.099818	-0.515091	0.014581	-0.000651	-0.027326	0.007164	0.202027	0.015983	-0.014781	-0.052539	-0.015351	-0.021213	0.006614	0.008097	0.019958	-0.006430	0.131071	0.024816	-0.052702	-0.088237	0.079842	-0.080836	-0.685994	0.216218	0.727607	-0.976345	-0.726207	-0.475728	-0.007797	1.000000	0.002328	-0.014605	-0.019264	0.127311	-0.249500	-0.021131	-0.010160	-0.186455	-0.075861	0.184199	0.066871	-0.031186	-0.092575	0.098127	-0.520028	0.015068	-0.001810	-0.009014	-0.012195	0.176538	0.032307	-0.014157	-0.061786	-0.021775	-0.042601	0.006126	0.007543	0.021369	-0.018464	0.108328	0.022562	-0.045798	-0.088718	0.085472	-0.103774	-0.609518	0.051614	0.792772	-0.998667	-0.680153	-0.470821	
1.567121	1.833683	0.201468	0.248108	0.144142	-1.222696	0.554533	-0.055349	0.736528	-0.413403	-0.355419	-4.488668	-0.007797	1.000000	0.002328	-0.014605	-0.019264	0.127311	-0.249500	-0.023550	-0.010393	-0.183996	-0.076057	0.145874	0.062683	-0.028701	-0.085826	0.099818	-0.515091	0.014581	-0.000651	-0.027326	0.007164	0.202027	0.015983	-0.014781	-0.052539	-0.015351	-0.021213	0.006614	0.008097	0.019958	-0.006430	0.131071	0.024816	-0.052702	-0.088237	0.079842	-0.080836	-0.685994	0.216218	0.727607	-0.976345	-0.726207	-0.475728	-0.007797	1.000000	0.002328	-0.014605	-0.019264	0.127311	-0.249500	-0.021131	-0.010160	-0.186455	-0.075861	0.184199	0.066871	-0.031186	-0.092575	0.098127	-0.520028	0.015068	-0.001810	-0.009014	-0.012195	0.176538	0.032307	-0.014157	-0.061786	-0.021775	-0.042601	0.006126	0.007543	0.021369	-0.018464	0.108328	0.022562	-0.045798	-0.088718	0.085472	-0.103774	-0.609518	0.051614	0.792772	-0.998667	-0.680153	-0.470821	-0.007797	1.000000	0.002328	-0.014605	-0.019264	0.127311	-0.249500	-0.018854	-0.010105	-0.187359	-0.077640	0.208149	0.071538	-0.032588	-0.105242	0.096723	-0.527873	0.011627	0.000401	-0.009277	-0.022506	0.159333	0.022773	-0.014560	-0.055033	-0.020324	-0.079287	0.005746	0.006758	0.022411	-0.029717	0.094929	0.018357	-0.037942	-0.081824	0.091594	-0.140944	-0.505697	-0.117545	0.862711	-0.993068	-0.601142	-0.460429	
1.744992	1.753119	0.352292	0.641136	0.242076	-1.743807	0.471768	-0.216897	0.894014	-0.487117	-2.184350	-4.631517	-0.007797	1.000000	0.002328	-0.014605	-0.019264	0.127311	-0.249500	-0.021131	-0.010160	-0.186455	-0.075861	0.184199	0.066871	-0.031186	-0.092575	0.098127	-0.520028	0.015068	-0.001810	-0.009014	-0.012195	0.176538	0.032307	-0.014157	-0.061786	-0.021775	-0.042601	0.006126	0.007543	0.021369	-0.018464	0.108328	0.022562	-0.045798	-0.088718	0.085472	-0.103774	-0.609518	0.051614	0.792772	-0.998667	-0.680153	-0.470821	-0.007797	1.000000	0.002328	-0.014605	-0.019264	0.127311	-0.249500	-0.018854	-0.010105	-0.187359	-0.077640	0.208149	0.071538	-0.032588	-0.105242	0.096723	-0.527873	0.011627	0.000401	-0.009277	-0.022506	0.159333	0.022773	-0.014560	-0.055033	-0.020324	-0.079287	0.005746	0.006758	0.022411	-0.029717	0.094929	0.018357	-0.037942	-0.081824	0.091594	-0.140944	-0.505697	-0.117545	0.862711	-0.993068	-0.601142	-0.460429	-0.007797	1.000000	0.002328	-0.014605	-0.019264	0.127311	-0.249500	-0.015708	-0.010086	-0.187007	-0.081630	0.227285	0.074604	-0.034233	-0.112719	0.091789	-0.541583	0.027335	-0.001821	0.008145	-0.039241	0.143654	0.016236	-0.010645	-0.048077	-0.045304	-0.129368	0.005624	0.010462	0.024221	-0.044072	0.084113	0.014460	-0.025246	-0.080550	0.091195	-0.194581	-0.373197	-0.286608	0.927752	-0.958048	-0.529864	-0.449895	
1.835231	1.591734	0.437304	0.814590	0.515537	-2.059295	0.722056	-0.565737	0.943537	-0.559147	-5.677515	-2.828338	-0.007797	1.000000	0.002328	-0.014605	-0.019264	0.127311	-0.249500	-0.018854	-0.010105	-0.187359	-0.077640	0.208149	0.071538	-0.032588	-0.105242	0.096723	-0.527873	0.011627	0.000401	-0.009277	-0.022506	0.159333	0.022773	-0.014560	-0.055033	-0.020324	-0.079287	0.005746	0.006758	0.022411	-0.029717	0.094929	0.018357	-0.037942	-0.081824	0.091594	-0.140944	-0.505697	-0.117545	0.862711	-0.993068	-0.601142	-0.460429	-0.007797	1.000000	0.002328	-0.014605	-0.019264	0.127311	-0.249500	-0.015708	-0.010086	-0.187007	-0.081630	0.227285	0.074604	-0.034233	-0.112719	0.091789	-0.541583	0.027335	-0.001821	0.008145	-0.039241	0.143654	0.016236	-0.010645	-0.048077	-0.045304	-0.129368	0.005624	0.010462	0.024221	-0.044072	0.084113	0.014460	-0.025246	-0.080550	0.091195	-0.194581	-0.373197	-0.286608	0.927752	-0.958048	-0.529864	-0.449895	-0.007797	1.000000	0.002328	-0.014605	-0.019264	0.127311	-0.249500	-0.013625	-0.009735	-0.185991	-0.091977	0.244417	0.076646	-0.034756	-0.118164	0.087507	-0.563373	0.025765	0.000051	0.004653	-0.056966	0.129523	-0.000470	-0.002926	-0.039355	-0.032796	-0.203820	0.008829	0.019735	0.026840	-0.059902	0.074063	0.009161	-0.011303	-0.082417	0.062688	-0.242315	-0.216151	-0.440390	0.976360	-0.897807	-0.476502	-0.474064	
1.869881	1.482108	0.383028	0.789250	0.796256	-1.811891	0.634327	-1.011874	0.941720	-1.060494	-8.007906	0.642317	-0.007797	1.000000	0.002328	-0.014605	-0.019264	0.127311	-0.249500	-0.015708	-0.010086	-0.187007	-0.081630	0.227285	0.074604	-0.034233	-0.112719	0.091789	-0.541583	0.027335	-0.001821	0.008145	-0.039241	0.143654	0.016236	-0.010645	-0.048077	-0.045304	-0.129368	0.005624	0.010462	0.024221	-0.044072	0.084113	0.014460	-0.025246	-0.080550	0.091195	-0.194581	-0.373197	-0.286608	0.927752	-0.958048	-0.529864	-0.449895	-0.007797	1.000000	0.002328	-0.014605	-0.019264	0.127311	-0.249500	-0.013625	-0.009735	-0.185991	-0.091977	0.244417	0.076646	-0.034756	-0.118164	0.087507	-0.563373	0.025765	0.000051	0.004653	-0.056966	0.129523	-0.000470	-0.002926	-0.039355	-0.032796	-0.203820	0.008829	0.019735	0.026840	-0.059902	0.074063	0.009161	-0.011303	-0.082417	0.062688	-0.242315	-0.216151	-0.440390	0.976360	-0.897807	-0.476502	-0.474064	-0.007797	1.000000	0.002328	-0.014605	-0.019264	0.127311	-0.249500	-0.010082	-0.007879	-0.184334	-0.102116	0.266721	0.077637	-0.033980	-0.122743	0.081925	-0.611133	0.023863	0.017802	0.013377	-0.092589	0.096006	0.001000	0.004593	-0.039530	-0.064348	-0.254187	0.011864	0.030132	0.032937	-0.080739	0.062620	-0.000339	0.002114	-0.086248	-0.017131	-0.237099	-0.044405	-0.569971	0.999014	-0.821665	-0.449431	-0.522480	
1.913898	1.505925	0.246771	0.479452	0.930931	-1.572563	0.861636	-1.144913	1.034359	-2.099513	-9.147079	3.920013	-0.007797	1.000000	0.002328	-0.014605	-0.019264	0.127311	-0.249500	-0.013625	-0.009735	-0.185991	-0.091977	0.244417	0.076646	-0.034756	-0.118164	0.087507	-0.563373	0.025765	0.000051	0.004653	-0.056966	0.129523	-0.000470	-0.002926	-0.039355	-0.032796	-0.203820	0.008829	0.019735	0.026840	-0.059902	0.074063	0.009161	-0.011303	-0.082417	0.062688	-0.242315	-0.216151	-0.440390	0.976360	-0.897807	-0.476502	-0.474064	-0.007797	1.000000	0.002328	-0.014605	-0.019264	0.127311	-0.249500	-0.010082	-0.007879	-0.184334	-0.102116	0.266721	0.077637	-0.033980	-0.122743	0.081925	-0.611133	0.023863	0.017802	0.013377	-0.092589	0.096006	0.001000	0.004593	-0.039530	-0.064348	-0.254187	0.011864	0.030132	0.032937	-0.080739	0.062620	-0.000339	0.002114	-0.086248	-0.017131	-0.237099	-0.044405	-0.569971	0.999014	-0.821665	-0.449431	-0.522480	-0.007797	1.000000	0.002328	-0.014605	-0.019264	0.127311	-0.249500	-0.005739	-0.006224	-0.181991	-0.115388	0.279809	0.077641	-0.031814	-0.132722	0.068837	-0.653570	0.028908	0.019345	0.007619	-0.118135	0.087070	-0.007577	0.013953	-0.052808	-0.127525	-0.335996	0.013266	0.040316	0.042538	-0.094645	0.059047	-0.015521	0.014073	-0.092177	-0.124161	-0.185027	0.131431	-0.678821	0.991325	-0.734304	-0.439036	-0.555368	
1.935807	1.636806	0.058669	0.204259	1.010875	-1.765066	1.227114	-1.214346	0.959517	-2.776401	-9.588495	5.943125	-0.007797	1.000000	0.002328	-0.014605	-0.019264	0.127311	-0.249500	-0.010082	-0.007879	-0.184334	-0.102116	0.266721	0.077637	-0.033980	-0.122743	0.081925	-0.611133	0.023863	0.017802	0.013377	-0.092589	0.096006	0.001000	0.004593	-0.039530	-0.064348	-0.254187	0.011864	0.030132	0.032937	-0.080739	0.062620	-0.000339	0.002114	-0.086248	-0.017131	-0.237099	-0.044405	-0.569971	0.999014	-0.821665	-0.449431	-0.522480	-0.007797	1.000000	0.002328	-0.014605	-0.019264	0.127311	-0.249500	-0.005739	-0.006224	-0.181991	-0.115388	0.279809	0.077641	-0.031814	-0.132722	0.068837	-0.653570	0.028908	0.019345	0.007619	-0.118135	0.087070	-0.007577	0.013953	-0.052808	-0.127525	-0.335996	0.013266	0.040316	0.042538	-0.094645	0.059047	-0.015521	0.014073	-0.092177	-0.124161	-0.185027	0.131431	-0.678821	0.991325	-0.734304	-0.439036	-0.555368	-0.007797	1.000000	0.002328	-0.014605	-0.019264	0.127311	-0.249500	-0.000654	-0.002355	-0.181256	-0.131298	0.291151	0.074588	-0.028117	-0.142885	0.043706	-0.690556	0.028016	0.024384	0.005298	-0.131159	0.089667	-0.036352	0.025357	-0.096360	-0.168390	-0.269150	0.011873	0.043622	0.055735	-0.102268	0.060600	-0.029602	0.025856	-0.113433	-0.235917	-0.089378	0.306746	-0.775656	0.951791	-0.631155	-0.425831	-0.548223	
1.931049	1.683610	0.074130	0.080629	1.004438	-1.892932	1.755083	-1.082829	0.818810	-2.978034	-9.655737	6.242397	-0.007797	1.000000	0.002328	-0.014605	-0.019264	0.127311	-0.249500	-0.005739	-0.006224	-0.181991	-0.115388	0.279809	0.077641	-0.031814	-0.132722	0.068837	-0.653570	0.028908	0.019345	0.007619	-0.118135	0.087070	-0.007577	0.013953	-0.052808	-0.127525	-0.335996	0.013266	0.040316	0.042538	-0.094645	0.059047	-0.015521	0.014073	-0.092177	-0.124161	-0.185027	0.131431	-0.678821	0.991325	-0.734304	-0.439036	-0.555368	-0.007797	1.000000	0.002328	-0.014605	-0.019264	0.127311	-0.249500	-0.000654	-0.002355	-0.181256	-0.131298	0.291151	0.074588	-0.028117	-0.142885	0.043706	-0.690556	0.028016	0.024384	0.005298	-0.131159	0.089667	-0.036352	0.025357	-0.096360	-0.168390	-0.269150	0.011873	0.043622	0.055735	-0.102268	0.060600	-0.029602	0.025856	-0.113433	-0.235917	-0.089378	0.306746	-0.775656	0.951791	-0.631155	-0.425831	-0.548223	-0.007797	1.000000	0.002328	-0.014605	-0.019264	0.127311	-0.249500	0.004217	0.001658	-0.177716	-0.155854	0.301464	0.071748	-0.023662	-0.160451	0.008146	-0.713172	0.037000	0.018840	0.030541	-0.107336	0.078759	-0.030854	0.023125	-0.162831	-0.324276	-0.139979	0.007882	0.042667	0.067333	-0.104144	0.068662	-0.044947	0.035769	-0.137444	-0.343944	0.022236	0.474076	-0.863295	0.880484	-0.504699	-0.419258	-0.508958	
1.922835	1.659374	0.013054	0.015728	0.802179	-0.938543	1.491985	-0.618754	0.431841	-2.648107	-9.509518	5.855942	-0.007797	1.000000	0.002328	-0.014605	-0.019264	0.127311	-0.249500	-0.000654	-0.002355	-0.181256	-0.131298	0.291151	0.074588	-0.028117	-0.142885	0.043706	-0.690556	0.028016	0.024384	0.005298	-0.131159	0.089667	-0.036352	0.025357	-0.096360	-0.168390	-0.269150	0.011873	0.043622	0.055735	-0.102268	0.060600	-0.029602	0.025856	-0.113433	-0.235917	-0.089378	0.306746	-0.775656	0.951791	-0.631155	-0.425831	-0.548223	-0.007797	1.000000	0.002328	-0.014605	-0.019264	0.127311	-0.249500	0.004217	0.001658	-0.177716	-0.155854	0.301464	0.071748	-0.023662	-0.160451	0.008146	-0.713172	0.037000	0.018840	0.030541	-0.107336	0.078759	-0.030854	0.023125	-0.162831	-0.324276	-0.139979	0.007882	0.042667	0.067333	-0.104144	0.068662	-0.044947	0.035769	-0.137444	-0.343944	0.022236	0.474076	-0.863295	0.880484	-0.504699	-0.419258	-0.508958	-0.007797	1.000000	0.002328	-0.014605	-0.019264	0.127311	-0.249500	0.007735	0.005159	-0.172258	-0.171428	0.317680	0.064419	-0.018199	-0.186962	-0.045422	-0.724577	0.011726	0.019216	0.044581	-0.119261	0.083950	-0.048800	0.039070	-0.232640	-0.495502	0.067311	0.005480	0.040381	0.077006	-0.117085	0.078885	-0.053929	0.042641	-0.155794	-0.435830	0.127677	0.626214	-0.932443	0.779651	-0.361317	-0.420685	-0.494917	
1.927214	1.349088	-0.147242	-0.044582	0.797062	-0.566009	1.344515	-0.351784	-0.067724	-1.886948	-9.138390	4.845872	-0.007797	1.000000	0.002328	-0.014605	-0.019264	0.127311	-0.249500	0.004217	0.001658	-0.177716	-0.155854	0.301464	0.071748	-0.023662	-0.160451	0.008146	-0.713172	0.037000	0.018840	0.030541	-0.107336	0.078759	-0.030854	0.023125	-0.162831	-0.324276	-0.139979	0.007882	0.042667	0.067333	-0.104144	0.068662	-0.044947	0.035769	-0.137444	-0.343944	0.022236	0.474076	-0.863295	0.880484	-0.504699	-0.419258	-0.508958	-0.007797	1.000000	0.002328	-0.014605	-0.019264	0.127311	-0.249500	0.007735	0.005159	-0.172258	-0.171428	0.317680	0.064419	-0.018199	-0.186962	-0.045422	-0.724577	0.011726	0.019216	0.044581	-0.119261	0.083950	-0.048800	0.039070	-0.232640	-0.495502	0.067311	0.005480	0.040381	0.077006	-0.117085	0.078885	-0.053929	0.042641	-0.155794	-0.435830	0.127677	0.626214	-0.932443	0.779651	-0.361317	-0.420685	-0.494917	-0.007797	1.000000	0.002328	-0.014605	-0.019264	0.127311	-0.249500	0.009433	0.008185	-0.164890	-0.187459	0.330737	0.053042	-0.014626	-0.243179	-0.115823	-0.708780	0.009199	0.016694	0.067969	-0.135459	0.101219	-0.070485	0.039152	-0.277658	-0.626387	0.228672	0.003978	0.037590	0.081648	-0.115106	0.088166	-0.051816	0.045534	-0.139225	-0.507806	0.199555	0.756256	-0.977278	0.654275	-0.211960	-0.423149	-0.502188	
1.935475	0.895235	-0.270555	-0.212933	1.220883	-0.775762	1.166351	-0.357278	-0.700470	-0.463070	-7.867897	2.822699	-0.007797	1.000000	0.002328	-0.014605	-0.019264	0.127311	-0.249500	0.007735	0.005159	-0.172258	-0.171428	0.317680	0.064419	-0.018199	-0.186962	-0.045422	-0.724577	0.011726	0.019216	0.044581	-0.119261	0.083950	-0.048800	0.039070	-0.232640	-0.495502	0.067311	0.005480	0.040381	0.077006	-0.117085	0.078885	-0.053929	0.042641	-0.155794	-0.435830	0.127677	0.626214	-0.932443	0.779651	-0.361317	-0.420685	-0.494917	-0.007797	1.000000	0.002328	-0.014605	-0.019264	0.127311	-0.249500	0.009433	0.008185	-0.164890	-0.187459	0.330737	0.053042	-0.014626	-0.243179	-0.115823	-0.708780	0.009199	0.016694	0.067969	-0.135459	0.101219	-0.070485	0.039152	-0.277658	-0.626387	0.228672	0.003978	0.037590	0.081648	-0.115106	0.088166	-0.051816	0.045534	-0.139225	-0.507806	0.199555	0.756256	-0.977278	0.654275	-0.211960	-0.423149	-0.502188	-0.007797	1.000000	0.002328	-0.014605	-0.019264	0.127311	-0.249500	0.010523	0.010729	-0.146284	-0.202007	0.341830	0.041170	-0.008694	-0.283793	-0.247169	-0.675547	0.007201	0.008765	0.107647	-0.086130	0.090732	-0.075096	0.035206	-0.301004	-0.618537	0.329257	0.000683	0.034379	0.074972	-0.109031	0.097199	-0.045210	0.038587	-0.126856	-0.513252	0.238860	0.861813	-0.996244	0.507227	-0.086585	-0.421836	-0.595274	
1.933786	0.688236	-0.323621	-0.157162	1.216659	0.053251	-0.103341	0.032671	-1.126765	0.618336	-3.447281	0.415295	-0.007797	1.000000	0.002328	-0.014605	-0.019264	0.127311	-0.249500	0.009433	0.008185	-0.164890	-0.187459	0.330737	0.053042	-0.014626	-0.243179	-0.115823	-0.708780	0.009199	0.016694	0.067969	-0.135459	0.101219	-0.070485	0.039152	-0.277658	-0.626387	0.228672	0.003978	0.037590	0.081648	-0.115106	0.088166	-0.051816	0.045534	-0.139225	-0.507806	0.199555	0.756256	-0.977278	0.654275	-0.211960	-0.423149	-0.502188	-0.007797	1.000000	0.002328	-0.014605	-0.019264	0.127311	-0.249500	0.010523	0.010729	-0.146284	-0.202007	0.341830	0.041170	-0.008694	-0.283793	-0.247169	-0.675547	0.007201	0.008765	0.107647	-0.086130	0.090732	-0.075096	0.035206	-0.301004	-0.618537	0.329257	0.000683	0.034379	0.074972	-0.109031	0.097199	-0.045210	0.038587	-0.126856	-0.513252	0.238860	0.861813	-0.996244	0.507227	-0.086585	-0.421836	-0.595274	-0.007797	1.000000	0.002328	-0.014605	-0.019264	0.127311	-0.249500	0.009869	0.012959	-0.130324	-0.207461	0.346836	0.030386	-0.003573	-0.319930	-0.345000	-0.632429	-0.021614	0.010880	0.099401	-0.010358	0.051996	-0.054969	0.031321	-0.277515	-0.743030	0.400035	-0.002716	0.028959	0.077304	-0.115199	0.109667	-0.039779	0.022972	-0.097657	-0.533298	0.238031	0.939452	-0.999997	0.342680	-0.002421	-0.419357	-0.731429	
1.937078	0.661322	-0.439800	-0.189320	0.770799	1.256414	-3.378882	0.332211	-1.147336	1.472475	3.638027	-1.746265	-0.007797	1.000000	0.002328	-0.014605	-0.019264	0.127311	-0.249500	0.010523	0.010729	-0.146284	-0.202007	0.341830	0.041170	-0.008694	-0.283793	-0.247169	-0.675547	0.007201	0.008765	0.107647	-0.086130	0.090732	-0.075096	0.035206	-0.301004	-0.618537	0.329257	0.000683	0.034379	0.074972	-0.109031	0.097199	-0.045210	0.038587	-0.126856	-0.513252	0.238860	0.861813	-0.996244	0.507227	-0.086585	-0.421836	-0.595274	-0.007797	1.000000	0.002328	-0.014605	-0.019264	0.127311	-0.249500	0.009869	0.012959	-0.130324	-0.207461	0.346836	0.030386	-0.003573	-0.319930	-0.345000	-0.632429	-0.021614	0.010880	0.099401	-0.010358	0.051996	-0.054969	0.031321	-0.277515	-0.743030	0.400035	-0.002716	0.028959	0.077304	-0.115199	0.109667	-0.039779	0.022972	-0.097657	-0.533298	0.238031	0.939452	-0.999997	0.342680	-0.002421	-0.419357	-0.731429	-0.007797	1.000000	0.002328	-0.014605	-0.019264	0.127311	-0.249500	0.005352	0.014447	-0.117996	-0.207825	0.354647	0.023383	-0.000053	-0.350179	-0.440878	-0.562494	-0.002161	0.005508	0.070311	0.017459	0.043934	-0.027482	0.017323	-0.225614	-0.774323	0.319174	-0.003057	0.025112	0.083240	-0.114036	0.100305	-0.032285	0.002538	-0.058126	-0.459122	0.174330	0.986025	-0.998048	0.166599	0.062451	-0.419864	-0.793529	
1.934175	0.647945	-0.376458	-0.579978	0.439385	1.666819	-4.522367	0.277395	-0.880640	1.691015	6.457088	-2.578922	-0.007797	1.000000	0.002328	-0.014605	-0.019264	0.127311	-0.249500	0.009869	0.012959	-0.130324	-0.207461	0.346836	0.030386	-0.003573	-0.319930	-0.345000	-0.632429	-0.021614	0.010880	0.099401	-0.010358	0.051996	-0.054969	0.031321	-0.277515	-0.743030	0.400035	-0.002716	0.028959	0.077304	-0.115199	0.109667	-0.039779	0.022972	-0.097657	-0.533298	0.238031	0.939452	-0.999997	0.342680	-0.002421	-0.419357	-0.731429	-0.007797	1.000000	0.002328	-0.014605	-0.019264	0.127311	-0.249500	0.005352	0.014447	-0.117996	-0.207825	0.354647	0.023383	-0.000053	-0.350179	-0.440878	-0.562494	-0.002161	0.005508	0.070311	0.017459	0.043934	-0.027482	0.017323	-0.225614	-0.774323	0.319174	-0.003057	0.025112	0.083240	-0.114036	0.100305	-0.032285	0.002538	-0.058126	-0.459122	0.174330	0.986025	-0.998048	0.166599	0.062451	-0.419864	-0.793529	-0.007797	1.000000	0.002328	-0.014605	-0.019264	0.127311	-0.249500	0.005078	0.015035	-0.108697	-0.206468	0.361201	0.019583	0.001362	-0.382838	-0.528610	-0.521972	-0.005451	0.003343	0.046115	0.005585	0.036847	-0.019498	0.005920	-0.085375	-0.669274	0.260139	-0.009376	0.021686	0.085494	-0.096559	0.043102	-0.023506	-0.016075	-0.003395	-0.316856	0.107631	0.999887	-0.992225	-0.015063	0.124454	-0.418876	-0.801603	
1.915640	0.881041	0.021566	-0.512521	0.129511	1.615793	-2.429371	-0.011819	-0.033320	2.258348	6.442780	-0.755041	-0.007797	1.000000	0.002328	-0.014605	-0.019264	0.127311	-0.249500	0.005352	0.014447	-0.117996	-0.207825	0.354647	0.023383	-0.000053	-0.350179	-0.440878	-0.562494	-0.002161	0.005508	0.070311	0.017459	0.043934	-0.027482	0.017323	-0.225614	-0.774323	0.319174	-0.003057	0.025112	0.083240	-0.114036	0.100305	-0.032285	0.002538	-0.058126	-0.459122	0.174330	0.986025	-0.998048	0.166599	0.062451	-0.419864	-0.793529	-0.007797	1.000000	0.002328	-0.014605	-0.019264	0.127311	-0.249500	0.005078	0.015035	-0.108697	-0.206468	0.361201	0.019583	0.001362	-0.382838	-0.528610	-0.521972	-0.005451	0.003343	0.046115	0.005585	0.036847	-0.019498	0.005920	-0.085375	-0.669274	0.260139	-0.009376	0.021686	0.085494	-0.096559	0.043102	-0.023506	-0.016075	-0.003395	-0.316856	0.107631	0.999887	-0.992225	-0.015063	0.124454	-0.418876	-0.801603	-0.007797	1.000000	0.002328	-0.014605	-0.019264	0.127311	-0.249500	0.004563	0.015242	-0.100706	-0.205663	0.362318	0.016739	0.001314	-0.389806	-0.602766	-0.495813	-0.012410	-0.000829	0.041602	-0.024218	-0.013414	-0.019747	-0.001385	0.003327	-0.552684	0.158271	-0.014510	0.012776	0.084097	-0.072350	-0.025883	-0.016499	-0.029243	0.028950	-0.145798	0.042771	0.980572	-0.982775	-0.196160	0.184805	-0.419748	-0.805617	
1.906411	1.299494	0.302517	-0.348236	0.019024	1.266935	0.322967	-0.258227	0.747950	2.879214	5.834880	1.395574	-0.007797	1.000000	0.002328	-0.014605	-0.019264	0.127311	-0.249500	0.005078	0.015035	-0.108697	-0.206468	0.361201	0.019583	0.001362	-0.382838	-0.528610	-0.521972	-0.005451	0.003343	0.046115	0.005585	0.036847	-0.019498	0.005920	-0.085375	-0.669274	0.260139	-0.009376	0.021686	0.085494	-0.096559	0.043102	-0.023506	-0.016075	-0.003395	-0.316856	0.107631	0.999887	-0.992225	-0.015063	0.124454	-0.418876	-0.801603	-0.007797	1.000000	0.002328	-0.014605	-0.019264	0.127311	-0.249500	0.004563	0.015242	-0.100706	-0.205663	0.362318	0.016739	0.001314	-0.389806	-0.602766	-0.495813	-0.012410	-0.000829	0.041602	-0.024218	-0.013414	-0.019747	-0.001385	0.003327	-0.552684	0.158271	-0.014510	0.012776	0.084097	-0.072350	-0.025883	-0.016499	-0.029243	0.028950	-0.145798	0.042771	0.980572	-0.982775	-0.196160	0.184805	-0.419748	-0.805617	-0.007797	1.000000	0.002328	-0.014605	-0.019264	0.127311	-0.249500	0.002716	0.014984	-0.093462	-0.206520	0.355296	0.014329	-0.000344	-0.381893	-0.666525	-0.481615	-0.017293	-0.001246	0.069416	-0.008354	-0.093468	-0.015235	-0.014562	0.107813	-0.360611	0.053864	-0.012339	0.005349	0.078794	-0.047268	-0.055284	-0.014265	-0.028085	0.054897	0.014557	0.017252	0.929441	-0.964071	-0.368971	0.265643	-0.425308	-0.735688	
1.915547	1.649245	0.467482	-0.224057	0.032934	1.005009	1.856176	-0.397418	1.115252	3.444710	5.244416	2.049789	-0.007797	1.000000	0.002328	-0.014605	-0.019264	0.127311	-0.249500	0.004563	0.015242	-0.100706	-0.205663	0.362318	0.016739	0.001314	-0.389806	-0.602766	-0.495813	-0.012410	-0.000829	0.041602	-0.024218	-0.013414	-0.019747	-0.001385	0.003327	-0.552684	0.158271	-0.014510	0.012776	0.084097	-0.072350	-0.025883	-0.016499	-0.029243	0.028950	-0.145798	0.042771	0.980572	-0.982775	-0.196160	0.184805	-0.419748	-0.805617	-0.007797	1.000000	0.002328	-0.014605	-0.019264	0.127311	-0.249500	0.002716	0.014984	-0.093462	-0.206520	0.355296	0.014329	-0.000344	-0.381893	-0.666525	-0.481615	-0.017293	-0.001246	0.069416	-0.008354	-0.093468	-0.015235	-0.014562	0.107813	-0.360611	0.053864	-0.012339	0.005349	0.078794	-0.047268	-0.055284	-0.014265	-0.028085	0.054897	0.014557	0.017252	0.929441	-0.964071	-0.368971	0.265643	-0.425308	-0.735688	-0.007797	1.000000	0.002328	-0.014605	-0.019264	0.127311	-0.249500	0.001716	0.014658	-0.084040	-0.206231	0.335789	0.011787	-0.002226	-0.361336	-0.693453	-0.475165	-0.004521	0.000457	0.082318	-0.009211	-0.098332	-0.029441	-0.007505	0.205503	-0.010587	0.030512	-0.006809	0.000460	0.069658	-0.028584	-0.030940	-0.015590	-0.015002	0.077456	0.128863	0.031701	0.848699	-0.924475	-0.528877	0.381243	-0.428077	-0.610152	
1.933439	1.730208	0.449322	-0.255939	-0.002956	1.151017	1.566580	-0.223679	1.195727	3.598084	5.843974	1.358496	-0.007797	1.000000	0.002328	-0.014605	-0.019264	0.127311	-0.249500	0.002716	0.014984	-0.093462	-0.206520	0.355296	0.014329	-0.000344	-0.381893	-0.666525	-0.481615	-0.017293	-0.001246	0.069416	-0.008354	-0.093468	-0.015235	-0.014562	0.107813	-0.360611	0.053864	-0.012339	0.005349	0.078794	-0.047268	-0.055284	-0.014265	-0.028085	0.054897	0.014557	0.017252	0.929441	-0.964071	-0.368971	0.265643	-0.425308	-0.735688	-0.007797	1.000000	0.002328	-0.014605	-0.019264	0.127311	-0.249500	0.001716	0.014658	-0.084040	-0.206231	0.335789	0.011787	-0.002226	-0.361336	-0.693453	-0.475165	-0.004521	0.000457	0.082318	-0.009211	-0.098332	-0.029441	-0.007505	0.205503	-0.010587	0.030512	-0.006809	0.000460	0.069658	-0.028584	-0.030940	-0.015590	-0.015002	0.077456	0.128863	0.031701	0.848699	-0.924475	-0.528877	0.381243	-0.428077	-0.610152	-0.007797	1.000000	0.002328	-0.014605	-0.019264	0.127311	-0.249500	0.001564	0.014270	-0.065725	-0.206173	0.324181	0.009533	-0.003152	-0.328363	-0.685825	-0.465902	-0.007082	-0.001932	0.081863	-0.003364	-0.073345	-0.031559	-0.014709	0.277387	0.148647	0.055396	0.000374	-0.002522	0.051838	-0.013524	0.008590	-0.019316	0.002701	0.096301	0.200127	0.053273	0.739593	-0.854076	-0.673054	0.520148	-0.425336	-0.505227	
1.933225	1.768234	0.230985	-0.310613	0.015070	1.109131	1.103018	-0.115250	1.027931	3.132177	5.882969	0.255338	-0.007797	1.000000	0.002328	-0.014605	-0.019264	0.127311	-0.249500	0.001716	0.014658	-0.084040	-0.206231	0.335789	0.011787	-0.002226	-0.361336	-0.693453	-0.475165	-0.004521	0.000457	0.082318	-0.009211	-0.098332	-0.029441	-0.007505	0.205503	-0.010587	0.030512	-0.006809	0.000460	0.069658	-0.028584	-0.030940	-0.015590	-0.015002	0.077456	0.128863	0.031701	0.848699	-0.924475	-0.528877	0.381243	-0.428077	-0.610152	-0.007797	1.000000	0.002328	-0.014605	-0.019264	0.127311	-0.249500	0.001564	0.014270	-0.065725	-0.206173	0.324181	0.009533	-0.003152	-0.328363	-0.685825	-0.465902	-0.007082	-0.001932	0.081863	-0.003364	-0.073345	-0.031559	-0.014709	0.277387	0.148647	0.055396	0.000374	-0.002522	0.051838	-0.013524	0.008590	-0.019316	0.002701	0.096301	0.200127	0.053273	0.739593	-0.854076	-0.673054	0.520148	-0.425336	-0.505227	-0.007797	1.000000	0.002328	-0.014605	-0.019264	0.127311	-0.249500	0.002794	0.013772	-0.054816	-0.204829	0.319727	0.003146	-0.003329	-0.270902	-0.661205	-0.454622	0.005922	-0.003334	0.069604	0.009784	-0.001751	-0.040844	-0.002634	0.247237	0.248321	0.086499	0.005874	-0.005857	0.040885	0.002369	0.036505	-0.016277	0.020785	0.092725	0.263026	0.062338	0.605612	-0.758472	-0.795760	0.651706	-0.419968	-0.480938	
1.940672	1.826375	-0.071424	-0.326455	0.034315	0.884957	0.457502	0.201955	0.724566	2.628576	5.651889	-1.519422	-0.007797	1.000000	0.002328	-0.014605	-0.019264	0.127311	-0.249500	0.001564	0.014270	-0.065725	-0.206173	0.324181	0.009533	-0.003152	-0.328363	-0.685825	-0.465902	-0.007082	-0.001932	0.081863	-0.003364	-0.073345	-0.031559	-0.014709	0.277387	0.148647	0.055396	0.000374	-0.002522	0.051838	-0.013524	0.008590	-0.019316	0.002701	0.096301	0.200127	0.053273	0.739593	-0.854076	-0.673054	0.520148	-0.425336	-0.505227	-0.007797	1.000000	0.002328	-0.014605	-0.019264	0.127311	-0.249500	0.002794	0.013772	-0.054816	-0.204829	0.319727	0.003146	-0.003329	-0.270902	-0.661205	-0.454622	0.005922	-0.003334	0.069604	0.009784	-0.001751	-0.040844	-0.002634	0.247237	0.248321	0.086499	0.005874	-0.005857	0.040885	0.002369	0.036505	-0.016277	0.020785	0.092725	0.263026	0.062338	0.605612	-0.758472	-0.795760	0.651706	-0.419968	-0.480938	-0.007797	1.000000	0.002328	-0.014605	-0.019264	0.127311	-0.249500	0.004785	0.013260	-0.047085	-0.201943	0.321138	-0.003706	-0.001394	-0.232534	-0.622936	-0.442164	0.010014	-0.003590	0.044299	0.016682	0.024950	-0.041772	0.015324	0.229216	0.356696	0.098682	0.007347	-0.010004	0.033380	0.016118	0.051637	-0.011155	0.034266	0.101334	0.312989	0.053709	0.451421	-0.639874	-0.892311	0.768480	-0.420032	-0.469530	
1.942380	1.900321	-0.300045	-0.201448	-0.048136	0.549171	-0.351855	0.493817	0.580633	1.740320	4.910175	-2.467018	-0.007797	1.000000	0.002328	-0.014605	-0.019264	0.127311	-0.249500	0.002794	0.013772	-0.054816	-0.204829	0.319727	0.003146	-0.003329	-0.270902	-0.661205	-0.454622	0.005922	-0.003334	0.069604	0.009784	-0.001751	-0.040844	-0.002634	0.247237	0.248321	0.086499	0.005874	-0.005857	0.040885	0.002369	0.036505	-0.016277	0.020785	0.092725	0.263026	0.062338	0.605612	-0.758472	-0.795760	0.651706	-0.419968	-0.480938	-0.007797	1.000000	0.002328	-0.014605	-0.019264	0.127311	-0.249500	0.004785	0.013260	-0.047085	-0.201943	0.321138	-0.003706	-0.001394	-0.232534	-0.622936	-0.442164	0.010014	-0.003590	0.044299	0.016682	0.024950	-0.041772	0.015324	0.229216	0.356696	0.098682	0.007347	-0.010004	0.033380	0.016118	0.051637	-0.011155	0.034266	0.101334	0.312989	0.053709	0.451421	-0.639874	-0.892311	0.768480	-0.420032	-0.469530	-0.007797	1.000000	0.002328	-0.014605	-0.019264	0.127311	-0.249500	0.007389	0.012213	-0.041322	-0.197779	0.329490	-0.010189	0.002200	-0.198931	-0.538559	-0.430924	0.010074	-0.008734	0.048050	0.039007	0.046813	-0.039771	0.023284	0.240326	0.399987	0.077916	0.003672	-0.013857	0.028132	0.025237	0.050152	-0.001640	0.041548	0.107186	0.313447	0.019663	0.281475	-0.498691	-0.959568	0.866780	-0.417798	-0.452087	
1.937846	1.916326	-0.499866	-0.285758	0.030228	0.488587	-1.280252	0.497365	0.107885	1.708821	4.003463	-2.441423	-0.007797	1.000000	0.002328	-0.014605	-0.019264	0.127311	-0.249500	0.004785	0.013260	-0.047085	-0.201943	0.321138	-0.003706	-0.001394	-0.232534	-0.622936	-0.442164	0.010014	-0.003590	0.044299	0.016682	0.024950	-0.041772	0.015324	0.229216	0.356696	0.098682	0.007347	-0.010004	0.033380	0.016118	0.051637	-0.011155	0.034266	0.101334	0.312989	0.053709	0.451421	-0.639874	-0.892311	0.768480	-0.420032	-0.469530	-0.007797	1.000000	0.002328	-0.014605	-0.019264	0.127311	-0.249500	0.007389	0.012213	-0.041322	-0.197779	0.329490	-0.010189	0.002200	-0.198931	-0.538559	-0.430924	0.010074	-0.008734	0.048050	0.039007	0.046813	-0.039771	0.023284	0.240326	0.399987	0.077916	0.003672	-0.013857	0.028132	0.025237	0.050152	-0.001640	0.041548	0.107186	0.313447	0.019663	0.281475	-0.498691	-0.959568	0.866780	-0.417798	-0.452087	-0.007797	1.000000	-0.008996	0.002567	-0.002606	0.002955	0.011956	0.008733	0.011422	-0.035880	-0.191130	0.336662	-0.012480	0.007257	-0.166329	-0.473846	-0.419613	0.014617	-0.009946	0.010737	0.053105	0.051791	-0.002581	0.029897	0.241088	0.460151	-0.000584	-0.002175	-0.016088	0.021968	0.026828	0.037701	0.008059	0.045203	0.100694	0.322402	-0.028661	0.102052	-0.336268	-0.994779	0.941766	-0.417286	-0.429904	
1.933358	1.912808	-0.393744	0.003599	-0.278457	0.910592	-1.920186	0.732811	-0.190315	1.029763	2.950438	-2.617832	-0.007797	1.000000	0.002328	-0.014605	-0.019264	0.127311	-0.249500	0.007389	0.012213	-0.041322	-0.197779	0.329490	-0.010189	0.002200	-0.198931	-0.538559	-0.430924	0.010074	-0.008734	0.048050	0.039007	0.046813	-0.039771	0.023284	0.240326	0.399987	0.077916	0.003672	-0.013857	0.028132	0.025237	0.050152	-0.001640	0.041548	0.107186	0.313447	0.019663	0.281475	-0.498691	-0.959568	0.866780	-0.417798	-0.452087	-0.007797	1.000000	-0.008996	0.002567	-0.002606	0.002955	0.011956	0.008733	0.011422	-0.035880	-0.191130	0.336662	-0.012480	0.007257	-0.166329	-0.473846	-0.419613	0.014617	-0.009946	0.010737	0.053105	0.051791	-0.002581	0.029897	0.241088	0.460151	-0.000584	-0.002175	-0.016088	0.021968	0.026828	0.037701	0.008059	0.045203	0.100694	0.322402	-0.028661	0.102052	-0.336268	-0.994779	0.941766	-0.417286	-0.429904	-0.007797	1.000000	-0.011261	0.006001	-0.000940	-0.009481	0.038101	0.009850	0.009793	-0.034356	-0.179089	0.342458	-0.011435	0.012461	-0.114443	-0.408002	-0.421228	0.000764	-0.012161	0.004563	0.038811	0.037982	0.009164	0.034164	0.209757	0.495480	-0.053799	-0.010791	-0.018747	0.020897	0.022117	0.012699	0.014476	0.041617	0.074444	0.316617	-0.063672	-0.080346	-0.161606	-0.996767	0.986855	-0.418646	-0.425102	
1.923453	1.913159	-0.421278	0.222713	-0.341452	1.238050	-2.190524	0.730232	-0.926238	0.557288	1.887269	-1.771392	-0.007797	1.000000	-0.008996	0.002567	-0.002606	0.002955	0.011956	0.008733	0.011422	-0.035880	-0.191130	0.336662	-0.012480	0.007257	-0.166329	-0.473846	-0.419613	0.014617	-0.009946	0.010737	0.053105	0.051791	-0.002581	0.029897	0.241088	0.460151	-0.000584	-0.002175	-0.016088	0.021968	0.026828	0.037701	0.008059	0.045203	0.100694	0.322402	-0.028661	0.102052	-0.336268	-0.994779	0.941766	-0.417286	-0.429904	-0.007797	1.000000	-0.011261	0.006001	-0.000940	-0.009481	0.038101	0.009850	0.009793	-0.034356	-0.179089	0.342458	-0.011435	0.012461	-0.114443	-0.408002	-0.421228	0.000764	-0.012161	0.004563	0.038811	0.037982	0.009164	0.034164	0.209757	0.495480	-0.053799	-0.010791	-0.018747	0.020897	0.022117	0.012699	0.014476	0.041617	0.074444	0.316617	-0.063672	-0.080346	-0.161606	-0.996767	0.986855	-0.418646	-0.425102	-0.007797	1.000000	-0.011714	0.006688	-0.000774	-0.010724	0.040716	0.009250	0.007876	-0.033324	-0.173918	0.344538	-0.007955	0.018227	-0.084461	-0.339241	-0.429790	-0.011439	-0.012499	0.001852	0.024470	0.003798	0.021505	0.034474	0.191619	0.517508	-0.090876	-0.016119	-0.016775	0.015672	0.030658	-0.018296	0.022031	0.032985	0.059968	0.292284	-0.094529	-0.260318	0.018656	-0.965523	0.999826	-0.419993	-0.426158	
1.875116	1.939499	-0.519675	0.245672	-0.444060	1.764839	-3.425313	0.863070	-1.419500	-0.150225	1.585827	-1.738008	-0.007797	1.000000	-0.011261	0.006001	-0.000940	-0.009481	0.038101	0.009850	0.009793	-0.034356	-0.179089	0.342458	-0.011435	0.012461	-0.114443	-0.408002	-0.421228	0.000764	-0.012161	0.004563	0.038811	0.037982	0.009164	0.034164	0.209757	0.495480	-0.053799	-0.010791	-0.018747	0.020897	0.022117	0.012699	0.014476	0.041617	0.074444	0.316617	-0.063672	-0.080346	-0.161606	-0.996767	0.986855	-0.418646	-0.425102	-0.007797	1.000000	-0.011714	0.006688	-0.000774	-0.010724	0.040716	0.009250	0.007876	-0.033324	-0.173918	0.344538	-0.007955	0.018227	-0.084461	-0.339241	-0.429790	-0.011439	-0.012499	0.001852	0.024470	0.003798	0.021505	0.034474	0.191619	0.517508	-0.090876	-0.016119	-0.016775	0.015672	0.030658	-0.018296	0.022031	0.032985	0.059968	0.292284	-0.094529	-0.260318	0.018656	-0.965523	0.999826	-0.419993	-0.426158	-0.007797	1.000000	-0.011805	0.006826	-0.000757	-0.010849	0.040977	0.007603	0.005974	-0.033214	-0.169443	0.343403	-0.002364	0.022959	-0.060386	-0.237400	-0.445825	-0.010915	-0.012068	-0.000164	0.028968	-0.024746	0.047865	0.021477	0.144091	0.387802	-0.149022	-0.020793	-0.011532	0.010440	0.044757	-0.050025	0.027395	0.014357	0.044254	0.218758	-0.105071	-0.430159	0.197693	-0.902753	0.980264	-0.422964	-0.426052	
1.752213	1.954681	-0.609819	0.124424	-0.644501	1.829114	-4.464127	0.819269	-1.469425	-0.321408	1.740976	-1.759592	-0.007797	1.000000	-0.011714	0.006688	-0.000774	-0.010724	0.040716	0.009250	0.007876	-0.033324	-0.173918	0.344538	-0.007955	0.018227	-0.084461	-0.339241	-0.429790	-0.011439	-0.012499	0.001852	0.024470	0.003798	0.021505	0.034474	0.191619	0.517508	-0.090876	-0.016119	-0.016775	0.015672	0.030658	-0.018296	0.022031	0.032985	0.059968	0.292284	-0.094529	-0.260318	0.018656	-0.965523	0.999826	-0.419993	-0.426158	-0.007797	1.000000	-0.011805	0.006826	-0.000757	-0.010849	0.040977	0.007603	0.005974	-0.033214	-0.169443	0.343403	-0.002364	0.022959	-0.060386	-0.237400	-0.445825	-0.010915	-0.012068	-0.000164	0.028968	-0.024746	0.047865	0.021477	0.144091	0.387802	-0.149022	-0.020793	-0.011532	0.010440	0.044757	-0.050025	0.027395	0.014357	0.044254	0.218758	-0.105071	-0.430159	0.197693	-0.902753	0.980264	-0.422964	-0.426052	-0.007797	1.000000	-0.011823	0.006853	-0.000755	-0.010861	0.041004	0.004826	0.004479	-0.033338	-0.164040	0.336682	0.002535	0.025173	-0.041395	-0.179421	-0.462530	-0.031102	-0.009466	-0.002459	0.046866	-0.070173	0.024677	0.019131	0.099556	0.352847	-0.115753	-0.025792	-0.006361	0.003919	0.065763	-0.094560	0.035411	-0.009099	0.023015	0.184510	-0.114373	-0.581825	0.372182	-0.813314	0.928160	-0.437465	-0.418150	
1.613494	1.949617	-0.549191	-0.150639	-0.727440	1.285682	-4.227588	0.504142	-1.209260	-0.106512	1.661902	-1.016792	-0.007797	1.000000	-0.011805	0.006826	-0.000757	-0.010849	0.040977	0.007603	0.005974	-0.033214	-0.169443	0.343403	-0.002364	0.022959	-0.060386	-0.237400	-0.445825	-0.010915	-0.012068	-0.000164	0.028968	-0.024746	0.047865	0.021477	0.144091	0.387802	-0.149022	-0.020793	-0.011532	0.010440	0.044757	-0.050025	0.027395	0.014357	0.044254	0.218758	-0.105071	-0.430159	0.197693	-0.902753	0.980264	-0.422964	-0.426052	-0.007797	1.000000	-0.011823	0.006853	-0.000755	-0.010861	0.041004	0.004826	0.004479	-0.033338	-0.164040	0.336682	0.002535	0.025173	-0.041395	-0.179421	-0.462530	-0.031102	-0.009466	-0.002459	0.046866	-0.070173	0.024677	0.019131	0.099556	0.352847	-0.115753	-0.025792	-0.006361	0.003919	0.065763	-0.094560	0.035411	-0.009099	0.023015	0.184510	-0.114373	-0.581825	0.372182	-0.813314	0.928160	-0.437465	-0.418150	0.000015	1.000000	-0.011827	0.006859	-0.000755	-0.010862	0.041006	0.000563	0.003445	-0.034308	-0.153363	0.322106	0.009597	0.025980	-0.029721	-0.135401	-0.493206	-0.039402	-0.005599	-0.011064	0.050750	-0.141019	0.054812	0.002960	0.069628	0.322830	-0.154650	-0.030667	-0.003462	-0.004769	0.082494	-0.146875	0.040625	-0.031923	0.006525	0.166576	-0.110063	-0.707487	0.535742	-0.706726	0.844382	-0.474336	-0.413596	
1.515557	1.939221	-0.291651	-0.490680	-1.053798	0.461282	-3.306068	0.235863	-0.707639	-0.117958	1.621416	0.143246	-0.007797	1.000000	-0.011823	0.006853	-0.000755	-0.010861	0.041004	0.004826	0.004479	-0.033338	-0.164040	0.336682	0.002535	0.025173	-0.041395	-0.179421	-0.462530	-0.031102	-0.009466	-0.002459	0.046866	-0.070173	0.024677	0.019131	0.099556	0.352847	-0.115753	-0.025792	-0.006361	0.003919	0.065763	-0.094560	0.035411	-0.009099	0.023015	0.184510	-0.114373	-0.581825	0.372182	-0.813314	0.928160	-0.437465	-0.418150	0.000015	1.000000	-0.011827	0.006859	-0.000755	-0.010862	0.041006	0.000563	0.003445	-0.034308	-0.153363	0.322106	0.009597	0.025980	-0.029721	-0.135401	-0.493206	-0.039402	-0.005599	-0.011064	0.050750	-0.141019	0.054812	0.002960	0.069628	0.322830	-0.154650	-0.030667	-0.003462	-0.004769	0.082494	-0.146875	0.040625	-0.031923	0.006525	0.166576	-0.110063	-0.707487	0.535742	-0.706726	0.844382	-0.474336	-0.413596	0.000015	1.000000	-0.011827	0.006860	-0.000755	-0.010863	0.041006	-0.005524	0.002972	-0.035931	-0.143183	0.297962	0.015130	0.024396	-0.017208	-0.097444	-0.514778	-0.036394	-0.002188	-0.004596	0.079404	-0.231506	0.060617	-0.015175	0.034182	0.282490	-0.115617	-0.032840	-0.005255	-0.014087	0.091652	-0.186322	0.042676	-0.048529	-0.007590	0.153617	-0.103785	-0.806632	0.681381	-0.591055	0.731929	-0.515952	-0.415115	
1.490497	1.922803	-0.270534	-0.550538	-1.173400	-0.314905	-2.438868	0.034752	-0.503004	-0.024292	1.743231	1.074177	0.000015	1.000000	-0.011827	0.006859	-0.000755	-0.010862	0.041006	0.000563	0.003445	-0.034308	-0.153363	0.322106	0.009597	0.025980	-0.029721	-0.135401	-0.493206	-0.039402	-0.005599	-0.011064	0.050750	-0.141019	0.054812	0.002960	0.069628	0.322830	-0.154650	-0.030667	-0.003462	-0.004769	0.082494	-0.146875	0.040625	-0.031923	0.006525	0.166576	-0.110063	-0.707487	0.535742	-0.706726	0.844382	-0.474336	-0.413596	0.000015	1.000000	-0.011827	0.006860	-0.000755	-0.010863	0.041006	-0.005524	0.002972	-0.035931	-0.143183	0.297962	0.015130	0.024396	-0.017208	-0.097444	-0.514778	-0.036394	-0.002188	-0.004596	0.079404	-0.231506	0.060617	-0.015175	0.034182	0.282490	-0.115617	-0.032840	-0.005255	-0.014087	0.091652	-0.186322	0.042676	-0.048529	-0.007590	0.153617	-0.103785	-0.806632	0.681381	-0.591055	0.731929	-0.515952	-0.415115	0.000015	1.000000	-0.011827	0.006860	-0.000755	-0.010863	0.041006	-0.012315	0.002255	-0.037977	-0.131283	0.249852	0.025687	0.020025	-0.012766	-0.048292	-0.533851	-0.036442	-0.011269	-0.018955	0.093785	-0.252768	0.082136	-0.033506	0.024356	0.200637	-0.161267	-0.030416	-0.011885	-0.027821	0.086660	-0.187717	0.035650	-0.054754	-0.013798	0.128744	-0.082567	-0.882439	0.802873	-0.470428	0.596150	-0.545333	-0.418234	
1.514944	1.902576	-0.363829	-0.393214	-1.165840	-0.529320	-1.396128	-0.030302	-0.401464	-0.070924	1.572378	1.173557	0.000015	1.000000	-0.011827	0.006860	-0.000755	-0.010863	0.041006	-0.005524	0.002972	-0.035931	-0.143183	0.297962	0.015130	0.024396	-0.017208	-0.097444	-0.514778	-0.036394	-0.002188	-0.004596	0.079404	-0.231506	0.060617	-0.015175	0.034182	0.282490	-0.115617	-0.032840	-0.005255	-0.014087	0.091652	-0.186322	0.042676	-0.048529	-0.007590	0.153617	-0.103785	-0.806632	0.681381	-0.591055	0.731929	-0.515952	-0.415115	0.000015	1.000000	-0.011827	0.006860	-0.000755	-0.010863	0.041006	-0.012315	0.002255	-0.037977	-0.131283	0.249852	0.025687	0.020025	-0.012766	-0.048292	-0.533851	-0.036442	-0.011269	-0.018955	0.093785	-0.252768	0.082136	-0.033506	0.024356	0.200637	-0.161267	-0.030416	-0.011885	-0.027821	0.086660	-0.187717	0.035650	-0.054754	-0.013798	0.128744	-0.082567	-0.882439	0.802873	-0.470428	0.596150	-0.545333	-0.418234	0.000015	1.000000	-0.011828	0.006860	-0.000755	-0.010863	0.041006	-0.019950	0.001457	-0.043596	-0.118774	0.212410	0.036111	0.013770	-0.010715	-0.018614	-0.550655	-0.053197	-0.011131	-0.040979	0.083708	-0.284208	0.039969	-0.045226	0.005925	0.183030	-0.127097	-0.026831	-0.019328	-0.039764	0.069437	-0.186778	0.025747	-0.056028	-0.016213	0.125158	-0.049687	-0.939507	0.896993	-0.342530	0.442044	-0.552851	-0.423159	
1.488649	1.860390	-0.366089	-0.260051	-1.172854	-0.619564	-0.331254	-0.124056	-0.234332	-0.203448	1.136894	1.176218	0.000015	1.000000	-0.011827	0.006860	-0.000755	-0.010863	0.041006	-0.012315	0.002255	-0.037977	-0.131283	0.249852	0.025687	0.020025	-0.012766	-0.048292	-0.533851	-0.036442	-0.011269	-0.018955	0.093785	-0.252768	0.082136	-0.033506	0.024356	0.200637	-0.161267	-0.030416	-0.011885	-0.027821	0.086660	-0.187717	0.035650	-0.054754	-0.013798	0.128744	-0.082567	-0.882439	0.802873	-0.470428	0.596150	-0.545333	-0.418234	0.000015	1.000000	-0.011828	0.006860	-0.000755	-0.010863	0.041006	-0.019950	0.001457	-0.043596	-0.118774	0.212410	0.036111	0.013770	-0.010715	-0.018614	-0.550655	-0.053197	-0.011131	-0.040979	0.083708	-0.284208	0.039969	-0.045226	0.005925	0.183030	-0.127097	-0.026831	-0.019328	-0.039764	0.069437	-0.186778	0.025747	-0.056028	-0.016213	0.125158	-0.049687	-0.939507	0.896993	-0.342530	0.442044	-0.552851	-0.423159	0.000015	1.000000	-0.011828	0.006860	-0.000755	-0.010863	0.041006	-0.028166	-0.000633	-0.051966	-0.102798	0.176253	0.042170	0.007075	-0.010256	0.006466	-0.567514	-0.056966	-0.015072	-0.074240	0.050246	-0.292237	0.006440	-0.036976	-0.004293	0.170800	-0.039580	-0.024067	-0.023129	-0.048864	0.045530	-0.171540	0.019234	-0.055348	-0.017735	0.123638	-0.015243	-0.978656	0.961399	-0.205506	0.275158	-0.545517	-0.429227	
1.434162	1.791133	-0.217516	-0.041540	-1.122264	-0.465096	0.673283	-0.062311	-0.056030	-0.403251	0.952044	0.378819	0.000015	1.000000	-0.011828	0.006860	-0.000755	-0.010863	0.041006	-0.019950	0.001457	-0.043596	-0.118774	0.212410	0.036111	0.013770	-0.010715	-0.018614	-0.550655	-0.053197	-0.011131	-0.040979	0.083708	-0.284208	0.039969	-0.045226	0.005925	0.183030	-0.127097	-0.026831	-0.019328	-0.039764	0.069437	-0.186778	0.025747	-0.056028	-0.016213	0.125158	-0.049687	-0.939507	0.896993	-0.342530	0.442044	-0.552851	-0.423159	0.000015	1.000000	-0.011828	0.006860	-0.000755	-0.010863	0.041006	-0.028166	-0.000633	-0.051966	-0.102798	0.176253	0.042170	0.007075	-0.010256	0.006466	-0.567514	-0.056966	-0.015072	-0.074240	0.050246	-0.292237	0.006440	-0.036976	-0.004293	0.170800	-0.039580	-0.024067	-0.023129	-0.048864	0.045530	-0.171540	0.019234	-0.055348	-0.017735	0.123638	-0.015243	-0.978656	0.961399	-0.205506	0.275158	-0.545517	-0.429227	0.000015	1.000000	-0.011828	0.006860	-0.000755	-0.010863	0.041006	-0.032547	-0.003280	-0.063406	-0.095604	0.142292	0.044424	0.001681	-0.011304	0.029415	-0.570061	-0.039546	-0.017094	-0.097456	0.035035	-0.270357	0.021233	-0.028590	-0.012643	0.166785	0.050829	-0.025175	-0.024382	-0.055012	0.029046	-0.142547	0.015119	-0.053468	-0.019738	0.117738	0.004943	-0.997775	0.994652	-0.066667	0.103279	-0.553405	-0.441883	
1.397919	1.746710	-0.069672	0.181294	-0.907877	-0.547171	1.230216	0.002699	-0.077845	-0.689853	0.550771	0.513376	0.000015	1.000000	-0.011828	0.006860	-0.000755	-0.010863	0.041006	-0.028166	-0.000633	-0.051966	-0.102798	0.176253	0.042170	0.007075	-0.010256	0.006466	-0.567514	-0.056966	-0.015072	-0.074240	0.050246	-0.292237	0.006440	-0.036976	-0.004293	0.170800	-0.039580	-0.024067	-0.023129	-0.048864	0.045530	-0.171540	0.019234	-0.055348	-0.017735	0.123638	-0.015243	-0.978656	0.961399	-0.205506	0.275158	-0.545517	-0.429227	0.000015	1.000000	-0.011828	0.006860	-0.000755	-0.010863	0.041006	-0.032547	-0.003280	-0.063406	-0.095604	0.142292	0.044424	0.001681	-0.011304	0.029415	-0.570061	-0.039546	-0.017094	-0.097456	0.035035	-0.270357	0.021233	-0.028590	-0.012643	0.166785	0.050829	-0.025175	-0.024382	-0.055012	0.029046	-0.142547	0.015119	-0.053468	-0.019738	0.117738	0.004943	-0.997775	0.994652	-0.066667	0.103279	-0.553405	-0.441883	0.000015	1.000000	-0.011828	0.006860	-0.000755	-0.010863	0.041006	-0.038125	-0.006524	-0.077980	-0.091718	0.096218	0.049745	-0.003025	-0.012846	0.052543	-0.563834	-0.032570	-0.024276	-0.124206	0.025488	-0.181975	0.041207	-0.027868	-0.014874	0.094497	0.045912	-0.022866	-0.021762	-0.057298	0.018172	-0.086357	0.008862	-0.049604	-0.024254	0.108913	0.004407	-0.997643	0.997848	0.068613	-0.065570	-0.569751	-0.462660	
1.308009	1.726924	0.118137	0.376998	-0.482116	-0.294825	2.224237	0.081928	-0.294343	-0.919207	-0.085009	0.281037	0.000015	1.000000	-0.011828	0.006860	-0.000755	-0.010863	0.041006	-0.032547	-0.003280	-0.063406	-0.095604	0.142292	0.044424	0.001681	-0.011304	0.029415	-0.570061	-0.039546	-0.017094	-0.097456	0.035035	-0.270357	0.021233	-0.028590	-0.012643	0.166785	0.050829	-0.025175	-0.024382	-0.055012	0.029046	-0.142547	0.015119	-0.053468	-0.019738	0.117738	0.004943	-0.997775	0.994652	-0.066667	0.103279	-0.553405	-0.441883	0.000015	1.000000	-0.011828	0.006860	-0.000755	-0.010863	0.041006	-0.038125	-0.006524	-0.077980	-0.091718	0.096218	0.049745	-0.003025	-0.012846	0.052543	-0.563834	-0.032570	-0.024276	-0.124206	0.025488	-0.181975	0.041207	-0.027868	-0.014874	0.094497	0.045912	-0.022866	-0.021762	-0.057298	0.018172	-0.086357	0.008862	-0.049604	-0.024254	0.108913	0.004407	-0.997643	0.997848	0.068613	-0.065570	-0.569751	-0.462660	0.000015	1.000000	-0.011828	0.006860	-0.000755	-0.010863	0.041006	-0.044063	-0.010008	-0.105807	-0.088808	0.073601	0.054784	-0.005582	-0.013566	0.064415	-0.557718	-0.037455	-0.022551	-0.141886	0.016856	-0.126376	0.018428	-0.025469	-0.005326	0.064935	0.053097	-0.017973	-0.015559	-0.043085	0.007057	-0.045294	0.003863	-0.048215	-0.033878	0.105301	0.005989	-0.979992	0.973624	0.199035	-0.228158	-0.580624	-0.475987	
1.157240	1.679501	0.299520	0.400372	-0.083265	-0.102839	3.176077	0.016315	-0.388636	-0.777878	-0.754740	0.374809	0.000015	1.000000	-0.011828	0.006860	-0.000755	-0.010863	0.041006	-0.038125	-0.006524	-0.077980	-0.091718	0.096218	0.049745	-0.003025	-0.012846	0.052543	-0.563834	-0.032570	-0.024276	-0.124206	0.025488	-0.181975	0.041207	-0.027868	-0.014874	0.094497	0.045912	-0.022866	-0.021762	-0.057298	0.018172	-0.086357	0.008862	-0.049604	-0.024254	0.108913	0.004407	-0.997643	0.997848	0.068613	-0.065570	-0.569751	-0.462660	0.000015	1.000000	-0.011828	0.006860	-0.000755	-0.010863	0.041006	-0.044063	-0.010008	-0.105807	-0.088808	0.073601	0.054784	-0.005582	-0.013566	0.064415	-0.557718	-0.037455	-0.022551	-0.141886	0.016856	-0.126376	0.018428	-0.025469	-0.005326	0.064935	0.053097	-0.017973	-0.015559	-0.043085	0.007057	-0.045294	0.003863	-0.048215	-0.033878	0.105301	0.005989	-0.979992	0.973624	0.199035	-0.228158	-0.580624	-0.475987	0.000015	1.000000	-0.011828	0.006860	-0.000755	-0.010863	0.041006	-0.050000	-0.012983	-0.125355	-0.087184	0.062172	0.057149	-0.008476	-0.014583	0.072944	-0.548473	-0.037944	-0.016097	-0.134232	-0.000059	-0.047185	0.008124	-0.013365	-0.002975	0.066166	0.031831	-0.010264	-0.006933	-0.030764	0.001013	-0.000518	0.002727	-0.049733	-0.046643	0.095497	0.000958	-0.948102	0.923819	0.317967	-0.382830	-0.607597	-0.481923	
1.062260	1.669718	0.484900	0.354246	0.019236	-0.052524	3.379308	0.073114	-0.354626	-0.865546	-0.260176	-0.704945	0.000015	1.000000	-0.011828	0.006860	-0.000755	-0.010863	0.041006	-0.044063	-0.010008	-0.105807	-0.088808	0.073601	0.054784	-0.005582	-0.013566	0.064415	-0.557718	-0.037455	-0.022551	-0.141886	0.016856	-0.126376	0.018428	-0.025469	-0.005326	0.064935	0.053097	-0.017973	-0.015559	-0.043085	0.007057	-0.045294	0.003863	-0.048215	-0.033878	0.105301	0.005989	-0.979992	0.973624	0.199035	-0.228158	-0.580624	-0.475987	0.000015	1.000000	-0.011828	0.006860	-0.000755	-0.010863	0.041006	-0.050000	-0.012983	-0.125355	-0.087184	0.062172	0.057149	-0.008476	-0.014583	0.072944	-0.548473	-0.037944	-0.016097	-0.134232	-0.000059	-0.047185	0.008124	-0.013365	-0.002975	0.066166	0.031831	-0.010264	-0.006933	-0.030764	0.001013	-0.000518	0.002727	-0.049733	-0.046643	0.095497	0.000958	-0.948102	0.923819	0.317967	-0.382830	-0.607597	-0.481923	0.000015	1.000000	-0.011828	0.006860	-0.000755	-0.010863	0.041006	-0.051599	-0.014692	-0.137819	-0.088241	0.066647	0.057792	-0.010670	-0.016773	0.080757	-0.543716	-0.005190	-0.007309	-0.062627	-0.033506	0.037855	0.002208	-0.012271	-0.034147	0.055123	0.025168	-0.004174	0.000779	-0.019549	0.000528	0.042622	0.002329	-0.053365	-0.056114	0.076369	0.001820	-0.907881	0.851969	0.419227	-0.523593	-0.652828	-0.496150	
1.018194	1.696281	0.372501	0.402122	0.290965	-0.277315	3.023009	0.093170	-0.251416	-0.892998	0.073012	-1.393984	0.000015	1.000000	-0.011828	0.006860	-0.000755	-0.010863	0.041006	-0.050000	-0.012983	-0.125355	-0.087184	0.062172	0.057149	-0.008476	-0.014583	0.072944	-0.548473	-0.037944	-0.016097	-0.134232	-0.000059	-0.047185	0.008124	-0.013365	-0.002975	0.066166	0.031831	-0.010264	-0.006933	-0.030764	0.001013	-0.000518	0.002727	-0.049733	-0.046643	0.095497	0.000958	-0.948102	0.923819	0.317967	-0.382830	-0.607597	-0.481923	0.000015	1.000000	-0.011828	0.006860	-0.000755	-0.010863	0.041006	-0.051599	-0.014692	-0.137819	-0.088241	0.066647	0.057792	-0.010670	-0.016773	0.080757	-0.543716	-0.005190	-0.007309	-0.062627	-0.033506	0.037855	0.002208	-0.012271	-0.034147	0.055123	0.025168	-0.004174	0.000779	-0.019549	0.000528	0.042622	0.002329	-0.053365	-0.056114	0.076369	0.001820	-0.907881	0.851969	0.419227	-0.523593	-0.652828	-0.496150	0.000015	1.000000	-0.011828	0.006860	-0.000755	-0.010863	0.041006	-0.051289	-0.014921	-0.143971	-0.091554	0.072801	0.059059	-0.013379	-0.022228	0.089638	-0.539081	-0.001217	0.001595	-0.035925	-0.024637	0.060318	0.000221	-0.018326	-0.056457	0.013189	0.041601	0.002795	0.006326	-0.013108	0.003052	0.087202	0.002159	-0.055980	-0.063654	0.063582	-0.013398	-0.861390	0.759296	0.507944	-0.650746	-0.681322	-0.499084	
1.012719	1.730096	0.247358	0.226524	0.353247	-0.380913	2.120162	0.069710	-0.013803	-0.761990	0.133915	-1.268987	0.000015	1.000000	-0.011828	0.006860	-0.000755	-0.010863	0.041006	-0.051599	-0.014692	-0.137819	-0.088241	0.066647	0.057792	-0.010670	-0.016773	0.080757	-0.543716	-0.005190	-0.007309	-0.062627	-0.033506	0.037855	0.002208	-0.012271	-0.034147	0.055123	0.025168	-0.004174	0.000779	-0.019549	0.000528	0.042622	0.002329	-0.053365	-0.056114	0.076369	0.001820	-0.907881	0.851969	0.419227	-0.523593	-0.652828	-0.496150	0.000015	1.000000	-0.011828	0.006860	-0.000755	-0.010863	0.041006	-0.051289	-0.014921	-0.143971	-0.091554	0.072801	0.059059	-0.013379	-0.022228	0.089638	-0.539081	-0.001217	0.001595	-0.035925	-0.024637	0.060318	0.000221	-0.018326	-0.056457	0.013189	0.041601	0.002795	0.006326	-0.013108	0.003052	0.087202	0.002159	-0.055980	-0.063654	0.063582	-0.013398	-0.861390	0.759296	0.507944	-0.650746	-0.681322	-0.499084	0.000015	1.000000	-0.011828	0.006860	-0.000755	-0.010863	0.041006	-0.050888	-0.014749	-0.152108	-0.094082	0.086609	0.060427	-0.016861	-0.030298	0.091826	-0.536312	-0.001518	0.003300	-0.052796	-0.012235	0.129565	0.009793	-0.021607	-0.070204	-0.002171	0.018119	0.007979	0.012183	-0.000609	0.001423	0.118715	0.002188	-0.056267	-0.068972	0.062488	-0.037066	-0.808788	0.646086	0.588100	-0.763265	-0.694542	-0.491116	
0.989597	1.746707	0.212212	-0.036609	0.263393	-0.558439	1.252814	0.113186	0.186419	-0.701495	0.216222	-0.950474	0.000015	1.000000	-0.011828	0.006860	-0.000755	-0.010863	0.041006	-0.051289	-0.014921	-0.143971	-0.091554	0.072801	0.059059	-0.013379	-0.022228	0.089638	-0.539081	-0.001217	0.001595	-0.035925	-0.024637	0.060318	0.000221	-0.018326	-0.056457	0.013189	0.041601	0.002795	0.006326	-0.013108	0.003052	0.087202	0.002159	-0.055980	-0.063654	0.063582	-0.013398	-0.861390	0.759296	0.507944	-0.650746	-0.681322	-0.499084	0.000015	1.000000	-0.011828	0.006860	-0.000755	-0.010863	0.041006	-0.050888	-0.014749	-0.152108	-0.094082	0.086609	0.060427	-0.016861	-0.030298	0.091826	-0.536312	-0.001518	0.003300	-0.052796	-0.012235	0.129565	0.009793	-0.021607	-0.070204	-0.002171	0.018119	0.007979	0.012183	-0.000609	0.001423	0.118715	0.002188	-0.056267	-0.068972	0.062488	-0.037066	-0.808788	0.646086	0.588100	-0.763265	-0.694542	-0.491116	0.000015	1.000000	-0.011828	0.006860	-0.000755	-0.010863	0.041006	-0.049984	-0.013640	-0.157856	-0.094685	0.107909	0.061913	-0.020555	-0.039812	0.092094	-0.536219	0.005781	0.008705	-0.048202	0.007152	0.188485	-0.001812	-0.026472	-0.075068	-0.007196	-0.009704	0.010783	0.014470	0.010434	-0.003684	0.129198	0.001747	-0.052781	-0.070881	0.064227	-0.056182	-0.749098	0.513694	0.662459	-0.857973	-0.696184	-0.480971	
1.038267	1.766137	0.265011	-0.057138	0.149218	-0.517344	0.781256	0.123553	0.256315	-0.675279	0.471606	-1.295737	0.000015	1.000000	-0.011828	0.006860	-0.000755	-0.010863	0.041006	-0.050888	-0.014749	-0.152108	-0.094082	0.086609	0.060427	-0.016861	-0.030298	0.091826	-0.536312	-0.001518	0.003300	-0.052796	-0.012235	0.129565	0.009793	-0.021607	-0.070204	-0.002171	0.018119	0.007979	0.012183	-0.000609	0.001423	0.118715	0.002188	-0.056267	-0.068972	0.062488	-0.037066	-0.808788	0.646086	0.588100	-0.763265	-0.694542	-0.491116	0.000015	1.000000	-0.011828	0.006860	-0.000755	-0.010863	0.041006	-0.049984	-0.013640	-0.157856	-0.094685	0.107909	0.061913	-0.020555	-0.039812	0.092094	-0.536219	0.005781	0.008705	-0.048202	0.007152	0.188485	-0.001812	-0.026472	-0.075068	-0.007196	-0.009704	0.010783	0.014470	0.010434	-0.003684	0.129198	0.001747	-0.052781	-0.070881	0.064227	-0.056182	-0.749098	0.513694	0.662459	-0.857973	-0.696184	-0.480971	0.000015	1.000000	-0.011828	0.006860	-0.000755	-0.010863	0.041006	-0.049124	-0.012094	-0.161404	-0.094588	0.132065	0.062234	-0.024330	-0.057006	0.092220	-0.539205	0.008255	0.010525	-0.027852	0.008043	0.183908	0.001564	-0.021259	-0.089513	-0.004907	-0.035518	0.013106	0.012374	0.017932	-0.012157	0.123831	0.003124	-0.046209	-0.064207	0.067344	-0.067450	-0.684159	0.366174	0.729333	-0.930546	-0.703121	-0.475988	
1.198995	1.807228	0.190733	-0.039054	0.149922	-0.768651	0.442204	0.024988	0.372430	-0.511113	0.428547	-2.405829	0.000015	1.000000	-0.011828	0.006860	-0.000755	-0.010863	0.041006	-0.049984	-0.013640	-0.157856	-0.094685	0.107909	0.061913	-0.020555	-0.039812	0.092094	-0.536219	0.005781	0.008705	-0.048202	0.007152	0.188485	-0.001812	-0.026472	-0.075068	-0.007196	-0.009704	0.010783	0.014470	0.010434	-0.003684	0.129198	0.001747	-0.052781	-0.070881	0.064227	-0.056182	-0.749098	0.513694	0.662459	-0.857973	-0.696184	-0.480971	0.000015	1.000000	-0.011828	0.006860	-0.000755	-0.010863	0.041006	-0.049124	-0.012094	-0.161404	-0.094588	0.132065	0.062234	-0.024330	-0.057006	0.092220	-0.539205	0.008255	0.010525	-0.027852	0.008043	0.183908	0.001564	-0.021259	-0.089513	-0.004907	-0.035518	0.013106	0.012374	0.017932	-0.012157	0.123831	0.003124	-0.046209	-0.064207	0.067344	-0.067450	-0.684159	0.366174	0.729333	-0.930546	-0.703121	-0.475988	0.000015	1.000000	-0.011828	0.006860	-0.000755	-0.010863	0.041006	-0.046965	-0.011082	-0.162986	-0.094398	0.168109	0.062274	-0.026984	-0.069993	0.094209	-0.545013	0.012690	0.004077	-0.014650	-0.001289	0.164257	-0.001239	-0.010036	-0.091307	0.016608	-0.058339	0.014921	0.010505	0.021752	-0.020104	0.099504	0.004936	-0.039712	-0.061347	0.072428	-0.081075	-0.609647	0.206967	0.792673	-0.978348	-0.688520	-0.470159	
1.442905	1.866227	0.150297	-0.016525	0.220317	-0.871734	0.427189	-0.095430	0.576107	-0.434498	0.150403	-3.697984	0.000015	1.000000	-0.011828	0.006860	-0.000755	-0.010863	0.041006	-0.049124	-0.012094	-0.161404	-0.094588	0.132065	0.062234	-0.024330	-0.057006	0.092220	-0.539205	0.008255	0.010525	-0.027852	0.008043	0.183908	0.001564	-0.021259	-0.089513	-0.004907	-0.035518	0.013106	0.012374	0.017932	-0.012157	0.123831	0.003124	-0.046209	-0.064207	0.067344	-0.067450	-0.684159	0.366174	0.729333	-0.930546	-0.703121	-0.475988	0.000015	1.000000	-0.011828	0.006860	-0.000755	-0.010863	0.041006	-0.046965	-0.011082	-0.162986	-0.094398	0.168109	0.062274	-0.026984	-0.069993	0.094209	-0.545013	0.012690	0.004077	-0.014650	-0.001289	0.164257	-0.001239	-0.010036	-0.091307	0.016608	-0.058339	0.014921	0.010505	0.021752	-0.020104	0.099504	0.004936	-0.039712	-0.061347	0.072428	-0.081075	-0.609647	0.206967	0.792673	-0.978348	-0.688520	-0.470159	0.000015	1.000000	-0.011828	0.006860	-0.000755	-0.010863	0.041006	-0.043795	-0.010540	-0.162963	-0.095621	0.190633	0.062306	-0.028169	-0.081266	0.097587	-0.554462	0.022905	0.003083	0.003420	-0.016530	0.146240	-0.002916	-0.010658	-0.080668	0.037604	-0.084002	0.014628	0.009374	0.023991	-0.030477	0.083650	0.005281	-0.032909	-0.057784	0.075515	-0.107918	-0.515827	0.037172	0.856693	-0.999309	-0.640302	-0.457832	
1.685515	1.890614	0.165298	0.274291	0.366343	-1.219922	0.588766	-0.218839	0.820045	-0.503744	-0.824873	-4.894886	0.000015	1.000000	-0.011828	0.006860	-0.000755	-0.010863	0.041006	-0.046965	-0.011082	-0.162986	-0.094398	0.168109	0.062274	-0.026984	-0.069993	0.094209	-0.545013	0.012690	0.004077	-0.014650	-0.001289	0.164257	-0.001239	-0.010036	-0.091307	0.016608	-0.058339	0.014921	0.010505	0.021752	-0.020104	0.099504	0.004936	-0.039712	-0.061347	0.072428	-0.081075	-0.609647	0.206967	0.792673	-0.978348	-0.688520	-0.470159	0.000015	1.000000	-0.011828	0.006860	-0.000755	-0.010863	0.041006	-0.043795	-0.010540	-0.162963	-0.095621	0.190633	0.062306	-0.028169	-0.081266	0.097587	-0.554462	0.022905	0.003083	0.003420	-0.016530	0.146240	-0.002916	-0.010658	-0.080668	0.037604	-0.084002	0.014628	0.009374	0.023991	-0.030477	0.083650	0.005281	-0.032909	-0.057784	0.075515	-0.107918	-0.515827	0.037172	0.856693	-0.999309	-0.640302	-0.457832	0.000015	1.000000	-0.011828	0.006860	-0.000755	-0.010863	0.041006	-0.041101	-0.010254	-0.161311	-0.102529	0.208297	0.062313	-0.028786	-0.090330	0.103085	-0.574358	0.009619	0.001937	0.020582	-0.060628	0.116172	-0.000292	-0.001531	-0.059015	0.047032	-0.117626	0.014187	0.008841	0.025641	-0.036636	0.072390	0.003844	-0.023656	-0.055233	0.072271	-0.143455	-0.395005	-0.138146	0.918679	-0.990412	-0.567129	-0.440132	
1.826669	1.851121	0.221725	0.617023	0.585135	-1.900217	0.945404	-0.517793	0.950405	-0.849370	-4.008740	-4.052470	0.000015	1.000000	-0.011828	0.006860	-0.000755	-0.010863	0.041006	-0.043795	-0.010540	-0.162963	-0.095621	0.190633	0.062306	-0.028169	-0.081266	0.097587	-0.554462	0.022905	0.003083	0.003420	-0.016530	0.146240	-0.002916	-0.010658	-0.080668	0.037604	-0.084002	0.014628	0.009374	0.023991	-0.030477	0.083650	0.005281	-0.032909	-0.057784	0.075515	-0.107918	-0.515827	0.037172	0.856693	-0.999309	-0.640302	-0.457832	0.000015	1.000000	-0.011828	0.006860	-0.000755	-0.010863	0.041006	-0.041101	-0.010254	-0.161311	-0.102529	0.208297	0.062313	-0.028786	-0.090330	0.103085	-0.574358	0.009619	0.001937	0.020582	-0.060628	0.116172	-0.000292	-0.001531	-0.059015	0.047032	-0.117626	0.014187	0.008841	0.025641	-0.036636	0.072390	0.003844	-0.023656	-0.055233	0.072271	-0.143455	-0.395005	-0.138146	0.918679	-0.990412	-0.567129	-0.440132	0.000015	1.000000	-0.011828	0.006860	-0.000755	-0.010863	0.041006	-0.038793	-0.010067	-0.158339	-0.110479	0.222735	0.062314	-0.028554	-0.101570	0.108838	-0.594719	0.005149	0.002869	0.018808	-0.077949	0.103744	-0.004217	-0.001316	-0.056501	0.020058	-0.177520	0.014353	0.012758	0.028150	-0.046939	0.066761	0.000569	-0.011619	-0.051530	0.054177	-0.196331	-0.245097	-0.311076	0.969499	-0.950385	-0.494346	-0.432816	
1.876391	1.752135	0.198012	0.659769	0.753674	-2.284266	1.226321	-0.996120	0.989275	-1.519772	-7.467414	-0.630575	0.000015	1.000000	-0.011828	0.006860	-0.000755	-0.010863	0.041006	-0.041101	-0.010254	-0.161311	-0.102529	0.208297	0.062313	-0.028786	-0.090330	0.103085	-0.574358	0.009619	0.001937	0.020582	-0.060628	0.116172	-0.000292	-0.001531	-0.059015	0.047032	-0.117626	0.014187	0.008841	0.025641	-0.036636	0.072390	0.003844	-0.023656	-0.055233	0.072271	-0.143455	-0.395005	-0.138146	0.918679	-0.990412	-0.567129	-0.440132	0.000015	1.000000	-0.011828	0.006860	-0.000755	-0.010863	0.041006	-0.038793	-0.010067	-0.158339	-0.110479	0.222735	0.062314	-0.028554	-0.101570	0.108838	-0.594719	0.005149	0.002869	0.018808	-0.077949	0.103744	-0.004217	-0.001316	-0.056501	0.020058	-0.177520	0.014353	0.012758	0.028150	-0.046939	0.066761	0.000569	-0.011619	-0.051530	0.054177	-0.196331	-0.245097	-0.311076	0.969499	-0.950385	-0.494346	-0.432816	0.000015	1.000000	-0.011828	0.006860	-0.000755	-0.010863	0.041006	-0.037169	-0.009287	-0.154497	-0.121035	0.243288	0.062920	-0.027223	-0.109149	0.112072	-0.624842	0.006098	0.010639	0.031194	-0.086661	0.086448	-0.003213	0.009639	-0.057995	-0.017885	-0.266214	0.016059	0.021248	0.033100	-0.064932	0.060411	-0.007817	0.001329	-0.056712	-0.009285	-0.227092	-0.075114	-0.471568	0.997175	-0.881830	-0.451999	-0.444664	
1.921383	1.716976	0.114439	0.410253	0.820603	-2.123128	1.193169	-1.365627	1.054068	-2.420086	-9.117682	3.166900	0.000015	1.000000	-0.011828	0.006860	-0.000755	-0.010863	0.041006	-0.038793	-0.010067	-0.158339	-0.110479	0.222735	0.062314	-0.028554	-0.101570	0.108838	-0.594719	0.005149	0.002869	0.018808	-0.077949	0.103744	-0.004217	-0.001316	-0.056501	0.020058	-0.177520	0.014353	0.012758	0.028150	-0.046939	0.066761	0.000569	-0.011619	-0.051530	0.054177	-0.196331	-0.245097	-0.311076	0.969499	-0.950385	-0.494346	-0.432816	0.000015	1.000000	-0.011828	0.006860	-0.000755	-0.010863	0.041006	-0.037169	-0.009287	-0.154497	-0.121035	0.243288	0.062920	-0.027223	-0.109149	0.112072	-0.624842	0.006098	0.010639	0.031194	-0.086661	0.086448	-0.003213	0.009639	-0.057995	-0.017885	-0.266214	0.016059	0.021248	0.033100	-0.064932	0.060411	-0.007817	0.001329	-0.056712	-0.009285	-0.227092	-0.075114	-0.471568	0.997175	-0.881830	-0.451999	-0.444664	0.000015	1.000000	-0.011828	0.006860	-0.000755	-0.010863	0.041006	-0.036092	-0.008460	-0.147186	-0.134705	0.256632	0.062944	-0.024792	-0.118226	0.107097	-0.662104	0.011428	0.009904	0.029990	-0.113355	0.093094	-0.001368	0.014457	-0.078733	-0.061810	-0.324985	0.017949	0.030304	0.037078	-0.085477	0.065436	-0.022762	0.013717	-0.070400	-0.116164	-0.199276	0.101240	-0.609929	0.994862	-0.792456	-0.437083	-0.474359	
1.953766	1.733065	0.071743	0.246019	0.937372	-2.203459	1.745846	-1.531945	1.214651	-3.167095	-9.651653	5.745249	0.000015	1.000000	-0.011828	0.006860	-0.000755	-0.010863	0.041006	-0.037169	-0.009287	-0.154497	-0.121035	0.243288	0.062920	-0.027223	-0.109149	0.112072	-0.624842	0.006098	0.010639	0.031194	-0.086661	0.086448	-0.003213	0.009639	-0.057995	-0.017885	-0.266214	0.016059	0.021248	0.033100	-0.064932	0.060411	-0.007817	0.001329	-0.056712	-0.009285	-0.227092	-0.075114	-0.471568	0.997175	-0.881830	-0.451999	-0.444664	0.000015	1.000000	-0.011828	0.006860	-0.000755	-0.010863	0.041006	-0.036092	-0.008460	-0.147186	-0.134705	0.256632	0.062944	-0.024792	-0.118226	0.107097	-0.662104	0.011428	0.009904	0.029990	-0.113355	0.093094	-0.001368	0.014457	-0.078733	-0.061810	-0.324985	0.017949	0.030304	0.037078	-0.085477	0.065436	-0.022762	0.013717	-0.070400	-0.116164	-0.199276	0.101240	-0.609929	0.994862	-0.792456	-0.437083	-0.474359	0.000015	1.000000	-0.011828	0.006860	-0.000755	-0.010863	0.041006	-0.034181	-0.006324	-0.141289	-0.158983	0.269212	0.061083	-0.021341	-0.130583	0.092143	-0.723815	0.015101	0.014135	0.041385	-0.118816	0.097597	-0.021424	0.019127	-0.112562	-0.148558	-0.258278	0.017753	0.034318	0.043483	-0.093029	0.070744	-0.041374	0.026068	-0.094325	-0.237903	-0.090086	0.278664	-0.729579	0.960389	-0.683897	-0.423585	-0.484907	
1.959649	1.743880	0.019651	0.274530	0.775924	-1.982570	1.559863	-1.395433	1.094011	-3.414629	-9.771193	6.617397	0.000015	1.000000	-0.011828	0.006860	-0.000755	-0.010863	0.041006	-0.036092	-0.008460	-0.147186	-0.134705	0.256632	0.062944	-0.024792	-0.118226	0.107097	-0.662104	0.011428	0.009904	0.029990	-0.113355	0.093094	-0.001368	0.014457	-0.078733	-0.061810	-0.324985	0.017949	0.030304	0.037078	-0.085477	0.065436	-0.022762	0.013717	-0.070400	-0.116164	-0.199276	0.101240	-0.609929	0.994862	-0.792456	-0.437083	-0.474359	0.000015	1.000000	-0.011828	0.006860	-0.000755	-0.010863	0.041006	-0.034181	-0.006324	-0.141289	-0.158983	0.269212	0.061083	-0.021341	-0.130583	0.092143	-0.723815	0.015101	0.014135	0.041385	-0.118816	0.097597	-0.021424	0.019127	-0.112562	-0.148558	-0.258278	0.017753	0.034318	0.043483	-0.093029	0.070744	-0.041374	0.026068	-0.094325	-0.237903	-0.090086	0.278664	-0.729579	0.960389	-0.683897	-0.423585	-0.484907	0.000015	1.000000	-0.011828	0.006860	-0.000755	-0.010863	0.041006	-0.032587	-0.003328	-0.136038	-0.176755	0.282343	0.057149	-0.016798	-0.159033	0.060024	-0.751255	0.018958	0.018047	0.024727	-0.111336	0.102584	-0.023080	0.021687	-0.151191	-0.307636	-0.114115	0.017232	0.035004	0.052259	-0.108230	0.083738	-0.060364	0.039701	-0.113267	-0.350211	0.023325	0.449405	-0.830860	0.893328	-0.556481	-0.413870	-0.480080	
1.940527	1.761125	-0.100584	-0.013470	0.626635	-0.731641	0.758762	-0.725364	0.574566	-2.799073	-9.630819	6.293270	0.000015	1.000000	-0.011828	0.006860	-0.000755	-0.010863	0.041006	-0.034181	-0.006324	-0.141289	-0.158983	0.269212	0.061083	-0.021341	-0.130583	0.092143	-0.723815	0.015101	0.014135	0.041385	-0.118816	0.097597	-0.021424	0.019127	-0.112562	-0.148558	-0.258278	0.017753	0.034318	0.043483	-0.093029	0.070744	-0.041374	0.026068	-0.094325	-0.237903	-0.090086	0.278664	-0.729579	0.960389	-0.683897	-0.423585	-0.484907	0.000015	1.000000	-0.011828	0.006860	-0.000755	-0.010863	0.041006	-0.032587	-0.003328	-0.136038	-0.176755	0.282343	0.057149	-0.016798	-0.159033	0.060024	-0.751255	0.018958	0.018047	0.024727	-0.111336	0.102584	-0.023080	0.021687	-0.151191	-0.307636	-0.114115	0.017232	0.035004	0.052259	-0.108230	0.083738	-0.060364	0.039701	-0.113267	-0.350211	0.023325	0.449405	-0.830860	0.893328	-0.556481	-0.413870	-0.480080	0.000015	1.000000	-0.011828	0.006860	-0.000755	-0.010863	0.041006	-0.030596	-0.000063	-0.131741	-0.191239	0.300236	0.048607	-0.010711	-0.185418	-0.017477	-0.754707	0.008526	0.016810	0.033879	-0.105354	0.051087	-0.065470	0.051605	-0.195533	-0.473947	0.035698	0.015537	0.035860	0.059611	-0.123510	0.089263	-0.072772	0.050039	-0.138146	-0.419405	0.126125	0.605944	-0.910772	0.795507	-0.412909	-0.412105	-0.476836	
1.927902	1.496835	-0.226438	-0.147484	0.753668	-0.288909	0.341535	-0.334455	-0.145945	-1.703295	-9.246949	4.873571	0.000015	1.000000	-0.011828	0.006860	-0.000755	-0.010863	0.041006	-0.032587	-0.003328	-0.136038	-0.176755	0.282343	0.057149	-0.016798	-0.159033	0.060024	-0.751255	0.018958	0.018047	0.024727	-0.111336	0.102584	-0.023080	0.021687	-0.151191	-0.307636	-0.114115	0.017232	0.035004	0.052259	-0.108230	0.083738	-0.060364	0.039701	-0.113267	-0.350211	0.023325	0.449405	-0.830860	0.893328	-0.556481	-0.413870	-0.480080	0.000015	1.000000	-0.011828	0.006860	-0.000755	-0.010863	0.041006	-0.030596	-0.000063	-0.131741	-0.191239	0.300236	0.048607	-0.010711	-0.185418	-0.017477	-0.754707	0.008526	0.016810	0.033879	-0.105354	0.051087	-0.065470	0.051605	-0.195533	-0.473947	0.035698	0.015537	0.035860	0.059611	-0.123510	0.089263	-0.072772	0.050039	-0.138146	-0.419405	0.126125	0.605944	-0.910772	0.795507	-0.412909	-0.412105	-0.476836	0.000015	1.000000	-0.011828	0.006860	-0.000755	-0.010863	0.041006	-0.027944	0.002811	-0.119952	-0.204702	0.308080	0.034636	-0.006650	-0.218297	-0.088278	-0.737925	0.000155	0.016337	0.055035	-0.078583	0.037213	-0.098324	0.038545	-0.271156	-0.584100	0.214693	0.011376	0.032784	0.057220	-0.121021	0.092799	-0.069680	0.054596	-0.147247	-0.493047	0.203729	0.740502	-0.966471	0.672054	-0.256777	-0.417842	-0.471662	
1.937564	0.998532	-0.266208	0.021877	0.885492	0.004373	-0.890962	0.055439	-1.046591	-0.629944	-7.701337	2.932655	0.000015	1.000000	-0.011828	0.006860	-0.000755	-0.010863	0.041006	-0.030596	-0.000063	-0.131741	-0.191239	0.300236	0.048607	-0.010711	-0.185418	-0.017477	-0.754707	0.008526	0.016810	0.033879	-0.105354	0.051087	-0.065470	0.051605	-0.195533	-0.473947	0.035698	0.015537	0.035860	0.059611	-0.123510	0.089263	-0.072772	0.050039	-0.138146	-0.419405	0.126125	0.605944	-0.910772	0.795507	-0.412909	-0.412105	-0.476836	0.000015	1.000000	-0.011828	0.006860	-0.000755	-0.010863	0.041006	-0.027944	0.002811	-0.119952	-0.204702	0.308080	0.034636	-0.006650	-0.218297	-0.088278	-0.737925	0.000155	0.016337	0.055035	-0.078583	0.037213	-0.098324	0.038545	-0.271156	-0.584100	0.214693	0.011376	0.032784	0.057220	-0.121021	0.092799	-0.069680	0.054596	-0.147247	-0.493047	0.203729	0.740502	-0.966471	0.672054	-0.256777	-0.417842	-0.471662	0.000015	1.000000	-0.011828	0.006860	-0.000755	-0.010863	0.041006	-0.026735	0.005511	-0.112457	-0.215755	0.315537	0.019580	-0.000038	-0.255795	-0.170438	-0.688161	0.016766	0.015011	0.036561	-0.038916	0.057462	-0.091490	0.045730	-0.310474	-0.698758	0.290869	0.006771	0.027873	0.061028	-0.114301	0.090464	-0.059640	0.045795	-0.135294	-0.549564	0.227054	0.849735	-0.992970	0.527211	-0.118362	-0.421629	-0.550950	
1.935071	0.671358	-0.264730	0.034569	0.815742	0.943832	-2.590663	0.541450	-1.588586	0.468268	-2.451279	0.656052	0.000015	1.000000	-0.011828	0.006860	-0.000755	-0.010863	0.041006	-0.027944	0.002811	-0.119952	-0.204702	0.308080	0.034636	-0.006650	-0.218297	-0.088278	-0.737925	0.000155	0.016337	0.055035	-0.078583	0.037213	-0.098324	0.038545	-0.271156	-0.584100	0.214693	0.011376	0.032784	0.057220	-0.121021	0.092799	-0.069680	0.054596	-0.147247	-0.493047	0.203729	0.740502	-0.966471	0.672054	-0.256777	-0.417842	-0.471662	0.000015	1.000000	-0.011828	0.006860	-0.000755	-0.010863	0.041006	-0.026735	0.005511	-0.112457	-0.215755	0.315537	0.019580	-0.000038	-0.255795	-0.170438	-0.688161	0.016766	0.015011	0.036561	-0.038916	0.057462	-0.091490	0.045730	-0.310474	-0.698758	0.290869	0.006771	0.027873	0.061028	-0.114301	0.090464	-0.059640	0.045795	-0.135294	-0.549564	0.227054	0.849735	-0.992970	0.527211	-0.118362	-0.421629	-0.550950	0.000015	1.000000	-0.011828	0.006860	-0.000755	-0.010863	0.041006	-0.024845	0.007270	-0.106814	-0.221600	0.322724	0.011165	0.006607	-0.291163	-0.271106	-0.645033	0.006562	0.008364	0.028084	-0.038439	0.053903	-0.094994	0.041679	-0.242170	-0.761870	0.359206	0.000876	0.026442	0.068710	-0.108389	0.069870	-0.050390	0.023399	-0.109405	-0.564793	0.228059	0.931563	-0.999707	0.363579	-0.024221	-0.418731	-0.700440	
1.931040	0.505688	-0.301531	-0.265478	0.545673	1.478447	-4.207556	0.521170	-1.647150	1.353475	4.436602	-1.609342	0.000015	1.000000	-0.011828	0.006860	-0.000755	-0.010863	0.041006	-0.026735	0.005511	-0.112457	-0.215755	0.315537	0.019580	-0.000038	-0.255795	-0.170438	-0.688161	0.016766	0.015011	0.036561	-0.038916	0.057462	-0.091490	0.045730	-0.310474	-0.698758	0.290869	0.006771	0.027873	0.061028	-0.114301	0.090464	-0.059640	0.045795	-0.135294	-0.549564	0.227054	0.849735	-0.992970	0.527211	-0.118362	-0.421629	-0.550950	0.000015	1.000000	-0.011828	0.006860	-0.000755	-0.010863	0.041006	-0.024845	0.007270	-0.106814	-0.221600	0.322724	0.011165	0.006607	-0.291163	-0.271106	-0.645033	0.006562	0.008364	0.028084	-0.038439	0.053903	-0.094994	0.041679	-0.242170	-0.761870	0.359206	0.000876	0.026442	0.068710	-0.108389	0.069870	-0.050390	0.023399	-0.109405	-0.564793	0.228059	0.931563	-0.999707	0.363579	-0.024221	-0.418731	-0.700440	0.000015	1.000000	-0.011828	0.006860	-0.000755	-0.010863	0.041006	-0.024589	0.008656	-0.101493	-0.226307	0.332013	0.000733	0.011127	-0.343045	-0.373779	-0.601365	-0.005276	0.006652	0.030376	-0.040136	0.027375	-0.060099	0.022430	-0.187532	-0.822619	0.364295	-0.003353	0.025575	0.075628	-0.089522	0.021713	-0.031835	-0.004954	-0.050498	-0.498896	0.194235	0.982062	-0.999237	0.188559	0.039053	-0.419479	-0.798593	
1.915924	0.658651	-0.181828	-0.536520	0.716833	0.961075	-2.347230	0.236599	-1.146828	2.301468	5.675321	-2.622397	0.000015	1.000000	-0.011828	0.006860	-0.000755	-0.010863	0.041006	-0.024845	0.007270	-0.106814	-0.221600	0.322724	0.011165	0.006607	-0.291163	-0.271106	-0.645033	0.006562	0.008364	0.028084	-0.038439	0.053903	-0.094994	0.041679	-0.242170	-0.761870	0.359206	0.000876	0.026442	0.068710	-0.108389	0.069870	-0.050390	0.023399	-0.109405	-0.564793	0.228059	0.931563	-0.999707	0.363579	-0.024221	-0.418731	-0.700440	0.000015	1.000000	-0.011828	0.006860	-0.000755	-0.010863	0.041006	-0.024589	0.008656	-0.101493	-0.226307	0.332013	0.000733	0.011127	-0.343045	-0.373779	-0.601365	-0.005276	0.006652	0.030376	-0.040136	0.027375	-0.060099	0.022430	-0.187532	-0.822619	0.364295	-0.003353	0.025575	0.075628	-0.089522	0.021713	-0.031835	-0.004954	-0.050498	-0.498896	0.194235	0.982062	-0.999237	0.188559	0.039053	-0.419479	-0.798593	0.000015	1.000000	-0.011828	0.006860	-0.000755	-0.010863	0.041006	-0.025119	0.009361	-0.090250	-0.230084	0.332538	-0.005618	0.012314	-0.365150	-0.526047	-0.561443	-0.010997	0.008342	0.065153	-0.032629	-0.021690	-0.026250	0.002127	-0.098666	-0.593144	0.298152	-0.007339	0.020894	0.072558	-0.063602	-0.041829	-0.017678	-0.030811	-0.008122	-0.280181	0.130209	0.999968	-0.996248	0.007977	0.086542	-0.420688	-0.848294	
1.919917	1.040204	-0.013998	-0.479625	0.640772	0.255538	0.258801	0.021309	-0.210442	2.984915	4.922112	-1.290119	0.000015	1.000000	-0.011828	0.006860	-0.000755	-0.010863	0.041006	-0.024589	0.008656	-0.101493	-0.226307	0.332013	0.000733	0.011127	-0.343045	-0.373779	-0.601365	-0.005276	0.006652	0.030376	-0.040136	0.027375	-0.060099	0.022430	-0.187532	-0.822619	0.364295	-0.003353	0.025575	0.075628	-0.089522	0.021713	-0.031835	-0.004954	-0.050498	-0.498896	0.194235	0.982062	-0.999237	0.188559	0.039053	-0.419479	-0.798593	0.000015	1.000000	-0.011828	0.006860	-0.000755	-0.010863	0.041006	-0.025119	0.009361	-0.090250	-0.230084	0.332538	-0.005618	0.012314	-0.365150	-0.526047	-0.561443	-0.010997	0.008342	0.065153	-0.032629	-0.021690	-0.026250	0.002127	-0.098666	-0.593144	0.298152	-0.007339	0.020894	0.072558	-0.063602	-0.041829	-0.017678	-0.030811	-0.008122	-0.280181	0.130209	0.999968	-0.996248	0.007977	0.086542	-0.420688	-0.848294	0.000015	1.000000	-0.011828	0.006860	-0.000755	-0.010863	0.041006	-0.026534	0.010020	-0.080078	-0.236898	0.323725	-0.008463	0.009910	-0.370540	-0.602278	-0.512092	-0.015058	0.006069	0.079798	-0.028039	-0.106858	-0.010651	-0.020725	0.000602	-0.403043	0.140437	-0.008647	0.012201	0.073121	-0.042395	-0.068168	-0.011290	-0.045581	0.031735	-0.118957	0.041585	0.985192	-0.988975	-0.171454	0.148080	-0.425223	-0.802405	
1.908320	1.408785	0.315481	-0.227234	0.216765	0.382696	1.077980	-0.175646	0.502234	2.930296	5.073686	0.711694	0.000015	1.000000	-0.011828	0.006860	-0.000755	-0.010863	0.041006	-0.025119	0.009361	-0.090250	-0.230084	0.332538	-0.005618	0.012314	-0.365150	-0.526047	-0.561443	-0.010997	0.008342	0.065153	-0.032629	-0.021690	-0.026250	0.002127	-0.098666	-0.593144	0.298152	-0.007339	0.020894	0.072558	-0.063602	-0.041829	-0.017678	-0.030811	-0.008122	-0.280181	0.130209	0.999968	-0.996248	0.007977	0.086542	-0.420688	-0.848294	0.000015	1.000000	-0.011828	0.006860	-0.000755	-0.010863	0.041006	-0.026534	0.010020	-0.080078	-0.236898	0.323725	-0.008463	0.009910	-0.370540	-0.602278	-0.512092	-0.015058	0.006069	0.079798	-0.028039	-0.106858	-0.010651	-0.020725	0.000602	-0.403043	0.140437	-0.008647	0.012201	0.073121	-0.042395	-0.068168	-0.011290	-0.045581	0.031735	-0.118957	0.041585	0.985192	-0.988975	-0.171454	0.148080	-0.425223	-0.802405	0.000015	1.000000	-0.011828	0.006860	-0.000755	-0.010863	0.041006	-0.027156	0.010216	-0.068810	-0.240248	0.309506	-0.009420	0.005786	-0.361731	-0.639455	-0.495558	-0.006042	0.000607	0.086148	-0.019205	-0.123052	-0.010836	-0.027198	0.113822	-0.221765	0.039867	-0.008235	0.004816	0.071457	-0.035216	-0.050071	-0.010013	-0.044611	0.067661	-0.008012	0.005716	0.938306	-0.969753	-0.345805	0.244088	-0.424025	-0.687939	
1.900062	1.562716	0.553440	-0.094041	-0.256332	1.324121	0.452085	-0.345531	1.004725	3.119137	5.664519	1.720343	0.000015	1.000000	-0.011828	0.006860	-0.000755	-0.010863	0.041006	-0.026534	0.010020	-0.080078	-0.236898	0.323725	-0.008463	0.009910	-0.370540	-0.602278	-0.512092	-0.015058	0.006069	0.079798	-0.028039	-0.106858	-0.010651	-0.020725	0.000602	-0.403043	0.140437	-0.008647	0.012201	0.073121	-0.042395	-0.068168	-0.011290	-0.045581	0.031735	-0.118957	0.041585	0.985192	-0.988975	-0.171454	0.148080	-0.425223	-0.802405	0.000015	1.000000	-0.011828	0.006860	-0.000755	-0.010863	0.041006	-0.027156	0.010216	-0.068810	-0.240248	0.309506	-0.009420	0.005786	-0.361731	-0.639455	-0.495558	-0.006042	0.000607	0.086148	-0.019205	-0.123052	-0.010836	-0.027198	0.113822	-0.221765	0.039867	-0.008235	0.004816	0.071457	-0.035216	-0.050071	-0.010013	-0.044611	0.067661	-0.008012	0.005716	0.938306	-0.969753	-0.345805	0.244088	-0.424025	-0.687939	0.000015	1.000000	-0.011828	0.006860	-0.000755	-0.010863	0.041006	-0.027644	0.010069	-0.056378	-0.242057	0.287469	-0.010460	0.001399	-0.318869	-0.655566	-0.489585	-0.006188	-0.002731	0.097251	-0.014483	-0.071629	-0.011204	-0.025402	0.250073	-0.068589	0.012013	-0.003016	0.001555	0.062275	-0.027668	-0.011869	-0.011608	-0.032693	0.068739	0.084179	0.010415	0.861342	-0.928921	-0.508026	0.370279	-0.427504	-0.577364	
1.918580	1.679665	0.382891	-0.132375	-0.296171	1.256470	-0.160480	-0.354903	1.110243	3.387403	5.968752	1.701093	0.000015	1.000000	-0.011828	0.006860	-0.000755	-0.010863	0.041006	-0.027156	0.010216	-0.068810	-0.240248	0.309506	-0.009420	0.005786	-0.361731	-0.639455	-0.495558	-0.006042	0.000607	0.086148	-0.019205	-0.123052	-0.010836	-0.027198	0.113822	-0.221765	0.039867	-0.008235	0.004816	0.071457	-0.035216	-0.050071	-0.010013	-0.044611	0.067661	-0.008012	0.005716	0.938306	-0.969753	-0.345805	0.244088	-0.424025	-0.687939	0.000015	1.000000	-0.011828	0.006860	-0.000755	-0.010863	0.041006	-0.027644	0.010069	-0.056378	-0.242057	0.287469	-0.010460	0.001399	-0.318869	-0.655566	-0.489585	-0.006188	-0.002731	0.097251	-0.014483	-0.071629	-0.011204	-0.025402	0.250073	-0.068589	0.012013	-0.003016	0.001555	0.062275	-0.027668	-0.011869	-0.011608	-0.032693	0.068739	0.084179	0.010415	0.861342	-0.928921	-0.508026	0.370279	-0.427504	-0.577364	0.000015	1.000000	-0.011828	0.006860	-0.000755	-0.010863	0.041006	-0.027693	0.009846	-0.040564	-0.244697	0.280202	-0.013770	-0.000941	-0.283810	-0.652779	-0.486161	-0.001317	-0.001436	0.047762	-0.032855	-0.023215	-0.023454	-0.022315	0.231943	0.076194	0.023535	0.005329	0.000369	0.042618	-0.005180	0.002174	-0.013477	-0.015293	0.080435	0.166303	0.032779	0.757156	-0.864574	-0.653235	0.502505	-0.429981	-0.531185	
1.927793	1.706987	0.091341	-0.241631	-0.091827	0.802185	-0.161465	-0.217612	0.990157	3.341368	5.891571	0.761297	0.000015	1.000000	-0.011828	0.006860	-0.000755	-0.010863	0.041006	-0.027644	0.010069	-0.056378	-0.242057	0.287469	-0.010460	0.001399	-0.318869	-0.655566	-0.489585	-0.006188	-0.002731	0.097251	-0.014483	-0.071629	-0.011204	-0.025402	0.250073	-0.068589	0.012013	-0.003016	0.001555	0.062275	-0.027668	-0.011869	-0.011608	-0.032693	0.068739	0.084179	0.010415	0.861342	-0.928921	-0.508026	0.370279	-0.427504	-0.577364	0.000015	1.000000	-0.011828	0.006860	-0.000755	-0.010863	0.041006	-0.027693	0.009846	-0.040564	-0.244697	0.280202	-0.013770	-0.000941	-0.283810	-0.652779	-0.486161	-0.001317	-0.001436	0.047762	-0.032855	-0.023215	-0.023454	-0.022315	0.231943	0.076194	0.023535	0.005329	0.000369	0.042618	-0.005180	0.002174	-0.013477	-0.015293	0.080435	0.166303	0.032779	0.757156	-0.864574	-0.653235	0.502505	-0.429981	-0.531185	0.000015	1.000000	-0.011828	0.006860	-0.000755	-0.010863	0.041006	-0.026733	0.009737	-0.034250	-0.247551	0.278410	-0.018551	-0.002960	-0.251158	-0.633949	-0.478206	0.001962	-0.003052	0.038277	-0.003983	-0.005462	-0.042127	-0.015143	0.249671	0.204086	0.051906	0.010123	-0.001511	0.031854	0.016555	0.001555	-0.014029	0.003410	0.098686	0.237166	0.050387	0.627081	-0.774366	-0.778954	0.632738	-0.424426	-0.496101	
1.937101	1.747480	-0.134209	-0.353153	-0.005896	0.594868	0.073301	0.102747	0.754933	2.789722	5.604486	-0.469087	0.000015	1.000000	-0.011828	0.006860	-0.000755	-0.010863	0.041006	-0.027693	0.009846	-0.040564	-0.244697	0.280202	-0.013770	-0.000941	-0.283810	-0.652779	-0.486161	-0.001317	-0.001436	0.047762	-0.032855	-0.023215	-0.023454	-0.022315	0.231943	0.076194	0.023535	0.005329	0.000369	0.042618	-0.005180	0.002174	-0.013477	-0.015293	0.080435	0.166303	0.032779	0.757156	-0.864574	-0.653235	0.502505	-0.429981	-0.531185	0.000015	1.000000	-0.011828	0.006860	-0.000755	-0.010863	0.041006	-0.026733	0.009737	-0.034250	-0.247551	0.278410	-0.018551	-0.002960	-0.251158	-0.633949	-0.478206	0.001962	-0.003052	0.038277	-0.003983	-0.005462	-0.042127	-0.015143	0.249671	0.204086	0.051906	0.010123	-0.001511	0.031854	0.016555	0.001555	-0.014029	0.003410	0.098686	0.237166	0.050387	0.627081	-0.774366	-0.778954	0.632738	-0.424426	-0.496101	0.000015	1.000000	-0.007319	-0.028180	0.007274	0.046062	0.061539	-0.025863	0.009642	-0.030031	-0.245723	0.277251	-0.021834	-0.003283	-0.216881	-0.599625	-0.468473	0.005082	-0.001236	0.027906	0.026472	-0.011015	-0.033526	-0.001514	0.250048	0.336918	0.078473	0.010626	-0.005050	0.026254	0.026790	0.000286	-0.014018	0.018622	0.114653	0.291433	0.052101	0.475614	-0.662713	-0.879654	0.748873	-0.421662	-0.487904	
1.939111	1.827515	-0.216547	-0.390471	-0.001375	0.387355	0.077907	0.399094	0.719284	2.348643	5.001616	-1.377666	0.000015	1.000000	-0.011828	0.006860	-0.000755	-0.010863	0.041006	-0.026733	0.009737	-0.034250	-0.247551	0.278410	-0.018551	-0.002960	-0.251158	-0.633949	-0.478206	0.001962	-0.003052	0.038277	-0.003983	-0.005462	-0.042127	-0.015143	0.249671	0.204086	0.051906	0.010123	-0.001511	0.031854	0.016555	0.001555	-0.014029	0.003410	0.098686	0.237166	0.050387	0.627081	-0.774366	-0.778954	0.632738	-0.424426	-0.496101	0.000015	1.000000	-0.007319	-0.028180	0.007274	0.046062	0.061539	-0.025863	0.009642	-0.030031	-0.245723	0.277251	-0.021834	-0.003283	-0.216881	-0.599625	-0.468473	0.005082	-0.001236	0.027906	0.026472	-0.011015	-0.033526	-0.001514	0.250048	0.336918	0.078473	0.010626	-0.005050	0.026254	0.026790	0.000286	-0.014018	0.018622	0.114653	0.291433	0.052101	0.475614	-0.662713	-0.879654	0.748873	-0.421662	-0.487904	0.000015	1.000000	-0.006417	-0.035188	0.008077	0.051755	0.063593	-0.025253	0.009122	-0.027273	-0.241770	0.276850	-0.027289	-0.001513	-0.163448	-0.551587	-0.457366	-0.001237	-0.007568	0.020239	0.035799	-0.000055	-0.046275	0.015319	0.243805	0.411619	0.083223	0.008006	-0.009820	0.023408	0.031747	0.001785	-0.007025	0.028160	0.103005	0.327339	0.033968	0.308259	-0.531171	-0.951302	0.847265	-0.418870	-0.475756	
1.930529	1.874731	-0.184040	-0.318298	-0.135345	0.459538	-0.671861	0.615627	0.543900	1.567673	4.220639	-1.709756	0.000015	1.000000	-0.007319	-0.028180	0.007274	0.046062	0.061539	-0.025863	0.009642	-0.030031	-0.245723	0.277251	-0.021834	-0.003283	-0.216881	-0.599625	-0.468473	0.005082	-0.001236	0.027906	0.026472	-0.011015	-0.033526	-0.001514	0.250048	0.336918	0.078473	0.010626	-0.005050	0.026254	0.026790	0.000286	-0.014018	0.018622	0.114653	0.291433	0.052101	0.475614	-0.662713	-0.879654	0.748873	-0.421662	-0.487904	0.000015	1.000000	-0.006417	-0.035188	0.008077	0.051755	0.063593	-0.025253	0.009122	-0.027273	-0.241770	0.276850	-0.027289	-0.001513	-0.163448	-0.551587	-0.457366	-0.001237	-0.007568	0.020239	0.035799	-0.000055	-0.046275	0.015319	0.243805	0.411619	0.083223	0.008006	-0.009820	0.023408	0.031747	0.001785	-0.007025	0.028160	0.103005	0.327339	0.033968	0.308259	-0.531171	-0.951302	0.847265	-0.418870	-0.475756	0.000015	1.000000	-0.006236	-0.036589	0.008158	0.052324	0.063798	-0.024161	0.008558	-0.025243	-0.236739	0.276843	-0.031482	0.001627	-0.125378	-0.455611	-0.450128	0.004762	-0.005642	-0.004955	0.043711	-0.003495	-0.011956	0.017352	0.241087	0.448402	0.043219	0.003675	-0.015097	0.021357	0.032511	0.002958	0.003139	0.035780	0.100070	0.306187	0.006120	0.130718	-0.378524	-0.991420	0.925591	-0.418267	-0.451746	
1.934635	1.872961	-0.093544	-0.158530	-0.341954	0.651511	-1.380009	0.812072	0.231260	0.906031	3.160612	-1.365624	0.000015	1.000000	-0.006417	-0.035188	0.008077	0.051755	0.063593	-0.025253	0.009122	-0.027273	-0.241770	0.276850	-0.027289	-0.001513	-0.163448	-0.551587	-0.457366	-0.001237	-0.007568	0.020239	0.035799	-0.000055	-0.046275	0.015319	0.243805	0.411619	0.083223	0.008006	-0.009820	0.023408	0.031747	0.001785	-0.007025	0.028160	0.103005	0.327339	0.033968	0.308259	-0.531171	-0.951302	0.847265	-0.418870	-0.475756	0.000015	1.000000	-0.006236	-0.036589	0.008158	0.052324	0.063798	-0.024161	0.008558	-0.025243	-0.236739	0.276843	-0.031482	0.001627	-0.125378	-0.455611	-0.450128	0.004762	-0.005642	-0.004955	0.043711	-0.003495	-0.011956	0.017352	0.241087	0.448402	0.043219	0.003675	-0.015097	0.021357	0.032511	0.002958	0.003139	0.035780	0.100070	0.306187	0.006120	0.130718	-0.378524	-0.991420	0.925591	-0.418267	-0.451746	0.000015	1.000000	-0.006200	-0.036870	0.008166	0.052381	0.063819	-0.023361	0.007282	-0.025419	-0.227009	0.276841	-0.031642	0.006448	-0.091422	-0.388821	-0.444125	0.000127	-0.010684	-0.008871	0.042757	-0.001396	0.003690	0.032677	0.256169	0.495003	-0.002657	0.000106	-0.018609	0.019497	0.029693	-0.007147	0.012560	0.039141	0.089697	0.302889	-0.025603	-0.051354	-0.209444	-0.998680	0.977821	-0.420841	-0.437581	
1.928623	1.862030	-0.102767	0.088744	-0.378307	0.699855	-1.517160	0.747810	-0.355283	0.251448	1.591681	-0.429330	0.000015	1.000000	-0.006236	-0.036589	0.008158	0.052324	0.063798	-0.024161	0.008558	-0.025243	-0.236739	0.276843	-0.031482	0.001627	-0.125378	-0.455611	-0.450128	0.004762	-0.005642	-0.004955	0.043711	-0.003495	-0.011956	0.017352	0.241087	0.448402	0.043219	0.003675	-0.015097	0.021357	0.032511	0.002958	0.003139	0.035780	0.100070	0.306187	0.006120	0.130718	-0.378524	-0.991420	0.925591	-0.418267	-0.451746	0.000015	1.000000	-0.006200	-0.036870	0.008166	0.052381	0.063819	-0.023361	0.007282	-0.025419	-0.227009	0.276841	-0.031642	0.006448	-0.091422	-0.388821	-0.444125	0.000127	-0.010684	-0.008871	0.042757	-0.001396	0.003690	0.032677	0.256169	0.495003	-0.002657	0.000106	-0.018609	0.019497	0.029693	-0.007147	0.012560	0.039141	0.089697	0.302889	-0.025603	-0.051354	-0.209444	-0.998680	0.977821	-0.420841	-0.437581	0.000015	1.000000	-0.006193	-0.036926	0.008166	0.052387	0.063821	-0.023444	0.005532	-0.025623	-0.220749	0.275678	-0.028329	0.011968	-0.060858	-0.326972	-0.446074	-0.004524	-0.013398	0.001207	0.032891	-0.015145	0.024796	0.033860	0.220338	0.480819	-0.035162	-0.001212	-0.019233	0.014580	0.033191	-0.026652	0.021410	0.037085	0.072702	0.288376	-0.044106	-0.231318	-0.034747	-0.972878	0.999396	-0.419609	-0.438112	
1.891665	1.876753	-0.200670	0.155812	-0.297412	0.859313	-1.668354	0.721870	-0.811128	0.162895	0.537544	-0.852636	0.000015	1.000000	-0.006200	-0.036870	0.008166	0.052381	0.063819	-0.023361	0.007282	-0.025419	-0.227009	0.276841	-0.031642	0.006448	-0.091422	-0.388821	-0.444125	0.000127	-0.010684	-0.008871	0.042757	-0.001396	0.003690	0.032677	0.256169	0.495003	-0.002657	0.000106	-0.018609	0.019497	0.029693	-0.007147	0.012560	0.039141	0.089697	0.302889	-0.025603	-0.051354	-0.209444	-0.998680	0.977821	-0.420841	-0.437581	0.000015	1.000000	-0.006193	-0.036926	0.008166	0.052387	0.063821	-0.023444	0.005532	-0.025623	-0.220749	0.275678	-0.028329	0.011968	-0.060858	-0.326972	-0.446074	-0.004524	-0.013398	0.001207	0.032891	-0.015145	0.024796	0.033860	0.220338	0.480819	-0.035162	-0.001212	-0.019233	0.014580	0.033191	-0.026652	0.021410	0.037085	0.072702	0.288376	-0.044106	-0.231318	-0.034747	-0.972878	0.999396	-0.419609	-0.438112	0.000015	1.000000	-0.006192	-0.036937	0.008167	0.052387	0.063821	-0.023824	0.003365	-0.025810	-0.214893	0.271010	-0.022142	0.017531	-0.021642	-0.266062	-0.452886	0.000246	-0.013903	-0.002322	0.034347	-0.043739	0.033886	0.029326	0.153244	0.486031	-0.075403	-0.002371	-0.015737	0.009101	0.037815	-0.044703	0.026420	0.026202	0.037251	0.251300	-0.043723	-0.403085	0.139973	-0.915162	0.990155	-0.421413	-0.441391	
1.802534	1.920776	-0.281265	0.125607	-0.414110	1.583731	-3.166327	0.992443	-1.266102	-0.402325	0.855591	-1.950821	0.000015	1.000000	-0.006193	-0.036926	0.008166	0.052387	0.063821	-0.023444	0.005532	-0.025623	-0.220749	0.275678	-0.028329	0.011968	-0.060858	-0.326972	-0.446074	-0.004524	-0.013398	0.001207	0.032891	-0.015145	0.024796	0.033860	0.220338	0.480819	-0.035162	-0.001212	-0.019233	0.014580	0.033191	-0.026652	0.021410	0.037085	0.072702	0.288376	-0.044106	-0.231318	-0.034747	-0.972878	0.999396	-0.419609	-0.438112	0.000015	1.000000	-0.006192	-0.036937	0.008167	0.052387	0.063821	-0.023824	0.003365	-0.025810	-0.214893	0.271010	-0.022142	0.017531	-0.021642	-0.266062	-0.452886	0.000246	-0.013903	-0.002322	0.034347	-0.043739	0.033886	0.029326	0.153244	0.486031	-0.075403	-0.002371	-0.015737	0.009101	0.037815	-0.044703	0.026420	0.026202	0.037251	0.251300	-0.043723	-0.403085	0.139973	-0.915162	0.990155	-0.421413	-0.441391	0.000015	1.000000	-0.006191	-0.036939	0.008167	0.052387	0.063821	-0.024142	0.001494	-0.025920	-0.209238	0.263824	-0.015209	0.020380	-0.002918	-0.175799	-0.460695	-0.007653	-0.011859	-0.005816	0.038680	-0.056020	0.033748	0.027011	0.094190	0.357785	-0.073145	-0.005062	-0.011529	0.004751	0.045046	-0.062536	0.030312	0.011189	0.020970	0.169098	-0.048701	-0.558954	0.311971	-0.829199	0.950092	-0.432501	-0.436974	
1.625839	1.936891	-0.310704	-0.003835	-0.689404	2.174187	-4.358710	1.032684	-1.468592	-0.540834	1.432489	-1.758457	0.000015	1.000000	-0.006192	-0.036937	0.008167	0.052387	0.063821	-0.023824	0.003365	-0.025810	-0.214893	0.271010	-0.022142	0.017531	-0.021642	-0.266062	-0.452886	0.000246	-0.013903	-0.002322	0.034347	-0.043739	0.033886	0.029326	0.153244	0.486031	-0.075403	-0.002371	-0.015737	0.009101	0.037815	-0.044703	0.026420	0.026202	0.037251	0.251300	-0.043723	-0.403085	0.139973	-0.915162	0.990155	-0.421413	-0.441391	0.000015	1.000000	-0.006191	-0.036939	0.008167	0.052387	0.063821	-0.024142	0.001494	-0.025920	-0.209238	0.263824	-0.015209	0.020380	-0.002918	-0.175799	-0.460695	-0.007653	-0.011859	-0.005816	0.038680	-0.056020	0.033748	0.027011	0.094190	0.357785	-0.073145	-0.005062	-0.011529	0.004751	0.045046	-0.062536	0.030312	0.011189	0.020970	0.169098	-0.048701	-0.558954	0.311971	-0.829199	0.950092	-0.432501	-0.436974	0.000015	1.000000	-0.006191	-0.036940	0.008167	0.052387	0.063821	-0.025005	0.000247	-0.027323	-0.202558	0.253978	-0.006892	0.022905	0.008097	-0.127673	-0.473040	-0.013677	-0.006769	-0.017332	0.027946	-0.088306	0.060605	0.013868	0.059670	0.282147	-0.059659	-0.008419	-0.008398	-0.000059	0.062132	-0.100203	0.036888	-0.010335	0.003918	0.133811	-0.065630	-0.691148	0.477993	-0.722713	0.878364	-0.459240	-0.423767	
1.499032	1.909482	-0.263108	-0.310423	-0.800553	1.415273	-3.703840	0.697058	-1.165722	-0.319425	1.457146	-0.166127	0.000015	1.000000	-0.006191	-0.036939	0.008167	0.052387	0.063821	-0.024142	0.001494	-0.025920	-0.209238	0.263824	-0.015209	0.020380	-0.002918	-0.175799	-0.460695	-0.007653	-0.011859	-0.005816	0.038680	-0.056020	0.033748	0.027011	0.094190	0.357785	-0.073145	-0.005062	-0.011529	0.004751	0.045046	-0.062536	0.030312	0.011189	0.020970	0.169098	-0.048701	-0.558954	0.311971	-0.829199	0.950092	-0.432501	-0.436974	0.000015	1.000000	-0.006191	-0.036940	0.008167	0.052387	0.063821	-0.025005	0.000247	-0.027323	-0.202558	0.253978	-0.006892	0.022905	0.008097	-0.127673	-0.473040	-0.013677	-0.006769	-0.017332	0.027946	-0.088306	0.060605	0.013868	0.059670	0.282147	-0.059659	-0.008419	-0.008398	-0.000059	0.062132	-0.100203	0.036888	-0.010335	0.003918	0.133811	-0.065630	-0.691148	0.477993	-0.722713	0.878364	-0.459240	-0.423767	0.000015	1.000000	-0.006191	-0.036940	0.008167	0.052387	0.063821	-0.026753	-0.000519	-0.028743	-0.196012	0.238268	-0.002054	0.023442	0.013135	-0.093984	-0.484161	-0.014977	-0.003818	-0.005572	0.067004	-0.148765	0.048634	0.000107	0.022368	0.247015	-0.088321	-0.011330	-0.007689	-0.008976	0.088183	-0.149844	0.047533	-0.032891	-0.009229	0.121599	-0.080874	-0.793316	0.629439	-0.608810	0.777050	-0.512248	-0.418933	
1.401304	1.866980	-0.256396	-0.411431	-0.881874	0.369305	-2.622008	0.229170	-0.740382	-0.127852	1.238694	1.358799	0.000015	1.000000	-0.006191	-0.036940	0.008167	0.052387	0.063821	-0.025005	0.000247	-0.027323	-0.202558	0.253978	-0.006892	0.022905	0.008097	-0.127673	-0.473040	-0.013677	-0.006769	-0.017332	0.027946	-0.088306	0.060605	0.013868	0.059670	0.282147	-0.059659	-0.008419	-0.008398	-0.000059	0.062132	-0.100203	0.036888	-0.010335	0.003918	0.133811	-0.065630	-0.691148	0.477993	-0.722713	0.878364	-0.459240	-0.423767	0.000015	1.000000	-0.006191	-0.036940	0.008167	0.052387	0.063821	-0.026753	-0.000519	-0.028743	-0.196012	0.238268	-0.002054	0.023442	0.013135	-0.093984	-0.484161	-0.014977	-0.003818	-0.005572	0.067004	-0.148765	0.048634	0.000107	0.022368	0.247015	-0.088321	-0.011330	-0.007689	-0.008976	0.088183	-0.149844	0.047533	-0.032891	-0.009229	0.121599	-0.080874	-0.793316	0.629439	-0.608810	0.777050	-0.512248	-0.418933	0.000015	1.000000	-0.006191	-0.036940	0.008167	0.052387	0.063821	-0.029066	-0.001125	-0.030844	-0.185688	0.203478	0.006547	0.021328	0.015621	-0.064273	-0.498671	-0.018248	-0.006663	-0.014516	0.094290	-0.218671	0.051973	-0.016972	-0.000555	0.215235	-0.128527	-0.012966	-0.011742	-0.018890	0.099100	-0.170644	0.049394	-0.048273	-0.016510	0.113758	-0.068856	-0.871181	0.758431	-0.490963	0.651753	-0.550290	-0.427155	
1.340559	1.845897	-0.240579	-0.260662	-1.019080	0.102409	-1.743127	0.075682	-0.513321	-0.231174	1.545955	1.212851	0.000015	1.000000	-0.006191	-0.036940	0.008167	0.052387	0.063821	-0.026753	-0.000519	-0.028743	-0.196012	0.238268	-0.002054	0.023442	0.013135	-0.093984	-0.484161	-0.014977	-0.003818	-0.005572	0.067004	-0.148765	0.048634	0.000107	0.022368	0.247015	-0.088321	-0.011330	-0.007689	-0.008976	0.088183	-0.149844	0.047533	-0.032891	-0.009229	0.121599	-0.080874	-0.793316	0.629439	-0.608810	0.777050	-0.512248	-0.418933	0.000015	1.000000	-0.006191	-0.036940	0.008167	0.052387	0.063821	-0.029066	-0.001125	-0.030844	-0.185688	0.203478	0.006547	0.021328	0.015621	-0.064273	-0.498671	-0.018248	-0.006663	-0.014516	0.094290	-0.218671	0.051973	-0.016972	-0.000555	0.215235	-0.128527	-0.012966	-0.011742	-0.018890	0.099100	-0.170644	0.049394	-0.048273	-0.016510	0.113758	-0.068856	-0.871181	0.758431	-0.490963	0.651753	-0.550290	-0.427155	0.000015	1.000000	-0.006191	-0.036940	0.008167	0.052387	0.063821	-0.031879	-0.001650	-0.034245	-0.172500	0.171777	0.018276	0.016939	0.015925	-0.024476	-0.511970	-0.016481	-0.008111	-0.031113	0.100857	-0.269282	0.064521	-0.028916	-0.003894	0.163901	-0.099396	-0.014003	-0.017395	-0.028729	0.091457	-0.178310	0.041106	-0.055000	-0.018732	0.092559	-0.035157	-0.928293	0.860895	-0.371850	0.508783	-0.579609	-0.439906	
1.329108	1.808285	-0.312021	-0.150584	-1.024326	-0.107740	-0.669045	0.000538	-0.309446	-0.291099	1.315943	0.975134	0.000015	1.000000	-0.006191	-0.036940	0.008167	0.052387	0.063821	-0.029066	-0.001125	-0.030844	-0.185688	0.203478	0.006547	0.021328	0.015621	-0.064273	-0.498671	-0.018248	-0.006663	-0.014516	0.094290	-0.218671	0.051973	-0.016972	-0.000555	0.215235	-0.128527	-0.012966	-0.011742	-0.018890	0.099100	-0.170644	0.049394	-0.048273	-0.016510	0.113758	-0.068856	-0.871181	0.758431	-0.490963	0.651753	-0.550290	-0.427155	0.000015	1.000000	-0.006191	-0.036940	0.008167	0.052387	0.063821	-0.031879	-0.001650	-0.034245	-0.172500	0.171777	0.018276	0.016939	0.015925	-0.024476	-0.511970	-0.016481	-0.008111	-0.031113	0.100857	-0.269282	0.064521	-0.028916	-0.003894	0.163901	-0.099396	-0.014003	-0.017395	-0.028729	0.091457	-0.178310	0.041106	-0.055000	-0.018732	0.092559	-0.035157	-0.928293	0.860895	-0.371850	0.508783	-0.579609	-0.439906	0.000015	1.000000	-0.006191	-0.036940	0.008167	0.052387	0.063821	-0.035156	-0.003112	-0.039723	-0.159078	0.135920	0.028473	0.010568	0.015694	-0.003091	-0.525874	-0.023633	-0.010233	-0.042893	0.091394	-0.272598	0.047979	-0.049420	-0.005624	0.149345	-0.030179	-0.014329	-0.019837	-0.038515	0.079569	-0.168562	0.032042	-0.056318	-0.021965	0.094330	-0.003087	-0.967703	0.935878	-0.252093	0.352325	-0.597832	-0.446231	
1.323353	1.723882	-0.223888	-0.095107	-0.931860	-0.250805	0.660093	-0.057302	-0.142799	-0.389283	0.855886	0.780262	0.000015	1.000000	-0.006191	-0.036940	0.008167	0.052387	0.063821	-0.031879	-0.001650	-0.034245	-0.172500	0.171777	0.018276	0.016939	0.015925	-0.024476	-0.511970	-0.016481	-0.008111	-0.031113	0.100857	-0.269282	0.064521	-0.028916	-0.003894	0.163901	-0.099396	-0.014003	-0.017395	-0.028729	0.091457	-0.178310	0.041106	-0.055000	-0.018732	0.092559	-0.035157	-0.928293	0.860895	-0.371850	0.508783	-0.579609	-0.439906	0.000015	1.000000	-0.006191	-0.036940	0.008167	0.052387	0.063821	-0.035156	-0.003112	-0.039723	-0.159078	0.135920	0.028473	0.010568	0.015694	-0.003091	-0.525874	-0.023633	-0.010233	-0.042893	0.091394	-0.272598	0.047979	-0.049420	-0.005624	0.149345	-0.030179	-0.014329	-0.019837	-0.038515	0.079569	-0.168562	0.032042	-0.056318	-0.021965	0.094330	-0.003087	-0.967703	0.935878	-0.252093	0.352325	-0.597832	-0.446231	0.000015	1.000000	-0.006191	-0.036940	0.008167	0.052387	0.063821	-0.037144	-0.005295	-0.047774	-0.140545	0.102892	0.036862	0.006628	0.013904	0.017058	-0.528388	-0.025395	-0.018588	-0.078967	0.069510	-0.242919	0.047022	-0.040653	-0.020802	0.167082	0.001170	-0.017026	-0.019915	-0.045842	0.059419	-0.145578	0.023661	-0.057024	-0.024544	0.093936	0.014067	-0.991631	0.982102	-0.129107	0.188348	-0.601267	-0.457515	
1.328456	1.671149	-0.069643	0.117885	-0.828126	-0.106386	1.628742	0.088898	-0.184316	-0.600391	0.849989	0.151839	0.000015	1.000000	-0.006191	-0.036940	0.008167	0.052387	0.063821	-0.035156	-0.003112	-0.039723	-0.159078	0.135920	0.028473	0.010568	0.015694	-0.003091	-0.525874	-0.023633	-0.010233	-0.042893	0.091394	-0.272598	0.047979	-0.049420	-0.005624	0.149345	-0.030179	-0.014329	-0.019837	-0.038515	0.079569	-0.168562	0.032042	-0.056318	-0.021965	0.094330	-0.003087	-0.967703	0.935878	-0.252093	0.352325	-0.597832	-0.446231	0.000015	1.000000	-0.006191	-0.036940	0.008167	0.052387	0.063821	-0.037144	-0.005295	-0.047774	-0.140545	0.102892	0.036862	0.006628	0.013904	0.017058	-0.528388	-0.025395	-0.018588	-0.078967	0.069510	-0.242919	0.047022	-0.040653	-0.020802	0.167082	0.001170	-0.017026	-0.019915	-0.045842	0.059419	-0.145578	0.023661	-0.057024	-0.024544	0.093936	0.014067	-0.991631	0.982102	-0.129107	0.188348	-0.601267	-0.457515	0.000015	1.000000	-0.006191	-0.036940	0.008167	0.052387	0.063821	-0.041928	-0.008098	-0.058448	-0.131628	0.057222	0.042611	0.000848	0.010880	0.045274	-0.525547	-0.040925	-0.019074	-0.093393	0.040451	-0.171554	0.016567	-0.034076	-0.028252	0.129074	0.026638	-0.015599	-0.018538	-0.049143	0.046741	-0.090009	0.017053	-0.053385	-0.027358	0.078556	0.022926	-0.999989	0.999634	-0.004778	0.027047	-0.602994	-0.482835	
1.259211	1.650977	0.091410	0.266601	-0.596989	0.015545	2.232036	0.151089	-0.313610	-0.827785	0.568719	-0.463246	0.000015	1.000000	-0.006191	-0.036940	0.008167	0.052387	0.063821	-0.037144	-0.005295	-0.047774	-0.140545	0.102892	0.036862	0.006628	0.013904	0.017058	-0.528388	-0.025395	-0.018588	-0.078967	0.069510	-0.242919	0.047022	-0.040653	-0.020802	0.167082	0.001170	-0.017026	-0.019915	-0.045842	0.059419	-0.145578	0.023661	-0.057024	-0.024544	0.093936	0.014067	-0.991631	0.982102	-0.129107	0.188348	-0.601267	-0.457515	0.000015	1.000000	-0.006191	-0.036940	0.008167	0.052387	0.063821	-0.041928	-0.008098	-0.058448	-0.131628	0.057222	0.042611	0.000848	0.010880	0.045274	-0.525547	-0.040925	-0.019074	-0.093393	0.040451	-0.171554	0.016567	-0.034076	-0.028252	0.129074	0.026638	-0.015599	-0.018538	-0.049143	0.046741	-0.090009	0.017053	-0.053385	-0.027358	0.078556	0.022926	-0.999989	0.999634	-0.004778	0.027047	-0.602994	-0.482835	0.000015	1.000000	-0.006191	-0.036940	0.008167	0.052387	0.063821	-0.047150	-0.010929	-0.071488	-0.125774	0.035026	0.046645	-0.004209	0.006640	0.062258	-0.521271	-0.029567	-0.018541	-0.114726	0.032660	-0.121844	0.027480	-0.033535	-0.035279	0.083049	0.049076	-0.011422	-0.013939	-0.048523	0.039291	-0.043385	0.014353	-0.051092	-0.032123	0.074320	0.020928	-0.992760	0.991506	0.120119	-0.130061	-0.601463	-0.498655	
1.174435	1.617998	0.296541	0.462210	-0.358061	0.067544	2.752958	0.073414	-0.351118	-0.942745	0.019724	-0.332625	0.000015	1.000000	-0.006191	-0.036940	0.008167	0.052387	0.063821	-0.041928	-0.008098	-0.058448	-0.131628	0.057222	0.042611	0.000848	0.010880	0.045274	-0.525547	-0.040925	-0.019074	-0.093393	0.040451	-0.171554	0.016567	-0.034076	-0.028252	0.129074	0.026638	-0.015599	-0.018538	-0.049143	0.046741	-0.090009	0.017053	-0.053385	-0.027358	0.078556	0.022926	-0.999989	0.999634	-0.004778	0.027047	-0.602994	-0.482835	0.000015	1.000000	-0.006191	-0.036940	0.008167	0.052387	0.063821	-0.047150	-0.010929	-0.071488	-0.125774	0.035026	0.046645	-0.004209	0.006640	0.062258	-0.521271	-0.029567	-0.018541	-0.114726	0.032660	-0.121844	0.027480	-0.033535	-0.035279	0.083049	0.049076	-0.011422	-0.013939	-0.048523	0.039291	-0.043385	0.014353	-0.051092	-0.032123	0.074320	0.020928	-0.992760	0.991506	0.120119	-0.130061	-0.601463	-0.498655	0.000015	1.000000	-0.006191	-0.036940	0.008167	0.052387	0.063821	-0.051247	-0.013240	-0.093385	-0.120556	0.023559	0.052637	-0.008823	0.001066	0.072101	-0.508614	-0.019358	-0.014998	-0.104297	0.040954	-0.058597	0.031712	-0.025106	-0.044706	0.060649	0.043991	-0.005953	-0.007629	-0.035580	0.034306	0.001560	0.010626	-0.051182	-0.038965	0.073007	0.001322	-0.971556	0.959374	0.236808	-0.282137	-0.622237	-0.504707	
1.028021	1.599321	0.419771	0.424409	-0.180113	-0.019795	3.019941	0.076905	-0.305257	-0.974386	-0.275494	-0.048729	0.000015	1.000000	-0.006191	-0.036940	0.008167	0.052387	0.063821	-0.047150	-0.010929	-0.071488	-0.125774	0.035026	0.046645	-0.004209	0.006640	0.062258	-0.521271	-0.029567	-0.018541	-0.114726	0.032660	-0.121844	0.027480	-0.033535	-0.035279	0.083049	0.049076	-0.011422	-0.013939	-0.048523	0.039291	-0.043385	0.014353	-0.051092	-0.032123	0.074320	0.020928	-0.992760	0.991506	0.120119	-0.130061	-0.601463	-0.498655	0.000015	1.000000	-0.006191	-0.036940	0.008167	0.052387	0.063821	-0.051247	-0.013240	-0.093385	-0.120556	0.023559	0.052637	-0.008823	0.001066	0.072101	-0.508614	-0.019358	-0.014998	-0.104297	0.040954	-0.058597	0.031712	-0.025106	-0.044706	0.060649	0.043991	-0.005953	-0.007629	-0.035580	0.034306	0.001560	0.010626	-0.051182	-0.038965	0.073007	0.001322	-0.971556	0.959374	0.236808	-0.282137	-0.622237	-0.504707	0.000015	1.000000	-0.006191	-0.036940	0.008167	0.052387	0.063821	-0.053691	-0.014477	-0.107870	-0.113890	0.021047	0.055750	-0.012469	-0.008869	0.080079	-0.502738	-0.009613	-0.014528	-0.102556	0.024684	-0.001323	0.032135	-0.021936	-0.044601	0.060154	0.024639	0.000950	0.000559	-0.026479	0.028656	0.045471	0.008617	-0.052817	-0.043207	0.065325	-0.009555	-0.939356	0.905220	0.342943	-0.424944	-0.647669	-0.514601	
0.936818	1.561465	0.450703	0.317640	-0.102752	-0.028971	2.902601	0.095798	-0.275861	-0.998946	0.003900	-0.049258	0.000015	1.000000	-0.006191	-0.036940	0.008167	0.052387	0.063821	-0.051247	-0.013240	-0.093385	-0.120556	0.023559	0.052637	-0.008823	0.001066	0.072101	-0.508614	-0.019358	-0.014998	-0.104297	0.040954	-0.058597	0.031712	-0.025106	-0.044706	0.060649	0.043991	-0.005953	-0.007629	-0.035580	0.034306	0.001560	0.010626	-0.051182	-0.038965	0.073007	0.001322	-0.971556	0.959374	0.236808	-0.282137	-0.622237	-0.504707	0.000015	1.000000	-0.006191	-0.036940	0.008167	0.052387	0.063821	-0.053691	-0.014477	-0.107870	-0.113890	0.021047	0.055750	-0.012469	-0.008869	0.080079	-0.502738	-0.009613	-0.014528	-0.102556	0.024684	-0.001323	0.032135	-0.021936	-0.044601	0.060154	0.024639	0.000950	0.000559	-0.026479	0.028656	0.045471	0.008617	-0.052817	-0.043207	0.065325	-0.009555	-0.939356	0.905220	0.342943	-0.424944	-0.647669	-0.514601	0.000015	1.000000	-0.006191	-0.036940	0.008167	0.052387	0.063821	-0.054204	-0.015395	-0.120388	-0.109964	0.027258	0.060081	-0.016162	-0.016212	0.089527	-0.500497	0.001830	-0.004361	-0.091913	0.033177	0.058494	0.020662	-0.021852	-0.056456	0.024510	0.002813	0.007760	0.007844	-0.016664	0.024433	0.084565	0.005441	-0.053703	-0.050482	0.051745	-0.012528	-0.901770	0.831134	0.432217	-0.556072	-0.691594	-0.520204	
0.923230	1.593684	0.341805	0.228806	0.025846	0.008749	2.391783	0.132093	-0.237950	-0.876270	0.076093	-0.080622	0.000015	1.000000	-0.006191	-0.036940	0.008167	0.052387	0.063821	-0.053691	-0.014477	-0.107870	-0.113890	0.021047	0.055750	-0.012469	-0.008869	0.080079	-0.502738	-0.009613	-0.014528	-0.102556	0.024684	-0.001323	0.032135	-0.021936	-0.044601	0.060154	0.024639	0.000950	0.000559	-0.026479	0.028656	0.045471	0.008617	-0.052817	-0.043207	0.065325	-0.009555	-0.939356	0.905220	0.342943	-0.424944	-0.647669	-0.514601	0.000015	1.000000	-0.006191	-0.036940	0.008167	0.052387	0.063821	-0.054204	-0.015395	-0.120388	-0.109964	0.027258	0.060081	-0.016162	-0.016212	0.089527	-0.500497	0.001830	-0.004361	-0.091913	0.033177	0.058494	0.020662	-0.021852	-0.056456	0.024510	0.002813	0.007760	0.007844	-0.016664	0.024433	0.084565	0.005441	-0.053703	-0.050482	0.051745	-0.012528	-0.901770	0.831134	0.432217	-0.556072	-0.691594	-0.520204	0.000015	1.000000	-0.006191	-0.036940	0.008167	0.052387	0.063821	-0.052682	-0.015417	-0.131107	-0.106270	0.040762	0.062982	-0.019421	-0.024175	0.092798	-0.499879	0.009256	-0.000901	-0.075494	0.028094	0.124148	0.018467	-0.019401	-0.064969	0.006639	0.000281	0.012993	0.012626	-0.007485	0.020306	0.114559	0.003974	-0.054578	-0.057489	0.048532	-0.013884	-0.860187	0.740703	0.509979	-0.671832	-0.718954	-0.531560	
0.923751	1.626374	0.266122	0.052034	0.102041	-0.266791	1.621166	0.163903	0.025875	-0.770053	0.056500	-0.173787	0.000015	1.000000	-0.006191	-0.036940	0.008167	0.052387	0.063821	-0.054204	-0.015395	-0.120388	-0.109964	0.027258	0.060081	-0.016162	-0.016212	0.089527	-0.500497	0.001830	-0.004361	-0.091913	0.033177	0.058494	0.020662	-0.021852	-0.056456	0.024510	0.002813	0.007760	0.007844	-0.016664	0.024433	0.084565	0.005441	-0.053703	-0.050482	0.051745	-0.012528	-0.901770	0.831134	0.432217	-0.556072	-0.691594	-0.520204	0.000015	1.000000	-0.006191	-0.036940	0.008167	0.052387	0.063821	-0.052682	-0.015417	-0.131107	-0.106270	0.040762	0.062982	-0.019421	-0.024175	0.092798	-0.499879	0.009256	-0.000901	-0.075494	0.028094	0.124148	0.018467	-0.019401	-0.064969	0.006639	0.000281	0.012993	0.012626	-0.007485	0.020306	0.114559	0.003974	-0.054578	-0.057489	0.048532	-0.013884	-0.860187	0.740703	0.509979	-0.671832	-0.718954	-0.531560	0.000015	1.000000	-0.006191	-0.036940	0.008167	0.052387	0.063821	-0.049761	-0.015050	-0.146652	-0.102648	0.060596	0.065259	-0.022779	-0.033038	0.094009	-0.499561	0.015233	0.000608	-0.074201	0.028633	0.176079	0.005336	-0.022762	-0.065821	0.004153	0.000726	0.015199	0.015691	0.008448	0.016814	0.130605	0.003679	-0.054789	-0.061771	0.048462	-0.015411	-0.812611	0.631825	0.582806	-0.775111	-0.723031	-0.521895	
0.923429	1.642182	0.247846	-0.067472	0.061641	-0.228289	1.138034	0.164008	0.145271	-0.734896	0.266194	-0.381012	0.000015	1.000000	-0.006191	-0.036940	0.008167	0.052387	0.063821	-0.052682	-0.015417	-0.131107	-0.106270	0.040762	0.062982	-0.019421	-0.024175	0.092798	-0.499879	0.009256	-0.000901	-0.075494	0.028094	0.124148	0.018467	-0.019401	-0.064969	0.006639	0.000281	0.012993	0.012626	-0.007485	0.020306	0.114559	0.003974	-0.054578	-0.057489	0.048532	-0.013884	-0.860187	0.740703	0.509979	-0.671832	-0.718954	-0.531560	0.000015	1.000000	-0.006191	-0.036940	0.008167	0.052387	0.063821	-0.049761	-0.015050	-0.146652	-0.102648	0.060596	0.065259	-0.022779	-0.033038	0.094009	-0.499561	0.015233	0.000608	-0.074201	0.028633	0.176079	0.005336	-0.022762	-0.065821	0.004153	0.000726	0.015199	0.015691	0.008448	0.016814	0.130605	0.003679	-0.054789	-0.061771	0.048462	-0.015411	-0.812611	0.631825	0.582806	-0.775111	-0.723031	-0.521895	0.000015	1.000000	-0.006191	-0.036940	0.008167	0.052387	0.063821	-0.047723	-0.014347	-0.155407	-0.096544	0.084701	0.065908	-0.024856	-0.045619	0.095003	-0.499546	0.023508	0.004481	-0.044759	0.033572	0.193485	0.002278	-0.022283	-0.062067	0.002160	0.000073	0.017151	0.015768	0.018733	0.006709	0.130809	0.005488	-0.052324	-0.060737	0.048316	-0.018032	-0.758876	0.506115	0.651235	-0.862466	-0.722875	-0.512088	
0.897113	1.657953	0.233700	-0.152519	-0.011354	-0.194920	0.849941	0.101974	0.248055	-0.727655	0.528802	-0.704568	0.000015	1.000000	-0.006191	-0.036940	0.008167	0.052387	0.063821	-0.049761	-0.015050	-0.146652	-0.102648	0.060596	0.065259	-0.022779	-0.033038	0.094009	-0.499561	0.015233	0.000608	-0.074201	0.028633	0.176079	0.005336	-0.022762	-0.065821	0.004153	0.000726	0.015199	0.015691	0.008448	0.016814	0.130605	0.003679	-0.054789	-0.061771	0.048462	-0.015411	-0.812611	0.631825	0.582806	-0.775111	-0.723031	-0.521895	0.000015	1.000000	-0.006191	-0.036940	0.008167	0.052387	0.063821	-0.047723	-0.014347	-0.155407	-0.096544	0.084701	0.065908	-0.024856	-0.045619	0.095003	-0.499546	0.023508	0.004481	-0.044759	0.033572	0.193485	0.002278	-0.022283	-0.062067	0.002160	0.000073	0.017151	0.015768	0.018733	0.006709	0.130809	0.005488	-0.052324	-0.060737	0.048316	-0.018032	-0.758876	0.506115	0.651235	-0.862466	-0.722875	-0.512088	0.000015	1.000000	-0.006191	-0.036940	0.008167	0.052387	0.063821	-0.044383	-0.013463	-0.158733	-0.092172	0.122697	0.066377	-0.027606	-0.055696	0.095783	-0.499664	0.022940	0.005799	-0.014945	0.013477	0.161726	0.001973	-0.018513	-0.074604	-0.009206	-0.000691	0.017523	0.013874	0.022982	-0.001080	0.109854	0.007475	-0.047399	-0.061665	0.051522	-0.023619	-0.699502	0.367352	0.714631	-0.930082	-0.722971	-0.507345	
1.073770	1.683220	0.140381	-0.170267	0.075514	-0.444521	0.481071	-0.069912	0.306357	-0.562298	0.815781	-1.528797	0.000015	1.000000	-0.006191	-0.036940	0.008167	0.052387	0.063821	-0.047723	-0.014347	-0.155407	-0.096544	0.084701	0.065908	-0.024856	-0.045619	0.095003	-0.499546	0.023508	0.004481	-0.044759	0.033572	0.193485	0.002278	-0.022283	-0.062067	0.002160	0.000073	0.017151	0.015768	0.018733	0.006709	0.130809	0.005488	-0.052324	-0.060737	0.048316	-0.018032	-0.758876	0.506115	0.651235	-0.862466	-0.722875	-0.512088	0.000015	1.000000	-0.006191	-0.036940	0.008167	0.052387	0.063821	-0.044383	-0.013463	-0.158733	-0.092172	0.122697	0.066377	-0.027606	-0.055696	0.095783	-0.499664	0.022940	0.005799	-0.014945	0.013477	0.161726	0.001973	-0.018513	-0.074604	-0.009206	-0.000691	0.017523	0.013874	0.022982	-0.001080	0.109854	0.007475	-0.047399	-0.061665	0.051522	-0.023619	-0.699502	0.367352	0.714631	-0.930082	-0.722971	-0.507345	0.000015	1.000000	-0.006191	-0.036940	0.008167	0.052387	0.063821	-0.039983	-0.012640	-0.159423	-0.090862	0.146509	0.068143	-0.030208	-0.065490	0.095939	-0.499785	0.024977	0.003255	0.001995	-0.003189	0.159596	0.007525	-0.018951	-0.072716	-0.001619	-0.006699	0.016631	0.010761	0.023502	-0.005317	0.098802	0.007240	-0.041073	-0.062794	0.059304	-0.034075	-0.636600	0.218012	0.771194	-0.975946	-0.730866	-0.502614	
1.285487	1.725729	0.049704	-0.193674	0.146454	-0.731495	0.107801	-0.118853	0.362989	-0.428541	0.839757	-2.324554	0.000015	1.000000	-0.006191	-0.036940	0.008167	0.052387	0.063821	-0.044383	-0.013463	-0.158733	-0.092172	0.122697	0.066377	-0.027606	-0.055696	0.095783	-0.499664	0.022940	0.005799	-0.014945	0.013477	0.161726	0.001973	-0.018513	-0.074604	-0.009206	-0.000691	0.017523	0.013874	0.022982	-0.001080	0.109854	0.007475	-0.047399	-0.061665	0.051522	-0.023619	-0.699502	0.367352	0.714631	-0.930082	-0.722971	-0.507345	0.000015	1.000000	-0.006191	-0.036940	0.008167	0.052387	0.063821	-0.039983	-0.012640	-0.159423	-0.090862	0.146509	0.068143	-0.030208	-0.065490	0.095939	-0.499785	0.024977	0.003255	0.001995	-0.003189	0.159596	0.007525	-0.018951	-0.072716	-0.001619	-0.006699	0.016631	0.010761	0.023502	-0.005317	0.098802	0.007240	-0.041073	-0.062794	0.059304	-0.034075	-0.636600	0.218012	0.771194	-0.975946	-0.730866	-0.502614	0.000015	1.000000	-0.006191	-0.036940	0.008167	0.052387	0.063821	-0.035444	-0.012176	-0.158688	-0.091084	0.166417	0.069878	-0.032675	-0.074646	0.096261	-0.500803	0.023086	0.002536	0.009622	-0.006600	0.153102	0.002846	-0.017598	-0.067642	-0.001907	-0.009743	0.014194	0.007748	0.023898	-0.011750	0.086097	0.004458	-0.034019	-0.062057	0.071197	-0.055948	-0.555582	0.061384	0.831462	-0.998114	-0.677869	-0.495034	
1.469266	1.781146	0.141496	-0.063029	0.166641	-0.729509	-0.450770	-0.135288	0.499966	-0.284371	0.691866	-3.196194	0.000015	1.000000	-0.006191	-0.036940	0.008167	0.052387	0.063821	-0.039983	-0.012640	-0.159423	-0.090862	0.146509	0.068143	-0.030208	-0.065490	0.095939	-0.499785	0.024977	0.003255	0.001995	-0.003189	0.159596	0.007525	-0.018951	-0.072716	-0.001619	-0.006699	0.016631	0.010761	0.023502	-0.005317	0.098802	0.007240	-0.041073	-0.062794	0.059304	-0.034075	-0.636600	0.218012	0.771194	-0.975946	-0.730866	-0.502614	0.000015	1.000000	-0.006191	-0.036940	0.008167	0.052387	0.063821	-0.035444	-0.012176	-0.158688	-0.091084	0.166417	0.069878	-0.032675	-0.074646	0.096261	-0.500803	0.023086	0.002536	0.009622	-0.006600	0.153102	0.002846	-0.017598	-0.067642	-0.001907	-0.009743	0.014194	0.007748	0.023898	-0.011750	0.086097	0.004458	-0.034019	-0.062057	0.071197	-0.055948	-0.555582	0.061384	0.831462	-0.998114	-0.677869	-0.495034	0.000015	1.000000	-0.006191	-0.036940	0.008167	0.052387	0.063821	-0.031725	-0.011946	-0.157620	-0.093673	0.183800	0.070394	-0.034679	-0.085565	0.097343	-0.504447	0.006147	0.002464	0.013176	-0.026483	0.136400	-0.000064	-0.011763	-0.042707	0.008184	-0.036220	0.011220	0.004614	0.025026	-0.020131	0.070331	0.002159	-0.026572	-0.057565	0.082708	-0.087163	-0.451050	-0.101007	0.892499	-0.994886	-0.614354	-0.482281	
1.609378	1.775818	0.236363	0.053675	0.251530	-0.927748	-0.565504	-0.182751	0.652014	-0.159243	0.076641	-3.992835	0.000015	1.000000	-0.006191	-0.036940	0.008167	0.052387	0.063821	-0.035444	-0.012176	-0.158688	-0.091084	0.166417	0.069878	-0.032675	-0.074646	0.096261	-0.500803	0.023086	0.002536	0.009622	-0.006600	0.153102	0.002846	-0.017598	-0.067642	-0.001907	-0.009743	0.014194	0.007748	0.023898	-0.011750	0.086097	0.004458	-0.034019	-0.062057	0.071197	-0.055948	-0.555582	0.061384	0.831462	-0.998114	-0.677869	-0.495034	0.000015	1.000000	-0.006191	-0.036940	0.008167	0.052387	0.063821	-0.031725	-0.011946	-0.157620	-0.093673	0.183800	0.070394	-0.034679	-0.085565	0.097343	-0.504447	0.006147	0.002464	0.013176	-0.026483	0.136400	-0.000064	-0.011763	-0.042707	0.008184	-0.036220	0.011220	0.004614	0.025026	-0.020131	0.070331	0.002159	-0.026572	-0.057565	0.082708	-0.087163	-0.451050	-0.101007	0.892499	-0.994886	-0.614354	-0.482281	0.000015	1.000000	-0.006191	-0.036940	0.008167	0.052387	0.063821	-0.029357	-0.011658	-0.155856	-0.096881	0.207197	0.070546	-0.035734	-0.092256	0.098166	-0.512810	0.011433	0.001526	0.015974	-0.027774	0.079245	0.002436	-0.007458	-0.040563	0.002214	-0.081441	0.010977	0.003379	0.025763	-0.027873	0.040168	-0.000023	-0.018012	-0.055142	0.092270	-0.126775	-0.323450	-0.265923	0.946245	-0.963994	-0.559220	-0.465656	
1.760506	1.683696	0.354977	0.332779	0.304319	-1.592649	-0.077291	-0.391215	0.780793	-0.216874	-2.049617	-4.375104	0.000015	1.000000	-0.006191	-0.036940	0.008167	0.052387	0.063821	-0.031725	-0.011946	-0.157620	-0.093673	0.183800	0.070394	-0.034679	-0.085565	0.097343	-0.504447	0.006147	0.002464	0.013176	-0.026483	0.136400	-0.000064	-0.011763	-0.042707	0.008184	-0.036220	0.011220	0.004614	0.025026	-0.020131	0.070331	0.002159	-0.026572	-0.057565	0.082708	-0.087163	-0.451050	-0.101007	0.892499	-0.994886	-0.614354	-0.482281	0.000015	1.000000	-0.006191	-0.036940	0.008167	0.052387	0.063821	-0.029357	-0.011658	-0.155856	-0.096881	0.207197	0.070546	-0.035734	-0.092256	0.098166	-0.512810	0.011433	0.001526	0.015974	-0.027774	0.079245	0.002436	-0.007458	-0.040563	0.002214	-0.081441	0.010977	0.003379	0.025763	-0.027873	0.040168	-0.000023	-0.018012	-0.055142	0.092270	-0.126775	-0.323450	-0.265923	0.946245	-0.963994	-0.559220	-0.465656	0.000015	1.000000	-0.006191	-0.036940	0.008167	0.052387	0.063821	-0.027890	-0.011374	-0.153613	-0.101594	0.217692	0.070382	-0.035953	-0.098078	0.099639	-0.527108	-0.001648	0.002014	0.018348	-0.047445	0.051196	-0.003246	-0.000397	-0.046630	0.020810	-0.134818	0.013065	0.003903	0.027303	-0.037115	0.021166	-0.002608	-0.007985	-0.051716	0.091950	-0.172537	-0.176342	-0.423220	0.984329	-0.906027	-0.517187	-0.467255	
1.816736	1.575522	0.308219	0.476639	0.451812	-1.739703	0.300922	-0.646793	0.749697	-0.725195	-5.640852	-3.023892	0.000015	1.000000	-0.006191	-0.036940	0.008167	0.052387	0.063821	-0.029357	-0.011658	-0.155856	-0.096881	0.207197	0.070546	-0.035734	-0.092256	0.098166	-0.512810	0.011433	0.001526	0.015974	-0.027774	0.079245	0.002436	-0.007458	-0.040563	0.002214	-0.081441	0.010977	0.003379	0.025763	-0.027873	0.040168	-0.000023	-0.018012	-0.055142	0.092270	-0.126775	-0.323450	-0.265923	0.946245	-0.963994	-0.559220	-0.465656	0.000015	1.000000	-0.006191	-0.036940	0.008167	0.052387	0.063821	-0.027890	-0.011374	-0.153613	-0.101594	0.217692	0.070382	-0.035953	-0.098078	0.099639	-0.527108	-0.001648	0.002014	0.018348	-0.047445	0.051196	-0.003246	-0.000397	-0.046630	0.020810	-0.134818	0.013065	0.003903	0.027303	-0.037115	0.021166	-0.002608	-0.007985	-0.051716	0.091950	-0.172537	-0.176342	-0.423220	0.984329	-0.906027	-0.517187	-0.467255	0.000015	1.000000	-0.006191	-0.036940	0.008167	0.052387	0.063821	-0.027161	-0.011196	-0.149505	-0.108450	0.222651	0.070059	-0.034834	-0.104065	0.102017	-0.559726	0.005419	0.001016	0.017538	-0.066162	0.031990	-0.002069	0.011243	-0.051424	0.010805	-0.190755	0.017650	0.008708	0.027752	-0.054106	0.015051	-0.008143	0.002586	-0.048977	0.058883	-0.205427	-0.011643	-0.560836	0.999932	-0.827927	-0.471848	-0.494891	
1.870240	1.369517	0.200346	0.746140	0.733422	-1.679322	0.080253	-1.014210	0.747899	-1.590725	-8.246423	0.648488	0.000015	1.000000	-0.006191	-0.036940	0.008167	0.052387	0.063821	-0.027890	-0.011374	-0.153613	-0.101594	0.217692	0.070382	-0.035953	-0.098078	0.099639	-0.527108	-0.001648	0.002014	0.018348	-0.047445	0.051196	-0.003246	-0.000397	-0.046630	0.020810	-0.134818	0.013065	0.003903	0.027303	-0.037115	0.021166	-0.002608	-0.007985	-0.051716	0.091950	-0.172537	-0.176342	-0.423220	0.984329	-0.906027	-0.517187	-0.467255	0.000015	1.000000	-0.006191	-0.036940	0.008167	0.052387	0.063821	-0.027161	-0.011196	-0.149505	-0.108450	0.222651	0.070059	-0.034834	-0.104065	0.102017	-0.559726	0.005419	0.001016	0.017538	-0.066162	0.031990	-0.002069	0.011243	-0.051424	0.010805	-0.190755	0.017650	0.008708	0.027752	-0.054106	0.015051	-0.008143	0.002586	-0.048977	0.058883	-0.205427	-0.011643	-0.560836	0.999932	-0.827927	-0.471848	-0.494891	0.000015	1.000000	-0.006191	-0.036940	0.008167	0.052387	0.063821	-0.024858	-0.010740	-0.146405	-0.123537	0.225169	0.070115	-0.033754	-0.115149	0.101475	-0.591647	0.015547	0.003010	0.018155	-0.072221	0.016809	0.003283	0.011477	-0.050159	-0.018112	-0.257417	0.019967	0.015396	0.031424	-0.065092	0.017042	-0.017893	0.012742	-0.048761	-0.025115	-0.218826	0.158757	-0.677057	0.987318	-0.735931	-0.454979	-0.527343	
1.924333	1.358910	-0.036508	0.564705	0.689363	-1.235818	0.160734	-0.889033	0.721894	-2.479254	-9.252212	4.407730	0.000015	1.000000	-0.006191	-0.036940	0.008167	0.052387	0.063821	-0.027161	-0.011196	-0.149505	-0.108450	0.222651	0.070059	-0.034834	-0.104065	0.102017	-0.559726	0.005419	0.001016	0.017538	-0.066162	0.031990	-0.002069	0.011243	-0.051424	0.010805	-0.190755	0.017650	0.008708	0.027752	-0.054106	0.015051	-0.008143	0.002586	-0.048977	0.058883	-0.205427	-0.011643	-0.560836	0.999932	-0.827927	-0.471848	-0.494891	0.000015	1.000000	-0.006191	-0.036940	0.008167	0.052387	0.063821	-0.024858	-0.010740	-0.146405	-0.123537	0.225169	0.070115	-0.033754	-0.115149	0.101475	-0.591647	0.015547	0.003010	0.018155	-0.072221	0.016809	0.003283	0.011477	-0.050159	-0.018112	-0.257417	0.019967	0.015396	0.031424	-0.065092	0.017042	-0.017893	0.012742	-0.048761	-0.025115	-0.218826	0.158757	-0.677057	0.987318	-0.735931	-0.454979	-0.527343	0.000015	1.000000	-0.006191	-0.036940	0.008167	0.052387	0.063821	-0.022313	-0.009737	-0.142732	-0.135303	0.228435	0.068988	-0.030872	-0.121995	0.090486	-0.622289	0.015862	0.001464	0.020660	-0.090624	0.013546	-0.027938	0.016851	-0.040959	-0.089401	-0.275599	0.020426	0.025576	0.038744	-0.078500	0.014979	-0.031968	0.021071	-0.065760	-0.137739	-0.178463	0.329317	-0.766095	0.944220	-0.642727	-0.438928	-0.589145	
1.930613	1.417861	-0.244459	0.043864	0.535974	-0.843108	0.828581	-0.599476	0.727773	-3.028329	-9.533207	6.226366	0.000015	1.000000	-0.006191	-0.036940	0.008167	0.052387	0.063821	-0.024858	-0.010740	-0.146405	-0.123537	0.225169	0.070115	-0.033754	-0.115149	0.101475	-0.591647	0.015547	0.003010	0.018155	-0.072221	0.016809	0.003283	0.011477	-0.050159	-0.018112	-0.257417	0.019967	0.015396	0.031424	-0.065092	0.017042	-0.017893	0.012742	-0.048761	-0.025115	-0.218826	0.158757	-0.677057	0.987318	-0.735931	-0.454979	-0.527343	0.000015	1.000000	-0.006191	-0.036940	0.008167	0.052387	0.063821	-0.022313	-0.009737	-0.142732	-0.135303	0.228435	0.068988	-0.030872	-0.121995	0.090486	-0.622289	0.015862	0.001464	0.020660	-0.090624	0.013546	-0.027938	0.016851	-0.040959	-0.089401	-0.275599	0.020426	0.025576	0.038744	-0.078500	0.014979	-0.031968	0.021071	-0.065760	-0.137739	-0.178463	0.329317	-0.766095	0.944220	-0.642727	-0.438928	-0.589145	0.000015	1.000000	-0.006191	-0.036940	0.008167	0.052387	0.063821	-0.019042	-0.008106	-0.138629	-0.148367	0.230373	0.066678	-0.026313	-0.129447	0.068925	-0.654783	0.020081	0.008056	0.017769	-0.108517	0.013917	-0.031409	0.027392	-0.070399	-0.202266	-0.267647	0.016607	0.032415	0.044980	-0.083970	0.015452	-0.042992	0.027339	-0.095492	-0.254943	-0.079861	0.494205	-0.841903	0.869346	-0.539628	-0.422700	-0.592327	
1.900617	1.536213	-0.103622	-0.040257	0.591502	-0.754496	1.097790	-0.480968	0.497627	-2.896996	-9.442894	6.018719	0.000015	1.000000	-0.006191	-0.036940	0.008167	0.052387	0.063821	-0.022313	-0.009737	-0.142732	-0.135303	0.228435	0.068988	-0.030872	-0.121995	0.090486	-0.622289	0.015862	0.001464	0.020660	-0.090624	0.013546	-0.027938	0.016851	-0.040959	-0.089401	-0.275599	0.020426	0.025576	0.038744	-0.078500	0.014979	-0.031968	0.021071	-0.065760	-0.137739	-0.178463	0.329317	-0.766095	0.944220	-0.642727	-0.438928	-0.589145	0.000015	1.000000	-0.006191	-0.036940	0.008167	0.052387	0.063821	-0.019042	-0.008106	-0.138629	-0.148367	0.230373	0.066678	-0.026313	-0.129447	0.068925	-0.654783	0.020081	0.008056	0.017769	-0.108517	0.013917	-0.031409	0.027392	-0.070399	-0.202266	-0.267647	0.016607	0.032415	0.044980	-0.083970	0.015452	-0.042992	0.027339	-0.095492	-0.254943	-0.079861	0.494205	-0.841903	0.869346	-0.539628	-0.422700	-0.592327	0.000015	1.000000	-0.006191	-0.036940	0.008167	0.052387	0.063821	-0.016400	-0.005946	-0.135191	-0.163460	0.231100	0.060618	-0.021185	-0.143126	0.030396	-0.694555	0.000612	0.014415	0.009803	-0.122520	0.004881	-0.037339	0.030540	-0.122198	-0.349997	-0.070036	0.010289	0.030915	0.049602	-0.081555	0.027185	-0.045947	0.033155	-0.127352	-0.359774	0.053542	0.643710	-0.906437	0.765269	-0.422341	-0.420816	-0.574642	
1.860959	1.341043	-0.086945	-0.165009	0.697401	-0.675293	0.966226	-0.468379	0.030222	-2.473892	-9.081401	5.239239	0.000015	1.000000	-0.006191	-0.036940	0.008167	0.052387	0.063821	-0.019042	-0.008106	-0.138629	-0.148367	0.230373	0.066678	-0.026313	-0.129447	0.068925	-0.654783	0.020081	0.008056	0.017769	-0.108517	0.013917	-0.031409	0.027392	-0.070399	-0.202266	-0.267647	0.016607	0.032415	0.044980	-0.083970	0.015452	-0.042992	0.027339	-0.095492	-0.254943	-0.079861	0.494205	-0.841903	0.869346	-0.539628	-0.422700	-0.592327	0.000015	1.000000	-0.006191	-0.036940	0.008167	0.052387	0.063821	-0.016400	-0.005946	-0.135191	-0.163460	0.231100	0.060618	-0.021185	-0.143126	0.030396	-0.694555	0.000612	0.014415	0.009803	-0.122520	0.004881	-0.037339	0.030540	-0.122198	-0.349997	-0.070036	0.010289	0.030915	0.049602	-0.081555	0.027185	-0.045947	0.033155	-0.127352	-0.359774	0.053542	0.643710	-0.906437	0.765269	-0.422341	-0.420816	-0.574642	0.000015	1.000000	-0.006191	-0.036940	0.008167	0.052387	0.063821	-0.017059	-0.004367	-0.132638	-0.182352	0.234396	0.053929	-0.016177	-0.179668	-0.025632	-0.695239	0.010181	0.018075	0.020871	-0.079951	0.031197	-0.032000	0.025271	-0.209384	-0.525991	0.105363	0.009399	0.028734	0.055889	-0.073940	0.040296	-0.046446	0.035584	-0.134106	-0.444870	0.144176	0.769341	-0.957735	0.638839	-0.287651	-0.429815	-0.539136	
1.870407	0.985149	-0.249865	0.031990	0.782927	-0.148369	0.572238	-0.141457	-0.522750	-1.415340	-7.972823	3.540009	0.000015	1.000000	-0.006191	-0.036940	0.008167	0.052387	0.063821	-0.016400	-0.005946	-0.135191	-0.163460	0.231100	0.060618	-0.021185	-0.143126	0.030396	-0.694555	0.000612	0.014415	0.009803	-0.122520	0.004881	-0.037339	0.030540	-0.122198	-0.349997	-0.070036	0.010289	0.030915	0.049602	-0.081555	0.027185	-0.045947	0.033155	-0.127352	-0.359774	0.053542	0.643710	-0.906437	0.765269	-0.422341	-0.420816	-0.574642	0.000015	1.000000	-0.006191	-0.036940	0.008167	0.052387	0.063821	-0.017059	-0.004367	-0.132638	-0.182352	0.234396	0.053929	-0.016177	-0.179668	-0.025632	-0.695239	0.010181	0.018075	0.020871	-0.079951	0.031197	-0.032000	0.025271	-0.209384	-0.525991	0.105363	0.009399	0.028734	0.055889	-0.073940	0.040296	-0.046446	0.035584	-0.134106	-0.444870	0.144176	0.769341	-0.957735	0.638839	-0.287651	-0.429815	-0.539136	0.000015	1.000000	-0.006191	-0.036940	0.008167	0.052387	0.063821	-0.015034	-0.001378	-0.128371	-0.193933	0.242785	0.046412	-0.011047	-0.212397	-0.137625	-0.674075	0.013232	0.020652	0.039077	-0.092444	0.051975	-0.052055	0.034050	-0.239389	-0.549872	0.237711	0.006070	0.023269	0.062083	-0.072488	0.046401	-0.045955	0.030908	-0.138488	-0.469107	0.201606	0.869017	-0.986357	0.494783	-0.164622	-0.441712	-0.597687	
1.874025	0.665189	-0.208130	0.015687	0.924808	0.110990	-0.000742	0.100370	-1.095134	-0.231671	-4.458073	1.184347	0.000015	1.000000	-0.006191	-0.036940	0.008167	0.052387	0.063821	-0.017059	-0.004367	-0.132638	-0.182352	0.234396	0.053929	-0.016177	-0.179668	-0.025632	-0.695239	0.010181	0.018075	0.020871	-0.079951	0.031197	-0.032000	0.025271	-0.209384	-0.525991	0.105363	0.009399	0.028734	0.055889	-0.073940	0.040296	-0.046446	0.035584	-0.134106	-0.444870	0.144176	0.769341	-0.957735	0.638839	-0.287651	-0.429815	-0.539136	0.000015	1.000000	-0.006191	-0.036940	0.008167	0.052387	0.063821	-0.015034	-0.001378	-0.128371	-0.193933	0.242785	0.046412	-0.011047	-0.212397	-0.137625	-0.674075	0.013232	0.020652	0.039077	-0.092444	0.051975	-0.052055	0.034050	-0.239389	-0.549872	0.237711	0.006070	0.023269	0.062083	-0.072488	0.046401	-0.045955	0.030908	-0.138488	-0.469107	0.201606	0.869017	-0.986357	0.494783	-0.164622	-0.441712	-0.597687	0.000015	1.000000	-0.006191	-0.036940	0.008167	0.052387	0.063821	-0.013878	0.001094	-0.120635	-0.206598	0.249843	0.037614	-0.006653	-0.243783	-0.216173	-0.638871	0.009000	0.012650	0.074747	-0.104162	0.042537	-0.064180	0.020155	-0.268562	-0.674746	0.340281	0.001158	0.021278	0.066118	-0.062055	0.047946	-0.039284	0.018655	-0.128381	-0.510423	0.219623	0.942453	-0.997386	0.334339	-0.072253	-0.438878	-0.704455	
1.848211	0.607314	-0.084926	-0.088343	1.185114	-0.087744	-0.264887	-0.026186	-1.180635	0.932097	0.229120	-1.033752	0.000015	1.000000	-0.006191	-0.036940	0.008167	0.052387	0.063821	-0.015034	-0.001378	-0.128371	-0.193933	0.242785	0.046412	-0.011047	-0.212397	-0.137625	-0.674075	0.013232	0.020652	0.039077	-0.092444	0.051975	-0.052055	0.034050	-0.239389	-0.549872	0.237711	0.006070	0.023269	0.062083	-0.072488	0.046401	-0.045955	0.030908	-0.138488	-0.469107	0.201606	0.869017	-0.986357	0.494783	-0.164622	-0.441712	-0.597687	0.000015	1.000000	-0.006191	-0.036940	0.008167	0.052387	0.063821	-0.013878	0.001094	-0.120635	-0.206598	0.249843	0.037614	-0.006653	-0.243783	-0.216173	-0.638871	0.009000	0.012650	0.074747	-0.104162	0.042537	-0.064180	0.020155	-0.268562	-0.674746	0.340281	0.001158	0.021278	0.066118	-0.062055	0.047946	-0.039284	0.018655	-0.128381	-0.510423	0.219623	0.942453	-0.997386	0.334339	-0.072253	-0.438878	-0.704455	0.000015	1.000000	-0.006191	-0.036940	0.008167	0.052387	0.063821	-0.012072	0.002970	-0.102342	-0.217709	0.256198	0.028270	-0.004441	-0.276595	-0.303396	-0.578808	0.016254	0.007081	0.090179	-0.088584	-0.006913	-0.047596	-0.000195	-0.271131	-0.716546	0.308662	-0.003767	0.019638	0.061682	-0.049280	0.041579	-0.028436	0.000035	-0.099039	-0.489996	0.177304	0.986503	-0.999953	0.163740	-0.009694	-0.437793	-0.800443	
1.858373	0.630710	-0.074917	-0.207058	1.427287	-0.587205	0.552385	-0.019252	-1.181986	1.611795	2.366267	-2.161363	0.000015	1.000000	-0.006191	-0.036940	0.008167	0.052387	0.063821	-0.013878	0.001094	-0.120635	-0.206598	0.249843	0.037614	-0.006653	-0.243783	-0.216173	-0.638871	0.009000	0.012650	0.074747	-0.104162	0.042537	-0.064180	0.020155	-0.268562	-0.674746	0.340281	0.001158	0.021278	0.066118	-0.062055	0.047946	-0.039284	0.018655	-0.128381	-0.510423	0.219623	0.942453	-0.997386	0.334339	-0.072253	-0.438878	-0.704455	0.000015	1.000000	-0.006191	-0.036940	0.008167	0.052387	0.063821	-0.012072	0.002970	-0.102342	-0.217709	0.256198	0.028270	-0.004441	-0.276595	-0.303396	-0.578808	0.016254	0.007081	0.090179	-0.088584	-0.006913	-0.047596	-0.000195	-0.271131	-0.716546	0.308662	-0.003767	0.019638	0.061682	-0.049280	0.041579	-0.028436	0.000035	-0.099039	-0.489996	0.177304	0.986503	-0.999953	0.163740	-0.009694	-0.437793	-0.800443	0.000015	1.000000	-0.008343	-0.040448	-0.015802	0.226478	0.093622	-0.013189	0.004597	-0.088021	-0.223833	0.258536	0.022717	-0.003959	-0.322222	-0.395165	-0.540186	-0.032224	0.008734	0.101144	0.013824	0.012569	-0.006504	-0.000019	-0.154485	-0.730846	0.263625	-0.003924	0.016686	0.065130	-0.044472	0.035270	-0.023276	-0.018151	-0.039436	-0.394791	0.123183	0.999954	-0.998871	-0.009639	0.047503	-0.445537	-0.817806	
1.868520	0.935423	-0.049376	-0.332270	0.782056	0.322524	0.556684	0.070868	-0.342319	2.170559	3.768013	-1.036808	0.000015	1.000000	-0.006191	-0.036940	0.008167	0.052387	0.063821	-0.012072	0.002970	-0.102342	-0.217709	0.256198	0.028270	-0.004441	-0.276595	-0.303396	-0.578808	0.016254	0.007081	0.090179	-0.088584	-0.006913	-0.047596	-0.000195	-0.271131	-0.716546	0.308662	-0.003767	0.019638	0.061682	-0.049280	0.041579	-0.028436	0.000035	-0.099039	-0.489996	0.177304	0.986503	-0.999953	0.163740	-0.009694	-0.437793	-0.800443	0.000015	1.000000	-0.008343	-0.040448	-0.015802	0.226478	0.093622	-0.013189	0.004597	-0.088021	-0.223833	0.258536	0.022717	-0.003959	-0.322222	-0.395165	-0.540186	-0.032224	0.008734	0.101144	0.013824	0.012569	-0.006504	-0.000019	-0.154485	-0.730846	0.263625	-0.003924	0.016686	0.065130	-0.044472	0.035270	-0.023276	-0.018151	-0.039436	-0.394791	0.123183	0.999954	-0.998871	-0.009639	0.047503	-0.445537	-0.817806	0.000015	1.000000	-0.008773	-0.041150	-0.018199	0.243887	0.096602	-0.016320	0.006312	-0.074858	-0.223676	0.256846	0.021340	-0.005211	-0.340436	-0.533256	-0.511088	0.000267	0.009365	0.076417	0.014643	-0.005024	-0.001348	-0.010471	-0.075121	-0.489049	0.177813	-0.001918	0.011860	0.073412	-0.053451	0.045259	-0.022188	-0.034658	0.002994	-0.221146	0.061610	0.982922	-0.994274	-0.184024	0.106859	-0.442488	-0.810787	
1.894414	1.270326	0.167723	-0.228792	0.326962	0.679902	0.589890	-0.059008	0.354022	2.404675	4.543637	0.508460	0.000015	1.000000	-0.008343	-0.040448	-0.015802	0.226478	0.093622	-0.013189	0.004597	-0.088021	-0.223833	0.258536	0.022717	-0.003959	-0.322222	-0.395165	-0.540186	-0.032224	0.008734	0.101144	0.013824	0.012569	-0.006504	-0.000019	-0.154485	-0.730846	0.263625	-0.003924	0.016686	0.065130	-0.044472	0.035270	-0.023276	-0.018151	-0.039436	-0.394791	0.123183	0.999954	-0.998871	-0.009639	0.047503	-0.445537	-0.817806	0.000015	1.000000	-0.008773	-0.041150	-0.018199	0.243887	0.096602	-0.016320	0.006312	-0.074858	-0.223676	0.256846	0.021340	-0.005211	-0.340436	-0.533256	-0.511088	0.000267	0.009365	0.076417	0.014643	-0.005024	-0.001348	-0.010471	-0.075121	-0.489049	0.177813	-0.001918	0.011860	0.073412	-0.053451	0.045259	-0.022188	-0.034658	0.002994	-0.221146	0.061610	0.982922	-0.994274	-0.184024	0.106859	-0.442488	-0.810787	0.000015	1.000000	-0.008859	-0.041290	-0.018438	0.245628	0.096900	-0.016995	0.007317	-0.063016	-0.221876	0.256387	0.021113	-0.008458	-0.343884	-0.593202	-0.495381	-0.002067	0.003263	0.084414	0.014376	0.002638	-0.003624	-0.018263	0.005051	-0.320398	0.087574	-0.001983	0.005874	0.073293	-0.050417	0.054062	-0.020899	-0.036541	0.038978	-0.104722	0.030363	0.935525	-0.981017	-0.353260	0.193924	-0.439444	-0.719373	
1.881457	1.488069	0.487866	-0.045949	-0.060006	1.180176	0.811658	-0.302107	1.033947	2.490679	5.126757	1.871855	0.000015	1.000000	-0.008773	-0.041150	-0.018199	0.243887	0.096602	-0.016320	0.006312	-0.074858	-0.223676	0.256846	0.021340	-0.005211	-0.340436	-0.533256	-0.511088	0.000267	0.009365	0.076417	0.014643	-0.005024	-0.001348	-0.010471	-0.075121	-0.489049	0.177813	-0.001918	0.011860	0.073412	-0.053451	0.045259	-0.022188	-0.034658	0.002994	-0.221146	0.061610	0.982922	-0.994274	-0.184024	0.106859	-0.442488	-0.810787	0.000015	1.000000	-0.008859	-0.041290	-0.018438	0.245628	0.096900	-0.016995	0.007317	-0.063016	-0.221876	0.256387	0.021113	-0.008458	-0.343884	-0.593202	-0.495381	-0.002067	0.003263	0.084414	0.014376	0.002638	-0.003624	-0.018263	0.005051	-0.320398	0.087574	-0.001983	0.005874	0.073293	-0.050417	0.054062	-0.020899	-0.036541	0.038978	-0.104722	0.030363	0.935525	-0.981017	-0.353260	0.193924	-0.439444	-0.719373	0.000015	1.000000	-0.008876	-0.041318	-0.018462	0.245802	0.096930	-0.016645	0.007478	-0.049040	-0.220038	0.258113	0.020268	-0.012089	-0.336165	-0.622082	-0.481432	0.009215	-0.000488	0.065322	0.003880	0.020853	-0.004550	-0.025439	0.083209	-0.145453	0.032487	0.000184	0.002280	0.064224	-0.042052	0.061190	-0.020939	-0.027598	0.067348	-0.007651	0.024044	0.857867	-0.950812	-0.513873	0.309768	-0.431676	-0.618902	
1.890184	1.617800	0.531531	-0.047956	-0.223390	1.413763	0.747479	-0.405489	1.192287	2.826521	5.531109	1.903390	0.000015	1.000000	-0.008859	-0.041290	-0.018438	0.245628	0.096900	-0.016995	0.007317	-0.063016	-0.221876	0.256387	0.021113	-0.008458	-0.343884	-0.593202	-0.495381	-0.002067	0.003263	0.084414	0.014376	0.002638	-0.003624	-0.018263	0.005051	-0.320398	0.087574	-0.001983	0.005874	0.073293	-0.050417	0.054062	-0.020899	-0.036541	0.038978	-0.104722	0.030363	0.935525	-0.981017	-0.353260	0.193924	-0.439444	-0.719373	0.000015	1.000000	-0.008876	-0.041318	-0.018462	0.245802	0.096930	-0.016645	0.007478	-0.049040	-0.220038	0.258113	0.020268	-0.012089	-0.336165	-0.622082	-0.481432	0.009215	-0.000488	0.065322	0.003880	0.020853	-0.004550	-0.025439	0.083209	-0.145453	0.032487	0.000184	0.002280	0.064224	-0.042052	0.061190	-0.020939	-0.027598	0.067348	-0.007651	0.024044	0.857867	-0.950812	-0.513873	0.309768	-0.431676	-0.618902	0.000015	1.000000	-0.008880	-0.041324	-0.018465	0.245820	0.096933	-0.015800	0.007470	-0.039508	-0.218652	0.262142	0.017894	-0.015610	-0.308933	-0.630112	-0.475079	0.005109	0.000068	0.074231	0.000388	0.040820	-0.023487	-0.019411	0.160120	-0.018035	0.027676	0.006649	0.001600	0.053792	-0.025753	0.069323	-0.023092	-0.008584	0.077437	0.077198	0.045740	0.753894	-0.898240	-0.656996	0.439505	-0.435563	-0.553579	
1.908654	1.702429	0.302491	-0.169772	-0.281293	1.217096	0.188294	-0.346481	1.119690	3.062456	5.746661	1.424111	0.000015	1.000000	-0.008876	-0.041318	-0.018462	0.245802	0.096930	-0.016645	0.007478	-0.049040	-0.220038	0.258113	0.020268	-0.012089	-0.336165	-0.622082	-0.481432	0.009215	-0.000488	0.065322	0.003880	0.020853	-0.004550	-0.025439	0.083209	-0.145453	0.032487	0.000184	0.002280	0.064224	-0.042052	0.061190	-0.020939	-0.027598	0.067348	-0.007651	0.024044	0.857867	-0.950812	-0.513873	0.309768	-0.431676	-0.618902	0.000015	1.000000	-0.008880	-0.041324	-0.018465	0.245820	0.096933	-0.015800	0.007470	-0.039508	-0.218652	0.262142	0.017894	-0.015610	-0.308933	-0.630112	-0.475079	0.005109	0.000068	0.074231	0.000388	0.040820	-0.023487	-0.019411	0.160120	-0.018035	0.027676	0.006649	0.001600	0.053792	-0.025753	0.069323	-0.023092	-0.008584	0.077437	0.077198	0.045740	0.753894	-0.898240	-0.656996	0.439505	-0.435563	-0.553579	0.000015	1.000000	-0.008881	-0.041325	-0.018465	0.245822	0.096933	-0.012577	0.007404	-0.030840	-0.217551	0.272786	0.014366	-0.016815	-0.281507	-0.619213	-0.467072	0.038199	0.000937	0.067794	0.001086	0.065500	-0.020495	-0.003104	0.198171	0.089974	0.069071	0.011389	0.000948	0.041778	-0.005675	0.069877	-0.025638	0.010483	0.092355	0.149161	0.066247	0.625716	-0.821176	-0.780051	0.570675	-0.432945	-0.514660	
1.915585	1.768680	-0.035232	-0.264635	-0.272591	1.174501	-0.581128	-0.093803	0.909544	2.827379	5.854944	0.134001	0.000015	1.000000	-0.008880	-0.041324	-0.018465	0.245820	0.096933	-0.015800	0.007470	-0.039508	-0.218652	0.262142	0.017894	-0.015610	-0.308933	-0.630112	-0.475079	0.005109	0.000068	0.074231	0.000388	0.040820	-0.023487	-0.019411	0.160120	-0.018035	0.027676	0.006649	0.001600	0.053792	-0.025753	0.069323	-0.023092	-0.008584	0.077437	0.077198	0.045740	0.753894	-0.898240	-0.656996	0.439505	-0.435563	-0.553579	0.000015	1.000000	-0.008881	-0.041325	-0.018465	0.245822	0.096933	-0.012577	0.007404	-0.030840	-0.217551	0.272786	0.014366	-0.016815	-0.281507	-0.619213	-0.467072	0.038199	0.000937	0.067794	0.001086	0.065500	-0.020495	-0.003104	0.198171	0.089974	0.069071	0.011389	0.000948	0.041778	-0.005675	0.069877	-0.025638	0.010483	0.092355	0.149161	0.066247	0.625716	-0.821176	-0.780051	0.570675	-0.432945	-0.514660	0.000015	1.000000	-0.008881	-0.041325	-0.018465	0.245822	0.096933	-0.009315	0.007269	-0.023509	-0.214908	0.282767	0.009346	-0.015674	-0.251110	-0.598737	-0.454711	0.043602	-0.001767	0.049702	0.014067	0.078785	-0.029618	0.009112	0.258159	0.168474	0.121716	0.012665	-0.001464	0.030228	0.009937	0.062720	-0.025816	0.026136	0.107891	0.214879	0.075246	0.476065	-0.719463	-0.879410	0.694531	-0.427404	-0.489271	
1.913499	1.858722	-0.358905	-0.366659	-0.198906	0.815181	-0.839708	0.170513	0.636114	2.659359	5.650477	-1.392392	0.000015	1.000000	-0.008881	-0.041325	-0.018465	0.245822	0.096933	-0.012577	0.007404	-0.030840	-0.217551	0.272786	0.014366	-0.016815	-0.281507	-0.619213	-0.467072	0.038199	0.000937	0.067794	0.001086	0.065500	-0.020495	-0.003104	0.198171	0.089974	0.069071	0.011389	0.000948	0.041778	-0.005675	0.069877	-0.025638	0.010483	0.092355	0.149161	0.066247	0.625716	-0.821176	-0.780051	0.570675	-0.432945	-0.514660	0.000015	1.000000	-0.008881	-0.041325	-0.018465	0.245822	0.096933	-0.009315	0.007269	-0.023509	-0.214908	0.282767	0.009346	-0.015674	-0.251110	-0.598737	-0.454711	0.043602	-0.001767	0.049702	0.014067	0.078785	-0.029618	0.009112	0.258159	0.168474	0.121716	0.012665	-0.001464	0.030228	0.009937	0.062720	-0.025816	0.026136	0.107891	0.214879	0.075246	0.476065	-0.719463	-0.879410	0.694531	-0.427404	-0.489271	0.000015	1.000000	-0.008881	-0.041325	-0.018465	0.245822	0.096933	-0.003695	0.006984	-0.018068	-0.210720	0.293390	0.002139	-0.011932	-0.213406	-0.568252	-0.432658	0.017621	-0.001456	0.005319	0.031418	0.078718	-0.052515	0.035226	0.281606	0.279966	0.112324	0.006516	-0.005150	0.020697	0.023372	0.043377	-0.020016	0.036042	0.112612	0.272247	0.055204	0.310363	-0.594207	-0.950618	0.804312	-0.425324	-0.469396	
1.917335	1.899390	-0.520949	-0.416522	0.055623	0.136343	-0.696785	0.392556	0.569836	2.606209	4.729088	-2.579040	0.000015	1.000000	-0.008881	-0.041325	-0.018465	0.245822	0.096933	-0.009315	0.007269	-0.023509	-0.214908	0.282767	0.009346	-0.015674	-0.251110	-0.598737	-0.454711	0.043602	-0.001767	0.049702	0.014067	0.078785	-0.029618	0.009112	0.258159	0.168474	0.121716	0.012665	-0.001464	0.030228	0.009937	0.062720	-0.025816	0.026136	0.107891	0.214879	0.075246	0.476065	-0.719463	-0.879410	0.694531	-0.427404	-0.489271	0.000015	1.000000	-0.008881	-0.041325	-0.018465	0.245822	0.096933	-0.003695	0.006984	-0.018068	-0.210720	0.293390	0.002139	-0.011932	-0.213406	-0.568252	-0.432658	0.017621	-0.001456	0.005319	0.031418	0.078718	-0.052515	0.035226	0.281606	0.279966	0.112324	0.006516	-0.005150	0.020697	0.023372	0.043377	-0.020016	0.036042	0.112612	0.272247	0.055204	0.310363	-0.594207	-0.950618	0.804312	-0.425324	-0.469396	0.000015	1.000000	-0.008881	-0.041325	-0.018465	0.245822	0.096933	-0.001287	0.006184	-0.017659	-0.204502	0.301864	-0.005410	-0.008979	-0.153278	-0.524714	-0.418748	0.008043	-0.008521	-0.008541	0.029314	0.062310	-0.055851	0.028997	0.246612	0.407320	0.077535	-0.001281	-0.009854	0.017301	0.029392	0.022298	-0.009907	0.042638	0.092406	0.313534	0.020391	0.134677	-0.444807	-0.990889	0.895627	-0.425950	-0.442383	
1.921870	1.891163	-0.380224	-0.202862	-0.135159	0.116817	-0.879780	0.729130	0.383090	1.444567	3.613667	-2.766268	0.000015	1.000000	-0.008881	-0.041325	-0.018465	0.245822	0.096933	-0.003695	0.006984	-0.018068	-0.210720	0.293390	0.002139	-0.011932	-0.213406	-0.568252	-0.432658	0.017621	-0.001456	0.005319	0.031418	0.078718	-0.052515	0.035226	0.281606	0.279966	0.112324	0.006516	-0.005150	0.020697	0.023372	0.043377	-0.020016	0.036042	0.112612	0.272247	0.055204	0.310363	-0.594207	-0.950618	0.804312	-0.425324	-0.469396	0.000015	1.000000	-0.008881	-0.041325	-0.018465	0.245822	0.096933	-0.001287	0.006184	-0.017659	-0.204502	0.301864	-0.005410	-0.008979	-0.153278	-0.524714	-0.418748	0.008043	-0.008521	-0.008541	0.029314	0.062310	-0.055851	0.028997	0.246612	0.407320	0.077535	-0.001281	-0.009854	0.017301	0.029392	0.022298	-0.009907	0.042638	0.092406	0.313534	0.020391	0.134677	-0.444807	-0.990889	0.895627	-0.425950	-0.442383	0.000015	1.000000	-0.008881	-0.041325	-0.018465	0.245822	0.096933	-0.000999	0.004723	-0.018255	-0.200205	0.310659	-0.012735	-0.004381	-0.115662	-0.435648	-0.412403	-0.001289	-0.009809	-0.007833	0.032593	0.017398	-0.018497	0.032213	0.243461	0.388648	0.025900	-0.009376	-0.014636	0.018732	0.027139	0.003059	0.003302	0.046581	0.093852	0.295348	-0.024608	-0.045457	-0.278362	-0.998966	0.960476	-0.424799	-0.430183	
1.918290	1.891662	-0.250248	0.165744	-0.455417	0.575130	-1.228324	0.800886	-0.103940	0.544267	2.446924	-2.124896	0.000015	1.000000	-0.008881	-0.041325	-0.018465	0.245822	0.096933	-0.001287	0.006184	-0.017659	-0.204502	0.301864	-0.005410	-0.008979	-0.153278	-0.524714	-0.418748	0.008043	-0.008521	-0.008541	0.029314	0.062310	-0.055851	0.028997	0.246612	0.407320	0.077535	-0.001281	-0.009854	0.017301	0.029392	0.022298	-0.009907	0.042638	0.092406	0.313534	0.020391	0.134677	-0.444807	-0.990889	0.895627	-0.425950	-0.442383	0.000015	1.000000	-0.008881	-0.041325	-0.018465	0.245822	0.096933	-0.000999	0.004723	-0.018255	-0.200205	0.310659	-0.012735	-0.004381	-0.115662	-0.435648	-0.412403	-0.001289	-0.009809	-0.007833	0.032593	0.017398	-0.018497	0.032213	0.243461	0.388648	0.025900	-0.009376	-0.014636	0.018732	0.027139	0.003059	0.003302	0.046581	0.093852	0.295348	-0.024608	-0.045457	-0.278362	-0.998966	0.960476	-0.424799	-0.430183	0.000015	1.000000	-0.008881	-0.041325	-0.018465	0.245822	0.096933	-0.002444	0.002670	-0.018471	-0.196317	0.312248	-0.015703	0.001385	-0.081676	-0.373802	-0.413194	-0.015483	-0.012962	-0.001132	0.034666	-0.003495	-0.023136	0.034512	0.241052	0.423073	-0.041728	-0.013634	-0.015626	0.016921	0.025002	-0.011725	0.017205	0.046561	0.081531	0.287700	-0.065306	-0.224646	-0.103687	-0.974440	0.994610	-0.423439	-0.432651	
1.880793	1.893929	-0.301777	0.286349	-0.452854	1.085401	-1.535364	0.765739	-0.961456	0.146292	1.129019	-1.633821	0.000015	1.000000	-0.008881	-0.041325	-0.018465	0.245822	0.096933	-0.000999	0.004723	-0.018255	-0.200205	0.310659	-0.012735	-0.004381	-0.115662	-0.435648	-0.412403	-0.001289	-0.009809	-0.007833	0.032593	0.017398	-0.018497	0.032213	0.243461	0.388648	0.025900	-0.009376	-0.014636	0.018732	0.027139	0.003059	0.003302	0.046581	0.093852	0.295348	-0.024608	-0.045457	-0.278362	-0.998966	0.960476	-0.424799	-0.430183	0.000015	1.000000	-0.008881	-0.041325	-0.018465	0.245822	0.096933	-0.002444	0.002670	-0.018471	-0.196317	0.312248	-0.015703	0.001385	-0.081676	-0.373802	-0.413194	-0.015483	-0.012962	-0.001132	0.034666	-0.003495	-0.023136	0.034512	0.241052	0.423073	-0.041728	-0.013634	-0.015626	0.016921	0.025002	-0.011725	0.017205	0.046561	0.081531	0.287700	-0.065306	-0.224646	-0.103687	-0.974440	0.994610	-0.423439	-0.432651	0.000015	1.000000	-0.008881	-0.041325	-0.018465	0.245822	0.096933	-0.004817	0.000458	-0.018297	-0.192655	0.311040	-0.015036	0.007991	-0.051832	-0.316916	-0.424379	-0.012715	-0.011765	0.000585	0.027545	-0.019542	0.014088	0.036486	0.212545	0.449547	-0.093856	-0.015017	-0.010926	0.009911	0.029973	-0.028952	0.028559	0.038395	0.059857	0.267540	-0.086014	-0.396300	0.074449	-0.918121	0.997225	-0.424513	-0.432501	
1.808586	1.916767	-0.385497	0.245575	-0.405058	1.542671	-2.343968	0.834753	-1.437542	0.082622	0.758476	-2.385336	0.000015	1.000000	-0.008881	-0.041325	-0.018465	0.245822	0.096933	-0.002444	0.002670	-0.018471	-0.196317	0.312248	-0.015703	0.001385	-0.081676	-0.373802	-0.413194	-0.015483	-0.012962	-0.001132	0.034666	-0.003495	-0.023136	0.034512	0.241052	0.423073	-0.041728	-0.013634	-0.015626	0.016921	0.025002	-0.011725	0.017205	0.046561	0.081531	0.287700	-0.065306	-0.224646	-0.103687	-0.974440	0.994610	-0.423439	-0.432651	0.000015	1.000000	-0.008881	-0.041325	-0.018465	0.245822	0.096933	-0.004817	0.000458	-0.018297	-0.192655	0.311040	-0.015036	0.007991	-0.051832	-0.316916	-0.424379	-0.012715	-0.011765	0.000585	0.027545	-0.019542	0.014088	0.036486	0.212545	0.449547	-0.093856	-0.015017	-0.010926	0.009911	0.029973	-0.028952	0.028559	0.038395	0.059857	0.267540	-0.086014	-0.396300	0.074449	-0.918121	0.997225	-0.424513	-0.432501	0.000015	1.000000	-0.008881	-0.041325	-0.018465	0.245822	0.096933	-0.007376	-0.000623	-0.019498	-0.186422	0.306824	-0.010323	0.013795	-0.012494	-0.261337	-0.438684	-0.019069	-0.009435	-0.009015	0.026484	-0.048017	0.028279	0.038545	0.152465	0.447309	-0.136757	-0.016984	-0.005551	0.004320	0.040017	-0.047762	0.035329	0.018172	0.022712	0.228892	-0.096211	-0.551956	0.250291	-0.833873	0.968171	-0.435762	-0.431821	
1.679168	1.935112	-0.474850	0.225431	-0.614325	2.186077	-3.923371	1.000816	-1.691519	-0.493924	1.365050	-2.397393	0.000015	1.000000	-0.008881	-0.041325	-0.018465	0.245822	0.096933	-0.004817	0.000458	-0.018297	-0.192655	0.311040	-0.015036	0.007991	-0.051832	-0.316916	-0.424379	-0.012715	-0.011765	0.000585	0.027545	-0.019542	0.014088	0.036486	0.212545	0.449547	-0.093856	-0.015017	-0.010926	0.009911	0.029973	-0.028952	0.028559	0.038395	0.059857	0.267540	-0.086014	-0.396300	0.074449	-0.918121	0.997225	-0.424513	-0.432501	0.000015	1.000000	-0.008881	-0.041325	-0.018465	0.245822	0.096933	-0.007376	-0.000623	-0.019498	-0.186422	0.306824	-0.010323	0.013795	-0.012494	-0.261337	-0.438684	-0.019069	-0.009435	-0.009015	0.026484	-0.048017	0.028279	0.038545	0.152465	0.447309	-0.136757	-0.016984	-0.005551	0.004320	0.040017	-0.047762	0.035329	0.018172	0.022712	0.228892	-0.096211	-0.551956	0.250291	-0.833873	0.968171	-0.435762	-0.431821	0.000015	1.000000	-0.008881	-0.041325	-0.018465	0.245822	0.096933	-0.010432	-0.001388	-0.021773	-0.180643	0.297402	-0.004218	0.018114	0.007612	-0.180670	-0.456933	-0.028777	-0.004433	-0.018699	0.045222	-0.066219	0.040865	0.023047	0.093065	0.290401	-0.149073	-0.019707	-0.001104	0.000523	0.057367	-0.073481	0.041739	-0.007699	0.003845	0.159597	-0.113722	-0.685342	0.420082	-0.728222	0.907486	-0.457424	-0.424970	
1.408215	1.935663	-0.341224	0.031648	-0.891201	2.219728	-4.187875	0.808974	-1.603073	-0.446065	1.691631	-1.868914	0.000015	1.000000	-0.008881	-0.041325	-0.018465	0.245822	0.096933	-0.007376	-0.000623	-0.019498	-0.186422	0.306824	-0.010323	0.013795	-0.012494	-0.261337	-0.438684	-0.019069	-0.009435	-0.009015	0.026484	-0.048017	0.028279	0.038545	0.152465	0.447309	-0.136757	-0.016984	-0.005551	0.004320	0.040017	-0.047762	0.035329	0.018172	0.022712	0.228892	-0.096211	-0.551956	0.250291	-0.833873	0.968171	-0.435762	-0.431821	0.000015	1.000000	-0.008881	-0.041325	-0.018465	0.245822	0.096933	-0.010432	-0.001388	-0.021773	-0.180643	0.297402	-0.004218	0.018114	0.007612	-0.180670	-0.456933	-0.028777	-0.004433	-0.018699	0.045222	-0.066219	0.040865	0.023047	0.093065	0.290401	-0.149073	-0.019707	-0.001104	0.000523	0.057367	-0.073481	0.041739	-0.007699	0.003845	0.159597	-0.113722	-0.685342	0.420082	-0.728222	0.907486	-0.457424	-0.424970	0.000015	1.000000	-0.008881	-0.041325	-0.018465	0.245822	0.096933	-0.012376	-0.001662	-0.024870	-0.173841	0.285485	0.004127	0.019681	0.018442	-0.140643	-0.476893	-0.018930	-0.001490	-0.024204	0.042908	-0.111660	0.048754	0.004050	0.055021	0.244001	-0.169149	-0.024890	0.002553	-0.005600	0.083373	-0.120446	0.048414	-0.034652	-0.014398	0.140056	-0.129743	-0.791595	0.577785	-0.611046	0.816189	-0.496250	-0.419466	
1.275535	1.908669	-0.250614	-0.407783	-0.856737	1.041752	-2.734587	0.258272	-0.969160	-0.176218	1.464746	-0.028671	0.000015	1.000000	-0.008881	-0.041325	-0.018465	0.245822	0.096933	-0.010432	-0.001388	-0.021773	-0.180643	0.297402	-0.004218	0.018114	0.007612	-0.180670	-0.456933	-0.028777	-0.004433	-0.018699	0.045222	-0.066219	0.040865	0.023047	0.093065	0.290401	-0.149073	-0.019707	-0.001104	0.000523	0.057367	-0.073481	0.041739	-0.007699	0.003845	0.159597	-0.113722	-0.685342	0.420082	-0.728222	0.907486	-0.457424	-0.424970	0.000015	1.000000	-0.008881	-0.041325	-0.018465	0.245822	0.096933	-0.012376	-0.001662	-0.024870	-0.173841	0.285485	0.004127	0.019681	0.018442	-0.140643	-0.476893	-0.018930	-0.001490	-0.024204	0.042908	-0.111660	0.048754	0.004050	0.055021	0.244001	-0.169149	-0.024890	0.002553	-0.005600	0.083373	-0.120446	0.048414	-0.034652	-0.014398	0.140056	-0.129743	-0.791595	0.577785	-0.611046	0.816189	-0.496250	-0.419466	0.000015	1.000000	-0.008881	-0.041325	-0.018465	0.245822	0.096933	-0.016230	-0.001644	-0.028155	-0.164484	0.265653	0.013236	0.017030	0.021505	-0.108840	-0.510837	-0.030159	-0.000149	-0.008702	0.082808	-0.193674	0.061058	-0.032863	0.002710	0.216679	-0.169412	-0.026149	0.003010	-0.015670	0.107281	-0.163374	0.051429	-0.056025	-0.024146	0.133604	-0.123806	-0.865432	0.716153	-0.501026	0.697944	-0.577536	-0.419301	
1.290286	1.891582	-0.171268	-0.460928	-1.018793	0.259756	-1.438170	0.098864	-0.531167	-0.111760	1.649448	-0.110352	0.000015	1.000000	-0.008881	-0.041325	-0.018465	0.245822	0.096933	-0.012376	-0.001662	-0.024870	-0.173841	0.285485	0.004127	0.019681	0.018442	-0.140643	-0.476893	-0.018930	-0.001490	-0.024204	0.042908	-0.111660	0.048754	0.004050	0.055021	0.244001	-0.169149	-0.024890	0.002553	-0.005600	0.083373	-0.120446	0.048414	-0.034652	-0.014398	0.140056	-0.129743	-0.791595	0.577785	-0.611046	0.816189	-0.496250	-0.419466	0.000015	1.000000	-0.008881	-0.041325	-0.018465	0.245822	0.096933	-0.016230	-0.001644	-0.028155	-0.164484	0.265653	0.013236	0.017030	0.021505	-0.108840	-0.510837	-0.030159	-0.000149	-0.008702	0.082808	-0.193674	0.061058	-0.032863	0.002710	0.216679	-0.169412	-0.026149	0.003010	-0.015670	0.107281	-0.163374	0.051429	-0.056025	-0.024146	0.133604	-0.123806	-0.865432	0.716153	-0.501026	0.697944	-0.577536	-0.419301	0.000015	1.000000	-0.008881	-0.041325	-0.018465	0.245822	0.096933	-0.022478	-0.001600	-0.031502	-0.143298	0.237477	0.024460	0.014036	0.020009	-0.080354	-0.533014	-0.044543	-0.001876	-0.026693	0.116808	-0.264689	0.077992	-0.039230	-0.015781	0.177654	-0.169438	-0.023662	-0.003154	-0.025181	0.101729	-0.176236	0.044080	-0.067575	-0.025294	0.127100	-0.102060	-0.919295	0.829519	-0.393570	0.558478	-0.617340	-0.427399	
1.303673	1.873489	-0.231553	-0.387218	-1.084732	-0.046257	-0.433632	0.017863	-0.455370	-0.158447	1.758133	-0.341134	0.000015	1.000000	-0.008881	-0.041325	-0.018465	0.245822	0.096933	-0.016230	-0.001644	-0.028155	-0.164484	0.265653	0.013236	0.017030	0.021505	-0.108840	-0.510837	-0.030159	-0.000149	-0.008702	0.082808	-0.193674	0.061058	-0.032863	0.002710	0.216679	-0.169412	-0.026149	0.003010	-0.015670	0.107281	-0.163374	0.051429	-0.056025	-0.024146	0.133604	-0.123806	-0.865432	0.716153	-0.501026	0.697944	-0.577536	-0.419301	0.000015	1.000000	-0.008881	-0.041325	-0.018465	0.245822	0.096933	-0.022478	-0.001600	-0.031502	-0.143298	0.237477	0.024460	0.014036	0.020009	-0.080354	-0.533014	-0.044543	-0.001876	-0.026693	0.116808	-0.264689	0.077992	-0.039230	-0.015781	0.177654	-0.169438	-0.023662	-0.003154	-0.025181	0.101729	-0.176236	0.044080	-0.067575	-0.025294	0.127100	-0.102060	-0.919295	0.829519	-0.393570	0.558478	-0.617340	-0.427399	0.000015	1.000000	-0.008881	-0.041325	-0.018465	0.245822	0.096933	-0.029350	-0.001802	-0.036000	-0.127017	0.188149	0.037659	0.006643	0.017893	-0.040585	-0.554655	-0.052611	-0.001351	-0.037566	0.112880	-0.234102	0.068170	-0.050102	-0.012396	0.193643	-0.158972	-0.019355	-0.009853	-0.035934	0.089336	-0.148437	0.032362	-0.068134	-0.024851	0.112023	-0.082070	-0.960181	0.915266	-0.279380	0.402851	-0.612914	-0.432525	
1.405074	1.841174	-0.279371	-0.314743	-1.169554	-0.408770	0.401202	-0.011596	-0.276827	-0.350157	1.432468	0.020746	0.000015	1.000000	-0.008881	-0.041325	-0.018465	0.245822	0.096933	-0.022478	-0.001600	-0.031502	-0.143298	0.237477	0.024460	0.014036	0.020009	-0.080354	-0.533014	-0.044543	-0.001876	-0.026693	0.116808	-0.264689	0.077992	-0.039230	-0.015781	0.177654	-0.169438	-0.023662	-0.003154	-0.025181	0.101729	-0.176236	0.044080	-0.067575	-0.025294	0.127100	-0.102060	-0.919295	0.829519	-0.393570	0.558478	-0.617340	-0.427399	0.000015	1.000000	-0.008881	-0.041325	-0.018465	0.245822	0.096933	-0.029350	-0.001802	-0.036000	-0.127017	0.188149	0.037659	0.006643	0.017893	-0.040585	-0.554655	-0.052611	-0.001351	-0.037566	0.112880	-0.234102	0.068170	-0.050102	-0.012396	0.193643	-0.158972	-0.019355	-0.009853	-0.035934	0.089336	-0.148437	0.032362	-0.068134	-0.024851	0.112023	-0.082070	-0.960181	0.915266	-0.279380	0.402851	-0.612914	-0.432525	0.000015	1.000000	-0.008881	-0.041325	-0.018465	0.245822	0.096933	-0.035716	-0.002520	-0.042546	-0.113946	0.156182	0.043570	-0.001944	0.015652	-0.013826	-0.570955	-0.047486	-0.006067	-0.059242	0.088758	-0.219528	0.037526	-0.051073	-0.019735	0.172908	-0.116748	-0.016468	-0.014952	-0.045688	0.075570	-0.122987	0.026719	-0.066390	-0.024991	0.111683	-0.070897	-0.987218	0.971873	-0.159376	0.235506	-0.608898	-0.437953	
1.464988	1.809697	-0.278811	-0.198864	-1.138624	-0.501215	0.958442	-0.025920	-0.113238	-0.421105	1.085067	0.096167	0.000015	1.000000	-0.008881	-0.041325	-0.018465	0.245822	0.096933	-0.029350	-0.001802	-0.036000	-0.127017	0.188149	0.037659	0.006643	0.017893	-0.040585	-0.554655	-0.052611	-0.001351	-0.037566	0.112880	-0.234102	0.068170	-0.050102	-0.012396	0.193643	-0.158972	-0.019355	-0.009853	-0.035934	0.089336	-0.148437	0.032362	-0.068134	-0.024851	0.112023	-0.082070	-0.960181	0.915266	-0.279380	0.402851	-0.612914	-0.432525	0.000015	1.000000	-0.008881	-0.041325	-0.018465	0.245822	0.096933	-0.035716	-0.002520	-0.042546	-0.113946	0.156182	0.043570	-0.001944	0.015652	-0.013826	-0.570955	-0.047486	-0.006067	-0.059242	0.088758	-0.219528	0.037526	-0.051073	-0.019735	0.172908	-0.116748	-0.016468	-0.014952	-0.045688	0.075570	-0.122987	0.026719	-0.066390	-0.024991	0.111683	-0.070897	-0.987218	0.971873	-0.159376	0.235506	-0.608898	-0.437953	0.000015	1.000000	-0.008881	-0.041325	-0.018465	0.245822	0.096933	-0.042054	-0.004328	-0.058783	-0.102923	0.130838	0.049987	-0.010042	0.013241	0.008199	-0.591566	-0.031619	-0.017939	-0.099097	0.076924	-0.182127	0.020503	-0.040585	-0.012093	0.172928	-0.086702	-0.014317	-0.017863	-0.046982	0.058419	-0.091629	0.020128	-0.062441	-0.027829	0.111131	-0.049975	-0.999616	0.997932	-0.027719	0.064284	-0.578478	-0.447648	
1.451405	1.810620	-0.088557	-0.020020	-1.088410	-0.348871	1.571667	0.020702	-0.075513	-0.627747	1.021330	-0.539330	0.000015	1.000000	-0.008881	-0.041325	-0.018465	0.245822	0.096933	-0.035716	-0.002520	-0.042546	-0.113946	0.156182	0.043570	-0.001944	0.015652	-0.013826	-0.570955	-0.047486	-0.006067	-0.059242	0.088758	-0.219528	0.037526	-0.051073	-0.019735	0.172908	-0.116748	-0.016468	-0.014952	-0.045688	0.075570	-0.122987	0.026719	-0.066390	-0.024991	0.111683	-0.070897	-0.987218	0.971873	-0.159376	0.235506	-0.608898	-0.437953	0.000015	1.000000	-0.008881	-0.041325	-0.018465	0.245822	0.096933	-0.042054	-0.004328	-0.058783	-0.102923	0.130838	0.049987	-0.010042	0.013241	0.008199	-0.591566	-0.031619	-0.017939	-0.099097	0.076924	-0.182127	0.020503	-0.040585	-0.012093	0.172928	-0.086702	-0.014317	-0.017863	-0.046982	0.058419	-0.091629	0.020128	-0.062441	-0.027829	0.111131	-0.049975	-0.999616	0.997932	-0.027719	0.064284	-0.578478	-0.447648	0.000015	1.000000	-0.008881	-0.041325	-0.018465	0.245822	0.096933	-0.046448	-0.005853	-0.073009	-0.087947	0.111399	0.053887	-0.016638	0.007791	0.030852	-0.601044	-0.018865	-0.020173	-0.109015	0.058990	-0.134766	0.023686	-0.033720	-0.047272	0.154086	-0.047754	-0.014110	-0.019324	-0.049854	0.035918	-0.057799	0.015839	-0.057545	-0.028702	0.104771	-0.039053	-0.993902	0.994345	0.110263	-0.106201	-0.560503	-0.457091	
1.337427	1.812421	0.197226	0.225151	-0.776834	-0.214203	2.655286	-0.018186	-0.101600	-0.982668	0.765023	-0.962905	0.000015	1.000000	-0.008881	-0.041325	-0.018465	0.245822	0.096933	-0.042054	-0.004328	-0.058783	-0.102923	0.130838	0.049987	-0.010042	0.013241	0.008199	-0.591566	-0.031619	-0.017939	-0.099097	0.076924	-0.182127	0.020503	-0.040585	-0.012093	0.172928	-0.086702	-0.014317	-0.017863	-0.046982	0.058419	-0.091629	0.020128	-0.062441	-0.027829	0.111131	-0.049975	-0.999616	0.997932	-0.027719	0.064284	-0.578478	-0.447648	0.000015	1.000000	-0.008881	-0.041325	-0.018465	0.245822	0.096933	-0.046448	-0.005853	-0.073009	-0.087947	0.111399	0.053887	-0.016638	0.007791	0.030852	-0.601044	-0.018865	-0.020173	-0.109015	0.058990	-0.134766	0.023686	-0.033720	-0.047272	0.154086	-0.047754	-0.014110	-0.019324	-0.049854	0.035918	-0.057799	0.015839	-0.057545	-0.028702	0.104771	-0.039053	-0.993902	0.994345	0.110263	-0.106201	-0.560503	-0.457091	0.000015	1.000000	-0.008881	-0.041325	-0.018465	0.245822	0.096933	-0.050404	-0.008606	-0.087801	-0.081753	0.090087	0.057745	-0.021915	0.002944	0.050431	-0.602770	-0.030153	-0.018419	-0.121174	0.039748	-0.065821	0.036218	-0.031056	-0.039275	0.073337	-0.016291	-0.011482	-0.016872	-0.051384	0.024492	-0.012917	0.012291	-0.053401	-0.033270	0.100508	-0.045415	-0.969589	0.961876	0.244740	-0.273486	-0.564578	-0.456814	
1.219841	1.798352	0.380182	0.360186	-0.340237	-0.105651	3.207107	-0.151848	-0.194398	-1.009921	0.369272	-0.764729	0.000015	1.000000	-0.008881	-0.041325	-0.018465	0.245822	0.096933	-0.046448	-0.005853	-0.073009	-0.087947	0.111399	0.053887	-0.016638	0.007791	0.030852	-0.601044	-0.018865	-0.020173	-0.109015	0.058990	-0.134766	0.023686	-0.033720	-0.047272	0.154086	-0.047754	-0.014110	-0.019324	-0.049854	0.035918	-0.057799	0.015839	-0.057545	-0.028702	0.104771	-0.039053	-0.993902	0.994345	0.110263	-0.106201	-0.560503	-0.457091	0.000015	1.000000	-0.008881	-0.041325	-0.018465	0.245822	0.096933	-0.050404	-0.008606	-0.087801	-0.081753	0.090087	0.057745	-0.021915	0.002944	0.050431	-0.602770	-0.030153	-0.018419	-0.121174	0.039748	-0.065821	0.036218	-0.031056	-0.039275	0.073337	-0.016291	-0.011482	-0.016872	-0.051384	0.024492	-0.012917	0.012291	-0.053401	-0.033270	0.100508	-0.045415	-0.969589	0.961876	0.244740	-0.273486	-0.564578	-0.456814	0.000015	1.000000	-0.008881	-0.041325	-0.018465	0.245822	0.096933	-0.053086	-0.011240	-0.103530	-0.077824	0.083596	0.062975	-0.026032	-0.001611	0.060478	-0.604497	-0.034771	-0.016033	-0.112968	0.028402	-0.014957	0.027700	-0.020786	-0.038824	0.040136	-0.012447	-0.005845	-0.010863	-0.047295	0.017353	0.033362	0.006788	-0.050806	-0.043438	0.101924	-0.058117	-0.931177	0.901467	0.364566	-0.432848	-0.598772	-0.456274	
1.121890	1.782129	0.375308	0.381986	0.000912	-0.425225	2.990961	-0.216607	-0.120235	-0.866908	-0.104092	-0.336812	0.000015	1.000000	-0.008881	-0.041325	-0.018465	0.245822	0.096933	-0.050404	-0.008606	-0.087801	-0.081753	0.090087	0.057745	-0.021915	0.002944	0.050431	-0.602770	-0.030153	-0.018419	-0.121174	0.039748	-0.065821	0.036218	-0.031056	-0.039275	0.073337	-0.016291	-0.011482	-0.016872	-0.051384	0.024492	-0.012917	0.012291	-0.053401	-0.033270	0.100508	-0.045415	-0.969589	0.961876	0.244740	-0.273486	-0.564578	-0.456814	0.000015	1.000000	-0.008881	-0.041325	-0.018465	0.245822	0.096933	-0.053086	-0.011240	-0.103530	-0.077824	0.083596	0.062975	-0.026032	-0.001611	0.060478	-0.604497	-0.034771	-0.016033	-0.112968	0.028402	-0.014957	0.027700	-0.020786	-0.038824	0.040136	-0.012447	-0.005845	-0.010863	-0.047295	0.017353	0.033362	0.006788	-0.050806	-0.043438	0.101924	-0.058117	-0.931177	0.901467	0.364566	-0.432848	-0.598772	-0.456274	0.000015	1.000000	-0.008881	-0.041325	-0.018465	0.245822	0.096933	-0.056966	-0.013270	-0.127541	-0.076021	0.086320	0.064724	-0.029118	-0.006812	0.066728	-0.608743	-0.038373	-0.014631	-0.097142	0.009819	0.038984	0.005213	-0.019759	-0.038779	0.039259	-0.036141	0.003748	-0.003422	-0.028396	0.013963	0.078821	0.002758	-0.050641	-0.053411	0.101222	-0.065359	-0.883123	0.815380	0.469142	-0.578926	-0.634048	-0.460495	
1.095325	1.786872	0.294325	0.288841	0.161086	-0.746084	2.220764	-0.116941	0.021194	-0.793421	0.006151	-0.453838	0.000015	1.000000	-0.008881	-0.041325	-0.018465	0.245822	0.096933	-0.053086	-0.011240	-0.103530	-0.077824	0.083596	0.062975	-0.026032	-0.001611	0.060478	-0.604497	-0.034771	-0.016033	-0.112968	0.028402	-0.014957	0.027700	-0.020786	-0.038824	0.040136	-0.012447	-0.005845	-0.010863	-0.047295	0.017353	0.033362	0.006788	-0.050806	-0.043438	0.101924	-0.058117	-0.931177	0.901467	0.364566	-0.432848	-0.598772	-0.456274	0.000015	1.000000	-0.008881	-0.041325	-0.018465	0.245822	0.096933	-0.056966	-0.013270	-0.127541	-0.076021	0.086320	0.064724	-0.029118	-0.006812	0.066728	-0.608743	-0.038373	-0.014631	-0.097142	0.009819	0.038984	0.005213	-0.019759	-0.038779	0.039259	-0.036141	0.003748	-0.003422	-0.028396	0.013963	0.078821	0.002758	-0.050641	-0.053411	0.101222	-0.065359	-0.883123	0.815380	0.469142	-0.578926	-0.634048	-0.460495	0.000015	1.000000	-0.008881	-0.041325	-0.018465	0.245822	0.096933	-0.058688	-0.014750	-0.140631	-0.075685	0.098012	0.065220	-0.030954	-0.015704	0.071541	-0.613616	-0.001395	-0.011350	-0.079507	0.003774	0.115916	-0.002968	-0.018843	-0.053780	0.035682	-0.046886	0.011092	0.003781	-0.015292	0.007255	0.111940	-0.000982	-0.050606	-0.057507	0.094850	-0.065533	-0.828749	0.707267	0.559620	-0.706946	-0.663433	-0.465361	
1.173832	1.800030	0.176661	0.133571	0.264318	-1.058056	1.836342	0.027217	0.237187	-0.699487	0.093109	-1.186965	0.000015	1.000000	-0.008881	-0.041325	-0.018465	0.245822	0.096933	-0.056966	-0.013270	-0.127541	-0.076021	0.086320	0.064724	-0.029118	-0.006812	0.066728	-0.608743	-0.038373	-0.014631	-0.097142	0.009819	0.038984	0.005213	-0.019759	-0.038779	0.039259	-0.036141	0.003748	-0.003422	-0.028396	0.013963	0.078821	0.002758	-0.050641	-0.053411	0.101222	-0.065359	-0.883123	0.815380	0.469142	-0.578926	-0.634048	-0.460495	0.000015	1.000000	-0.008881	-0.041325	-0.018465	0.245822	0.096933	-0.058688	-0.014750	-0.140631	-0.075685	0.098012	0.065220	-0.030954	-0.015704	0.071541	-0.613616	-0.001395	-0.011350	-0.079507	0.003774	0.115916	-0.002968	-0.018843	-0.053780	0.035682	-0.046886	0.011092	0.003781	-0.015292	0.007255	0.111940	-0.000982	-0.050606	-0.057507	0.094850	-0.065533	-0.828749	0.707267	0.559620	-0.706946	-0.663433	-0.465361	0.000015	1.000000	-0.008881	-0.041325	-0.018465	0.245822	0.096933	-0.057239	-0.015224	-0.149914	-0.075520	0.125723	0.066215	-0.033786	-0.022450	0.082560	-0.619631	0.019402	-0.001717	-0.070764	0.003867	0.142802	0.007729	-0.016541	-0.045509	0.054866	-0.055986	0.014060	0.008589	-0.003592	-0.004106	0.117558	-0.003733	-0.047457	-0.062668	0.083923	-0.066329	-0.766634	0.578694	0.642085	-0.815545	-0.671402	-0.463938	
1.217370	1.835531	0.128341	0.063723	0.239192	-1.070135	1.911263	0.086928	0.320768	-0.591870	0.273270	-1.965054	0.000015	1.000000	-0.008881	-0.041325	-0.018465	0.245822	0.096933	-0.058688	-0.014750	-0.140631	-0.075685	0.098012	0.065220	-0.030954	-0.015704	0.071541	-0.613616	-0.001395	-0.011350	-0.079507	0.003774	0.115916	-0.002968	-0.018843	-0.053780	0.035682	-0.046886	0.011092	0.003781	-0.015292	0.007255	0.111940	-0.000982	-0.050606	-0.057507	0.094850	-0.065533	-0.828749	0.707267	0.559620	-0.706946	-0.663433	-0.465361	0.000015	1.000000	-0.008881	-0.041325	-0.018465	0.245822	0.096933	-0.057239	-0.015224	-0.149914	-0.075520	0.125723	0.066215	-0.033786	-0.022450	0.082560	-0.619631	0.019402	-0.001717	-0.070764	0.003867	0.142802	0.007729	-0.016541	-0.045509	0.054866	-0.055986	0.014060	0.008589	-0.003592	-0.004106	0.117558	-0.003733	-0.047457	-0.062668	0.083923	-0.066329	-0.766634	0.578694	0.642085	-0.815545	-0.671402	-0.463938	0.000015	1.000000	-0.008881	-0.041325	-0.018465	0.245822	0.096933	-0.053483	-0.015141	-0.157417	-0.075851	0.148907	0.067408	-0.036169	-0.028670	0.089465	-0.627256	0.025670	-0.000172	-0.059421	-0.001009	0.171314	0.011591	-0.011541	-0.047822	0.042826	-0.061084	0.012952	0.010508	0.007872	-0.019629	0.121889	-0.004518	-0.041519	-0.066929	0.078413	-0.076490	-0.691142	0.432856	0.722719	-0.901463	-0.647850	-0.459991	
1.351514	1.880499	0.130657	0.015560	0.173250	-0.875460	1.569830	0.034534	0.368164	-0.482972	0.380783	-2.809818	0.000015	1.000000	-0.008881	-0.041325	-0.018465	0.245822	0.096933	-0.057239	-0.015224	-0.149914	-0.075520	0.125723	0.066215	-0.033786	-0.022450	0.082560	-0.619631	0.019402	-0.001717	-0.070764	0.003867	0.142802	0.007729	-0.016541	-0.045509	0.054866	-0.055986	0.014060	0.008589	-0.003592	-0.004106	0.117558	-0.003733	-0.047457	-0.062668	0.083923	-0.066329	-0.766634	0.578694	0.642085	-0.815545	-0.671402	-0.463938	0.000015	1.000000	-0.008881	-0.041325	-0.018465	0.245822	0.096933	-0.053483	-0.015141	-0.157417	-0.075851	0.148907	0.067408	-0.036169	-0.028670	0.089465	-0.627256	0.025670	-0.000172	-0.059421	-0.001009	0.171314	0.011591	-0.011541	-0.047822	0.042826	-0.061084	0.012952	0.010508	0.007872	-0.019629	0.121889	-0.004518	-0.041519	-0.066929	0.078413	-0.076490	-0.691142	0.432856	0.722719	-0.901463	-0.647850	-0.459991	0.000015	1.000000	-0.008881	-0.041325	-0.018465	0.245822	0.096933	-0.048782	-0.014680	-0.166551	-0.077832	0.172059	0.068010	-0.037615	-0.035876	0.094942	-0.641697	0.028390	0.005799	-0.041536	-0.019992	0.179748	-0.002331	-0.005342	-0.066200	0.038132	-0.070667	0.010176	0.011003	0.020593	-0.033699	0.127403	-0.003816	-0.035262	-0.068601	0.077035	-0.091520	-0.603872	0.271245	0.797082	-0.962510	-0.634789	-0.449341	
1.572987	1.913121	0.138287	0.058968	0.253988	-0.898521	0.973443	-0.045618	0.615760	-0.399762	0.077415	-3.955724	0.000015	1.000000	-0.008881	-0.041325	-0.018465	0.245822	0.096933	-0.053483	-0.015141	-0.157417	-0.075851	0.148907	0.067408	-0.036169	-0.028670	0.089465	-0.627256	0.025670	-0.000172	-0.059421	-0.001009	0.171314	0.011591	-0.011541	-0.047822	0.042826	-0.061084	0.012952	0.010508	0.007872	-0.019629	0.121889	-0.004518	-0.041519	-0.066929	0.078413	-0.076490	-0.691142	0.432856	0.722719	-0.901463	-0.647850	-0.459991	0.000015	1.000000	-0.008881	-0.041325	-0.018465	0.245822	0.096933	-0.048782	-0.014680	-0.166551	-0.077832	0.172059	0.068010	-0.037615	-0.035876	0.094942	-0.641697	0.028390	0.005799	-0.041536	-0.019992	0.179748	-0.002331	-0.005342	-0.066200	0.038132	-0.070667	0.010176	0.011003	0.020593	-0.033699	0.127403	-0.003816	-0.035262	-0.068601	0.077035	-0.091520	-0.603872	0.271245	0.797082	-0.962510	-0.634789	-0.449341	0.000015	1.000000	-0.008881	-0.041325	-0.018465	0.245822	0.096933	-0.043310	-0.014273	-0.171043	-0.083656	0.196221	0.068567	-0.038220	-0.049821	0.100133	-0.654521	0.029709	0.006163	-0.022649	-0.035500	0.196644	0.002908	-0.006001	-0.083392	0.041850	-0.091516	0.006664	0.010829	0.027685	-0.041008	0.126791	-0.003855	-0.029135	-0.061900	0.077557	-0.120849	-0.497709	0.097276	0.867344	-0.995257	-0.594546	-0.435850	
1.808290	1.895961	0.366960	0.530529	0.400916	-1.652407	1.521177	-0.359531	0.951502	-0.639603	-2.317163	-3.946533	0.000015	1.000000	-0.008881	-0.041325	-0.018465	0.245822	0.096933	-0.048782	-0.014680	-0.166551	-0.077832	0.172059	0.068010	-0.037615	-0.035876	0.094942	-0.641697	0.028390	0.005799	-0.041536	-0.019992	0.179748	-0.002331	-0.005342	-0.066200	0.038132	-0.070667	0.010176	0.011003	0.020593	-0.033699	0.127403	-0.003816	-0.035262	-0.068601	0.077035	-0.091520	-0.603872	0.271245	0.797082	-0.962510	-0.634789	-0.449341	0.000015	1.000000	-0.008881	-0.041325	-0.018465	0.245822	0.096933	-0.043310	-0.014273	-0.171043	-0.083656	0.196221	0.068567	-0.038220	-0.049821	0.100133	-0.654521	0.029709	0.006163	-0.022649	-0.035500	0.196644	0.002908	-0.006001	-0.083392	0.041850	-0.091516	0.006664	0.010829	0.027685	-0.041008	0.126791	-0.003855	-0.029135	-0.061900	0.077557	-0.120849	-0.497709	0.097276	0.867344	-0.995257	-0.594546	-0.435850	0.000015	1.000000	-0.008881	-0.041325	-0.018465	0.245822	0.096933	-0.039599	-0.013626	-0.173153	-0.089401	0.233139	0.069357	-0.038405	-0.061213	0.105460	-0.670342	0.014487	0.003408	-0.008895	-0.039842	0.169719	0.004478	-0.003392	-0.082668	0.005232	-0.134080	0.005027	0.011067	0.033606	-0.048746	0.104481	-0.005329	-0.019709	-0.056507	0.073391	-0.164388	-0.364081	-0.082854	0.931367	-0.996562	-0.528104	-0.426064	
1.887010	1.859022	0.397461	0.913260	0.632713	-2.145946	1.750316	-0.635568	1.110460	-1.286924	-6.079080	-1.696805	0.000015	1.000000	-0.008881	-0.041325	-0.018465	0.245822	0.096933	-0.043310	-0.014273	-0.171043	-0.083656	0.196221	0.068567	-0.038220	-0.049821	0.100133	-0.654521	0.029709	0.006163	-0.022649	-0.035500	0.196644	0.002908	-0.006001	-0.083392	0.041850	-0.091516	0.006664	0.010829	0.027685	-0.041008	0.126791	-0.003855	-0.029135	-0.061900	0.077557	-0.120849	-0.497709	0.097276	0.867344	-0.995257	-0.594546	-0.435850	0.000015	1.000000	-0.008881	-0.041325	-0.018465	0.245822	0.096933	-0.039599	-0.013626	-0.173153	-0.089401	0.233139	0.069357	-0.038405	-0.061213	0.105460	-0.670342	0.014487	0.003408	-0.008895	-0.039842	0.169719	0.004478	-0.003392	-0.082668	0.005232	-0.134080	0.005027	0.011067	0.033606	-0.048746	0.104481	-0.005329	-0.019709	-0.056507	0.073391	-0.164388	-0.364081	-0.082854	0.931367	-0.996562	-0.528104	-0.426064	0.000015	1.000000	-0.008881	-0.041325	-0.018465	0.245822	0.096933	-0.037790	-0.012729	-0.172848	-0.095930	0.256153	0.070702	-0.038079	-0.070471	0.107544	-0.692699	0.012615	0.002318	0.007137	-0.052141	0.155161	0.005333	0.002453	-0.067242	0.007502	-0.196265	0.008719	0.018122	0.039310	-0.066983	0.104266	-0.012063	-0.005774	-0.056836	0.036578	-0.201182	-0.200977	-0.258527	0.979596	-0.966004	-0.457513	-0.431212	
1.918583	1.809684	0.291347	0.748243	0.768394	-2.463701	1.904216	-1.166011	1.229777	-2.136878	-8.516844	2.170807	0.000015	1.000000	-0.008881	-0.041325	-0.018465	0.245822	0.096933	-0.039599	-0.013626	-0.173153	-0.089401	0.233139	0.069357	-0.038405	-0.061213	0.105460	-0.670342	0.014487	0.003408	-0.008895	-0.039842	0.169719	0.004478	-0.003392	-0.082668	0.005232	-0.134080	0.005027	0.011067	0.033606	-0.048746	0.104481	-0.005329	-0.019709	-0.056507	0.073391	-0.164388	-0.364081	-0.082854	0.931367	-0.996562	-0.528104	-0.426064	0.000015	1.000000	-0.008881	-0.041325	-0.018465	0.245822	0.096933	-0.037790	-0.012729	-0.172848	-0.095930	0.256153	0.070702	-0.038079	-0.070471	0.107544	-0.692699	0.012615	0.002318	0.007137	-0.052141	0.155161	0.005333	0.002453	-0.067242	0.007502	-0.196265	0.008719	0.018122	0.039310	-0.066983	0.104266	-0.012063	-0.005774	-0.056836	0.036578	-0.201182	-0.200977	-0.258527	0.979596	-0.966004	-0.457513	-0.431212	0.000015	1.000000	-0.008881	-0.041325	-0.018465	0.245822	0.096933	-0.035538	-0.011257	-0.167771	-0.105645	0.276266	0.071044	-0.035994	-0.079011	0.106845	-0.736768	0.012428	0.006746	0.026537	-0.087220	0.149867	0.002278	0.022928	-0.054881	-0.020885	-0.238775	0.012427	0.030344	0.043720	-0.089447	0.110400	-0.021935	0.008792	-0.067594	-0.053880	-0.182556	-0.024565	-0.422903	0.999698	-0.906175	-0.433897	-0.442293	
1.948096	1.800408	0.242441	0.605183	0.876850	-2.446612	1.913501	-1.450121	1.360675	-2.886670	-9.443083	4.749198	0.000015	1.000000	-0.008881	-0.041325	-0.018465	0.245822	0.096933	-0.037790	-0.012729	-0.172848	-0.095930	0.256153	0.070702	-0.038079	-0.070471	0.107544	-0.692699	0.012615	0.002318	0.007137	-0.052141	0.155161	0.005333	0.002453	-0.067242	0.007502	-0.196265	0.008719	0.018122	0.039310	-0.066983	0.104266	-0.012063	-0.005774	-0.056836	0.036578	-0.201182	-0.200977	-0.258527	0.979596	-0.966004	-0.457513	-0.431212	0.000015	1.000000	-0.008881	-0.041325	-0.018465	0.245822	0.096933	-0.035538	-0.011257	-0.167771	-0.105645	0.276266	0.071044	-0.035994	-0.079011	0.106845	-0.736768	0.012428	0.006746	0.026537	-0.087220	0.149867	0.002278	0.022928	-0.054881	-0.020885	-0.238775	0.012427	0.030344	0.043720	-0.089447	0.110400	-0.021935	0.008792	-0.067594	-0.053880	-0.182556	-0.024565	-0.422903	0.999698	-0.906175	-0.433897	-0.442293	0.000015	1.000000	-0.008881	-0.041325	-0.018465	0.245822	0.096933	-0.032471	-0.008749	-0.162539	-0.127508	0.297300	0.070555	-0.032911	-0.092666	0.096164	-0.773256	0.025321	0.014517	0.032665	-0.085494	0.163296	-0.008845	0.022998	-0.073885	-0.104335	-0.263266	0.013732	0.039068	0.050023	-0.104567	0.117950	-0.038949	0.024170	-0.086015	-0.171045	-0.113482	0.155751	-0.570678	0.987796	-0.821174	-0.424425	-0.457095	
1.957110	1.800124	0.103003	0.348822	0.908203	-1.770082	1.809757	-1.387853	1.267015	-3.244492	-9.694006	6.477430	0.000015	1.000000	-0.008881	-0.041325	-0.018465	0.245822	0.096933	-0.035538	-0.011257	-0.167771	-0.105645	0.276266	0.071044	-0.035994	-0.079011	0.106845	-0.736768	0.012428	0.006746	0.026537	-0.087220	0.149867	0.002278	0.022928	-0.054881	-0.020885	-0.238775	0.012427	0.030344	0.043720	-0.089447	0.110400	-0.021935	0.008792	-0.067594	-0.053880	-0.182556	-0.024565	-0.422903	0.999698	-0.906175	-0.433897	-0.442293	0.000015	1.000000	-0.008881	-0.041325	-0.018465	0.245822	0.096933	-0.032471	-0.008749	-0.162539	-0.127508	0.297300	0.070555	-0.032911	-0.092666	0.096164	-0.773256	0.025321	0.014517	0.032665	-0.085494	0.163296	-0.008845	0.022998	-0.073885	-0.104335	-0.263266	0.013732	0.039068	0.050023	-0.104567	0.117950	-0.038949	0.024170	-0.086015	-0.171045	-0.113482	0.155751	-0.570678	0.987796	-0.821174	-0.424425	-0.457095	0.000015	1.000000	-0.008881	-0.041325	-0.018465	0.245822	0.096933	-0.028949	-0.004960	-0.156355	-0.137866	0.321088	0.068058	-0.027650	-0.106593	0.067468	-0.798656	0.039871	0.022041	0.036767	-0.071014	0.117180	-0.020078	0.048247	-0.120104	-0.222952	-0.161026	0.013851	0.044365	0.057003	-0.130939	0.122889	-0.058223	0.039336	-0.115426	-0.284118	-0.016782	0.333629	-0.701259	0.942704	-0.712906	-0.415571	-0.459877	
1.958226	1.846302	0.124555	0.270482	0.698587	-0.917805	0.774611	-0.979260	1.077600	-3.234712	-9.713124	6.828970	0.000015	1.000000	-0.008881	-0.041325	-0.018465	0.245822	0.096933	-0.032471	-0.008749	-0.162539	-0.127508	0.297300	0.070555	-0.032911	-0.092666	0.096164	-0.773256	0.025321	0.014517	0.032665	-0.085494	0.163296	-0.008845	0.022998	-0.073885	-0.104335	-0.263266	0.013732	0.039068	0.050023	-0.104567	0.117950	-0.038949	0.024170	-0.086015	-0.171045	-0.113482	0.155751	-0.570678	0.987796	-0.821174	-0.424425	-0.457095	0.000015	1.000000	-0.008881	-0.041325	-0.018465	0.245822	0.096933	-0.028949	-0.004960	-0.156355	-0.137866	0.321088	0.068058	-0.027650	-0.106593	0.067468	-0.798656	0.039871	0.022041	0.036767	-0.071014	0.117180	-0.020078	0.048247	-0.120104	-0.222952	-0.161026	0.013851	0.044365	0.057003	-0.130939	0.122889	-0.058223	0.039336	-0.115426	-0.284118	-0.016782	0.333629	-0.701259	0.942704	-0.712906	-0.415571	-0.459877	0.000015	1.000000	-0.008881	-0.041325	-0.018465	0.245822	0.096933	-0.024973	-0.001375	-0.152404	-0.149195	0.340337	0.061791	-0.023867	-0.129177	0.025354	-0.808632	0.015154	0.016163	0.018682	-0.085618	0.147814	-0.041790	0.039721	-0.200799	-0.385566	-0.007030	0.011420	0.046011	0.066672	-0.146156	0.130781	-0.072770	0.054555	-0.141499	-0.387385	0.090335	0.500838	-0.811542	0.865541	-0.584295	-0.412867	-0.459963	
1.950463	1.805820	-0.023608	-0.227631	0.561505	-0.102139	0.296679	-0.450762	0.420158	-2.804874	-9.608066	6.348972	0.000015	1.000000	-0.008881	-0.041325	-0.018465	0.245822	0.096933	-0.028949	-0.004960	-0.156355	-0.137866	0.321088	0.068058	-0.027650	-0.106593	0.067468	-0.798656	0.039871	0.022041	0.036767	-0.071014	0.117180	-0.020078	0.048247	-0.120104	-0.222952	-0.161026	0.013851	0.044365	0.057003	-0.130939	0.122889	-0.058223	0.039336	-0.115426	-0.284118	-0.016782	0.333629	-0.701259	0.942704	-0.712906	-0.415571	-0.459877	0.000015	1.000000	-0.008881	-0.041325	-0.018465	0.245822	0.096933	-0.024973	-0.001375	-0.152404	-0.149195	0.340337	0.061791	-0.023867	-0.129177	0.025354	-0.808632	0.015154	0.016163	0.018682	-0.085618	0.147814	-0.041790	0.039721	-0.200799	-0.385566	-0.007030	0.011420	0.046011	0.066672	-0.146156	0.130781	-0.072770	0.054555	-0.141499	-0.387385	0.090335	0.500838	-0.811542	0.865541	-0.584295	-0.412867	-0.459963	0.000015	1.000000	-0.008881	-0.041325	-0.018465	0.245822	0.096933	-0.022627	0.001256	-0.146646	-0.163553	0.359745	0.052540	-0.016334	-0.161635	-0.031318	-0.800109	0.009193	0.011853	0.035369	-0.135584	0.151924	-0.067690	0.049919	-0.281104	-0.564095	0.130158	0.010942	0.047436	0.071392	-0.145564	0.122992	-0.078207	0.063184	-0.157559	-0.476400	0.184241	0.651161	-0.900442	0.758940	-0.434977	-0.412532	-0.446109	
1.948467	1.491409	-0.078147	-0.390738	0.936293	-0.419663	0.101405	-0.270670	-0.325328	-1.750966	-9.229709	4.731931	0.000015	1.000000	-0.008881	-0.041325	-0.018465	0.245822	0.096933	-0.024973	-0.001375	-0.152404	-0.149195	0.340337	0.061791	-0.023867	-0.129177	0.025354	-0.808632	0.015154	0.016163	0.018682	-0.085618	0.147814	-0.041790	0.039721	-0.200799	-0.385566	-0.007030	0.011420	0.046011	0.066672	-0.146156	0.130781	-0.072770	0.054555	-0.141499	-0.387385	0.090335	0.500838	-0.811542	0.865541	-0.584295	-0.412867	-0.459963	0.000015	1.000000	-0.008881	-0.041325	-0.018465	0.245822	0.096933	-0.022627	0.001256	-0.146646	-0.163553	0.359745	0.052540	-0.016334	-0.161635	-0.031318	-0.800109	0.009193	0.011853	0.035369	-0.135584	0.151924	-0.067690	0.049919	-0.281104	-0.564095	0.130158	0.010942	0.047436	0.071392	-0.145564	0.122992	-0.078207	0.063184	-0.157559	-0.476400	0.184241	0.651161	-0.900442	0.758940	-0.434977	-0.412532	-0.446109	0.000015	1.000000	-0.008881	-0.041325	-0.018465	0.245822	0.096933	-0.021067	0.003536	-0.139000	-0.189544	0.379620	0.039785	-0.007298	-0.222919	-0.106750	-0.771724	0.015576	0.013515	0.067048	-0.044616	0.161408	-0.091916	0.054545	-0.280062	-0.648600	0.287301	0.009028	0.041746	0.072160	-0.121104	0.107562	-0.072206	0.060445	-0.138303	-0.544935	0.250988	0.778796	-0.961056	0.627278	-0.276355	-0.414861	-0.458254	
1.953971	1.046757	-0.210192	-0.113995	1.062471	0.100498	-0.924671	0.237884	-0.934958	-0.350061	-7.594670	2.678203	0.000015	1.000000	-0.008881	-0.041325	-0.018465	0.245822	0.096933	-0.022627	0.001256	-0.146646	-0.163553	0.359745	0.052540	-0.016334	-0.161635	-0.031318	-0.800109	0.009193	0.011853	0.035369	-0.135584	0.151924	-0.067690	0.049919	-0.281104	-0.564095	0.130158	0.010942	0.047436	0.071392	-0.145564	0.122992	-0.078207	0.063184	-0.157559	-0.476400	0.184241	0.651161	-0.900442	0.758940	-0.434977	-0.412532	-0.446109	0.000015	1.000000	-0.008881	-0.041325	-0.018465	0.245822	0.096933	-0.021067	0.003536	-0.139000	-0.189544	0.379620	0.039785	-0.007298	-0.222919	-0.106750	-0.771724	0.015576	0.013515	0.067048	-0.044616	0.161408	-0.091916	0.054545	-0.280062	-0.648600	0.287301	0.009028	0.041746	0.072160	-0.121104	0.107562	-0.072206	0.060445	-0.138303	-0.544935	0.250988	0.778796	-0.961056	0.627278	-0.276355	-0.414861	-0.458254	0.000015	1.000000	-0.008881	-0.041325	-0.018465	0.245822	0.096933	-0.020610	0.005373	-0.128722	-0.193675	0.392029	0.028050	0.001949	-0.265032	-0.252503	-0.727830	-0.009260	0.022638	0.067773	0.008450	0.046850	-0.063281	0.051867	-0.288682	-0.687062	0.403168	0.007399	0.034050	0.075923	-0.123266	0.096674	-0.064530	0.046319	-0.122448	-0.537590	0.278055	0.880224	-0.990289	0.474559	-0.139023	-0.415460	-0.552577	
1.959175	0.806801	-0.314954	0.122763	0.822937	1.390718	-2.755994	0.700899	-1.380575	0.742283	-1.541993	0.326434	0.000015	1.000000	-0.008881	-0.041325	-0.018465	0.245822	0.096933	-0.021067	0.003536	-0.139000	-0.189544	0.379620	0.039785	-0.007298	-0.222919	-0.106750	-0.771724	0.015576	0.013515	0.067048	-0.044616	0.161408	-0.091916	0.054545	-0.280062	-0.648600	0.287301	0.009028	0.041746	0.072160	-0.121104	0.107562	-0.072206	0.060445	-0.138303	-0.544935	0.250988	0.778796	-0.961056	0.627278	-0.276355	-0.414861	-0.458254	0.000015	1.000000	-0.008881	-0.041325	-0.018465	0.245822	0.096933	-0.020610	0.005373	-0.128722	-0.193675	0.392029	0.028050	0.001949	-0.265032	-0.252503	-0.727830	-0.009260	0.022638	0.067773	0.008450	0.046850	-0.063281	0.051867	-0.288682	-0.687062	0.403168	0.007399	0.034050	0.075923	-0.123266	0.096674	-0.064530	0.046319	-0.122448	-0.537590	0.278055	0.880224	-0.990289	0.474559	-0.139023	-0.415460	-0.552577	0.000015	1.000000	-0.008881	-0.041325	-0.018465	0.245822	0.096933	-0.018434	0.007792	-0.119833	-0.195471	0.402750	0.018020	0.009226	-0.301274	-0.352731	-0.675867	0.024897	0.011337	0.045163	-0.006832	0.058076	-0.063558	0.035779	-0.267559	-0.761398	0.446859	0.002070	0.029920	0.082973	-0.119962	0.072081	-0.050932	0.025015	-0.091457	-0.547269	0.266270	0.952248	-0.999168	0.305326	-0.040796	-0.413809	-0.685973	
1.953877	0.624116	-0.314227	-0.237280	0.655506	1.605607	-3.628616	0.610249	-1.520056	1.626147	4.477242	-1.901912	0.000015	1.000000	-0.008881	-0.041325	-0.018465	0.245822	0.096933	-0.020610	0.005373	-0.128722	-0.193675	0.392029	0.028050	0.001949	-0.265032	-0.252503	-0.727830	-0.009260	0.022638	0.067773	0.008450	0.046850	-0.063281	0.051867	-0.288682	-0.687062	0.403168	0.007399	0.034050	0.075923	-0.123266	0.096674	-0.064530	0.046319	-0.122448	-0.537590	0.278055	0.880224	-0.990289	0.474559	-0.139023	-0.415460	-0.552577	0.000015	1.000000	-0.008881	-0.041325	-0.018465	0.245822	0.096933	-0.018434	0.007792	-0.119833	-0.195471	0.402750	0.018020	0.009226	-0.301274	-0.352731	-0.675867	0.024897	0.011337	0.045163	-0.006832	0.058076	-0.063558	0.035779	-0.267559	-0.761398	0.446859	0.002070	0.029920	0.082973	-0.119962	0.072081	-0.050932	0.025015	-0.091457	-0.547269	0.266270	0.952248	-0.999168	0.305326	-0.040796	-0.413809	-0.685973	0.000015	1.000000	-0.008881	-0.041325	-0.018465	0.245822	0.096933	-0.013322	0.009261	-0.111682	-0.197745	0.409159	0.008478	0.013137	-0.330769	-0.447440	-0.597572	0.032152	0.008927	0.030340	-0.032439	0.039308	-0.067075	0.018234	-0.211706	-0.777905	0.356659	-0.007773	0.030295	0.087183	-0.096799	0.024274	-0.030861	0.000366	-0.050812	-0.452559	0.192878	0.992151	-0.999376	0.125046	0.035331	-0.412247	-0.757960	
1.940016	0.707375	-0.243274	-0.645967	0.642615	1.162715	-2.278375	0.375853	-1.076883	2.243308	5.912630	-2.177761	0.000015	1.000000	-0.008881	-0.041325	-0.018465	0.245822	0.096933	-0.018434	0.007792	-0.119833	-0.195471	0.402750	0.018020	0.009226	-0.301274	-0.352731	-0.675867	0.024897	0.011337	0.045163	-0.006832	0.058076	-0.063558	0.035779	-0.267559	-0.761398	0.446859	0.002070	0.029920	0.082973	-0.119962	0.072081	-0.050932	0.025015	-0.091457	-0.547269	0.266270	0.952248	-0.999168	0.305326	-0.040796	-0.413809	-0.685973	0.000015	1.000000	-0.008881	-0.041325	-0.018465	0.245822	0.096933	-0.013322	0.009261	-0.111682	-0.197745	0.409159	0.008478	0.013137	-0.330769	-0.447440	-0.597572	0.032152	0.008927	0.030340	-0.032439	0.039308	-0.067075	0.018234	-0.211706	-0.777905	0.356659	-0.007773	0.030295	0.087183	-0.096799	0.024274	-0.030861	0.000366	-0.050812	-0.452559	0.192878	0.992151	-0.999376	0.125046	0.035331	-0.412247	-0.757960	0.000015	1.000000	-0.008881	-0.041325	-0.018465	0.245822	0.096933	-0.008156	0.011138	-0.103363	-0.204573	0.408866	0.003031	0.014412	-0.359254	-0.537556	-0.552494	0.014382	0.011943	0.071431	-0.029067	-0.016309	-0.057656	0.004150	-0.071770	-0.671726	0.273310	-0.017648	0.024863	0.088686	-0.065912	-0.029804	-0.016271	-0.023685	0.002038	-0.295357	0.119302	0.998285	-0.995576	-0.058544	0.093958	-0.413837	-0.812765	
1.926065	1.150798	-0.019993	-0.612966	0.602238	0.174209	0.262056	-0.044335	0.023198	3.139277	5.144897	-0.280188	0.000015	1.000000	-0.008881	-0.041325	-0.018465	0.245822	0.096933	-0.013322	0.009261	-0.111682	-0.197745	0.409159	0.008478	0.013137	-0.330769	-0.447440	-0.597572	0.032152	0.008927	0.030340	-0.032439	0.039308	-0.067075	0.018234	-0.211706	-0.777905	0.356659	-0.007773	0.030295	0.087183	-0.096799	0.024274	-0.030861	0.000366	-0.050812	-0.452559	0.192878	0.992151	-0.999376	0.125046	0.035331	-0.412247	-0.757960	0.000015	1.000000	-0.008881	-0.041325	-0.018465	0.245822	0.096933	-0.008156	0.011138	-0.103363	-0.204573	0.408866	0.003031	0.014412	-0.359254	-0.537556	-0.552494	0.014382	0.011943	0.071431	-0.029067	-0.016309	-0.057656	0.004150	-0.071770	-0.671726	0.273310	-0.017648	0.024863	0.088686	-0.065912	-0.029804	-0.016271	-0.023685	0.002038	-0.295357	0.119302	0.998285	-0.995576	-0.058544	0.093958	-0.413837	-0.812765	0.000015	1.000000	-0.008881	-0.041325	-0.018465	0.245822	0.096933	-0.007292	0.013170	-0.091158	-0.205090	0.399114	-0.001693	0.012527	-0.363691	-0.649412	-0.523146	-0.006937	0.015269	0.110436	-0.004303	-0.087476	-0.020771	-0.024594	0.018995	-0.407063	0.179130	-0.022161	0.013140	0.086121	-0.047952	-0.054232	-0.005908	-0.037955	0.040129	-0.094800	0.057283	0.970994	-0.987104	-0.239105	0.160083	-0.417995	-0.787788	
1.933710	1.593848	0.277761	-0.294336	0.402402	-0.083495	1.823936	-0.279958	0.630472	3.545657	4.821692	0.938405	0.000015	1.000000	-0.008881	-0.041325	-0.018465	0.245822	0.096933	-0.008156	0.011138	-0.103363	-0.204573	0.408866	0.003031	0.014412	-0.359254	-0.537556	-0.552494	0.014382	0.011943	0.071431	-0.029067	-0.016309	-0.057656	0.004150	-0.071770	-0.671726	0.273310	-0.017648	0.024863	0.088686	-0.065912	-0.029804	-0.016271	-0.023685	0.002038	-0.295357	0.119302	0.998285	-0.995576	-0.058544	0.093958	-0.413837	-0.812765	0.000015	1.000000	-0.008881	-0.041325	-0.018465	0.245822	0.096933	-0.007292	0.013170	-0.091158	-0.205090	0.399114	-0.001693	0.012527	-0.363691	-0.649412	-0.523146	-0.006937	0.015269	0.110436	-0.004303	-0.087476	-0.020771	-0.024594	0.018995	-0.407063	0.179130	-0.022161	0.013140	0.086121	-0.047952	-0.054232	-0.005908	-0.037955	0.040129	-0.094800	0.057283	0.970994	-0.987104	-0.239105	0.160083	-0.417995	-0.787788	0.000015	1.000000	-0.008881	-0.041325	-0.018465	0.245822	0.096933	-0.008719	0.014610	-0.064022	-0.204370	0.386040	-0.002929	0.010397	-0.354691	-0.689716	-0.507389	-0.017793	0.008274	0.116431	-0.008456	-0.107155	-0.003124	-0.026422	0.128224	-0.150281	0.074445	-0.021034	0.002514	0.068011	-0.046061	-0.037232	-0.005336	-0.035477	0.078175	0.022605	0.037328	0.911943	-0.964002	-0.410318	0.265896	-0.422180	-0.654761	
1.925596	1.704495	0.521305	-0.311980	0.080938	0.729616	1.167207	-0.250438	0.924840	3.389021	5.955749	0.680197	0.000015	1.000000	-0.008881	-0.041325	-0.018465	0.245822	0.096933	-0.007292	0.013170	-0.091158	-0.205090	0.399114	-0.001693	0.012527	-0.363691	-0.649412	-0.523146	-0.006937	0.015269	0.110436	-0.004303	-0.087476	-0.020771	-0.024594	0.018995	-0.407063	0.179130	-0.022161	0.013140	0.086121	-0.047952	-0.054232	-0.005908	-0.037955	0.040129	-0.094800	0.057283	0.970994	-0.987104	-0.239105	0.160083	-0.417995	-0.787788	0.000015	1.000000	-0.008881	-0.041325	-0.018465	0.245822	0.096933	-0.008719	0.014610	-0.064022	-0.204370	0.386040	-0.002929	0.010397	-0.354691	-0.689716	-0.507389	-0.017793	0.008274	0.116431	-0.008456	-0.107155	-0.003124	-0.026422	0.128224	-0.150281	0.074445	-0.021034	0.002514	0.068011	-0.046061	-0.037232	-0.005336	-0.035477	0.078175	0.022605	0.037328	0.911943	-0.964002	-0.410318	0.265896	-0.422180	-0.654761	0.000015	1.000000	-0.008881	-0.041325	-0.018465	0.245822	0.096933	-0.010652	0.014842	-0.047496	-0.207618	0.374750	-0.002255	0.006610	-0.330063	-0.698552	-0.492145	-0.014691	-0.000568	0.090509	-0.025622	-0.081555	0.009110	-0.025557	0.234763	-0.005606	0.051763	-0.014929	-0.002138	0.057529	-0.044067	0.001454	-0.010215	-0.022221	0.106803	0.103863	0.036178	0.822335	-0.913272	-0.569003	0.407350	-0.419887	-0.521845	
1.936239	1.761253	0.283484	-0.181694	-0.185102	1.503402	-0.143153	-0.160995	0.945128	3.251554	6.322931	0.381369	0.000015	1.000000	-0.008881	-0.041325	-0.018465	0.245822	0.096933	-0.008719	0.014610	-0.064022	-0.204370	0.386040	-0.002929	0.010397	-0.354691	-0.689716	-0.507389	-0.017793	0.008274	0.116431	-0.008456	-0.107155	-0.003124	-0.026422	0.128224	-0.150281	0.074445	-0.021034	0.002514	0.068011	-0.046061	-0.037232	-0.005336	-0.035477	0.078175	0.022605	0.037328	0.911943	-0.964002	-0.410318	0.265896	-0.422180	-0.654761	0.000015	1.000000	-0.008881	-0.041325	-0.018465	0.245822	0.096933	-0.010652	0.014842	-0.047496	-0.207618	0.374750	-0.002255	0.006610	-0.330063	-0.698552	-0.492145	-0.014691	-0.000568	0.090509	-0.025622	-0.081555	0.009110	-0.025557	0.234763	-0.005606	0.051763	-0.014929	-0.002138	0.057529	-0.044067	0.001454	-0.010215	-0.022221	0.106803	0.103863	0.036178	0.822335	-0.913272	-0.569003	0.407350	-0.419887	-0.521845	0.000015	1.000000	-0.008881	-0.041325	-0.018465	0.245822	0.096933	-0.011742	0.014783	-0.035637	-0.210473	0.369269	-0.002169	0.003486	-0.272138	-0.690626	-0.482505	-0.006006	-0.002151	0.073958	-0.025245	-0.022812	-0.017584	-0.020120	0.264610	0.103081	0.062406	-0.006029	-0.006754	0.046882	-0.030281	0.024423	-0.014054	-0.005241	0.099652	0.185166	0.036729	0.706286	-0.836461	-0.707927	0.548026	-0.422321	-0.488651	
1.936779	1.813686	-0.080837	-0.261805	-0.135763	1.264730	-0.543640	-0.049825	0.750833	3.186214	6.208612	-0.857971	0.000015	1.000000	-0.008881	-0.041325	-0.018465	0.245822	0.096933	-0.010652	0.014842	-0.047496	-0.207618	0.374750	-0.002255	0.006610	-0.330063	-0.698552	-0.492145	-0.014691	-0.000568	0.090509	-0.025622	-0.081555	0.009110	-0.025557	0.234763	-0.005606	0.051763	-0.014929	-0.002138	0.057529	-0.044067	0.001454	-0.010215	-0.022221	0.106803	0.103863	0.036178	0.822335	-0.913272	-0.569003	0.407350	-0.419887	-0.521845	0.000015	1.000000	-0.008881	-0.041325	-0.018465	0.245822	0.096933	-0.011742	0.014783	-0.035637	-0.210473	0.369269	-0.002169	0.003486	-0.272138	-0.690626	-0.482505	-0.006006	-0.002151	0.073958	-0.025245	-0.022812	-0.017584	-0.020120	0.264610	0.103081	0.062406	-0.006029	-0.006754	0.046882	-0.030281	0.024423	-0.014054	-0.005241	0.099652	0.185166	0.036729	0.706286	-0.836461	-0.707927	0.548026	-0.422321	-0.488651	0.000015	1.000000	-0.008881	-0.041325	-0.018465	0.245822	0.096933	-0.011499	0.014222	-0.026819	-0.213056	0.369117	-0.004066	0.002005	-0.232079	-0.656471	-0.474301	0.000446	-0.005915	0.062881	-0.032186	0.014818	-0.026186	-0.009108	0.255730	0.224223	0.060679	-0.002018	-0.008919	0.035287	-0.005141	0.022426	-0.014572	0.010421	0.108379	0.245880	0.034246	0.566047	-0.734382	-0.824373	0.678737	-0.419128	-0.471624	
1.939108	1.897137	-0.371226	-0.224875	-0.090432	0.881053	-0.724913	0.222141	0.586308	2.896852	6.096575	-2.571978	0.000015	1.000000	-0.008881	-0.041325	-0.018465	0.245822	0.096933	-0.011742	0.014783	-0.035637	-0.210473	0.369269	-0.002169	0.003486	-0.272138	-0.690626	-0.482505	-0.006006	-0.002151	0.073958	-0.025245	-0.022812	-0.017584	-0.020120	0.264610	0.103081	0.062406	-0.006029	-0.006754	0.046882	-0.030281	0.024423	-0.014054	-0.005241	0.099652	0.185166	0.036729	0.706286	-0.836461	-0.707927	0.548026	-0.422321	-0.488651	0.000015	1.000000	-0.008881	-0.041325	-0.018465	0.245822	0.096933	-0.011499	0.014222	-0.026819	-0.213056	0.369117	-0.004066	0.002005	-0.232079	-0.656471	-0.474301	0.000446	-0.005915	0.062881	-0.032186	0.014818	-0.026186	-0.009108	0.255730	0.224223	0.060679	-0.002018	-0.008919	0.035287	-0.005141	0.022426	-0.014572	0.010421	0.108379	0.245880	0.034246	0.566047	-0.734382	-0.824373	0.678737	-0.419128	-0.471624	0.000015	1.000000	-0.008881	-0.041325	-0.018465	0.245822	0.096933	-0.010748	0.013270	-0.020039	-0.213572	0.371801	-0.008080	0.002646	-0.195108	-0.616246	-0.466165	0.000045	-0.008036	0.039789	-0.003219	0.020326	-0.031932	0.006999	0.256587	0.347307	0.054574	-0.003982	-0.011891	0.026471	0.014336	0.011592	-0.011304	0.021036	0.119176	0.298735	0.013248	0.407087	-0.608295	-0.913389	0.793711	-0.418966	-0.455894	
1.943682	1.931376	-0.450397	-0.266378	-0.106374	0.651446	-0.586731	0.558930	0.570484	2.244302	5.249509	-3.149542	0.000015	1.000000	-0.008881	-0.041325	-0.018465	0.245822	0.096933	-0.011499	0.014222	-0.026819	-0.213056	0.369117	-0.004066	0.002005	-0.232079	-0.656471	-0.474301	0.000446	-0.005915	0.062881	-0.032186	0.014818	-0.026186	-0.009108	0.255730	0.224223	0.060679	-0.002018	-0.008919	0.035287	-0.005141	0.022426	-0.014572	0.010421	0.108379	0.245880	0.034246	0.566047	-0.734382	-0.824373	0.678737	-0.419128	-0.471624	0.000015	1.000000	-0.008881	-0.041325	-0.018465	0.245822	0.096933	-0.010748	0.013270	-0.020039	-0.213572	0.371801	-0.008080	0.002646	-0.195108	-0.616246	-0.466165	0.000045	-0.008036	0.039789	-0.003219	0.020326	-0.031932	0.006999	0.256587	0.347307	0.054574	-0.003982	-0.011891	0.026471	0.014336	0.011592	-0.011304	0.021036	0.119176	0.298735	0.013248	0.407087	-0.608295	-0.913389	0.793711	-0.418966	-0.455894	0.000015	1.000000	-0.008881	-0.041325	-0.018465	0.245822	0.096933	-0.010137	0.012021	-0.013448	-0.211616	0.374204	-0.010580	0.003970	-0.158221	-0.564483	-0.457995	-0.001042	-0.006620	0.017239	0.019918	0.015642	-0.008777	0.022801	0.288777	0.439179	0.003364	-0.010166	-0.014019	0.018523	0.025609	-0.001696	-0.005470	0.028516	0.125786	0.338513	-0.033540	0.234130	-0.457277	-0.972205	0.889324	-0.418267	-0.430859	
1.948332	1.939366	-0.368125	-0.106717	-0.360359	0.840980	-1.210812	0.726615	0.253581	1.639223	4.067725	-3.158994	0.000015	1.000000	-0.008881	-0.041325	-0.018465	0.245822	0.096933	-0.010748	0.013270	-0.020039	-0.213572	0.371801	-0.008080	0.002646	-0.195108	-0.616246	-0.466165	0.000045	-0.008036	0.039789	-0.003219	0.020326	-0.031932	0.006999	0.256587	0.347307	0.054574	-0.003982	-0.011891	0.026471	0.014336	0.011592	-0.011304	0.021036	0.119176	0.298735	0.013248	0.407087	-0.608295	-0.913389	0.793711	-0.418966	-0.455894	0.000015	1.000000	-0.008881	-0.041325	-0.018465	0.245822	0.096933	-0.010137	0.012021	-0.013448	-0.211616	0.374204	-0.010580	0.003970	-0.158221	-0.564483	-0.457995	-0.001042	-0.006620	0.017239	0.019918	0.015642	-0.008777	0.022801	0.288777	0.439179	0.003364	-0.010166	-0.014019	0.018523	0.025609	-0.001696	-0.005470	0.028516	0.125786	0.338513	-0.033540	0.234130	-0.457277	-0.972205	0.889324	-0.418267	-0.430859	0.000015	1.000000	-0.008881	-0.041325	-0.018465	0.245822	0.096933	-0.010427	0.010285	-0.011234	-0.208801	0.374636	-0.011128	0.008031	-0.099227	-0.501835	-0.459850	-0.003594	-0.011712	0.002771	0.026768	-0.002623	0.000518	0.024497	0.269662	0.525138	-0.046425	-0.016632	-0.016279	0.014713	0.032565	-0.010928	0.003462	0.033011	0.100454	0.354602	-0.078925	0.053123	-0.288744	-0.998588	0.957406	-0.416895	-0.420587	
1.950950	1.925948	-0.201256	0.180666	-0.585760	1.422855	-1.776504	0.806078	-0.418872	0.567203	2.471291	-2.211810	0.000015	1.000000	-0.008881	-0.041325	-0.018465	0.245822	0.096933	-0.010137	0.012021	-0.013448	-0.211616	0.374204	-0.010580	0.003970	-0.158221	-0.564483	-0.457995	-0.001042	-0.006620	0.017239	0.019918	0.015642	-0.008777	0.022801	0.288777	0.439179	0.003364	-0.010166	-0.014019	0.018523	0.025609	-0.001696	-0.005470	0.028516	0.125786	0.338513	-0.033540	0.234130	-0.457277	-0.972205	0.889324	-0.418267	-0.430859	0.000015	1.000000	-0.008881	-0.041325	-0.018465	0.245822	0.096933	-0.010427	0.010285	-0.011234	-0.208801	0.374636	-0.011128	0.008031	-0.099227	-0.501835	-0.459850	-0.003594	-0.011712	0.002771	0.026768	-0.002623	0.000518	0.024497	0.269662	0.525138	-0.046425	-0.016632	-0.016279	0.014713	0.032565	-0.010928	0.003462	0.033011	0.100454	0.354602	-0.078925	0.053123	-0.288744	-0.998588	0.957406	-0.416895	-0.420587	0.000015	1.000000	-0.008881	-0.041325	-0.018465	0.245822	0.096933	-0.011600	0.008306	-0.010863	-0.205088	0.374699	-0.010559	0.012107	-0.062225	-0.442244	-0.471030	-0.013620	-0.012222	-0.000421	0.031990	-0.008637	0.013661	0.020247	0.245068	0.476155	-0.124337	-0.021002	-0.015906	0.008917	0.041514	-0.029222	0.013834	0.032754	0.088134	0.356258	-0.115310	-0.130800	-0.109221	-0.991409	0.994017	-0.415500	-0.418190	
1.927940	1.932567	-0.271733	0.394653	-0.688614	2.316515	-2.813208	0.864743	-1.241154	-0.055154	1.617550	-1.576619	0.000015	1.000000	-0.008881	-0.041325	-0.018465	0.245822	0.096933	-0.010427	0.010285	-0.011234	-0.208801	0.374636	-0.011128	0.008031	-0.099227	-0.501835	-0.459850	-0.003594	-0.011712	0.002771	0.026768	-0.002623	0.000518	0.024497	0.269662	0.525138	-0.046425	-0.016632	-0.016279	0.014713	0.032565	-0.010928	0.003462	0.033011	0.100454	0.354602	-0.078925	0.053123	-0.288744	-0.998588	0.957406	-0.416895	-0.420587	0.000015	1.000000	-0.008881	-0.041325	-0.018465	0.245822	0.096933	-0.011600	0.008306	-0.010863	-0.205088	0.374699	-0.010559	0.012107	-0.062225	-0.442244	-0.471030	-0.013620	-0.012222	-0.000421	0.031990	-0.008637	0.013661	0.020247	0.245068	0.476155	-0.124337	-0.021002	-0.015906	0.008917	0.041514	-0.029222	0.013834	0.032754	0.088134	0.356258	-0.115310	-0.130800	-0.109221	-0.991409	0.994017	-0.415500	-0.418190	0.000015	1.000000	-0.008881	-0.041325	-0.018465	0.245822	0.096933	-0.014233	0.006246	-0.012146	-0.199692	0.370325	-0.006810	0.016371	-0.030518	-0.333367	-0.489260	-0.021951	-0.012971	-0.014350	0.036699	-0.042041	0.017418	0.025522	0.202478	0.470908	-0.175400	-0.021371	-0.011151	0.001460	0.057348	-0.051353	0.022112	0.022240	0.064890	0.284253	-0.130080	-0.308930	0.071049	-0.951085	0.997473	-0.414715	-0.422215	
1.886757	1.947637	-0.403059	0.293900	-0.523235	2.530342	-3.542840	0.717867	-1.475294	-0.306685	1.417075	-1.700212	0.000015	1.000000	-0.008881	-0.041325	-0.018465	0.245822	0.096933	-0.011600	0.008306	-0.010863	-0.205088	0.374699	-0.010559	0.012107	-0.062225	-0.442244	-0.471030	-0.013620	-0.012222	-0.000421	0.031990	-0.008637	0.013661	0.020247	0.245068	0.476155	-0.124337	-0.021002	-0.015906	0.008917	0.041514	-0.029222	0.013834	0.032754	0.088134	0.356258	-0.115310	-0.130800	-0.109221	-0.991409	0.994017	-0.415500	-0.418190	0.000015	1.000000	-0.008881	-0.041325	-0.018465	0.245822	0.096933	-0.014233	0.006246	-0.012146	-0.199692	0.370325	-0.006810	0.016371	-0.030518	-0.333367	-0.489260	-0.021951	-0.012971	-0.014350	0.036699	-0.042041	0.017418	0.025522	0.202478	0.470908	-0.175400	-0.021371	-0.011151	0.001460	0.057348	-0.051353	0.022112	0.022240	0.064890	0.284253	-0.130080	-0.308930	0.071049	-0.951085	0.997473	-0.414715	-0.422215	0.000015	1.000000	-0.008881	-0.041325	-0.018465	0.245822	0.096933	-0.018419	0.004752	-0.014657	-0.191900	0.362204	-0.002256	0.019865	-0.006389	-0.265863	-0.524579	-0.038487	-0.005252	-0.005971	0.068926	-0.076440	0.021284	0.020582	0.163323	0.459914	-0.169688	-0.021270	-0.003724	-0.006381	0.084378	-0.085521	0.030556	0.000089	0.039932	0.241064	-0.118461	-0.476052	0.250926	-0.879417	0.968006	-0.421618	-0.420230	
1.784121	1.953318	-0.510119	0.204683	-0.651574	2.461620	-3.960024	0.725522	-1.489805	-0.429784	1.502680	-1.796826	0.000015	1.000000	-0.008881	-0.041325	-0.018465	0.245822	0.096933	-0.014233	0.006246	-0.012146	-0.199692	0.370325	-0.006810	0.016371	-0.030518	-0.333367	-0.489260	-0.021951	-0.012971	-0.014350	0.036699	-0.042041	0.017418	0.025522	0.202478	0.470908	-0.175400	-0.021371	-0.011151	0.001460	0.057348	-0.051353	0.022112	0.022240	0.064890	0.284253	-0.130080	-0.308930	0.071049	-0.951085	0.997473	-0.414715	-0.422215	0.000015	1.000000	-0.008881	-0.041325	-0.018465	0.245822	0.096933	-0.018419	0.004752	-0.014657	-0.191900	0.362204	-0.002256	0.019865	-0.006389	-0.265863	-0.524579	-0.038487	-0.005252	-0.005971	0.068926	-0.076440	0.021284	0.020582	0.163323	0.459914	-0.169688	-0.021270	-0.003724	-0.006381	0.084378	-0.085521	0.030556	0.000089	0.039932	0.241064	-0.118461	-0.476052	0.250926	-0.879417	0.968006	-0.421618	-0.420230	0.000015	1.000000	-0.008881	-0.041325	-0.018465	0.245822	0.096933	-0.024224	0.004178	-0.016952	-0.177619	0.348899	0.003453	0.021267	0.011595	-0.207869	-0.550691	-0.030370	-0.006109	-0.020139	0.067961	-0.130828	0.030045	0.004850	0.122766	0.383788	-0.173304	-0.021505	0.001253	-0.011926	0.108014	-0.125305	0.035604	-0.023420	0.017352	0.204305	-0.117827	-0.623963	0.423236	-0.781454	0.906019	-0.433973	-0.415709	
1.633297	1.945375	-0.376462	-0.212374	-0.740352	1.560307	-3.145104	0.284956	-1.112749	-0.216773	1.238833	-1.140644	0.000015	1.000000	-0.008881	-0.041325	-0.018465	0.245822	0.096933	-0.018419	0.004752	-0.014657	-0.191900	0.362204	-0.002256	0.019865	-0.006389	-0.265863	-0.524579	-0.038487	-0.005252	-0.005971	0.068926	-0.076440	0.021284	0.020582	0.163323	0.459914	-0.169688	-0.021270	-0.003724	-0.006381	0.084378	-0.085521	0.030556	0.000089	0.039932	0.241064	-0.118461	-0.476052	0.250926	-0.879417	0.968006	-0.421618	-0.420230	0.000015	1.000000	-0.008881	-0.041325	-0.018465	0.245822	0.096933	-0.024224	0.004178	-0.016952	-0.177619	0.348899	0.003453	0.021267	0.011595	-0.207869	-0.550691	-0.030370	-0.006109	-0.020139	0.067961	-0.130828	0.030045	0.004850	0.122766	0.383788	-0.173304	-0.021505	0.001253	-0.011926	0.108014	-0.125305	0.035604	-0.023420	0.017352	0.204305	-0.117827	-0.623963	0.423236	-0.781454	0.906019	-0.433973	-0.415709	0.000015	1.000000	-0.008881	-0.041325	-0.018465	0.245822	0.096933	-0.028754	0.003716	-0.020077	-0.163955	0.319824	0.011575	0.020465	0.029223	-0.160744	-0.573288	-0.062710	-0.003170	-0.023650	0.115673	-0.182679	0.057094	-0.008006	0.046475	0.338138	-0.166687	-0.024625	0.004785	-0.018573	0.131266	-0.155618	0.038364	-0.044961	-0.006722	0.179716	-0.122176	-0.745923	0.581908	-0.666032	0.813254	-0.464764	-0.414004	
1.562370	1.939807	-0.232141	-0.613389	-0.922266	0.682874	-2.080880	0.119629	-0.822956	-0.104145	1.545216	-0.276650	0.000015	1.000000	-0.008881	-0.041325	-0.018465	0.245822	0.096933	-0.024224	0.004178	-0.016952	-0.177619	0.348899	0.003453	0.021267	0.011595	-0.207869	-0.550691	-0.030370	-0.006109	-0.020139	0.067961	-0.130828	0.030045	0.004850	0.122766	0.383788	-0.173304	-0.021505	0.001253	-0.011926	0.108014	-0.125305	0.035604	-0.023420	0.017352	0.204305	-0.117827	-0.623963	0.423236	-0.781454	0.906019	-0.433973	-0.415709	0.000015	1.000000	-0.008881	-0.041325	-0.018465	0.245822	0.096933	-0.028754	0.003716	-0.020077	-0.163955	0.319824	0.011575	0.020465	0.029223	-0.160744	-0.573288	-0.062710	-0.003170	-0.023650	0.115673	-0.182679	0.057094	-0.008006	0.046475	0.338138	-0.166687	-0.024625	0.004785	-0.018573	0.131266	-0.155618	0.038364	-0.044961	-0.006722	0.179716	-0.122176	-0.745923	0.581908	-0.666032	0.813254	-0.464764	-0.414004	0.000015	1.000000	-0.008881	-0.041325	-0.018465	0.245822	0.096933	-0.037584	0.003462	-0.024191	-0.145737	0.291520	0.022601	0.017292	0.034348	-0.098344	-0.595498	-0.062803	-0.000433	-0.021558	0.159179	-0.236719	0.076549	-0.022553	0.009533	0.292396	-0.178239	-0.021444	0.001853	-0.025567	0.136459	-0.174504	0.031612	-0.058483	-0.015100	0.135904	-0.117081	-0.839246	0.720463	-0.543751	0.693494	-0.510011	-0.416388	
1.517816	1.934613	-0.178418	-0.627031	-1.023954	0.209140	-1.376731	0.107380	-0.584894	-0.093465	2.049842	-0.106512	0.000015	1.000000	-0.008881	-0.041325	-0.018465	0.245822	0.096933	-0.028754	0.003716	-0.020077	-0.163955	0.319824	0.011575	0.020465	0.029223	-0.160744	-0.573288	-0.062710	-0.003170	-0.023650	0.115673	-0.182679	0.057094	-0.008006	0.046475	0.338138	-0.166687	-0.024625	0.004785	-0.018573	0.131266	-0.155618	0.038364	-0.044961	-0.006722	0.179716	-0.122176	-0.745923	0.581908	-0.666032	0.813254	-0.464764	-0.414004	0.000015	1.000000	-0.008881	-0.041325	-0.018465	0.245822	0.096933	-0.037584	0.003462	-0.024191	-0.145737	0.291520	0.022601	0.017292	0.034348	-0.098344	-0.595498	-0.062803	-0.000433	-0.021558	0.159179	-0.236719	0.076549	-0.022553	0.009533	0.292396	-0.178239	-0.021444	0.001853	-0.025567	0.136459	-0.174504	0.031612	-0.058483	-0.015100	0.135904	-0.117081	-0.839246	0.720463	-0.543751	0.693494	-0.510011	-0.416388	0.000015	1.000000	-0.008881	-0.041325	-0.018465	0.245822	0.096933	-0.046693	0.003234	-0.028480	-0.112746	0.259130	0.033822	0.011689	0.034816	-0.060710	-0.630135	-0.039083	-0.000509	-0.032865	0.143289	-0.262712	0.064885	-0.044596	-0.008120	0.242456	-0.158805	-0.015820	-0.007128	-0.035125	0.113721	-0.173356	0.022188	-0.065236	-0.017131	0.121469	-0.086597	-0.910000	0.834631	-0.414609	0.550810	-0.531289	-0.418058	
1.423251	1.911795	-0.266657	-0.466903	-1.277656	-0.195301	-0.818645	0.102013	-0.492555	-0.333889	1.861277	0.730494	0.000015	1.000000	-0.008881	-0.041325	-0.018465	0.245822	0.096933	-0.037584	0.003462	-0.024191	-0.145737	0.291520	0.022601	0.017292	0.034348	-0.098344	-0.595498	-0.062803	-0.000433	-0.021558	0.159179	-0.236719	0.076549	-0.022553	0.009533	0.292396	-0.178239	-0.021444	0.001853	-0.025567	0.136459	-0.174504	0.031612	-0.058483	-0.015100	0.135904	-0.117081	-0.839246	0.720463	-0.543751	0.693494	-0.510011	-0.416388	0.000015	1.000000	-0.008881	-0.041325	-0.018465	0.245822	0.096933	-0.046693	0.003234	-0.028480	-0.112746	0.259130	0.033822	0.011689	0.034816	-0.060710	-0.630135	-0.039083	-0.000509	-0.032865	0.143289	-0.262712	0.064885	-0.044596	-0.008120	0.242456	-0.158805	-0.015820	-0.007128	-0.035125	0.113721	-0.173356	0.022188	-0.065236	-0.017131	0.121469	-0.086597	-0.910000	0.834631	-0.414609	0.550810	-0.531289	-0.418058	0.000015	1.000000	-0.008881	-0.041325	-0.018465	0.245822	0.096933	-0.053313	0.002453	-0.034184	-0.091730	0.225704	0.044475	0.007959	0.033213	-0.030985	-0.641982	-0.040549	-0.006797	-0.050745	0.134023	-0.282061	0.069302	-0.040403	-0.017213	0.188607	0.003312	-0.011876	-0.015750	-0.044776	0.095841	-0.160575	0.013145	-0.070278	-0.016930	0.122484	-0.076348	-0.959802	0.920652	-0.280678	0.390385	-0.544655	-0.419616	
1.432829	1.851552	-0.547792	-0.101352	-1.454670	-1.007535	-0.659868	0.057034	-0.385914	-0.561720	0.808434	2.700973	0.000015	1.000000	-0.008881	-0.041325	-0.018465	0.245822	0.096933	-0.046693	0.003234	-0.028480	-0.112746	0.259130	0.033822	0.011689	0.034816	-0.060710	-0.630135	-0.039083	-0.000509	-0.032865	0.143289	-0.262712	0.064885	-0.044596	-0.008120	0.242456	-0.158805	-0.015820	-0.007128	-0.035125	0.113721	-0.173356	0.022188	-0.065236	-0.017131	0.121469	-0.086597	-0.910000	0.834631	-0.414609	0.550810	-0.531289	-0.418058	0.000015	1.000000	-0.008881	-0.041325	-0.018465	0.245822	0.096933	-0.053313	0.002453	-0.034184	-0.091730	0.225704	0.044475	0.007959	0.033213	-0.030985	-0.641982	-0.040549	-0.006797	-0.050745	0.134023	-0.282061	0.069302	-0.040403	-0.017213	0.188607	0.003312	-0.011876	-0.015750	-0.044776	0.095841	-0.160575	0.013145	-0.070278	-0.016930	0.122484	-0.076348	-0.959802	0.920652	-0.280678	0.390385	-0.544655	-0.419616	0.000015	1.000000	-0.008881	-0.041325	-0.018465	0.245822	0.096933	-0.058611	0.000649	-0.043177	-0.075312	0.176876	0.052664	0.001341	0.033813	-0.020993	-0.649780	-0.024993	-0.013591	-0.087081	0.113555	-0.207224	0.047061	-0.044985	0.024451	0.026887	-0.064925	-0.010583	-0.020960	-0.054976	0.076490	-0.124046	0.006489	-0.071058	-0.022546	0.140452	-0.057577	-0.988746	0.975766	-0.149602	0.218818	-0.573025	-0.426462	
1.466170	1.757303	-0.512209	0.110364	-1.036727	-1.405736	0.210388	-0.061527	-0.163528	-0.328163	-0.115958	3.190846	0.000015	1.000000	-0.008881	-0.041325	-0.018465	0.245822	0.096933	-0.053313	0.002453	-0.034184	-0.091730	0.225704	0.044475	0.007959	0.033213	-0.030985	-0.641982	-0.040549	-0.006797	-0.050745	0.134023	-0.282061	0.069302	-0.040403	-0.017213	0.188607	0.003312	-0.011876	-0.015750	-0.044776	0.095841	-0.160575	0.013145	-0.070278	-0.016930	0.122484	-0.076348	-0.959802	0.920652	-0.280678	0.390385	-0.544655	-0.419616	0.000015	1.000000	-0.008881	-0.041325	-0.018465	0.245822	0.096933	-0.058611	0.000649	-0.043177	-0.075312	0.176876	0.052664	0.001341	0.033813	-0.020993	-0.649780	-0.024993	-0.013591	-0.087081	0.113555	-0.207224	0.047061	-0.044985	0.024451	0.026887	-0.064925	-0.010583	-0.020960	-0.054976	0.076490	-0.124046	0.006489	-0.071058	-0.022546	0.140452	-0.057577	-0.988746	0.975766	-0.149602	0.218818	-0.573025	-0.426462	0.000015	1.000000	-0.008881	-0.041325	-0.018465	0.245822	0.096933	-0.062652	-0.001344	-0.063150	-0.063450	0.148912	0.056676	-0.006340	0.037593	-0.006539	-0.655895	-0.015411	-0.012875	-0.093157	0.097549	-0.194157	0.033321	-0.052307	0.047461	0.100747	-0.041040	-0.014732	-0.020483	-0.056749	0.049566	-0.105945	0.003329	-0.069146	-0.034722	0.138083	-0.011084	-0.999879	0.998910	-0.015583	0.046675	-0.570151	-0.444535	
1.115528	1.463188	-0.352388	0.697027	-0.578410	-2.119927	-0.774920	-0.111267	0.305891	-0.278701	-1.621077	5.930845	0.000015	1.000000	-0.008881	-0.041325	-0.018465	0.245822	0.096933	-0.058611	0.000649	-0.043177	-0.075312	0.176876	0.052664	0.001341	0.033813	-0.020993	-0.649780	-0.024993	-0.013591	-0.087081	0.113555	-0.207224	0.047061	-0.044985	0.024451	0.026887	-0.064925	-0.010583	-0.020960	-0.054976	0.076490	-0.124046	0.006489	-0.071058	-0.022546	0.140452	-0.057577	-0.988746	0.975766	-0.149602	0.218818	-0.573025	-0.426462	0.000015	1.000000	-0.008881	-0.041325	-0.018465	0.245822	0.096933	-0.062652	-0.001344	-0.063150	-0.063450	0.148912	0.056676	-0.006340	0.037593	-0.006539	-0.655895	-0.015411	-0.012875	-0.093157	0.097549	-0.194157	0.033321	-0.052307	0.047461	0.100747	-0.041040	-0.014732	-0.020483	-0.056749	0.049566	-0.105945	0.003329	-0.069146	-0.034722	0.138083	-0.011084	-0.999879	0.998910	-0.015583	0.046675	-0.570151	-0.444535	0.000015	1.000000	-0.011473	-0.057904	0.086277	-0.046473	-0.054468	-0.065810	-0.002518	-0.079310	-0.051578	0.126573	0.058497	-0.014541	0.041959	0.008033	-0.658621	-0.014453	-0.010826	-0.115750	0.094204	-0.162142	0.011707	-0.052341	0.046273	0.129769	0.008110	-0.019256	-0.017653	-0.056140	0.016608	-0.080451	0.000585	-0.063399	-0.044011	0.121772	0.039504	-0.992494	0.992936	0.122292	-0.118650	-0.560149	-0.472809	
0.968750	1.254036	0.052470	0.674364	-0.251982	-1.194407	1.110891	0.114821	0.141235	-0.731183	-0.815784	4.190838	0.000015	1.000000	-0.008881	-0.041325	-0.018465	0.245822	0.096933	-0.062652	-0.001344	-0.063150	-0.063450	0.148912	0.056676	-0.006340	0.037593	-0.006539	-0.655895	-0.015411	-0.012875	-0.093157	0.097549	-0.194157	0.033321	-0.052307	0.047461	0.100747	-0.041040	-0.014732	-0.020483	-0.056749	0.049566	-0.105945	0.003329	-0.069146	-0.034722	0.138083	-0.011084	-0.999879	0.998910	-0.015583	0.046675	-0.570151	-0.444535	0.000015	1.000000	-0.011473	-0.057904	0.086277	-0.046473	-0.054468	-0.065810	-0.002518	-0.079310	-0.051578	0.126573	0.058497	-0.014541	0.041959	0.008033	-0.658621	-0.014453	-0.010826	-0.115750	0.094204	-0.162142	0.011707	-0.052341	0.046273	0.129769	0.008110	-0.019256	-0.017653	-0.056140	0.016608	-0.080451	0.000585	-0.063399	-0.044011	0.121772	0.039504	-0.992494	0.992936	0.122292	-0.118650	-0.560149	-0.472809	0.000015	1.000000	-0.011991	-0.061220	0.096751	-0.075703	-0.069608	-0.068768	-0.003746	-0.095774	-0.043339	0.109625	0.058594	-0.022045	0.046444	0.024057	-0.652114	-0.018893	-0.007248	-0.122894	0.021285	-0.116018	-0.004413	-0.046295	0.034987	0.135812	0.087005	-0.021583	-0.005971	-0.048351	-0.023426	-0.075125	-0.001181	-0.051307	-0.052675	0.081434	0.121948	-0.974183	0.967204	0.225758	-0.254000	-0.665341	-0.561044	
0.913633	1.353173	0.532230	0.571768	-0.036105	-0.642845	2.735435	0.016127	-0.046529	-0.798768	-0.095394	0.835474	0.000015	1.000000	-0.011473	-0.057904	0.086277	-0.046473	-0.054468	-0.065810	-0.002518	-0.079310	-0.051578	0.126573	0.058497	-0.014541	0.041959	0.008033	-0.658621	-0.014453	-0.010826	-0.115750	0.094204	-0.162142	0.011707	-0.052341	0.046273	0.129769	0.008110	-0.019256	-0.017653	-0.056140	0.016608	-0.080451	0.000585	-0.063399	-0.044011	0.121772	0.039504	-0.992494	0.992936	0.122292	-0.118650	-0.560149	-0.472809	0.000015	1.000000	-0.011991	-0.061220	0.096751	-0.075703	-0.069608	-0.068768	-0.003746	-0.095774	-0.043339	0.109625	0.058594	-0.022045	0.046444	0.024057	-0.652114	-0.018893	-0.007248	-0.122894	0.021285	-0.116018	-0.004413	-0.046295	0.034987	0.135812	0.087005	-0.021583	-0.005971	-0.048351	-0.023426	-0.075125	-0.001181	-0.051307	-0.052675	0.081434	0.121948	-0.974183	0.967204	0.225758	-0.254000	-0.665341	-0.561044	0.000015	1.000000	-0.012095	-0.061883	0.097799	-0.078626	-0.071122	-0.070960	-0.004048	-0.109560	-0.042128	0.101219	0.057814	-0.028441	0.043415	0.037876	-0.632298	-0.027364	-0.001772	-0.093598	0.013295	-0.025560	-0.009863	-0.041852	-0.051986	0.107452	0.186672	-0.018604	0.004462	-0.038350	-0.042580	-0.050032	0.001324	-0.042789	-0.060630	0.055361	0.165087	-0.949500	0.930443	0.313767	-0.366438	-0.709375	-0.623789	
0.888984	1.462895	0.733385	0.424857	0.078982	0.019771	3.375271	0.173136	-0.289921	-1.027954	0.342258	-1.843950	0.000015	1.000000	-0.011991	-0.061220	0.096751	-0.075703	-0.069608	-0.068768	-0.003746	-0.095774	-0.043339	0.109625	0.058594	-0.022045	0.046444	0.024057	-0.652114	-0.018893	-0.007248	-0.122894	0.021285	-0.116018	-0.004413	-0.046295	0.034987	0.135812	0.087005	-0.021583	-0.005971	-0.048351	-0.023426	-0.075125	-0.001181	-0.051307	-0.052675	0.081434	0.121948	-0.974183	0.967204	0.225758	-0.254000	-0.665341	-0.561044	0.000015	1.000000	-0.012095	-0.061883	0.097799	-0.078626	-0.071122	-0.070960	-0.004048	-0.109560	-0.042128	0.101219	0.057814	-0.028441	0.043415	0.037876	-0.632298	-0.027364	-0.001772	-0.093598	0.013295	-0.025560	-0.009863	-0.041852	-0.051986	0.107452	0.186672	-0.018604	0.004462	-0.038350	-0.042580	-0.050032	0.001324	-0.042789	-0.060630	0.055361	0.165087	-0.949500	0.930443	0.313767	-0.366438	-0.709375	-0.623789	0.000015	1.000000	-0.012116	-0.062016	0.097903	-0.078918	-0.071273	-0.072246	-0.003172	-0.122398	-0.043970	0.097672	0.057004	-0.035165	0.034763	0.058185	-0.602890	0.003545	0.005988	-0.044256	-0.017863	-0.032218	-0.005872	-0.043734	-0.094533	0.056110	0.259452	-0.009345	0.012149	-0.026053	-0.050367	-0.005510	0.002376	-0.036762	-0.063944	0.033623	0.148193	-0.919045	0.876366	0.394152	-0.481647	-0.725910	-0.594048	
0.822803	1.482827	0.755273	0.215065	0.115104	0.158617	2.847806	0.176619	-0.235387	-0.981043	0.153619	-1.670155	0.000015	1.000000	-0.012095	-0.061883	0.097799	-0.078626	-0.071122	-0.070960	-0.004048	-0.109560	-0.042128	0.101219	0.057814	-0.028441	0.043415	0.037876	-0.632298	-0.027364	-0.001772	-0.093598	0.013295	-0.025560	-0.009863	-0.041852	-0.051986	0.107452	0.186672	-0.018604	0.004462	-0.038350	-0.042580	-0.050032	0.001324	-0.042789	-0.060630	0.055361	0.165087	-0.949500	0.930443	0.313767	-0.366438	-0.709375	-0.623789	0.000015	1.000000	-0.012116	-0.062016	0.097903	-0.078918	-0.071273	-0.072246	-0.003172	-0.122398	-0.043970	0.097672	0.057004	-0.035165	0.034763	0.058185	-0.602890	0.003545	0.005988	-0.044256	-0.017863	-0.032218	-0.005872	-0.043734	-0.094533	0.056110	0.259452	-0.009345	0.012149	-0.026053	-0.050367	-0.005510	0.002376	-0.036762	-0.063944	0.033623	0.148193	-0.919045	0.876366	0.394152	-0.481647	-0.725910	-0.594048	0.000015	1.000000	-0.012120	-0.062042	0.097914	-0.078947	-0.071288	-0.072043	-0.001389	-0.128577	-0.047634	0.098126	0.056454	-0.041607	0.021449	0.064864	-0.551813	0.002448	0.011300	-0.043161	-0.014698	0.019461	-0.014197	-0.038456	-0.124611	0.013288	0.201125	0.001466	0.016747	-0.018688	-0.046406	0.044726	0.005526	-0.034674	-0.066067	0.032084	0.069423	-0.882789	0.801754	0.469770	-0.597655	-0.733305	-0.561132	
0.776528	1.487705	0.571171	-0.068428	0.218128	0.035732	1.910485	0.111055	-0.203215	-0.833145	-0.278985	0.499326	0.000015	1.000000	-0.012116	-0.062016	0.097903	-0.078918	-0.071273	-0.072246	-0.003172	-0.122398	-0.043970	0.097672	0.057004	-0.035165	0.034763	0.058185	-0.602890	0.003545	0.005988	-0.044256	-0.017863	-0.032218	-0.005872	-0.043734	-0.094533	0.056110	0.259452	-0.009345	0.012149	-0.026053	-0.050367	-0.005510	0.002376	-0.036762	-0.063944	0.033623	0.148193	-0.919045	0.876366	0.394152	-0.481647	-0.725910	-0.594048	0.000015	1.000000	-0.012120	-0.062042	0.097914	-0.078947	-0.071288	-0.072043	-0.001389	-0.128577	-0.047634	0.098126	0.056454	-0.041607	0.021449	0.064864	-0.551813	0.002448	0.011300	-0.043161	-0.014698	0.019461	-0.014197	-0.038456	-0.124611	0.013288	0.201125	0.001466	0.016747	-0.018688	-0.046406	0.044726	0.005526	-0.034674	-0.066067	0.032084	0.069423	-0.882789	0.801754	0.469770	-0.597655	-0.733305	-0.561132	0.000015	1.000000	-0.012121	-0.062048	0.097915	-0.078950	-0.071290	-0.071784	0.000502	-0.134538	-0.049554	0.107014	0.056465	-0.044979	0.006839	0.069084	-0.529238	-0.002198	0.007528	-0.054916	-0.017522	0.105239	0.005909	-0.031181	-0.094467	0.033084	0.098280	0.012523	0.018078	-0.011003	-0.042109	0.078507	0.008161	-0.034829	-0.066157	0.030166	0.021825	-0.843790	0.710796	0.536673	-0.703398	-0.753159	-0.555152	
0.752041	1.480003	0.420941	-0.171412	0.231808	-0.376734	0.734534	0.260057	-0.053486	-0.887059	-0.387027	1.874699	0.000015	1.000000	-0.012120	-0.062042	0.097914	-0.078947	-0.071288	-0.072043	-0.001389	-0.128577	-0.047634	0.098126	0.056454	-0.041607	0.021449	0.064864	-0.551813	0.002448	0.011300	-0.043161	-0.014698	0.019461	-0.014197	-0.038456	-0.124611	0.013288	0.201125	0.001466	0.016747	-0.018688	-0.046406	0.044726	0.005526	-0.034674	-0.066067	0.032084	0.069423	-0.882789	0.801754	0.469770	-0.597655	-0.733305	-0.561132	0.000015	1.000000	-0.012121	-0.062048	0.097915	-0.078950	-0.071290	-0.071784	0.000502	-0.134538	-0.049554	0.107014	0.056465	-0.044979	0.006839	0.069084	-0.529238	-0.002198	0.007528	-0.054916	-0.017522	0.105239	0.005909	-0.031181	-0.094467	0.033084	0.098280	0.012523	0.018078	-0.011003	-0.042109	0.078507	0.008161	-0.034829	-0.066157	0.030166	0.021825	-0.843790	0.710796	0.536673	-0.703398	-0.753159	-0.555152	0.000015	1.000000	-0.012121	-0.062049	0.097915	-0.078951	-0.071290	-0.070109	0.002319	-0.140480	-0.050980	0.128251	0.057049	-0.048925	-0.010792	0.072642	-0.519901	0.006411	0.010756	-0.046669	-0.008731	0.107885	0.002336	-0.025684	-0.069468	0.015522	0.042980	0.019418	0.015235	-0.001787	-0.040147	0.085937	0.009244	-0.033932	-0.061026	0.022422	0.019980	-0.802275	0.605480	0.596955	-0.795860	-0.767042	-0.553688	
0.706794	1.509128	0.414792	-0.126209	0.120417	-0.211638	0.106684	0.269287	0.085119	-0.873955	0.104387	1.606899	0.000015	1.000000	-0.012121	-0.062048	0.097915	-0.078950	-0.071290	-0.071784	0.000502	-0.134538	-0.049554	0.107014	0.056465	-0.044979	0.006839	0.069084	-0.529238	-0.002198	0.007528	-0.054916	-0.017522	0.105239	0.005909	-0.031181	-0.094467	0.033084	0.098280	0.012523	0.018078	-0.011003	-0.042109	0.078507	0.008161	-0.034829	-0.066157	0.030166	0.021825	-0.843790	0.710796	0.536673	-0.703398	-0.753159	-0.555152	0.000015	1.000000	-0.012121	-0.062049	0.097915	-0.078951	-0.071290	-0.070109	0.002319	-0.140480	-0.050980	0.128251	0.057049	-0.048925	-0.010792	0.072642	-0.519901	0.006411	0.010756	-0.046669	-0.008731	0.107885	0.002336	-0.025684	-0.069468	0.015522	0.042980	0.019418	0.015235	-0.001787	-0.040147	0.085937	0.009244	-0.033932	-0.061026	0.022422	0.019980	-0.802275	0.605480	0.596955	-0.795860	-0.767042	-0.553688	0.000015	1.000000	-0.012121	-0.062049	0.097915	-0.078951	-0.071290	-0.066696	0.003910	-0.148793	-0.051653	0.145657	0.058329	-0.052590	-0.021153	0.076577	-0.513938	0.015298	0.007590	-0.039214	-0.012738	0.136066	0.008609	-0.021296	-0.062432	0.015860	0.040590	0.022323	0.011071	0.010005	-0.045128	0.079555	0.011867	-0.031070	-0.063980	0.012678	0.042154	-0.757957	0.488874	0.652305	-0.872355	-0.774388	-0.555999	
0.630904	1.513872	0.426017	-0.267672	0.024597	0.044621	0.351532	0.153936	0.098087	-0.761624	0.389502	0.883752	0.000015	1.000000	-0.012121	-0.062049	0.097915	-0.078951	-0.071290	-0.070109	0.002319	-0.140480	-0.050980	0.128251	0.057049	-0.048925	-0.010792	0.072642	-0.519901	0.006411	0.010756	-0.046669	-0.008731	0.107885	0.002336	-0.025684	-0.069468	0.015522	0.042980	0.019418	0.015235	-0.001787	-0.040147	0.085937	0.009244	-0.033932	-0.061026	0.022422	0.019980	-0.802275	0.605480	0.596955	-0.795860	-0.767042	-0.553688	0.000015	1.000000	-0.012121	-0.062049	0.097915	-0.078951	-0.071290	-0.066696	0.003910	-0.148793	-0.051653	0.145657	0.058329	-0.052590	-0.021153	0.076577	-0.513938	0.015298	0.007590	-0.039214	-0.012738	0.136066	0.008609	-0.021296	-0.062432	0.015860	0.040590	0.022323	0.011071	0.010005	-0.045128	0.079555	0.011867	-0.031070	-0.063980	0.012678	0.042154	-0.757957	0.488874	0.652305	-0.872355	-0.774388	-0.555999	0.000015	1.000000	-0.012121	-0.062049	0.097915	-0.078951	-0.071290	-0.062427	0.004575	-0.153121	-0.052757	0.162757	0.060354	-0.055044	-0.030180	0.077848	-0.510201	0.022468	0.002736	-0.035677	-0.012790	0.133650	0.009585	-0.010621	-0.069406	0.006471	0.017320	0.024270	0.008515	0.016137	-0.047196	0.064053	0.013877	-0.027341	-0.068048	0.012971	0.062495	-0.712906	0.360420	0.701260	-0.932790	-0.787962	-0.547262	
0.675072	1.511051	0.354223	-0.285448	-0.047654	0.135080	0.365898	0.082714	0.149928	-0.677814	0.585976	0.372567	0.000015	1.000000	-0.012121	-0.062049	0.097915	-0.078951	-0.071290	-0.066696	0.003910	-0.148793	-0.051653	0.145657	0.058329	-0.052590	-0.021153	0.076577	-0.513938	0.015298	0.007590	-0.039214	-0.012738	0.136066	0.008609	-0.021296	-0.062432	0.015860	0.040590	0.022323	0.011071	0.010005	-0.045128	0.079555	0.011867	-0.031070	-0.063980	0.012678	0.042154	-0.757957	0.488874	0.652305	-0.872355	-0.774388	-0.555999	0.000015	1.000000	-0.012121	-0.062049	0.097915	-0.078951	-0.071290	-0.062427	0.004575	-0.153121	-0.052757	0.162757	0.060354	-0.055044	-0.030180	0.077848	-0.510201	0.022468	0.002736	-0.035677	-0.012790	0.133650	0.009585	-0.010621	-0.069406	0.006471	0.017320	0.024270	0.008515	0.016137	-0.047196	0.064053	0.013877	-0.027341	-0.068048	0.012971	0.062495	-0.712906	0.360420	0.701260	-0.932790	-0.787962	-0.547262	0.000015	1.000000	-0.012121	-0.062049	0.097915	-0.078951	-0.071290	-0.058011	0.004862	-0.156580	-0.059666	0.176331	0.061365	-0.056472	-0.039449	0.078733	-0.496682	0.020393	-0.000541	-0.031136	-0.037920	0.095371	-0.002531	-0.008972	-0.068707	0.004835	0.079551	0.026242	0.004214	0.019965	-0.039617	0.055751	0.015175	-0.024442	-0.070201	0.017928	0.062230	-0.669981	0.224147	0.742378	-0.974555	-0.810729	-0.545838	
0.796593	1.545658	0.248851	-0.326588	-0.050398	-0.103892	-0.141092	-0.072121	0.274991	-0.479275	0.922595	-0.094368	0.000015	1.000000	-0.012121	-0.062049	0.097915	-0.078951	-0.071290	-0.062427	0.004575	-0.153121	-0.052757	0.162757	0.060354	-0.055044	-0.030180	0.077848	-0.510201	0.022468	0.002736	-0.035677	-0.012790	0.133650	0.009585	-0.010621	-0.069406	0.006471	0.017320	0.024270	0.008515	0.016137	-0.047196	0.064053	0.013877	-0.027341	-0.068048	0.012971	0.062495	-0.712906	0.360420	0.701260	-0.932790	-0.787962	-0.547262	0.000015	1.000000	-0.012121	-0.062049	0.097915	-0.078951	-0.071290	-0.058011	0.004862	-0.156580	-0.059666	0.176331	0.061365	-0.056472	-0.039449	0.078733	-0.496682	0.020393	-0.000541	-0.031136	-0.037920	0.095371	-0.002531	-0.008972	-0.068707	0.004835	0.079551	0.026242	0.004214	0.019965	-0.039617	0.055751	0.015175	-0.024442	-0.070201	0.017928	0.062230	-0.669981	0.224147	0.742378	-0.974555	-0.810729	-0.545838	0.000015	1.000000	-0.012121	-0.062049	0.097915	-0.078951	-0.071290	-0.055043	0.004919	-0.158726	-0.063980	0.192689	0.062052	-0.057840	-0.054340	0.080994	-0.484673	0.028560	-0.001334	-0.015676	-0.030313	0.068163	-0.000602	-0.011366	-0.071080	0.018281	0.095196	0.028592	-0.000128	0.021395	-0.033275	0.044885	0.015729	-0.020823	-0.065484	0.024463	0.055813	-0.621388	0.083453	0.783503	-0.996512	-0.797478	-0.546685	
0.916575	1.539645	0.200481	-0.298075	-0.070581	-0.205188	-0.356251	-0.044634	0.300454	-0.486843	1.270424	-0.711990	0.000015	1.000000	-0.012121	-0.062049	0.097915	-0.078951	-0.071290	-0.058011	0.004862	-0.156580	-0.059666	0.176331	0.061365	-0.056472	-0.039449	0.078733	-0.496682	0.020393	-0.000541	-0.031136	-0.037920	0.095371	-0.002531	-0.008972	-0.068707	0.004835	0.079551	0.026242	0.004214	0.019965	-0.039617	0.055751	0.015175	-0.024442	-0.070201	0.017928	0.062230	-0.669981	0.224147	0.742378	-0.974555	-0.810729	-0.545838	0.000015	1.000000	-0.012121	-0.062049	0.097915	-0.078951	-0.071290	-0.055043	0.004919	-0.158726	-0.063980	0.192689	0.062052	-0.057840	-0.054340	0.080994	-0.484673	0.028560	-0.001334	-0.015676	-0.030313	0.068163	-0.000602	-0.011366	-0.071080	0.018281	0.095196	0.028592	-0.000128	0.021395	-0.033275	0.044885	0.015729	-0.020823	-0.065484	0.024463	0.055813	-0.621388	0.083453	0.783503	-0.996512	-0.797478	-0.546685	0.000015	1.000000	-0.012121	-0.062049	0.097915	-0.078951	-0.071290	-0.049724	0.004575	-0.159130	-0.067969	0.202407	0.063183	-0.059349	-0.065437	0.085978	-0.473450	0.029726	-0.005949	-0.000870	-0.032693	0.067187	0.011456	-0.013816	-0.078297	0.020323	0.085245	0.027006	-0.004683	0.021044	-0.030845	0.033051	0.013516	-0.015189	-0.061577	0.033318	0.043175	-0.560870	-0.062085	0.827904	-0.998071	-0.761022	-0.536303	
1.023117	1.565612	0.162068	-0.235936	-0.026081	-0.195125	-0.413395	-0.018803	0.352537	-0.405688	1.593963	-2.012786	0.000015	1.000000	-0.012121	-0.062049	0.097915	-0.078951	-0.071290	-0.055043	0.004919	-0.158726	-0.063980	0.192689	0.062052	-0.057840	-0.054340	0.080994	-0.484673	0.028560	-0.001334	-0.015676	-0.030313	0.068163	-0.000602	-0.011366	-0.071080	0.018281	0.095196	0.028592	-0.000128	0.021395	-0.033275	0.044885	0.015729	-0.020823	-0.065484	0.024463	0.055813	-0.621388	0.083453	0.783503	-0.996512	-0.797478	-0.546685	0.000015	1.000000	-0.012121	-0.062049	0.097915	-0.078951	-0.071290	-0.049724	0.004575	-0.159130	-0.067969	0.202407	0.063183	-0.059349	-0.065437	0.085978	-0.473450	0.029726	-0.005949	-0.000870	-0.032693	0.067187	0.011456	-0.013816	-0.078297	0.020323	0.085245	0.027006	-0.004683	0.021044	-0.030845	0.033051	0.013516	-0.015189	-0.061577	0.033318	0.043175	-0.560870	-0.062085	0.827904	-0.998071	-0.761022	-0.536303	0.000015	1.000000	-0.012121	-0.062049	0.097915	-0.078951	-0.071290	-0.044008	0.003868	-0.158509	-0.072257	0.209440	0.064184	-0.060192	-0.074660	0.090828	-0.463814	0.031239	-0.008039	0.004799	-0.038166	0.043360	0.003937	-0.008128	-0.075529	0.035184	0.069593	0.024300	-0.008452	0.019363	-0.029638	0.020669	0.011845	-0.009835	-0.059664	0.047543	0.022849	-0.487273	-0.205895	0.873250	-0.978574	-0.725028	-0.538107	
1.216553	1.562799	0.171934	-0.159891	-0.016468	-0.423891	-0.553533	-0.061915	0.436054	-0.288438	1.716568	-2.862375	0.000015	1.000000	-0.012121	-0.062049	0.097915	-0.078951	-0.071290	-0.049724	0.004575	-0.159130	-0.067969	0.202407	0.063183	-0.059349	-0.065437	0.085978	-0.473450	0.029726	-0.005949	-0.000870	-0.032693	0.067187	0.011456	-0.013816	-0.078297	0.020323	0.085245	0.027006	-0.004683	0.021044	-0.030845	0.033051	0.013516	-0.015189	-0.061577	0.033318	0.043175	-0.560870	-0.062085	0.827904	-0.998071	-0.761022	-0.536303	0.000015	1.000000	-0.012121	-0.062049	0.097915	-0.078951	-0.071290	-0.044008	0.003868	-0.158509	-0.072257	0.209440	0.064184	-0.060192	-0.074660	0.090828	-0.463814	0.031239	-0.008039	0.004799	-0.038166	0.043360	0.003937	-0.008128	-0.075529	0.035184	0.069593	0.024300	-0.008452	0.019363	-0.029638	0.020669	0.011845	-0.009835	-0.059664	0.047543	0.022849	-0.487273	-0.205895	0.873250	-0.978574	-0.725028	-0.538107	0.000015	1.000000	-0.012121	-0.062049	0.097915	-0.078951	-0.071290	-0.039229	0.002685	-0.157076	-0.081087	0.213682	0.065596	-0.061072	-0.082902	0.093688	-0.448849	0.022317	-0.008132	0.018277	-0.046739	0.028763	0.009467	-0.004768	-0.056408	0.013289	0.047788	0.021952	-0.010806	0.017539	-0.023734	0.010228	0.010151	-0.003668	-0.057505	0.068586	-0.022300	-0.400959	-0.347491	0.916096	-0.937683	-0.693065	-0.530316	
1.470966	1.513220	0.221001	-0.075122	0.052596	-0.923932	-0.811194	-0.124953	0.490226	0.028799	1.444046	-3.251574	0.000015	1.000000	-0.012121	-0.062049	0.097915	-0.078951	-0.071290	-0.044008	0.003868	-0.158509	-0.072257	0.209440	0.064184	-0.060192	-0.074660	0.090828	-0.463814	0.031239	-0.008039	0.004799	-0.038166	0.043360	0.003937	-0.008128	-0.075529	0.035184	0.069593	0.024300	-0.008452	0.019363	-0.029638	0.020669	0.011845	-0.009835	-0.059664	0.047543	0.022849	-0.487273	-0.205895	0.873250	-0.978574	-0.725028	-0.538107	0.000015	1.000000	-0.012121	-0.062049	0.097915	-0.078951	-0.071290	-0.039229	0.002685	-0.157076	-0.081087	0.213682	0.065596	-0.061072	-0.082902	0.093688	-0.448849	0.022317	-0.008132	0.018277	-0.046739	0.028763	0.009467	-0.004768	-0.056408	0.013289	0.047788	0.021952	-0.010806	0.017539	-0.023734	0.010228	0.010151	-0.003668	-0.057505	0.068586	-0.022300	-0.400959	-0.347491	0.916096	-0.937683	-0.693065	-0.530316	0.000015	1.000000	-0.012121	-0.062049	0.097915	-0.078951	-0.071290	-0.035535	0.001212	-0.154826	-0.086585	0.218916	0.066654	-0.061288	-0.088283	0.097483	-0.445638	0.013399	-0.012562	0.021021	-0.035732	0.012298	0.008624	-0.001640	-0.007037	0.030991	-0.003247	0.020832	-0.011728	0.015042	-0.024583	-0.003295	0.008166	0.003077	-0.056444	0.090495	-0.068372	-0.293709	-0.481118	0.955895	-0.876656	-0.635034	-0.531160	
1.579430	1.383844	0.328017	0.017291	-0.026826	-1.318715	-0.948252	-0.224344	0.512259	0.222448	0.281805	-2.586380	0.000015	1.000000	-0.012121	-0.062049	0.097915	-0.078951	-0.071290	-0.039229	0.002685	-0.157076	-0.081087	0.213682	0.065596	-0.061072	-0.082902	0.093688	-0.448849	0.022317	-0.008132	0.018277	-0.046739	0.028763	0.009467	-0.004768	-0.056408	0.013289	0.047788	0.021952	-0.010806	0.017539	-0.023734	0.010228	0.010151	-0.003668	-0.057505	0.068586	-0.022300	-0.400959	-0.347491	0.916096	-0.937683	-0.693065	-0.530316	0.000015	1.000000	-0.012121	-0.062049	0.097915	-0.078951	-0.071290	-0.035535	0.001212	-0.154826	-0.086585	0.218916	0.066654	-0.061288	-0.088283	0.097483	-0.445638	0.013399	-0.012562	0.021021	-0.035732	0.012298	0.008624	-0.001640	-0.007037	0.030991	-0.003247	0.020832	-0.011728	0.015042	-0.024583	-0.003295	0.008166	0.003077	-0.056444	0.090495	-0.068372	-0.293709	-0.481118	0.955895	-0.876656	-0.635034	-0.531160	0.000015	1.000000	-0.012121	-0.062049	0.097915	-0.078951	-0.071290	-0.032640	-0.000278	-0.150693	-0.090883	0.219745	0.068223	-0.061081	-0.089480	0.103379	-0.450327	0.011809	-0.010097	0.008383	-0.024860	-0.003307	0.002607	-0.000862	-0.000704	0.029969	-0.059648	0.021254	-0.011366	0.011699	-0.034156	-0.016302	0.004721	0.010230	-0.054814	0.106278	-0.112499	-0.158676	-0.600935	0.987331	-0.799298	-0.558710	-0.546034	
1.687126	1.121021	0.329269	0.299889	-0.178042	-1.256155	-0.953814	-0.278769	0.597248	0.156780	-1.393760	-1.871637	0.000015	1.000000	-0.012121	-0.062049	0.097915	-0.078951	-0.071290	-0.035535	0.001212	-0.154826	-0.086585	0.218916	0.066654	-0.061288	-0.088283	0.097483	-0.445638	0.013399	-0.012562	0.021021	-0.035732	0.012298	0.008624	-0.001640	-0.007037	0.030991	-0.003247	0.020832	-0.011728	0.015042	-0.024583	-0.003295	0.008166	0.003077	-0.056444	0.090495	-0.068372	-0.293709	-0.481118	0.955895	-0.876656	-0.635034	-0.531160	0.000015	1.000000	-0.012121	-0.062049	0.097915	-0.078951	-0.071290	-0.032640	-0.000278	-0.150693	-0.090883	0.219745	0.068223	-0.061081	-0.089480	0.103379	-0.450327	0.011809	-0.010097	0.008383	-0.024860	-0.003307	0.002607	-0.000862	-0.000704	0.029969	-0.059648	0.021254	-0.011366	0.011699	-0.034156	-0.016302	0.004721	0.010230	-0.054814	0.106278	-0.112499	-0.158676	-0.600935	0.987331	-0.799298	-0.558710	-0.546034	0.000015	1.000000	-0.012121	-0.062049	0.097915	-0.078951	-0.071290	-0.029710	-0.001036	-0.149018	-0.092761	0.219208	0.067616	-0.060232	-0.089307	0.108969	-0.456499	0.018629	-0.008222	0.007120	-0.019236	-0.010800	-0.004974	0.005265	0.004117	0.038940	-0.045049	0.023243	-0.010348	0.009622	-0.052052	-0.029984	0.001964	0.017062	-0.051651	0.104914	-0.145109	-0.010542	-0.699753	0.999944	-0.714385	-0.526171	-0.584847	
1.769102	0.948478	0.241548	0.470226	-0.011737	-1.209915	-0.671885	-0.482668	0.616855	-0.165720	-4.118104	-0.293342	0.000015	1.000000	-0.012121	-0.062049	0.097915	-0.078951	-0.071290	-0.032640	-0.000278	-0.150693	-0.090883	0.219745	0.068223	-0.061081	-0.089480	0.103379	-0.450327	0.011809	-0.010097	0.008383	-0.024860	-0.003307	0.002607	-0.000862	-0.000704	0.029969	-0.059648	0.021254	-0.011366	0.011699	-0.034156	-0.016302	0.004721	0.010230	-0.054814	0.106278	-0.112499	-0.158676	-0.600935	0.987331	-0.799298	-0.558710	-0.546034	0.000015	1.000000	-0.012121	-0.062049	0.097915	-0.078951	-0.071290	-0.029710	-0.001036	-0.149018	-0.092761	0.219208	0.067616	-0.060232	-0.089307	0.108969	-0.456499	0.018629	-0.008222	0.007120	-0.019236	-0.010800	-0.004974	0.005265	0.004117	0.038940	-0.045049	0.023243	-0.010348	0.009622	-0.052052	-0.029984	0.001964	0.017062	-0.051651	0.104914	-0.145109	-0.010542	-0.699753	0.999944	-0.714385	-0.526171	-0.584847	0.000015	1.000000	-0.012121	-0.062049	0.097915	-0.078951	-0.071290	-0.025901	-0.001875	-0.147859	-0.100261	0.217017	0.065798	-0.058414	-0.088449	0.113092	-0.479980	0.021754	-0.006755	0.005946	-0.036820	-0.023414	-0.014456	0.011112	0.002854	0.019597	-0.130132	0.024368	-0.005016	0.005795	-0.063376	-0.042086	-0.000395	0.024194	-0.050160	0.079905	-0.149675	0.147764	-0.771120	0.989023	-0.636689	-0.493862	-0.663694	
1.816874	0.976294	-0.061160	0.416484	0.229758	-0.863249	-0.380090	-0.429184	0.415346	-0.754178	-6.543038	1.922864	0.000015	1.000000	-0.012121	-0.062049	0.097915	-0.078951	-0.071290	-0.029710	-0.001036	-0.149018	-0.092761	0.219208	0.067616	-0.060232	-0.089307	0.108969	-0.456499	0.018629	-0.008222	0.007120	-0.019236	-0.010800	-0.004974	0.005265	0.004117	0.038940	-0.045049	0.023243	-0.010348	0.009622	-0.052052	-0.029984	0.001964	0.017062	-0.051651	0.104914	-0.145109	-0.010542	-0.699753	0.999944	-0.714385	-0.526171	-0.584847	0.000015	1.000000	-0.012121	-0.062049	0.097915	-0.078951	-0.071290	-0.025901	-0.001875	-0.147859	-0.100261	0.217017	0.065798	-0.058414	-0.088449	0.113092	-0.479980	0.021754	-0.006755	0.005946	-0.036820	-0.023414	-0.014456	0.011112	0.002854	0.019597	-0.130132	0.024368	-0.005016	0.005795	-0.063376	-0.042086	-0.000395	0.024194	-0.050160	0.079905	-0.149675	0.147764	-0.771120	0.989023	-0.636689	-0.493862	-0.663694	0.000015	1.000000	-0.012121	-0.062049	0.097915	-0.078951	-0.071290	-0.023443	-0.002123	-0.147215	-0.108086	0.211683	0.063471	-0.055950	-0.088689	0.113892	-0.501858	0.022066	-0.001373	-0.004989	-0.067542	-0.030258	-0.017149	0.012162	-0.005647	-0.000134	-0.174583	0.025532	0.002283	0.004975	-0.073691	-0.046826	-0.005305	0.030979	-0.052405	0.017362	-0.132195	0.309781	-0.824857	0.950808	-0.565342	-0.469269	-0.715457	
1.844895	1.086226	-0.270518	0.319376	0.377127	-0.733673	-0.167663	-0.202558	0.409518	-1.530348	-7.808974	3.849213	0.000015	1.000000	-0.012121	-0.062049	0.097915	-0.078951	-0.071290	-0.025901	-0.001875	-0.147859	-0.100261	0.217017	0.065798	-0.058414	-0.088449	0.113092	-0.479980	0.021754	-0.006755	0.005946	-0.036820	-0.023414	-0.014456	0.011112	0.002854	0.019597	-0.130132	0.024368	-0.005016	0.005795	-0.063376	-0.042086	-0.000395	0.024194	-0.050160	0.079905	-0.149675	0.147764	-0.771120	0.989023	-0.636689	-0.493862	-0.663694	0.000015	1.000000	-0.012121	-0.062049	0.097915	-0.078951	-0.071290	-0.023443	-0.002123	-0.147215	-0.108086	0.211683	0.063471	-0.055950	-0.088689	0.113892	-0.501858	0.022066	-0.001373	-0.004989	-0.067542	-0.030258	-0.017149	0.012162	-0.005647	-0.000134	-0.174583	0.025532	0.002283	0.004975	-0.073691	-0.046826	-0.005305	0.030979	-0.052405	0.017362	-0.132195	0.309781	-0.824857	0.950808	-0.565342	-0.469269	-0.715457	0.000015	1.000000	-0.012121	-0.062049	0.097915	-0.078951	-0.071290	-0.019340	-0.001898	-0.146868	-0.117648	0.207248	0.060268	-0.053284	-0.090433	0.110127	-0.522179	0.025936	-0.000486	-0.003640	-0.089110	-0.033386	-0.017069	0.011918	-0.026039	-0.048519	-0.159835	0.020512	0.008302	0.008073	-0.077073	-0.048090	-0.008537	0.034541	-0.061968	-0.076978	-0.083043	0.467209	-0.873295	0.884147	-0.487191	-0.454938	-0.707112	
1.839748	1.100471	-0.327121	0.071894	0.485730	-0.476731	0.301570	0.041971	0.227362	-2.147298	-8.160479	5.015814	0.000015	1.000000	-0.012121	-0.062049	0.097915	-0.078951	-0.071290	-0.023443	-0.002123	-0.147215	-0.108086	0.211683	0.063471	-0.055950	-0.088689	0.113892	-0.501858	0.022066	-0.001373	-0.004989	-0.067542	-0.030258	-0.017149	0.012162	-0.005647	-0.000134	-0.174583	0.025532	0.002283	0.004975	-0.073691	-0.046826	-0.005305	0.030979	-0.052405	0.017362	-0.132195	0.309781	-0.824857	0.950808	-0.565342	-0.469269	-0.715457	0.000015	1.000000	-0.012121	-0.062049	0.097915	-0.078951	-0.071290	-0.019340	-0.001898	-0.146868	-0.117648	0.207248	0.060268	-0.053284	-0.090433	0.110127	-0.522179	0.025936	-0.000486	-0.003640	-0.089110	-0.033386	-0.017069	0.011918	-0.026039	-0.048519	-0.159835	0.020512	0.008302	0.008073	-0.077073	-0.048090	-0.008537	0.034541	-0.061968	-0.076978	-0.083043	0.467209	-0.873295	0.884147	-0.487191	-0.454938	-0.707112	0.000015	1.000000	-0.012121	-0.062049	0.097915	-0.078951	-0.071290	-0.014521	-0.001296	-0.146944	-0.125837	0.203114	0.055556	-0.051717	-0.096162	0.096287	-0.541268	0.031558	0.003674	-0.006296	-0.066141	-0.041376	-0.024739	0.017593	-0.062277	-0.152463	-0.145100	0.011635	0.012492	0.013807	-0.079891	-0.046471	-0.006864	0.039118	-0.079200	-0.180297	-0.006204	0.613151	-0.918520	0.789966	-0.395375	-0.446531	-0.674132	
1.800485	1.112982	-0.197596	0.108522	0.538754	-0.246640	1.286726	0.087062	0.115499	-2.305486	-7.924390	4.962351	0.000015	1.000000	-0.012121	-0.062049	0.097915	-0.078951	-0.071290	-0.019340	-0.001898	-0.146868	-0.117648	0.207248	0.060268	-0.053284	-0.090433	0.110127	-0.522179	0.025936	-0.000486	-0.003640	-0.089110	-0.033386	-0.017069	0.011918	-0.026039	-0.048519	-0.159835	0.020512	0.008302	0.008073	-0.077073	-0.048090	-0.008537	0.034541	-0.061968	-0.076978	-0.083043	0.467209	-0.873295	0.884147	-0.487191	-0.454938	-0.707112	0.000015	1.000000	-0.012121	-0.062049	0.097915	-0.078951	-0.071290	-0.014521	-0.001296	-0.146944	-0.125837	0.203114	0.055556	-0.051717	-0.096162	0.096287	-0.541268	0.031558	0.003674	-0.006296	-0.066141	-0.041376	-0.024739	0.017593	-0.062277	-0.152463	-0.145100	0.011635	0.012492	0.013807	-0.079891	-0.046471	-0.006864	0.039118	-0.079200	-0.180297	-0.006204	0.613151	-0.918520	0.789966	-0.395375	-0.446531	-0.674132	0.000015	1.000000	-0.012121	-0.062049	0.097915	-0.078951	-0.071290	-0.009341	-0.000610	-0.147275	-0.137411	0.197852	0.050372	-0.048431	-0.108770	0.068850	-0.555749	0.037005	0.002461	-0.011099	-0.045349	-0.045315	-0.030391	0.026419	-0.128714	-0.238583	0.001891	0.001544	0.012885	0.021429	-0.075474	-0.036682	-0.001051	0.039245	-0.098824	-0.275357	0.083569	0.740331	-0.954540	0.672243	-0.298082	-0.448075	-0.669859	
1.788281	0.874820	-0.139733	0.176126	0.500499	0.006899	1.036969	0.056961	-0.203736	-2.300553	-6.925349	4.589550	0.000015	1.000000	-0.012121	-0.062049	0.097915	-0.078951	-0.071290	-0.014521	-0.001296	-0.146944	-0.125837	0.203114	0.055556	-0.051717	-0.096162	0.096287	-0.541268	0.031558	0.003674	-0.006296	-0.066141	-0.041376	-0.024739	0.017593	-0.062277	-0.152463	-0.145100	0.011635	0.012492	0.013807	-0.079891	-0.046471	-0.006864	0.039118	-0.079200	-0.180297	-0.006204	0.613151	-0.918520	0.789966	-0.395375	-0.446531	-0.674132	0.000015	1.000000	-0.012121	-0.062049	0.097915	-0.078951	-0.071290	-0.009341	-0.000610	-0.147275	-0.137411	0.197852	0.050372	-0.048431	-0.108770	0.068850	-0.555749	0.037005	0.002461	-0.011099	-0.045349	-0.045315	-0.030391	0.026419	-0.128714	-0.238583	0.001891	0.001544	0.012885	0.021429	-0.075474	-0.036682	-0.001051	0.039245	-0.098824	-0.275357	0.083569	0.740331	-0.954540	0.672243	-0.298082	-0.448075	-0.669859	0.000015	1.000000	-0.012121	-0.062049	0.097915	-0.078951	-0.071290	-0.005130	-0.000125	-0.147898	-0.142633	0.190572	0.048900	-0.043565	-0.140203	0.028636	-0.547595	0.014867	0.002224	-0.011579	-0.032103	-0.035589	-0.007925	0.033816	-0.164670	-0.353978	0.138728	-0.005620	0.014022	0.030105	-0.073937	-0.010169	0.001723	0.036105	-0.101852	-0.353588	0.149587	0.842902	-0.980431	0.538067	-0.196863	-0.459854	-0.666105	
1.779051	0.691620	-0.200482	-0.114091	0.342197	0.712370	-0.304393	0.086889	-0.553487	-1.690962	-4.318327	3.614798	0.000015	1.000000	-0.012121	-0.062049	0.097915	-0.078951	-0.071290	-0.009341	-0.000610	-0.147275	-0.137411	0.197852	0.050372	-0.048431	-0.108770	0.068850	-0.555749	0.037005	0.002461	-0.011099	-0.045349	-0.045315	-0.030391	0.026419	-0.128714	-0.238583	0.001891	0.001544	0.012885	0.021429	-0.075474	-0.036682	-0.001051	0.039245	-0.098824	-0.275357	0.083569	0.740331	-0.954540	0.672243	-0.298082	-0.448075	-0.669859	0.000015	1.000000	-0.012121	-0.062049	0.097915	-0.078951	-0.071290	-0.005130	-0.000125	-0.147898	-0.142633	0.190572	0.048900	-0.043565	-0.140203	0.028636	-0.547595	0.014867	0.002224	-0.011579	-0.032103	-0.035589	-0.007925	0.033816	-0.164670	-0.353978	0.138728	-0.005620	0.014022	0.030105	-0.073937	-0.010169	0.001723	0.036105	-0.101852	-0.353588	0.149587	0.842902	-0.980431	0.538067	-0.196863	-0.459854	-0.666105	0.000015	1.000000	-0.012121	-0.062049	0.097915	-0.078951	-0.071290	-0.004579	0.000246	-0.148314	-0.146247	0.188607	0.049453	-0.037859	-0.166942	-0.055985	-0.523935	-0.001305	0.000688	0.003030	-0.033570	-0.009491	0.003744	0.037929	-0.208746	-0.454852	0.236511	-0.008273	0.016300	0.038048	-0.070220	0.007392	0.002027	0.027334	-0.109713	-0.373124	0.194955	0.921391	-0.993339	0.388636	-0.115231	-0.463516	-0.737554	
1.750719	0.589090	-0.073126	-0.339107	0.441146	0.550028	-1.326266	-0.046375	-0.717480	-0.896544	-0.721745	1.766996	0.000015	1.000000	-0.012121	-0.062049	0.097915	-0.078951	-0.071290	-0.005130	-0.000125	-0.147898	-0.142633	0.190572	0.048900	-0.043565	-0.140203	0.028636	-0.547595	0.014867	0.002224	-0.011579	-0.032103	-0.035589	-0.007925	0.033816	-0.164670	-0.353978	0.138728	-0.005620	0.014022	0.030105	-0.073937	-0.010169	0.001723	0.036105	-0.101852	-0.353588	0.149587	0.842902	-0.980431	0.538067	-0.196863	-0.459854	-0.666105	0.000015	1.000000	-0.012121	-0.062049	0.097915	-0.078951	-0.071290	-0.004579	0.000246	-0.148314	-0.146247	0.188607	0.049453	-0.037859	-0.166942	-0.055985	-0.523935	-0.001305	0.000688	0.003030	-0.033570	-0.009491	0.003744	0.037929	-0.208746	-0.454852	0.236511	-0.008273	0.016300	0.038048	-0.070220	0.007392	0.002027	0.027334	-0.109713	-0.373124	0.194955	0.921391	-0.993339	0.388636	-0.115231	-0.463516	-0.737554	0.000015	1.000000	-0.012121	-0.062049	0.097915	-0.078951	-0.071290	-0.004638	0.000490	-0.147403	-0.151016	0.189789	0.053902	-0.032800	-0.196281	-0.121474	-0.499162	-0.000828	0.000883	0.001001	-0.042092	0.007077	0.029338	0.029267	-0.236185	-0.476804	0.189409	-0.011224	0.014343	0.042275	-0.054755	0.001639	-0.001117	0.013965	-0.105762	-0.372472	0.224454	0.973364	-0.998738	0.229265	-0.050221	-0.466285	-0.792514	
1.718457	0.624877	0.054230	-0.523868	0.199370	0.205193	-1.885715	-0.079067	-0.339662	-0.120788	2.890493	-0.225082	0.000015	1.000000	-0.012121	-0.062049	0.097915	-0.078951	-0.071290	-0.004579	0.000246	-0.148314	-0.146247	0.188607	0.049453	-0.037859	-0.166942	-0.055985	-0.523935	-0.001305	0.000688	0.003030	-0.033570	-0.009491	0.003744	0.037929	-0.208746	-0.454852	0.236511	-0.008273	0.016300	0.038048	-0.070220	0.007392	0.002027	0.027334	-0.109713	-0.373124	0.194955	0.921391	-0.993339	0.388636	-0.115231	-0.463516	-0.737554	0.000015	1.000000	-0.012121	-0.062049	0.097915	-0.078951	-0.071290	-0.004638	0.000490	-0.147403	-0.151016	0.189789	0.053902	-0.032800	-0.196281	-0.121474	-0.499162	-0.000828	0.000883	0.001001	-0.042092	0.007077	0.029338	0.029267	-0.236185	-0.476804	0.189409	-0.011224	0.014343	0.042275	-0.054755	0.001639	-0.001117	0.013965	-0.105762	-0.372472	0.224454	0.973364	-0.998738	0.229265	-0.050221	-0.466285	-0.792514	0.000015	1.000000	-0.012121	-0.062049	0.097915	-0.078951	-0.071290	-0.005353	0.000571	-0.146639	-0.160622	0.190777	0.062255	-0.028759	-0.224856	-0.185389	-0.439803	-0.010901	0.000088	-0.000598	-0.041897	-0.005574	0.042018	0.019677	-0.221830	-0.498890	0.301950	-0.011605	0.009181	0.048122	-0.036908	-0.019221	-0.010166	-0.000827	-0.090621	-0.319371	0.191572	0.997790	-0.999986	0.066448	0.005218	-0.474784	-0.823273	
1.720315	0.830186	0.243033	-0.224825	0.021467	0.489584	-1.567891	-0.222107	0.091702	0.300912	4.068704	-0.362808	0.000015	1.000000	-0.012121	-0.062049	0.097915	-0.078951	-0.071290	-0.004638	0.000490	-0.147403	-0.151016	0.189789	0.053902	-0.032800	-0.196281	-0.121474	-0.499162	-0.000828	0.000883	0.001001	-0.042092	0.007077	0.029338	0.029267	-0.236185	-0.476804	0.189409	-0.011224	0.014343	0.042275	-0.054755	0.001639	-0.001117	0.013965	-0.105762	-0.372472	0.224454	0.973364	-0.998738	0.229265	-0.050221	-0.466285	-0.792514	0.000015	1.000000	-0.012121	-0.062049	0.097915	-0.078951	-0.071290	-0.005353	0.000571	-0.146639	-0.160622	0.190777	0.062255	-0.028759	-0.224856	-0.185389	-0.439803	-0.010901	0.000088	-0.000598	-0.041897	-0.005574	0.042018	0.019677	-0.221830	-0.498890	0.301950	-0.011605	0.009181	0.048122	-0.036908	-0.019221	-0.010166	-0.000827	-0.090621	-0.319371	0.191572	0.997790	-0.999986	0.066448	0.005218	-0.474784	-0.823273	0.000015	1.000000	-0.012121	-0.062049	0.097915	-0.078951	-0.071290	-0.006053	0.000563	-0.143894	-0.165330	0.188914	0.068506	-0.027191	-0.260306	-0.244385	-0.399360	-0.009465	0.000009	0.027857	-0.030711	-0.033360	0.016764	0.009296	-0.140830	-0.476671	0.295756	-0.010093	0.001349	0.048359	-0.029130	-0.045578	-0.017600	-0.007477	-0.056979	-0.217118	0.147760	0.995483	-0.997954	-0.094942	0.063931	-0.484463	-0.812537	
1.759897	1.184751	0.233031	-0.394428	0.344209	0.763731	0.237962	-0.381576	0.175070	1.058691	3.370919	-0.276049	0.000015	1.000000	-0.012121	-0.062049	0.097915	-0.078951	-0.071290	-0.005353	0.000571	-0.146639	-0.160622	0.190777	0.062255	-0.028759	-0.224856	-0.185389	-0.439803	-0.010901	0.000088	-0.000598	-0.041897	-0.005574	0.042018	0.019677	-0.221830	-0.498890	0.301950	-0.011605	0.009181	0.048122	-0.036908	-0.019221	-0.010166	-0.000827	-0.090621	-0.319371	0.191572	0.997790	-0.999986	0.066448	0.005218	-0.474784	-0.823273	0.000015	1.000000	-0.012121	-0.062049	0.097915	-0.078951	-0.071290	-0.006053	0.000563	-0.143894	-0.165330	0.188914	0.068506	-0.027191	-0.260306	-0.244385	-0.399360	-0.009465	0.000009	0.027857	-0.030711	-0.033360	0.016764	0.009296	-0.140830	-0.476671	0.295756	-0.010093	0.001349	0.048359	-0.029130	-0.045578	-0.017600	-0.007477	-0.056979	-0.217118	0.147760	0.995483	-0.997954	-0.094942	0.063931	-0.484463	-0.812537	0.000015	1.000000	-0.012121	-0.062049	0.097915	-0.078951	-0.071290	-0.007502	0.000384	-0.133772	-0.168864	0.182653	0.069635	-0.026562	-0.276798	-0.325202	-0.367184	-0.012113	-0.002442	0.059667	-0.033431	-0.063009	-0.004256	0.000232	-0.073058	-0.274144	0.216969	-0.004990	-0.001852	0.038561	-0.018233	-0.062894	-0.022069	-0.006727	-0.035962	-0.075120	0.110128	0.966999	-0.989877	-0.254781	0.141930	-0.483905	-0.750944	
1.768604	1.416043	0.382590	-0.337540	0.285454	0.812620	1.112641	-0.408671	0.529444	1.466608	3.029913	0.502563	0.000015	1.000000	-0.012121	-0.062049	0.097915	-0.078951	-0.071290	-0.006053	0.000563	-0.143894	-0.165330	0.188914	0.068506	-0.027191	-0.260306	-0.244385	-0.399360	-0.009465	0.000009	0.027857	-0.030711	-0.033360	0.016764	0.009296	-0.140830	-0.476671	0.295756	-0.010093	0.001349	0.048359	-0.029130	-0.045578	-0.017600	-0.007477	-0.056979	-0.217118	0.147760	0.995483	-0.997954	-0.094942	0.063931	-0.484463	-0.812537	0.000015	1.000000	-0.012121	-0.062049	0.097915	-0.078951	-0.071290	-0.007502	0.000384	-0.133772	-0.168864	0.182653	0.069635	-0.026562	-0.276798	-0.325202	-0.367184	-0.012113	-0.002442	0.059667	-0.033431	-0.063009	-0.004256	0.000232	-0.073058	-0.274144	0.216969	-0.004990	-0.001852	0.038561	-0.018233	-0.062894	-0.022069	-0.006727	-0.035962	-0.075120	0.110128	0.966999	-0.989877	-0.254781	0.141930	-0.483905	-0.750944	0.000015	1.000000	-0.012121	-0.062049	0.097915	-0.078951	-0.071290	-0.007598	0.000292	-0.126707	-0.171849	0.172653	0.068625	-0.026566	-0.282956	-0.354330	-0.341822	0.001580	-0.001291	0.047493	-0.019046	-0.099125	-0.018223	-0.004048	-0.011493	-0.126520	0.177683	-0.001396	-0.007681	0.036663	-0.003783	-0.049321	-0.026787	-0.004095	-0.013911	0.004612	0.080622	0.911607	-0.967875	-0.411064	0.251433	-0.472031	-0.644575	
1.771535	1.531368	0.559443	-0.118306	-0.212313	1.497410	0.518385	-0.346006	1.030260	1.243142	3.637106	1.529733	0.000015	1.000000	-0.012121	-0.062049	0.097915	-0.078951	-0.071290	-0.007502	0.000384	-0.133772	-0.168864	0.182653	0.069635	-0.026562	-0.276798	-0.325202	-0.367184	-0.012113	-0.002442	0.059667	-0.033431	-0.063009	-0.004256	0.000232	-0.073058	-0.274144	0.216969	-0.004990	-0.001852	0.038561	-0.018233	-0.062894	-0.022069	-0.006727	-0.035962	-0.075120	0.110128	0.966999	-0.989877	-0.254781	0.141930	-0.483905	-0.750944	0.000015	1.000000	-0.012121	-0.062049	0.097915	-0.078951	-0.071290	-0.007598	0.000292	-0.126707	-0.171849	0.172653	0.068625	-0.026566	-0.282956	-0.354330	-0.341822	0.001580	-0.001291	0.047493	-0.019046	-0.099125	-0.018223	-0.004048	-0.011493	-0.126520	0.177683	-0.001396	-0.007681	0.036663	-0.003783	-0.049321	-0.026787	-0.004095	-0.013911	0.004612	0.080622	0.911607	-0.967875	-0.411064	0.251433	-0.472031	-0.644575	0.000015	1.000000	-0.012121	-0.062049	0.097915	-0.078951	-0.071290	-0.007011	-0.000171	-0.119915	-0.169174	0.163382	0.064085	-0.026914	-0.280650	-0.362676	-0.311643	-0.000540	-0.006527	0.044531	0.024966	-0.069934	-0.037765	-0.005290	0.040726	-0.029751	0.096285	0.003753	-0.012278	0.034150	0.005724	-0.023371	-0.028374	0.004190	0.005769	0.058380	0.057978	0.830825	-0.925842	-0.556533	0.377911	-0.469419	-0.575187	
1.809241	1.560758	0.516314	-0.076117	-0.468081	1.595308	-0.265437	-0.313234	1.127039	1.071369	3.749039	2.431827	0.000015	1.000000	-0.012121	-0.062049	0.097915	-0.078951	-0.071290	-0.007598	0.000292	-0.126707	-0.171849	0.172653	0.068625	-0.026566	-0.282956	-0.354330	-0.341822	0.001580	-0.001291	0.047493	-0.019046	-0.099125	-0.018223	-0.004048	-0.011493	-0.126520	0.177683	-0.001396	-0.007681	0.036663	-0.003783	-0.049321	-0.026787	-0.004095	-0.013911	0.004612	0.080622	0.911607	-0.967875	-0.411064	0.251433	-0.472031	-0.644575	0.000015	1.000000	-0.012121	-0.062049	0.097915	-0.078951	-0.071290	-0.007011	-0.000171	-0.119915	-0.169174	0.163382	0.064085	-0.026914	-0.280650	-0.362676	-0.311643	-0.000540	-0.006527	0.044531	0.024966	-0.069934	-0.037765	-0.005290	0.040726	-0.029751	0.096285	0.003753	-0.012278	0.034150	0.005724	-0.023371	-0.028374	0.004190	0.005769	0.058380	0.057978	0.830825	-0.925842	-0.556533	0.377911	-0.469419	-0.575187	0.000015	1.000000	-0.012121	-0.062049	0.097915	-0.078951	-0.071290	-0.005246	-0.000716	-0.114776	-0.164568	0.155906	0.060003	-0.026871	-0.266787	-0.359717	-0.296472	0.007623	-0.008446	0.032719	0.048211	-0.023744	-0.051236	0.000518	0.071772	0.054953	0.081864	0.010356	-0.013503	0.025835	0.023516	-0.008141	-0.029467	0.019557	0.010501	0.109824	0.065688	0.727103	-0.862066	-0.686528	0.506796	-0.468540	-0.540590	
1.853401	1.583227	0.439758	-0.105475	-0.492817	1.312439	-0.687699	-0.309487	1.015017	1.127331	3.629921	2.504288	0.000015	1.000000	-0.012121	-0.062049	0.097915	-0.078951	-0.071290	-0.007011	-0.000171	-0.119915	-0.169174	0.163382	0.064085	-0.026914	-0.280650	-0.362676	-0.311643	-0.000540	-0.006527	0.044531	0.024966	-0.069934	-0.037765	-0.005290	0.040726	-0.029751	0.096285	0.003753	-0.012278	0.034150	0.005724	-0.023371	-0.028374	0.004190	0.005769	0.058380	0.057978	0.830825	-0.925842	-0.556533	0.377911	-0.469419	-0.575187	0.000015	1.000000	-0.012121	-0.062049	0.097915	-0.078951	-0.071290	-0.005246	-0.000716	-0.114776	-0.164568	0.155906	0.060003	-0.026871	-0.266787	-0.359717	-0.296472	0.007623	-0.008446	0.032719	0.048211	-0.023744	-0.051236	0.000518	0.071772	0.054953	0.081864	0.010356	-0.013503	0.025835	0.023516	-0.008141	-0.029467	0.019557	0.010501	0.109824	0.065688	0.727103	-0.862066	-0.686528	0.506796	-0.468540	-0.540590	0.000015	1.000000	-0.012121	-0.062049	0.097915	-0.078951	-0.071290	-0.003148	-0.001803	-0.110500	-0.157807	0.154411	0.052158	-0.025069	-0.255897	-0.339181	-0.283405	0.006346	-0.007591	0.003272	0.052629	-0.011098	-0.049442	0.013080	0.067548	0.126935	0.101709	0.016022	-0.013561	0.014521	0.040745	-0.010637	-0.026333	0.034703	0.015722	0.145666	0.089191	0.599714	-0.778243	-0.800214	0.627964	-0.457228	-0.531772	
1.867612	1.633223	0.388763	-0.110196	-0.421878	0.952518	-1.001278	-0.251301	0.864170	1.065960	3.384385	1.481872	0.000015	1.000000	-0.012121	-0.062049	0.097915	-0.078951	-0.071290	-0.005246	-0.000716	-0.114776	-0.164568	0.155906	0.060003	-0.026871	-0.266787	-0.359717	-0.296472	0.007623	-0.008446	0.032719	0.048211	-0.023744	-0.051236	0.000518	0.071772	0.054953	0.081864	0.010356	-0.013503	0.025835	0.023516	-0.008141	-0.029467	0.019557	0.010501	0.109824	0.065688	0.727103	-0.862066	-0.686528	0.506796	-0.468540	-0.540590	0.000015	1.000000	-0.012121	-0.062049	0.097915	-0.078951	-0.071290	-0.003148	-0.001803	-0.110500	-0.157807	0.154411	0.052158	-0.025069	-0.255897	-0.339181	-0.283405	0.006346	-0.007591	0.003272	0.052629	-0.011098	-0.049442	0.013080	0.067548	0.126935	0.101709	0.016022	-0.013561	0.014521	0.040745	-0.010637	-0.026333	0.034703	0.015722	0.145666	0.089191	0.599714	-0.778243	-0.800214	0.627964	-0.457228	-0.531772	0.000015	1.000000	-0.012121	-0.062049	0.097915	-0.078951	-0.071290	-0.000378	-0.002884	-0.109718	-0.151680	0.153361	0.044967	-0.021041	-0.245503	-0.315202	-0.271413	0.014244	-0.008902	0.002770	0.038763	-0.005995	-0.036351	0.029225	0.084574	0.197295	0.090781	0.019850	-0.014062	0.006344	0.054312	-0.019906	-0.023786	0.045906	0.022244	0.176154	0.114776	0.451465	-0.676203	-0.892289	0.736715	-0.443980	-0.525032	
1.866285	1.765683	0.138427	-0.198878	-0.284218	0.109115	-1.813601	-0.076200	0.697611	0.897803	2.819326	-0.189904	0.000015	1.000000	-0.012121	-0.062049	0.097915	-0.078951	-0.071290	-0.003148	-0.001803	-0.110500	-0.157807	0.154411	0.052158	-0.025069	-0.255897	-0.339181	-0.283405	0.006346	-0.007591	0.003272	0.052629	-0.011098	-0.049442	0.013080	0.067548	0.126935	0.101709	0.016022	-0.013561	0.014521	0.040745	-0.010637	-0.026333	0.034703	0.015722	0.145666	0.089191	0.599714	-0.778243	-0.800214	0.627964	-0.457228	-0.531772	0.000015	1.000000	-0.012121	-0.062049	0.097915	-0.078951	-0.071290	-0.000378	-0.002884	-0.109718	-0.151680	0.153361	0.044967	-0.021041	-0.245503	-0.315202	-0.271413	0.014244	-0.008902	0.002770	0.038763	-0.005995	-0.036351	0.029225	0.084574	0.197295	0.090781	0.019850	-0.014062	0.006344	0.054312	-0.019906	-0.023786	0.045906	0.022244	0.176154	0.114776	0.451465	-0.676203	-0.892289	0.736715	-0.443980	-0.525032	0.000015	1.000000	-0.012121	-0.062049	0.097915	-0.078951	-0.071290	0.002745	-0.003989	-0.109901	-0.137854	0.152157	0.040137	-0.015114	-0.234046	-0.284113	-0.242091	0.020268	-0.009033	0.001324	0.064596	-0.007928	-0.023526	0.038517	0.085927	0.271681	0.150059	0.022563	-0.014612	0.000195	0.054781	-0.033730	-0.022726	0.052949	0.026786	0.195861	0.107695	0.288139	-0.555178	-0.957589	0.831731	-0.439716	-0.510033	
1.853474	1.843260	-0.063647	-0.257100	-0.160109	-0.064980	-2.382047	0.218796	0.559433	0.843143	2.457108	-1.979650	0.000015	1.000000	-0.012121	-0.062049	0.097915	-0.078951	-0.071290	-0.000378	-0.002884	-0.109718	-0.151680	0.153361	0.044967	-0.021041	-0.245503	-0.315202	-0.271413	0.014244	-0.008902	0.002770	0.038763	-0.005995	-0.036351	0.029225	0.084574	0.197295	0.090781	0.019850	-0.014062	0.006344	0.054312	-0.019906	-0.023786	0.045906	0.022244	0.176154	0.114776	0.451465	-0.676203	-0.892289	0.736715	-0.443980	-0.525032	0.000015	1.000000	-0.012121	-0.062049	0.097915	-0.078951	-0.071290	0.002745	-0.003989	-0.109901	-0.137854	0.152157	0.040137	-0.015114	-0.234046	-0.284113	-0.242091	0.020268	-0.009033	0.001324	0.064596	-0.007928	-0.023526	0.038517	0.085927	0.271681	0.150059	0.022563	-0.014612	0.000195	0.054781	-0.033730	-0.022726	0.052949	0.026786	0.195861	0.107695	0.288139	-0.555178	-0.957589	0.831731	-0.439716	-0.510033	0.000015	1.000000	-0.012121	-0.062049	0.097915	-0.078951	-0.071290	0.004581	-0.005446	-0.110543	-0.128109	0.149348	0.037619	-0.010907	-0.215421	-0.247070	-0.219409	0.017381	-0.011140	-0.006498	0.065783	-0.026267	-0.015264	0.051776	0.083271	0.315063	0.159477	0.022800	-0.016133	-0.003420	0.046671	-0.058085	-0.021351	0.059192	0.021608	0.201046	0.082168	0.116383	-0.409959	-0.993204	0.912104	-0.440114	-0.470295	
1.859167	1.860468	-0.167109	-0.275859	-0.117657	-0.038423	-2.744742	0.469632	0.159406	0.538231	2.118967	-2.267406	0.000015	1.000000	-0.012121	-0.062049	0.097915	-0.078951	-0.071290	0.002745	-0.003989	-0.109901	-0.137854	0.152157	0.040137	-0.015114	-0.234046	-0.284113	-0.242091	0.020268	-0.009033	0.001324	0.064596	-0.007928	-0.023526	0.038517	0.085927	0.271681	0.150059	0.022563	-0.014612	0.000195	0.054781	-0.033730	-0.022726	0.052949	0.026786	0.195861	0.107695	0.288139	-0.555178	-0.957589	0.831731	-0.439716	-0.510033	0.000015	1.000000	-0.012121	-0.062049	0.097915	-0.078951	-0.071290	0.004581	-0.005446	-0.110543	-0.128109	0.149348	0.037619	-0.010907	-0.215421	-0.247070	-0.219409	0.017381	-0.011140	-0.006498	0.065783	-0.026267	-0.015264	0.051776	0.083271	0.315063	0.159477	0.022800	-0.016133	-0.003420	0.046671	-0.058085	-0.021351	0.059192	0.021608	0.201046	0.082168	0.116383	-0.409959	-0.993204	0.912104	-0.440114	-0.470295	0.000015	1.000000	-0.012121	-0.062049	0.097915	-0.078951	-0.071290	0.007517	-0.007119	-0.110405	-0.120393	0.143042	0.036752	-0.003458	-0.203481	-0.183100	-0.202271	0.011858	-0.009954	0.000048	0.047058	-0.051482	-0.006412	0.054381	0.072885	0.282760	0.111215	0.018909	-0.018320	-0.005961	0.037979	-0.087532	-0.017200	0.060139	0.022323	0.173955	0.035318	-0.058110	-0.246030	-0.998310	0.969262	-0.443958	-0.447022	
1.851656	1.884873	-0.332258	-0.344423	-0.264206	-0.244216	-3.331737	0.557125	-0.208817	0.498052	1.447368	-1.176550	0.000015	1.000000	-0.012121	-0.062049	0.097915	-0.078951	-0.071290	0.004581	-0.005446	-0.110543	-0.128109	0.149348	0.037619	-0.010907	-0.215421	-0.247070	-0.219409	0.017381	-0.011140	-0.006498	0.065783	-0.026267	-0.015264	0.051776	0.083271	0.315063	0.159477	0.022800	-0.016133	-0.003420	0.046671	-0.058085	-0.021351	0.059192	0.021608	0.201046	0.082168	0.116383	-0.409959	-0.993204	0.912104	-0.440114	-0.470295	0.000015	1.000000	-0.012121	-0.062049	0.097915	-0.078951	-0.071290	0.007517	-0.007119	-0.110405	-0.120393	0.143042	0.036752	-0.003458	-0.203481	-0.183100	-0.202271	0.011858	-0.009954	0.000048	0.047058	-0.051482	-0.006412	0.054381	0.072885	0.282760	0.111215	0.018909	-0.018320	-0.005961	0.037979	-0.087532	-0.017200	0.060139	0.022323	0.173955	0.035318	-0.058110	-0.246030	-0.998310	0.969262	-0.443958	-0.447022	0.000015	1.000000	-0.012121	-0.062049	0.097915	-0.078951	-0.071290	0.010383	-0.009004	-0.110135	-0.114366	0.132185	0.036119	0.004946	-0.192975	-0.142098	-0.188277	0.019681	-0.011464	0.003145	0.043790	-0.100066	-0.006225	0.054642	0.076383	0.280576	0.104993	0.013536	-0.020573	-0.007996	0.031377	-0.117851	-0.009520	0.054126	0.019891	0.164742	-0.012691	-0.231276	-0.073148	-0.972888	0.997321	-0.442250	-0.441859	
1.799958	1.902164	-0.376912	-0.315943	-0.340319	-0.162801	-3.648485	0.680481	-0.496113	0.588956	0.803923	0.093626	0.000015	1.000000	-0.012121	-0.062049	0.097915	-0.078951	-0.071290	0.007517	-0.007119	-0.110405	-0.120393	0.143042	0.036752	-0.003458	-0.203481	-0.183100	-0.202271	0.011858	-0.009954	0.000048	0.047058	-0.051482	-0.006412	0.054381	0.072885	0.282760	0.111215	0.018909	-0.018320	-0.005961	0.037979	-0.087532	-0.017200	0.060139	0.022323	0.173955	0.035318	-0.058110	-0.246030	-0.998310	0.969262	-0.443958	-0.447022	0.000015	1.000000	-0.012121	-0.062049	0.097915	-0.078951	-0.071290	0.010383	-0.009004	-0.110135	-0.114366	0.132185	0.036119	0.004946	-0.192975	-0.142098	-0.188277	0.019681	-0.011464	0.003145	0.043790	-0.100066	-0.006225	0.054642	0.076383	0.280576	0.104993	0.013536	-0.020573	-0.007996	0.031377	-0.117851	-0.009520	0.054126	0.019891	0.164742	-0.012691	-0.231276	-0.073148	-0.972888	0.997321	-0.442250	-0.441859	0.000015	1.000000	-0.012121	-0.062049	0.097915	-0.078951	-0.071290	0.013282	-0.011045	-0.109282	-0.105212	0.116443	0.036477	0.012928	-0.183579	-0.107023	-0.183055	0.016974	-0.013593	0.011132	0.033343	-0.146451	0.002169	0.047456	0.068009	0.271634	-0.015324	0.005659	-0.023692	-0.012808	0.018564	-0.152025	-0.001532	0.043016	0.017958	0.151351	-0.035540	-0.396493	0.104030	-0.918038	0.994574	-0.444503	-0.434538	
1.669722	1.908732	-0.352396	-0.338007	-0.459193	-0.123573	-3.968232	0.772211	-0.627825	0.635075	0.579021	0.723357	0.000015	1.000000	-0.012121	-0.062049	0.097915	-0.078951	-0.071290	0.010383	-0.009004	-0.110135	-0.114366	0.132185	0.036119	0.004946	-0.192975	-0.142098	-0.188277	0.019681	-0.011464	0.003145	0.043790	-0.100066	-0.006225	0.054642	0.076383	0.280576	0.104993	0.013536	-0.020573	-0.007996	0.031377	-0.117851	-0.009520	0.054126	0.019891	0.164742	-0.012691	-0.231276	-0.073148	-0.972888	0.997321	-0.442250	-0.441859	0.000015	1.000000	-0.012121	-0.062049	0.097915	-0.078951	-0.071290	0.013282	-0.011045	-0.109282	-0.105212	0.116443	0.036477	0.012928	-0.183579	-0.107023	-0.183055	0.016974	-0.013593	0.011132	0.033343	-0.146451	0.002169	0.047456	0.068009	0.271634	-0.015324	0.005659	-0.023692	-0.012808	0.018564	-0.152025	-0.001532	0.043016	0.017958	0.151351	-0.035540	-0.396493	0.104030	-0.918038	0.994574	-0.444503	-0.434538	0.000015	1.000000	-0.012121	-0.062049	0.097915	-0.078951	-0.071290	0.015679	-0.012447	-0.108384	-0.100570	0.085668	0.037275	0.019653	-0.172104	-0.073763	-0.186954	0.007979	-0.019040	0.003556	0.022178	-0.174819	0.009988	0.034175	0.044140	0.252594	-0.048642	-0.002395	-0.027031	-0.018813	0.011479	-0.176007	0.007883	0.028845	0.015321	0.130156	-0.030236	-0.545870	0.279803	-0.837870	0.960058	-0.460013	-0.429351	
1.505392	1.910057	-0.301252	-0.227450	-0.626846	-0.111948	-3.598586	0.699196	-0.612514	0.358213	1.213654	0.613560	0.000015	1.000000	-0.012121	-0.062049	0.097915	-0.078951	-0.071290	0.013282	-0.011045	-0.109282	-0.105212	0.116443	0.036477	0.012928	-0.183579	-0.107023	-0.183055	0.016974	-0.013593	0.011132	0.033343	-0.146451	0.002169	0.047456	0.068009	0.271634	-0.015324	0.005659	-0.023692	-0.012808	0.018564	-0.152025	-0.001532	0.043016	0.017958	0.151351	-0.035540	-0.396493	0.104030	-0.918038	0.994574	-0.444503	-0.434538	0.000015	1.000000	-0.012121	-0.062049	0.097915	-0.078951	-0.071290	0.015679	-0.012447	-0.108384	-0.100570	0.085668	0.037275	0.019653	-0.172104	-0.073763	-0.186954	0.007979	-0.019040	0.003556	0.022178	-0.174819	0.009988	0.034175	0.044140	0.252594	-0.048642	-0.002395	-0.027031	-0.018813	0.011479	-0.176007	0.007883	0.028845	0.015321	0.130156	-0.030236	-0.545870	0.279803	-0.837870	0.960058	-0.460013	-0.429351	0.000015	1.000000	-0.012121	-0.062049	0.097915	-0.078951	-0.071290	0.016232	-0.015337	-0.107865	-0.098479	0.058987	0.039761	0.024327	-0.165471	-0.024823	-0.192242	-0.005832	-0.019468	0.007684	0.019317	-0.220230	0.017749	0.024704	0.042451	0.192762	-0.048834	-0.008234	-0.029213	-0.026221	0.007533	-0.208861	0.016982	0.014752	0.018216	0.089904	-0.014096	-0.670458	0.447098	-0.741948	0.894485	-0.499083	-0.427380	
1.390116	1.886143	-0.319782	-0.076193	-0.564064	-0.226570	-2.535520	0.474213	-0.450206	0.291400	1.333460	0.828954	0.000015	1.000000	-0.012121	-0.062049	0.097915	-0.078951	-0.071290	0.015679	-0.012447	-0.108384	-0.100570	0.085668	0.037275	0.019653	-0.172104	-0.073763	-0.186954	0.007979	-0.019040	0.003556	0.022178	-0.174819	0.009988	0.034175	0.044140	0.252594	-0.048642	-0.002395	-0.027031	-0.018813	0.011479	-0.176007	0.007883	0.028845	0.015321	0.130156	-0.030236	-0.545870	0.279803	-0.837870	0.960058	-0.460013	-0.429351	0.000015	1.000000	-0.012121	-0.062049	0.097915	-0.078951	-0.071290	0.016232	-0.015337	-0.107865	-0.098479	0.058987	0.039761	0.024327	-0.165471	-0.024823	-0.192242	-0.005832	-0.019468	0.007684	0.019317	-0.220230	0.017749	0.024704	0.042451	0.192762	-0.048834	-0.008234	-0.029213	-0.026221	0.007533	-0.208861	0.016982	0.014752	0.018216	0.089904	-0.014096	-0.670458	0.447098	-0.741948	0.894485	-0.499083	-0.427380	0.000015	1.000000	-0.012121	-0.062049	0.097915	-0.078951	-0.071290	0.015324	-0.018629	-0.107761	-0.096170	0.028109	0.044039	0.026958	-0.159661	0.002292	-0.197177	-0.013495	-0.018813	-0.004117	0.015192	-0.279907	0.036671	0.012241	0.037746	0.169679	-0.038733	-0.011844	-0.029331	-0.035724	0.003546	-0.231940	0.023188	0.002937	0.017777	0.080986	0.000039	-0.768599	0.599971	-0.639731	0.800022	-0.548382	-0.426983	
1.401173	1.829335	-0.320379	0.078602	-0.479073	-0.237529	-0.976640	0.212986	-0.347164	0.320006	1.072645	1.697065	0.000015	1.000000	-0.012121	-0.062049	0.097915	-0.078951	-0.071290	0.016232	-0.015337	-0.107865	-0.098479	0.058987	0.039761	0.024327	-0.165471	-0.024823	-0.192242	-0.005832	-0.019468	0.007684	0.019317	-0.220230	0.017749	0.024704	0.042451	0.192762	-0.048834	-0.008234	-0.029213	-0.026221	0.007533	-0.208861	0.016982	0.014752	0.018216	0.089904	-0.014096	-0.670458	0.447098	-0.741948	0.894485	-0.499083	-0.427380	0.000015	1.000000	-0.012121	-0.062049	0.097915	-0.078951	-0.071290	0.015324	-0.018629	-0.107761	-0.096170	0.028109	0.044039	0.026958	-0.159661	0.002292	-0.197177	-0.013495	-0.018813	-0.004117	0.015192	-0.279907	0.036671	0.012241	0.037746	0.169679	-0.038733	-0.011844	-0.029331	-0.035724	0.003546	-0.231940	0.023188	0.002937	0.017777	0.080986	0.000039	-0.768599	0.599971	-0.639731	0.800022	-0.548382	-0.426983	0.000015	1.000000	-0.012121	-0.062049	0.097915	-0.078951	-0.071290	0.013374	-0.021832	-0.108225	-0.094254	-0.007583	0.051462	0.027928	-0.153871	0.023103	-0.199424	-0.019845	-0.019562	-0.005646	0.005009	-0.309953	0.043798	0.002038	0.046348	0.148178	-0.001431	-0.014691	-0.027272	-0.043723	-0.001769	-0.234288	0.022880	-0.004788	0.016359	0.080181	0.014722	-0.845601	0.732008	-0.533815	0.681296	-0.582965	-0.434157	
1.377710	1.727165	-0.241298	0.284667	-0.315735	0.082568	0.599373	0.016147	-0.509232	0.375720	0.821314	1.963092	0.000015	1.000000	-0.012121	-0.062049	0.097915	-0.078951	-0.071290	0.015324	-0.018629	-0.107761	-0.096170	0.028109	0.044039	0.026958	-0.159661	0.002292	-0.197177	-0.013495	-0.018813	-0.004117	0.015192	-0.279907	0.036671	0.012241	0.037746	0.169679	-0.038733	-0.011844	-0.029331	-0.035724	0.003546	-0.231940	0.023188	0.002937	0.017777	0.080986	0.000039	-0.768599	0.599971	-0.639731	0.800022	-0.548382	-0.426983	0.000015	1.000000	-0.012121	-0.062049	0.097915	-0.078951	-0.071290	0.013374	-0.021832	-0.108225	-0.094254	-0.007583	0.051462	0.027928	-0.153871	0.023103	-0.199424	-0.019845	-0.019562	-0.005646	0.005009	-0.309953	0.043798	0.002038	0.046348	0.148178	-0.001431	-0.014691	-0.027272	-0.043723	-0.001769	-0.234288	0.022880	-0.004788	0.016359	0.080181	0.014722	-0.845601	0.732008	-0.533815	0.681296	-0.582965	-0.434157	0.000015	1.000000	-0.012121	-0.062049	0.097915	-0.078951	-0.071290	0.011457	-0.025372	-0.110111	-0.093750	-0.066921	0.060192	0.028066	-0.143891	0.041636	-0.197934	-0.019084	-0.023359	-0.027086	-0.003687	-0.270384	0.043813	-0.003053	0.037786	0.147075	0.016607	-0.017569	-0.022555	-0.049007	-0.005828	-0.189567	0.017337	-0.010121	0.011169	0.077701	0.038631	-0.908403	0.837824	-0.418096	0.545940	-0.579648	-0.451200	
1.327849	1.570547	-0.021848	0.445539	-0.051942	0.566492	2.257288	0.099635	-0.726534	0.186330	0.823293	0.906511	0.000015	1.000000	-0.012121	-0.062049	0.097915	-0.078951	-0.071290	0.013374	-0.021832	-0.108225	-0.094254	-0.007583	0.051462	0.027928	-0.153871	0.023103	-0.199424	-0.019845	-0.019562	-0.005646	0.005009	-0.309953	0.043798	0.002038	0.046348	0.148178	-0.001431	-0.014691	-0.027272	-0.043723	-0.001769	-0.234288	0.022880	-0.004788	0.016359	0.080181	0.014722	-0.845601	0.732008	-0.533815	0.681296	-0.582965	-0.434157	0.000015	1.000000	-0.012121	-0.062049	0.097915	-0.078951	-0.071290	0.011457	-0.025372	-0.110111	-0.093750	-0.066921	0.060192	0.028066	-0.143891	0.041636	-0.197934	-0.019084	-0.023359	-0.027086	-0.003687	-0.270384	0.043813	-0.003053	0.037786	0.147075	0.016607	-0.017569	-0.022555	-0.049007	-0.005828	-0.189567	0.017337	-0.010121	0.011169	0.077701	0.038631	-0.908403	0.837824	-0.418096	0.545940	-0.579648	-0.451200	0.000015	1.000000	-0.012121	-0.062049	0.097915	-0.078951	-0.071290	0.007414	-0.028730	-0.115238	-0.094110	-0.102319	0.068918	0.027786	-0.137291	0.069818	-0.192644	-0.035409	-0.020598	-0.017714	-0.001765	-0.243396	0.050444	-0.001469	0.044607	0.115558	0.056448	-0.017151	-0.014920	-0.048623	-0.004228	-0.145165	0.008854	-0.017492	0.010213	0.061858	0.062833	-0.954951	0.915326	-0.296764	0.402714	-0.586687	-0.481851	
1.235171	1.457193	0.097385	0.534886	0.243631	0.963292	3.822010	0.119387	-0.742338	0.107656	0.575064	-0.469767	0.000015	1.000000	-0.012121	-0.062049	0.097915	-0.078951	-0.071290	0.011457	-0.025372	-0.110111	-0.093750	-0.066921	0.060192	0.028066	-0.143891	0.041636	-0.197934	-0.019084	-0.023359	-0.027086	-0.003687	-0.270384	0.043813	-0.003053	0.037786	0.147075	0.016607	-0.017569	-0.022555	-0.049007	-0.005828	-0.189567	0.017337	-0.010121	0.011169	0.077701	0.038631	-0.908403	0.837824	-0.418096	0.545940	-0.579648	-0.451200	0.000015	1.000000	-0.012121	-0.062049	0.097915	-0.078951	-0.071290	0.007414	-0.028730	-0.115238	-0.094110	-0.102319	0.068918	0.027786	-0.137291	0.069818	-0.192644	-0.035409	-0.020598	-0.017714	-0.001765	-0.243396	0.050444	-0.001469	0.044607	0.115558	0.056448	-0.017151	-0.014920	-0.048623	-0.004228	-0.145165	0.008854	-0.017492	0.010213	0.061858	0.062833	-0.954951	0.915326	-0.296764	0.402714	-0.586687	-0.481851	0.000015	1.000000	-0.012121	-0.062049	0.097915	-0.078951	-0.071290	0.002316	-0.031025	-0.119414	-0.094472	-0.128083	0.076866	0.026987	-0.131561	0.086917	-0.186013	-0.036692	-0.011598	-0.032480	0.001568	-0.183816	0.037498	-0.008289	0.037961	0.113104	0.049963	-0.012382	-0.005935	-0.045227	0.004640	-0.085508	0.002401	-0.027602	0.007280	0.057120	0.069813	-0.984547	0.964748	-0.175123	0.263175	-0.601645	-0.528836	
1.225630	1.394106	0.058579	0.556812	0.482283	1.279241	4.776760	0.170214	-0.898929	0.029270	-0.337115	-0.645964	0.000015	1.000000	-0.012121	-0.062049	0.097915	-0.078951	-0.071290	0.007414	-0.028730	-0.115238	-0.094110	-0.102319	0.068918	0.027786	-0.137291	0.069818	-0.192644	-0.035409	-0.020598	-0.017714	-0.001765	-0.243396	0.050444	-0.001469	0.044607	0.115558	0.056448	-0.017151	-0.014920	-0.048623	-0.004228	-0.145165	0.008854	-0.017492	0.010213	0.061858	0.062833	-0.954951	0.915326	-0.296764	0.402714	-0.586687	-0.481851	0.000015	1.000000	-0.012121	-0.062049	0.097915	-0.078951	-0.071290	0.002316	-0.031025	-0.119414	-0.094472	-0.128083	0.076866	0.026987	-0.131561	0.086917	-0.186013	-0.036692	-0.011598	-0.032480	0.001568	-0.183816	0.037498	-0.008289	0.037961	0.113104	0.049963	-0.012382	-0.005935	-0.045227	0.004640	-0.085508	0.002401	-0.027602	0.007280	0.057120	0.069813	-0.984547	0.964748	-0.175123	0.263175	-0.601645	-0.528836	0.000015	1.000000	-0.012121	-0.062049	0.097915	-0.078951	-0.071290	-0.002484	-0.032300	-0.124223	-0.093721	-0.143777	0.083327	0.025381	-0.126489	0.101194	-0.167892	-0.031586	-0.007325	-0.041285	0.002949	-0.088174	0.031667	-0.010135	0.028573	0.111812	0.080721	-0.006121	0.003362	-0.036763	0.018337	-0.012487	-0.002269	-0.037130	0.003823	0.051469	0.044646	-0.998223	0.991693	-0.059591	0.128626	-0.629449	-0.562842	
1.227884	1.413678	0.051666	0.523496	0.673236	1.326571	5.042043	0.189909	-1.020497	-0.053535	-0.974592	-0.643822	0.000015	1.000000	-0.012121	-0.062049	0.097915	-0.078951	-0.071290	0.002316	-0.031025	-0.119414	-0.094472	-0.128083	0.076866	0.026987	-0.131561	0.086917	-0.186013	-0.036692	-0.011598	-0.032480	0.001568	-0.183816	0.037498	-0.008289	0.037961	0.113104	0.049963	-0.012382	-0.005935	-0.045227	0.004640	-0.085508	0.002401	-0.027602	0.007280	0.057120	0.069813	-0.984547	0.964748	-0.175123	0.263175	-0.601645	-0.528836	0.000015	1.000000	-0.012121	-0.062049	0.097915	-0.078951	-0.071290	-0.002484	-0.032300	-0.124223	-0.093721	-0.143777	0.083327	0.025381	-0.126489	0.101194	-0.167892	-0.031586	-0.007325	-0.041285	0.002949	-0.088174	0.031667	-0.010135	0.028573	0.111812	0.080721	-0.006121	0.003362	-0.036763	0.018337	-0.012487	-0.002269	-0.037130	0.003823	0.051469	0.044646	-0.998223	0.991693	-0.059591	0.128626	-0.629449	-0.562842	0.000015	1.000000	-0.012121	-0.062049	0.097915	-0.078951	-0.071290	-0.006376	-0.032619	-0.128724	-0.091269	-0.153265	0.086558	0.022774	-0.120143	0.113767	-0.156659	-0.035612	-0.002012	-0.038676	0.018790	0.005141	0.031433	-0.016717	0.012977	0.082021	0.066000	-0.001350	0.012038	-0.025026	0.035082	0.068686	-0.002945	-0.048013	-0.002083	0.033837	0.023719	-0.998436	0.999997	0.055911	-0.002469	-0.632311	-0.581768	
1.192440	1.386076	0.144264	0.479891	0.743065	1.188881	4.532237	0.344908	-1.074254	-0.419846	-0.993651	-0.365527	0.000015	1.000000	-0.012121	-0.062049	0.097915	-0.078951	-0.071290	-0.002484	-0.032300	-0.124223	-0.093721	-0.143777	0.083327	0.025381	-0.126489	0.101194	-0.167892	-0.031586	-0.007325	-0.041285	0.002949	-0.088174	0.031667	-0.010135	0.028573	0.111812	0.080721	-0.006121	0.003362	-0.036763	0.018337	-0.012487	-0.002269	-0.037130	0.003823	0.051469	0.044646	-0.998223	0.991693	-0.059591	0.128626	-0.629449	-0.562842	0.000015	1.000000	-0.012121	-0.062049	0.097915	-0.078951	-0.071290	-0.006376	-0.032619	-0.128724	-0.091269	-0.153265	0.086558	0.022774	-0.120143	0.113767	-0.156659	-0.035612	-0.002012	-0.038676	0.018790	0.005141	0.031433	-0.016717	0.012977	0.082021	0.066000	-0.001350	0.012038	-0.025026	0.035082	0.068686	-0.002945	-0.048013	-0.002083	0.033837	0.023719	-0.998436	0.999997	0.055911	-0.002469	-0.632311	-0.581768	0.000015	1.000000	-0.012121	-0.062049	0.097915	-0.078951	-0.071290	-0.009117	-0.032166	-0.134713	-0.085398	-0.145179	0.090233	0.019110	-0.117686	0.124254	-0.150365	-0.014030	0.003172	-0.028644	0.053526	0.105552	0.017102	-0.022377	0.006881	0.028791	0.033121	0.002166	0.019430	-0.008947	0.049093	0.136164	-0.003774	-0.059644	-0.005342	0.008744	0.007776	-0.985319	0.990822	0.170725	-0.135175	-0.631635	-0.575897	
1.189633	1.337098	0.282957	0.590600	0.663919	0.628696	3.376135	0.341036	-0.934721	-0.680286	-0.689124	0.564644	0.000015	1.000000	-0.012121	-0.062049	0.097915	-0.078951	-0.071290	-0.006376	-0.032619	-0.128724	-0.091269	-0.153265	0.086558	0.022774	-0.120143	0.113767	-0.156659	-0.035612	-0.002012	-0.038676	0.018790	0.005141	0.031433	-0.016717	0.012977	0.082021	0.066000	-0.001350	0.012038	-0.025026	0.035082	0.068686	-0.002945	-0.048013	-0.002083	0.033837	0.023719	-0.998436	0.999997	0.055911	-0.002469	-0.632311	-0.581768	0.000015	1.000000	-0.012121	-0.062049	0.097915	-0.078951	-0.071290	-0.009117	-0.032166	-0.134713	-0.085398	-0.145179	0.090233	0.019110	-0.117686	0.124254	-0.150365	-0.014030	0.003172	-0.028644	0.053526	0.105552	0.017102	-0.022377	0.006881	0.028791	0.033121	0.002166	0.019430	-0.008947	0.049093	0.136164	-0.003774	-0.059644	-0.005342	0.008744	0.007776	-0.985319	0.990822	0.170725	-0.135175	-0.631635	-0.575897	0.000015	1.000000	-0.012121	-0.062049	0.097915	-0.078951	-0.071290	-0.008696	-0.030791	-0.138164	-0.079038	-0.122648	0.092980	0.014315	-0.116589	0.127175	-0.146393	0.013602	0.007878	-0.030781	0.051067	0.215746	0.018809	-0.034226	0.005574	0.015093	0.022156	0.003909	0.025254	0.005651	0.060567	0.181617	-0.001347	-0.070962	-0.012737	-0.009082	-0.001679	-0.959956	0.964771	0.280150	-0.263091	-0.642268	-0.584177	
1.033220	1.459908	0.371280	0.452730	0.622116	0.055067	1.597203	0.311460	-0.662220	-0.739191	-0.508452	1.324074	0.000015	1.000000	-0.012121	-0.062049	0.097915	-0.078951	-0.071290	-0.009117	-0.032166	-0.134713	-0.085398	-0.145179	0.090233	0.019110	-0.117686	0.124254	-0.150365	-0.014030	0.003172	-0.028644	0.053526	0.105552	0.017102	-0.022377	0.006881	0.028791	0.033121	0.002166	0.019430	-0.008947	0.049093	0.136164	-0.003774	-0.059644	-0.005342	0.008744	0.007776	-0.985319	0.990822	0.170725	-0.135175	-0.631635	-0.575897	0.000015	1.000000	-0.012121	-0.062049	0.097915	-0.078951	-0.071290	-0.008696	-0.030791	-0.138164	-0.079038	-0.122648	0.092980	0.014315	-0.116589	0.127175	-0.146393	0.013602	0.007878	-0.030781	0.051067	0.215746	0.018809	-0.034226	0.005574	0.015093	0.022156	0.003909	0.025254	0.005651	0.060567	0.181617	-0.001347	-0.070962	-0.012737	-0.009082	-0.001679	-0.959956	0.964771	0.280150	-0.263091	-0.642268	-0.584177	0.000015	1.000000	-0.012121	-0.062049	0.097915	-0.078951	-0.071290	-0.005704	-0.028618	-0.139872	-0.063686	-0.089982	0.096679	0.007523	-0.116903	0.128123	-0.144919	0.028230	0.013467	-0.011453	0.070363	0.283646	0.016537	-0.042390	-0.000490	0.007442	-0.003717	0.005160	0.031938	0.017316	0.054644	0.199583	0.000068	-0.078188	-0.022626	-0.020365	0.005315	-0.922593	0.924064	0.385775	-0.382239	-0.643110	-0.598871	
0.943256	1.492800	0.309743	0.304446	0.590539	-0.086321	0.515843	0.455732	-0.485691	-0.805335	-0.106538	0.806171	0.000015	1.000000	-0.012121	-0.062049	0.097915	-0.078951	-0.071290	-0.008696	-0.030791	-0.138164	-0.079038	-0.122648	0.092980	0.014315	-0.116589	0.127175	-0.146393	0.013602	0.007878	-0.030781	0.051067	0.215746	0.018809	-0.034226	0.005574	0.015093	0.022156	0.003909	0.025254	0.005651	0.060567	0.181617	-0.001347	-0.070962	-0.012737	-0.009082	-0.001679	-0.959956	0.964771	0.280150	-0.263091	-0.642268	-0.584177	0.000015	1.000000	-0.012121	-0.062049	0.097915	-0.078951	-0.071290	-0.005704	-0.028618	-0.139872	-0.063686	-0.089982	0.096679	0.007523	-0.116903	0.128123	-0.144919	0.028230	0.013467	-0.011453	0.070363	0.283646	0.016537	-0.042390	-0.000490	0.007442	-0.003717	0.005160	0.031938	0.017316	0.054644	0.199583	0.000068	-0.078188	-0.022626	-0.020365	0.005315	-0.922593	0.924064	0.385775	-0.382239	-0.643110	-0.598871	0.000015	1.000000	-0.012121	-0.062049	0.097915	-0.078951	-0.071290	-0.002900	-0.025566	-0.139293	-0.052522	-0.032583	0.098873	0.002788	-0.119147	0.128555	-0.144431	0.030391	0.021238	0.008277	0.087298	0.274384	0.001305	-0.058212	-0.019242	-0.006933	0.007654	0.007922	0.035673	0.026062	0.044305	0.166128	0.002543	-0.083381	-0.031463	-0.028419	0.024676	-0.880743	0.862944	0.473595	-0.505299	-0.690034	-0.562028	
0.874411	1.535872	0.311605	0.139530	0.535289	0.152864	0.302263	0.402550	-0.381325	-0.764178	0.069589	-0.170333	0.000015	1.000000	-0.012121	-0.062049	0.097915	-0.078951	-0.071290	-0.005704	-0.028618	-0.139872	-0.063686	-0.089982	0.096679	0.007523	-0.116903	0.128123	-0.144919	0.028230	0.013467	-0.011453	0.070363	0.283646	0.016537	-0.042390	-0.000490	0.007442	-0.003717	0.005160	0.031938	0.017316	0.054644	0.199583	0.000068	-0.078188	-0.022626	-0.020365	0.005315	-0.922593	0.924064	0.385775	-0.382239	-0.643110	-0.598871	0.000015	1.000000	-0.012121	-0.062049	0.097915	-0.078951	-0.071290	-0.002900	-0.025566	-0.139293	-0.052522	-0.032583	0.098873	0.002788	-0.119147	0.128555	-0.144431	0.030391	0.021238	0.008277	0.087298	0.274384	0.001305	-0.058212	-0.019242	-0.006933	0.007654	0.007922	0.035673	0.026062	0.044305	0.166128	0.002543	-0.083381	-0.031463	-0.028419	0.024676	-0.880743	0.862944	0.473595	-0.505299	-0.690034	-0.562028	0.000015	1.000000	-0.012121	-0.062049	0.097915	-0.078951	-0.071290	0.001174	-0.021232	-0.133894	-0.041686	0.005021	0.099676	-0.006228	-0.122358	0.125031	-0.141304	0.033748	0.028878	0.027698	0.071892	0.259150	0.001177	-0.064796	-0.026701	-0.031751	0.034964	0.008494	0.035905	0.029521	0.032174	0.136261	0.008576	-0.081649	-0.040331	-0.026493	0.033641	-0.835221	0.783566	0.549915	-0.621309	-0.717023	-0.552160	
1.018646	1.745737	-0.045021	-0.236722	0.721844	-1.074766	-0.621496	-0.340466	-0.208974	0.314984	-1.320075	1.953459	0.000015	1.000000	-0.012121	-0.062049	0.097915	-0.078951	-0.071290	-0.002900	-0.025566	-0.139293	-0.052522	-0.032583	0.098873	0.002788	-0.119147	0.128555	-0.144431	0.030391	0.021238	0.008277	0.087298	0.274384	0.001305	-0.058212	-0.019242	-0.006933	0.007654	0.007922	0.035673	0.026062	0.044305	0.166128	0.002543	-0.083381	-0.031463	-0.028419	0.024676	-0.880743	0.862944	0.473595	-0.505299	-0.690034	-0.562028	0.000015	1.000000	-0.012121	-0.062049	0.097915	-0.078951	-0.071290	0.001174	-0.021232	-0.133894	-0.041686	0.005021	0.099676	-0.006228	-0.122358	0.125031	-0.141304	0.033748	0.028878	0.027698	0.071892	0.259150	0.001177	-0.064796	-0.026701	-0.031751	0.034964	0.008494	0.035905	0.029521	0.032174	0.136261	0.008576	-0.081649	-0.040331	-0.026493	0.033641	-0.835221	0.783566	0.549915	-0.621309	-0.717023	-0.552160	0.000015	1.000000	-0.044542	-0.146616	-0.039384	-0.118738	0.346799	0.004510	-0.016536	-0.128986	-0.033025	0.035781	0.100297	-0.016287	-0.126805	0.121563	-0.137577	0.020823	0.026036	0.031734	0.068607	0.232850	-0.005815	-0.065454	-0.037217	-0.025858	0.029320	0.009832	0.033302	0.032640	0.025805	0.110033	0.013992	-0.077309	-0.047345	-0.021982	0.027359	-0.787129	0.685770	0.616789	-0.727819	-0.737677	-0.539238	
0.732546	1.771717	0.124098	-0.509959	0.141762	-0.242601	-1.628753	0.039187	0.109091	-0.236345	-0.763084	1.977665	0.000015	1.000000	-0.012121	-0.062049	0.097915	-0.078951	-0.071290	0.001174	-0.021232	-0.133894	-0.041686	0.005021	0.099676	-0.006228	-0.122358	0.125031	-0.141304	0.033748	0.028878	0.027698	0.071892	0.259150	0.001177	-0.064796	-0.026701	-0.031751	0.034964	0.008494	0.035905	0.029521	0.032174	0.136261	0.008576	-0.081649	-0.040331	-0.026493	0.033641	-0.835221	0.783566	0.549915	-0.621309	-0.717023	-0.552160	0.000015	1.000000	-0.044542	-0.146616	-0.039384	-0.118738	0.346799	0.004510	-0.016536	-0.128986	-0.033025	0.035781	0.100297	-0.016287	-0.126805	0.121563	-0.137577	0.020823	0.026036	0.031734	0.068607	0.232850	-0.005815	-0.065454	-0.037217	-0.025858	0.029320	0.009832	0.033302	0.032640	0.025805	0.110033	0.013992	-0.077309	-0.047345	-0.021982	0.027359	-0.787129	0.685770	0.616789	-0.727819	-0.737677	-0.539238	0.000015	1.000000	-0.051026	-0.163529	-0.053114	-0.122717	0.388608	0.008618	-0.012285	-0.124999	-0.020726	0.062992	0.100251	-0.026603	-0.132590	0.118664	-0.128713	0.029999	0.025170	0.024809	0.041408	0.203350	-0.004420	-0.060751	-0.044899	-0.023873	0.024917	0.005048	0.025501	0.039478	-0.002610	0.073502	0.008932	-0.070127	-0.036836	-0.038879	0.047790	-0.724397	0.557335	0.689383	-0.830288	-0.694406	-0.476279	
0.693788	1.722169	0.027777	-0.357360	-0.088623	0.124669	-1.140145	-0.023652	0.270767	-0.469856	-0.447644	2.316050	0.000015	1.000000	-0.044542	-0.146616	-0.039384	-0.118738	0.346799	0.004510	-0.016536	-0.128986	-0.033025	0.035781	0.100297	-0.016287	-0.126805	0.121563	-0.137577	0.020823	0.026036	0.031734	0.068607	0.232850	-0.005815	-0.065454	-0.037217	-0.025858	0.029320	0.009832	0.033302	0.032640	0.025805	0.110033	0.013992	-0.077309	-0.047345	-0.021982	0.027359	-0.787129	0.685770	0.616789	-0.727819	-0.737677	-0.539238	0.000015	1.000000	-0.051026	-0.163529	-0.053114	-0.122717	0.388608	0.008618	-0.012285	-0.124999	-0.020726	0.062992	0.100251	-0.026603	-0.132590	0.118664	-0.128713	0.029999	0.025170	0.024809	0.041408	0.203350	-0.004420	-0.060751	-0.044899	-0.023873	0.024917	0.005048	0.025501	0.039478	-0.002610	0.073502	0.008932	-0.070127	-0.036836	-0.038879	0.047790	-0.724397	0.557335	0.689383	-0.830288	-0.694406	-0.476279	0.000015	1.000000	-0.052323	-0.166912	-0.054487	-0.123115	0.392789	0.012372	-0.010231	-0.121075	-0.016619	0.091553	0.099321	-0.036615	-0.136339	0.112365	-0.120761	0.023938	0.016941	0.022721	0.007630	0.090477	-0.019286	-0.059466	-0.011818	-0.072529	0.068795	0.003156	0.015798	0.037681	-0.010357	0.020512	0.010450	-0.058479	-0.036631	-0.044026	0.069500	-0.675117	0.411595	0.737710	-0.911367	-0.780236	-0.468485	
0.777111	1.677756	-0.126546	-0.440224	0.007276	-0.207506	-0.425964	-0.368717	0.278669	-0.014538	-1.004350	2.578999	0.000015	1.000000	-0.051026	-0.163529	-0.053114	-0.122717	0.388608	0.008618	-0.012285	-0.124999	-0.020726	0.062992	0.100251	-0.026603	-0.132590	0.118664	-0.128713	0.029999	0.025170	0.024809	0.041408	0.203350	-0.004420	-0.060751	-0.044899	-0.023873	0.024917	0.005048	0.025501	0.039478	-0.002610	0.073502	0.008932	-0.070127	-0.036836	-0.038879	0.047790	-0.724397	0.557335	0.689383	-0.830288	-0.694406	-0.476279	0.000015	1.000000	-0.052323	-0.166912	-0.054487	-0.123115	0.392789	0.012372	-0.010231	-0.121075	-0.016619	0.091553	0.099321	-0.036615	-0.136339	0.112365	-0.120761	0.023938	0.016941	0.022721	0.007630	0.090477	-0.019286	-0.059466	-0.011818	-0.072529	0.068795	0.003156	0.015798	0.037681	-0.010357	0.020512	0.010450	-0.058479	-0.036631	-0.044026	0.069500	-0.675117	0.411595	0.737710	-0.911367	-0.780236	-0.468485	0.000015	1.000000	-0.052582	-0.167588	-0.054624	-0.123155	0.393207	0.015740	-0.008698	-0.117576	-0.015095	0.100392	0.098481	-0.044845	-0.138955	0.100540	-0.108895	0.015654	0.006929	0.012741	0.004253	0.024402	0.002957	-0.042588	-0.023864	-0.063785	0.101100	0.000205	0.008901	0.032852	-0.010010	-0.005439	0.010935	-0.046184	-0.041068	-0.038918	0.092396	-0.625441	0.258815	0.780271	-0.965927	-0.791864	-0.483349	
0.754027	1.612654	-0.004855	-0.578874	-0.125390	-0.244049	0.432905	-0.430808	0.211683	0.045591	-0.850567	2.025638	0.000015	1.000000	-0.052323	-0.166912	-0.054487	-0.123115	0.392789	0.012372	-0.010231	-0.121075	-0.016619	0.091553	0.099321	-0.036615	-0.136339	0.112365	-0.120761	0.023938	0.016941	0.022721	0.007630	0.090477	-0.019286	-0.059466	-0.011818	-0.072529	0.068795	0.003156	0.015798	0.037681	-0.010357	0.020512	0.010450	-0.058479	-0.036631	-0.044026	0.069500	-0.675117	0.411595	0.737710	-0.911367	-0.780236	-0.468485	0.000015	1.000000	-0.052582	-0.167588	-0.054624	-0.123155	0.393207	0.015740	-0.008698	-0.117576	-0.015095	0.100392	0.098481	-0.044845	-0.138955	0.100540	-0.108895	0.015654	0.006929	0.012741	0.004253	0.024402	0.002957	-0.042588	-0.023864	-0.063785	0.101100	0.000205	0.008901	0.032852	-0.010010	-0.005439	0.010935	-0.046184	-0.041068	-0.038918	0.092396	-0.625441	0.258815	0.780271	-0.965927	-0.791864	-0.483349	0.000015	1.000000	-0.052634	-0.167724	-0.054638	-0.123159	0.393249	0.016971	-0.008246	-0.115762	-0.013820	0.102160	0.099718	-0.050902	-0.142532	0.092092	-0.096877	0.000170	0.001158	0.007904	0.013686	-0.005935	0.011114	-0.036247	-0.038330	-0.064306	0.089325	-0.002925	0.001844	0.031147	-0.014398	-0.013598	0.004165	-0.035947	-0.037709	-0.045540	0.119074	-0.566652	0.103443	0.823958	-0.994635	-0.766867	-0.496673	
0.765859	1.538441	0.118260	-0.487723	-0.393597	0.117374	0.396332	-0.330073	0.186757	-0.014330	-0.310250	1.213638	0.000015	1.000000	-0.052582	-0.167588	-0.054624	-0.123155	0.393207	0.015740	-0.008698	-0.117576	-0.015095	0.100392	0.098481	-0.044845	-0.138955	0.100540	-0.108895	0.015654	0.006929	0.012741	0.004253	0.024402	0.002957	-0.042588	-0.023864	-0.063785	0.101100	0.000205	0.008901	0.032852	-0.010010	-0.005439	0.010935	-0.046184	-0.041068	-0.038918	0.092396	-0.625441	0.258815	0.780271	-0.965927	-0.791864	-0.483349	0.000015	1.000000	-0.052634	-0.167724	-0.054638	-0.123159	0.393249	0.016971	-0.008246	-0.115762	-0.013820	0.102160	0.099718	-0.050902	-0.142532	0.092092	-0.096877	0.000170	0.001158	0.007904	0.013686	-0.005935	0.011114	-0.036247	-0.038330	-0.064306	0.089325	-0.002925	0.001844	0.031147	-0.014398	-0.013598	0.004165	-0.035947	-0.037709	-0.045540	0.119074	-0.566652	0.103443	0.823958	-0.994635	-0.766867	-0.496673	0.000015	1.000000	-0.052644	-0.167751	-0.054639	-0.123159	0.393253	0.017023	-0.008527	-0.114187	-0.013517	0.100889	0.100814	-0.055191	-0.146374	0.084271	-0.066726	-0.001728	-0.001396	0.013702	-0.007704	-0.022578	0.017164	-0.019095	-0.036287	-0.062265	0.155148	-0.003050	-0.006553	0.027693	-0.018359	-0.005839	-0.003388	-0.028484	-0.033184	-0.050469	0.119287	-0.506756	-0.048240	0.862089	-0.998836	-0.773792	-0.516204	
0.800413	1.453690	0.184343	-0.350109	-0.570606	-0.192307	-0.414640	-0.402634	0.222341	0.035557	0.024924	1.471004	0.000015	1.000000	-0.052634	-0.167724	-0.054638	-0.123159	0.393249	0.016971	-0.008246	-0.115762	-0.013820	0.102160	0.099718	-0.050902	-0.142532	0.092092	-0.096877	0.000170	0.001158	0.007904	0.013686	-0.005935	0.011114	-0.036247	-0.038330	-0.064306	0.089325	-0.002925	0.001844	0.031147	-0.014398	-0.013598	0.004165	-0.035947	-0.037709	-0.045540	0.119074	-0.566652	0.103443	0.823958	-0.994635	-0.766867	-0.496673	0.000015	1.000000	-0.052644	-0.167751	-0.054639	-0.123159	0.393253	0.017023	-0.008527	-0.114187	-0.013517	0.100889	0.100814	-0.055191	-0.146374	0.084271	-0.066726	-0.001728	-0.001396	0.013702	-0.007704	-0.022578	0.017164	-0.019095	-0.036287	-0.062265	0.155148	-0.003050	-0.006553	0.027693	-0.018359	-0.005839	-0.003388	-0.028484	-0.033184	-0.050469	0.119287	-0.506756	-0.048240	0.862089	-0.998836	-0.773792	-0.516204	0.000015	1.000000	-0.052646	-0.167756	-0.054640	-0.123159	0.393254	0.016961	-0.009528	-0.112733	-0.014571	0.097921	0.102705	-0.056961	-0.153588	0.076067	-0.042739	-0.002964	-0.010143	0.008001	-0.012286	-0.000164	0.018467	-0.014821	-0.038525	-0.076019	0.180923	-0.001214	-0.012867	0.020335	-0.015544	0.003075	-0.010231	-0.023912	-0.026185	-0.046919	0.113504	-0.443265	-0.192053	0.896391	-0.981385	-0.770242	-0.538468	
0.843881	1.375863	0.165214	-0.381088	-0.554547	-0.581059	-0.984866	-0.471829	0.132302	0.298304	0.039278	1.603378	0.000015	1.000000	-0.052644	-0.167751	-0.054639	-0.123159	0.393253	0.017023	-0.008527	-0.114187	-0.013517	0.100889	0.100814	-0.055191	-0.146374	0.084271	-0.066726	-0.001728	-0.001396	0.013702	-0.007704	-0.022578	0.017164	-0.019095	-0.036287	-0.062265	0.155148	-0.003050	-0.006553	0.027693	-0.018359	-0.005839	-0.003388	-0.028484	-0.033184	-0.050469	0.119287	-0.506756	-0.048240	0.862089	-0.998836	-0.773792	-0.516204	0.000015	1.000000	-0.052646	-0.167756	-0.054640	-0.123159	0.393254	0.016961	-0.009528	-0.112733	-0.014571	0.097921	0.102705	-0.056961	-0.153588	0.076067	-0.042739	-0.002964	-0.010143	0.008001	-0.012286	-0.000164	0.018467	-0.014821	-0.038525	-0.076019	0.180923	-0.001214	-0.012867	0.020335	-0.015544	0.003075	-0.010231	-0.023912	-0.026185	-0.046919	0.113504	-0.443265	-0.192053	0.896391	-0.981385	-0.770242	-0.538468	0.000015	1.000000	-0.052647	-0.167757	-0.054640	-0.123159	0.393254	0.016973	-0.011174	-0.112588	-0.016309	0.097546	0.103471	-0.058729	-0.157866	0.064757	-0.020372	-0.002041	-0.010669	0.005686	-0.020422	-0.005251	0.000102	-0.009625	-0.032467	-0.027842	0.179662	0.001539	-0.016472	0.011631	-0.016691	-0.002769	-0.017036	-0.018810	-0.021373	-0.035235	0.113201	-0.374452	-0.324281	0.927246	-0.945961	-0.759876	-0.563893	
0.857293	1.268300	0.199346	-0.389953	-0.693153	-0.740206	-1.266369	-0.487908	0.055413	0.437937	0.279116	1.419057	0.000015	1.000000	-0.052646	-0.167756	-0.054640	-0.123159	0.393254	0.016961	-0.009528	-0.112733	-0.014571	0.097921	0.102705	-0.056961	-0.153588	0.076067	-0.042739	-0.002964	-0.010143	0.008001	-0.012286	-0.000164	0.018467	-0.014821	-0.038525	-0.076019	0.180923	-0.001214	-0.012867	0.020335	-0.015544	0.003075	-0.010231	-0.023912	-0.026185	-0.046919	0.113504	-0.443265	-0.192053	0.896391	-0.981385	-0.770242	-0.538468	0.000015	1.000000	-0.052647	-0.167757	-0.054640	-0.123159	0.393254	0.016973	-0.011174	-0.112588	-0.016309	0.097546	0.103471	-0.058729	-0.157866	0.064757	-0.020372	-0.002041	-0.010669	0.005686	-0.020422	-0.005251	0.000102	-0.009625	-0.032467	-0.027842	0.179662	0.001539	-0.016472	0.011631	-0.016691	-0.002769	-0.017036	-0.018810	-0.021373	-0.035235	0.113201	-0.374452	-0.324281	0.927246	-0.945961	-0.759876	-0.563893	0.000015	1.000000	-0.052647	-0.167757	-0.054640	-0.123159	0.393254	0.017023	-0.013054	-0.112147	-0.019710	0.097495	0.103455	-0.059777	-0.159861	0.062180	-0.001456	-0.006485	-0.010722	0.013131	-0.038683	-0.004015	-0.006969	-0.003173	-0.009528	0.000705	0.138708	0.003967	-0.020309	0.002871	-0.022007	-0.017492	-0.024097	-0.015777	-0.014904	-0.032069	0.118337	-0.299593	-0.443888	0.954067	-0.896083	-0.746836	-0.587241	
0.883493	1.105196	0.223130	-0.326580	-0.845307	-0.747157	-1.222588	-0.484289	0.022019	0.395871	0.387064	1.296310	0.000015	1.000000	-0.052647	-0.167757	-0.054640	-0.123159	0.393254	0.016973	-0.011174	-0.112588	-0.016309	0.097546	0.103471	-0.058729	-0.157866	0.064757	-0.020372	-0.002041	-0.010669	0.005686	-0.020422	-0.005251	0.000102	-0.009625	-0.032467	-0.027842	0.179662	0.001539	-0.016472	0.011631	-0.016691	-0.002769	-0.017036	-0.018810	-0.021373	-0.035235	0.113201	-0.374452	-0.324281	0.927246	-0.945961	-0.759876	-0.563893	0.000015	1.000000	-0.052647	-0.167757	-0.054640	-0.123159	0.393254	0.017023	-0.013054	-0.112147	-0.019710	0.097495	0.103455	-0.059777	-0.159861	0.062180	-0.001456	-0.006485	-0.010722	0.013131	-0.038683	-0.004015	-0.006969	-0.003173	-0.009528	0.000705	0.138708	0.003967	-0.020309	0.002871	-0.022007	-0.017492	-0.024097	-0.015777	-0.014904	-0.032069	0.118337	-0.299593	-0.443888	0.954067	-0.896083	-0.746836	-0.587241	0.000015	1.000000	-0.052647	-0.167757	-0.054640	-0.123159	0.393254	0.016937	-0.015337	-0.111405	-0.030156	0.096152	0.103040	-0.060189	-0.160163	0.059847	0.031456	-0.006930	-0.011076	0.011433	-0.063192	-0.007381	-0.005931	-0.003574	-0.004442	-0.024008	0.156248	0.007043	-0.023874	-0.008265	-0.022660	-0.035138	-0.030998	-0.014534	-0.008035	-0.025551	0.106703	-0.221639	-0.547545	0.975129	-0.836776	-0.742812	-0.619510	
0.964311	0.897527	0.155624	-0.189663	-0.853517	-0.920250	-1.095394	-0.562097	0.060913	0.492720	0.356408	1.850281	0.000015	1.000000	-0.052647	-0.167757	-0.054640	-0.123159	0.393254	0.017023	-0.013054	-0.112147	-0.019710	0.097495	0.103455	-0.059777	-0.159861	0.062180	-0.001456	-0.006485	-0.010722	0.013131	-0.038683	-0.004015	-0.006969	-0.003173	-0.009528	0.000705	0.138708	0.003967	-0.020309	0.002871	-0.022007	-0.017492	-0.024097	-0.015777	-0.014904	-0.032069	0.118337	-0.299593	-0.443888	0.954067	-0.896083	-0.746836	-0.587241	0.000015	1.000000	-0.052647	-0.167757	-0.054640	-0.123159	0.393254	0.016937	-0.015337	-0.111405	-0.030156	0.096152	0.103040	-0.060189	-0.160163	0.059847	0.031456	-0.006930	-0.011076	0.011433	-0.063192	-0.007381	-0.005931	-0.003574	-0.004442	-0.024008	0.156248	0.007043	-0.023874	-0.008265	-0.022660	-0.035138	-0.030998	-0.014534	-0.008035	-0.025551	0.106703	-0.221639	-0.547545	0.975129	-0.836776	-0.742812	-0.619510	0.000015	1.000000	-0.052647	-0.167757	-0.054640	-0.123159	0.393254	0.016943	-0.016811	-0.111329	-0.039055	0.091400	0.102496	-0.060336	-0.159423	0.057999	0.054227	-0.003136	-0.019254	-0.007581	-0.071575	-0.038077	-0.015599	-0.002219	0.006535	-0.004495	0.162538	0.010383	-0.027299	-0.021023	-0.024970	-0.048729	-0.037720	-0.014057	-0.002835	-0.017896	0.103381	-0.139752	-0.631596	0.990186	-0.775298	-0.734952	-0.668441	
0.976852	0.741174	0.062101	-0.280095	-0.862101	-0.946713	-0.999941	-0.400279	0.002119	0.536589	0.220288	2.983614	0.000015	1.000000	-0.052647	-0.167757	-0.054640	-0.123159	0.393254	0.016937	-0.015337	-0.111405	-0.030156	0.096152	0.103040	-0.060189	-0.160163	0.059847	0.031456	-0.006930	-0.011076	0.011433	-0.063192	-0.007381	-0.005931	-0.003574	-0.004442	-0.024008	0.156248	0.007043	-0.023874	-0.008265	-0.022660	-0.035138	-0.030998	-0.014534	-0.008035	-0.025551	0.106703	-0.221639	-0.547545	0.975129	-0.836776	-0.742812	-0.619510	0.000015	1.000000	-0.052647	-0.167757	-0.054640	-0.123159	0.393254	0.016943	-0.016811	-0.111329	-0.039055	0.091400	0.102496	-0.060336	-0.159423	0.057999	0.054227	-0.003136	-0.019254	-0.007581	-0.071575	-0.038077	-0.015599	-0.002219	0.006535	-0.004495	0.162538	0.010383	-0.027299	-0.021023	-0.024970	-0.048729	-0.037720	-0.014057	-0.002835	-0.017896	0.103381	-0.139752	-0.631596	0.990186	-0.775298	-0.734952	-0.668441	0.000015	1.000000	-0.052647	-0.167757	-0.054640	-0.123159	0.393254	0.017163	-0.019384	-0.113834	-0.047669	0.083882	0.100134	-0.060414	-0.156998	0.057703	0.074387	-0.000663	-0.015302	-0.029373	-0.071018	-0.069413	-0.014820	-0.001385	0.022638	-0.000449	0.149209	0.012497	-0.027570	-0.031317	-0.030156	-0.057637	-0.043787	-0.013066	0.002128	-0.012254	0.110966	-0.049338	-0.694822	0.998782	-0.719182	-0.710707	-0.730742	
0.989708	0.633912	-0.048487	-0.223059	-0.913095	-0.782656	-0.813208	-0.145265	-0.009081	0.473162	0.129519	3.935946	0.000015	1.000000	-0.052647	-0.167757	-0.054640	-0.123159	0.393254	0.016943	-0.016811	-0.111329	-0.039055	0.091400	0.102496	-0.060336	-0.159423	0.057999	0.054227	-0.003136	-0.019254	-0.007581	-0.071575	-0.038077	-0.015599	-0.002219	0.006535	-0.004495	0.162538	0.010383	-0.027299	-0.021023	-0.024970	-0.048729	-0.037720	-0.014057	-0.002835	-0.017896	0.103381	-0.139752	-0.631596	0.990186	-0.775298	-0.734952	-0.668441	0.000015	1.000000	-0.052647	-0.167757	-0.054640	-0.123159	0.393254	0.017163	-0.019384	-0.113834	-0.047669	0.083882	0.100134	-0.060414	-0.156998	0.057703	0.074387	-0.000663	-0.015302	-0.029373	-0.071018	-0.069413	-0.014820	-0.001385	0.022638	-0.000449	0.149209	0.012497	-0.027570	-0.031317	-0.030156	-0.057637	-0.043787	-0.013066	0.002128	-0.012254	0.110966	-0.049338	-0.694822	0.998782	-0.719182	-0.710707	-0.730742	0.000015	1.000000	-0.052647	-0.167757	-0.054640	-0.123159	0.393254	0.017934	-0.022152	-0.118794	-0.055547	0.075254	0.096293	-0.060518	-0.152465	0.058104	0.091603	0.010752	-0.019327	-0.042370	-0.057701	-0.075338	-0.031144	-0.000836	0.039952	0.004143	0.133568	0.012658	-0.029004	-0.039291	-0.036481	-0.064011	-0.045951	-0.012930	0.005646	-0.009351	0.138514	0.042714	-0.743333	0.999087	-0.668921	-0.706944	-0.777648	
1.055885	0.604333	-0.241317	-0.127506	-0.962846	-0.880906	-1.022118	0.170839	0.104055	0.151371	-0.307495	4.482374	0.000015	1.000000	-0.052647	-0.167757	-0.054640	-0.123159	0.393254	0.017163	-0.019384	-0.113834	-0.047669	0.083882	0.100134	-0.060414	-0.156998	0.057703	0.074387	-0.000663	-0.015302	-0.029373	-0.071018	-0.069413	-0.014820	-0.001385	0.022638	-0.000449	0.149209	0.012497	-0.027570	-0.031317	-0.030156	-0.057637	-0.043787	-0.013066	0.002128	-0.012254	0.110966	-0.049338	-0.694822	0.998782	-0.719182	-0.710707	-0.730742	0.000015	1.000000	-0.052647	-0.167757	-0.054640	-0.123159	0.393254	0.017934	-0.022152	-0.118794	-0.055547	0.075254	0.096293	-0.060518	-0.152465	0.058104	0.091603	0.010752	-0.019327	-0.042370	-0.057701	-0.075338	-0.031144	-0.000836	0.039952	0.004143	0.133568	0.012658	-0.029004	-0.039291	-0.036481	-0.064011	-0.045951	-0.012930	0.005646	-0.009351	0.138514	0.042714	-0.743333	0.999087	-0.668921	-0.706944	-0.777648	0.000015	1.000000	-0.052647	-0.167757	-0.054640	-0.123159	0.393254	0.019227	-0.025598	-0.125602	-0.069918	0.064683	0.089927	-0.060870	-0.147706	0.058693	0.127010	0.010497	-0.022638	-0.055884	-0.034385	-0.082910	-0.048480	-0.003341	0.031214	0.005998	0.181208	0.010638	-0.028903	-0.046175	-0.033846	-0.065634	-0.041763	-0.012714	0.007982	-0.007998	0.162126	0.135555	-0.781935	0.990770	-0.623360	-0.703088	-0.809826	
1.263883	0.624950	-0.322961	-0.145916	-1.166470	-0.814441	-1.423887	0.318300	0.202202	-0.302735	-0.745563	3.819466	0.000015	1.000000	-0.052647	-0.167757	-0.054640	-0.123159	0.393254	0.017934	-0.022152	-0.118794	-0.055547	0.075254	0.096293	-0.060518	-0.152465	0.058104	0.091603	0.010752	-0.019327	-0.042370	-0.057701	-0.075338	-0.031144	-0.000836	0.039952	0.004143	0.133568	0.012658	-0.029004	-0.039291	-0.036481	-0.064011	-0.045951	-0.012930	0.005646	-0.009351	0.138514	0.042714	-0.743333	0.999087	-0.668921	-0.706944	-0.777648	0.000015	1.000000	-0.052647	-0.167757	-0.054640	-0.123159	0.393254	0.019227	-0.025598	-0.125602	-0.069918	0.064683	0.089927	-0.060870	-0.147706	0.058693	0.127010	0.010497	-0.022638	-0.055884	-0.034385	-0.082910	-0.048480	-0.003341	0.031214	0.005998	0.181208	0.010638	-0.028903	-0.046175	-0.033846	-0.065634	-0.041763	-0.012714	0.007982	-0.007998	0.162126	0.135555	-0.781935	0.990770	-0.623360	-0.703088	-0.809826	0.000015	1.000000	-0.052647	-0.167757	-0.054640	-0.123159	0.393254	0.019946	-0.029146	-0.132440	-0.076839	0.055129	0.082837	-0.061151	-0.140356	0.059853	0.157889	0.002097	-0.020177	-0.040485	-0.040080	-0.048422	-0.045328	-0.003475	0.029992	0.019444	0.233780	0.006309	-0.027262	-0.053740	-0.040104	-0.071371	-0.032118	-0.010877	0.002896	-0.013757	0.198304	0.233060	-0.816065	0.972462	-0.577960	-0.683234	-0.818700	
1.507164	0.747391	-0.362860	-0.047622	-1.417498	-1.036971	-2.462915	0.474671	0.471537	-1.172739	-1.219795	1.769647	0.000015	1.000000	-0.052647	-0.167757	-0.054640	-0.123159	0.393254	0.019227	-0.025598	-0.125602	-0.069918	0.064683	0.089927	-0.060870	-0.147706	0.058693	0.127010	0.010497	-0.022638	-0.055884	-0.034385	-0.082910	-0.048480	-0.003341	0.031214	0.005998	0.181208	0.010638	-0.028903	-0.046175	-0.033846	-0.065634	-0.041763	-0.012714	0.007982	-0.007998	0.162126	0.135555	-0.781935	0.990770	-0.623360	-0.703088	-0.809826	0.000015	1.000000	-0.052647	-0.167757	-0.054640	-0.123159	0.393254	0.019946	-0.029146	-0.132440	-0.076839	0.055129	0.082837	-0.061151	-0.140356	0.059853	0.157889	0.002097	-0.020177	-0.040485	-0.040080	-0.048422	-0.045328	-0.003475	0.029992	0.019444	0.233780	0.006309	-0.027262	-0.053740	-0.040104	-0.071371	-0.032118	-0.010877	0.002896	-0.013757	0.198304	0.233060	-0.816065	0.972462	-0.577960	-0.683234	-0.818700	0.000015	1.000000	-0.052647	-0.167757	-0.054640	-0.123159	0.393254	0.020138	-0.031989	-0.141708	-0.082706	0.047427	0.076766	-0.061578	-0.135663	0.060254	0.193871	-0.002233	-0.016558	-0.046971	-0.050420	-0.064166	-0.032799	-0.005117	0.019051	-0.016551	0.306038	0.001259	-0.026615	-0.062017	-0.046486	-0.085085	-0.021260	-0.007408	-0.006350	-0.025373	0.219769	0.347278	-0.848757	0.937762	-0.528783	-0.620835	-0.812515	
1.711455	0.960079	-0.336659	0.159945	-1.827848	-1.137069	-3.269272	0.298444	0.898210	-2.238066	-2.051743	-2.102397	0.000015	1.000000	-0.052647	-0.167757	-0.054640	-0.123159	0.393254	0.019946	-0.029146	-0.132440	-0.076839	0.055129	0.082837	-0.061151	-0.140356	0.059853	0.157889	0.002097	-0.020177	-0.040485	-0.040080	-0.048422	-0.045328	-0.003475	0.029992	0.019444	0.233780	0.006309	-0.027262	-0.053740	-0.040104	-0.071371	-0.032118	-0.010877	0.002896	-0.013757	0.198304	0.233060	-0.816065	0.972462	-0.577960	-0.683234	-0.818700	0.000015	1.000000	-0.052647	-0.167757	-0.054640	-0.123159	0.393254	0.020138	-0.031989	-0.141708	-0.082706	0.047427	0.076766	-0.061578	-0.135663	0.060254	0.193871	-0.002233	-0.016558	-0.046971	-0.050420	-0.064166	-0.032799	-0.005117	0.019051	-0.016551	0.306038	0.001259	-0.026615	-0.062017	-0.046486	-0.085085	-0.021260	-0.007408	-0.006350	-0.025373	0.219769	0.347278	-0.848757	0.937762	-0.528783	-0.620835	-0.812515	0.000015	1.000000	-0.052647	-0.167757	-0.054640	-0.123159	0.393254	0.020080	-0.034859	-0.150323	-0.087999	0.038568	0.072232	-0.062133	-0.133416	0.058493	0.227749	-0.006505	-0.019104	-0.053203	-0.047964	-0.075162	-0.022473	-0.004350	0.008186	-0.010030	0.246612	-0.004121	-0.024458	-0.074647	-0.056734	-0.113138	-0.009612	0.000213	-0.026173	-0.041893	0.212413	0.476431	-0.883841	0.879212	-0.467788	-0.547851	-0.775783	
1.822303	1.066480	-0.219146	0.597463	-2.257666	-1.282605	-4.188728	-0.029160	1.348398	-3.322450	-2.990530	-5.543457	0.000015	1.000000	-0.052647	-0.167757	-0.054640	-0.123159	0.393254	0.020138	-0.031989	-0.141708	-0.082706	0.047427	0.076766	-0.061578	-0.135663	0.060254	0.193871	-0.002233	-0.016558	-0.046971	-0.050420	-0.064166	-0.032799	-0.005117	0.019051	-0.016551	0.306038	0.001259	-0.026615	-0.062017	-0.046486	-0.085085	-0.021260	-0.007408	-0.006350	-0.025373	0.219769	0.347278	-0.848757	0.937762	-0.528783	-0.620835	-0.812515	0.000015	1.000000	-0.052647	-0.167757	-0.054640	-0.123159	0.393254	0.020080	-0.034859	-0.150323	-0.087999	0.038568	0.072232	-0.062133	-0.133416	0.058493	0.227749	-0.006505	-0.019104	-0.053203	-0.047964	-0.075162	-0.022473	-0.004350	0.008186	-0.010030	0.246612	-0.004121	-0.024458	-0.074647	-0.056734	-0.113138	-0.009612	0.000213	-0.026173	-0.041893	0.212413	0.476431	-0.883841	0.879212	-0.467788	-0.547851	-0.775783	0.000015	1.000000	-0.052647	-0.167757	-0.054640	-0.123159	0.393254	0.019584	-0.037550	-0.159292	-0.098897	0.025818	0.070138	-0.062049	-0.134300	0.056032	0.289583	-0.006234	-0.014938	-0.064644	-0.054349	-0.111158	-0.002247	0.002706	-0.005114	-0.031363	0.261258	-0.008683	-0.019364	-0.093145	-0.062923	-0.149515	-0.003033	0.013628	-0.058921	-0.070264	0.118986	0.611679	-0.922558	0.791106	-0.385859	-0.486564	-0.711976	
1.885582	1.243895	-0.042425	0.857448	-2.218179	-1.076271	-4.428499	-0.414513	1.376413	-3.793102	-2.920169	-6.795891	0.000015	1.000000	-0.052647	-0.167757	-0.054640	-0.123159	0.393254	0.020080	-0.034859	-0.150323	-0.087999	0.038568	0.072232	-0.062133	-0.133416	0.058493	0.227749	-0.006505	-0.019104	-0.053203	-0.047964	-0.075162	-0.022473	-0.004350	0.008186	-0.010030	0.246612	-0.004121	-0.024458	-0.074647	-0.056734	-0.113138	-0.009612	0.000213	-0.026173	-0.041893	0.212413	0.476431	-0.883841	0.879212	-0.467788	-0.547851	-0.775783	0.000015	1.000000	-0.052647	-0.167757	-0.054640	-0.123159	0.393254	0.019584	-0.037550	-0.159292	-0.098897	0.025818	0.070138	-0.062049	-0.134300	0.056032	0.289583	-0.006234	-0.014938	-0.064644	-0.054349	-0.111158	-0.002247	0.002706	-0.005114	-0.031363	0.261258	-0.008683	-0.019364	-0.093145	-0.062923	-0.149515	-0.003033	0.013628	-0.058921	-0.070264	0.118986	0.611679	-0.922558	0.791106	-0.385859	-0.486564	-0.711976	0.000015	1.000000	-0.052647	-0.167757	-0.054640	-0.123159	0.393254	0.019218	-0.038823	-0.170876	-0.110430	0.001434	0.069840	-0.060538	-0.141528	0.048173	0.320489	-0.003066	-0.012544	-0.096148	-0.106285	-0.142675	-0.000923	0.012252	-0.065768	-0.095612	0.164315	-0.011606	-0.009125	-0.115439	-0.070637	-0.187987	-0.003173	0.032351	-0.101549	-0.107280	0.004896	0.737930	-0.956632	0.674877	-0.291300	-0.453309	-0.680056	
1.866793	1.203210	0.052870	0.551368	-1.486181	-0.888600	-2.958877	-0.537295	0.918674	-2.904983	-1.947395	-5.774079	0.000015	1.000000	-0.052647	-0.167757	-0.054640	-0.123159	0.393254	0.019584	-0.037550	-0.159292	-0.098897	0.025818	0.070138	-0.062049	-0.134300	0.056032	0.289583	-0.006234	-0.014938	-0.064644	-0.054349	-0.111158	-0.002247	0.002706	-0.005114	-0.031363	0.261258	-0.008683	-0.019364	-0.093145	-0.062923	-0.149515	-0.003033	0.013628	-0.058921	-0.070264	0.118986	0.611679	-0.922558	0.791106	-0.385859	-0.486564	-0.711976	0.000015	1.000000	-0.052647	-0.167757	-0.054640	-0.123159	0.393254	0.019218	-0.038823	-0.170876	-0.110430	0.001434	0.069840	-0.060538	-0.141528	0.048173	0.320489	-0.003066	-0.012544	-0.096148	-0.106285	-0.142675	-0.000923	0.012252	-0.065768	-0.095612	0.164315	-0.011606	-0.009125	-0.115439	-0.070637	-0.187987	-0.003173	0.032351	-0.101549	-0.107280	0.004896	0.737930	-0.956632	0.674877	-0.291300	-0.453309	-0.680056	0.000015	1.000000	-0.052647	-0.167757	-0.054640	-0.123159	0.393254	0.019460	-0.039482	-0.191586	-0.124490	-0.022563	0.070363	-0.056294	-0.156714	0.020792	0.329505	0.003881	-0.005558	-0.090923	-0.125088	-0.207942	0.002699	0.031003	-0.134995	-0.138329	0.000030	-0.012484	0.004385	-0.127975	-0.072708	-0.230364	-0.009907	0.048736	-0.143214	-0.123667	-0.105977	0.845536	-0.984121	0.533919	-0.177499	-0.434325	-0.626831	
1.803078	0.952362	0.263843	0.052939	-0.534758	-0.721151	-1.026966	-0.555203	0.446216	-1.496240	-0.730064	-2.721897	0.000015	1.000000	-0.052647	-0.167757	-0.054640	-0.123159	0.393254	0.019218	-0.038823	-0.170876	-0.110430	0.001434	0.069840	-0.060538	-0.141528	0.048173	0.320489	-0.003066	-0.012544	-0.096148	-0.106285	-0.142675	-0.000923	0.012252	-0.065768	-0.095612	0.164315	-0.011606	-0.009125	-0.115439	-0.070637	-0.187987	-0.003173	0.032351	-0.101549	-0.107280	0.004896	0.737930	-0.956632	0.674877	-0.291300	-0.453309	-0.680056	0.000015	1.000000	-0.052647	-0.167757	-0.054640	-0.123159	0.393254	0.019460	-0.039482	-0.191586	-0.124490	-0.022563	0.070363	-0.056294	-0.156714	0.020792	0.329505	0.003881	-0.005558	-0.090923	-0.125088	-0.207942	0.002699	0.031003	-0.134995	-0.138329	0.000030	-0.012484	0.004385	-0.127975	-0.072708	-0.230364	-0.009907	0.048736	-0.143214	-0.123667	-0.105977	0.845536	-0.984121	0.533919	-0.177499	-0.434325	-0.626831	0.000015	1.000000	-0.052647	-0.167757	-0.054640	-0.123159	0.393254	0.019653	-0.039234	-0.207190	-0.139347	-0.052638	0.069667	-0.050276	-0.180568	-0.003513	0.330533	0.001086	-0.000556	-0.093541	-0.146162	-0.266464	-0.006709	0.041835	-0.199497	-0.195294	-0.009419	-0.011885	0.012399	-0.134640	-0.071166	-0.244625	-0.017263	0.056483	-0.162888	-0.128542	-0.193524	0.925866	-0.997877	0.377852	-0.065119	-0.439962	-0.639037	
1.653348	0.730809	0.549171	-0.531358	0.576475	-0.293597	1.172166	-0.697795	-0.289873	0.150823	0.787774	2.201470	0.000015	1.000000	-0.052647	-0.167757	-0.054640	-0.123159	0.393254	0.019460	-0.039482	-0.191586	-0.124490	-0.022563	0.070363	-0.056294	-0.156714	0.020792	0.329505	0.003881	-0.005558	-0.090923	-0.125088	-0.207942	0.002699	0.031003	-0.134995	-0.138329	0.000030	-0.012484	0.004385	-0.127975	-0.072708	-0.230364	-0.009907	0.048736	-0.143214	-0.123667	-0.105977	0.845536	-0.984121	0.533919	-0.177499	-0.434325	-0.626831	0.000015	1.000000	-0.052647	-0.167757	-0.054640	-0.123159	0.393254	0.019653	-0.039234	-0.207190	-0.139347	-0.052638	0.069667	-0.050276	-0.180568	-0.003513	0.330533	0.001086	-0.000556	-0.093541	-0.146162	-0.266464	-0.006709	0.041835	-0.199497	-0.195294	-0.009419	-0.011885	0.012399	-0.134640	-0.071166	-0.244625	-0.017263	0.056483	-0.162888	-0.128542	-0.193524	0.925866	-0.997877	0.377852	-0.065119	-0.439962	-0.639037	0.000015	1.000000	-0.052647	-0.167757	-0.054640	-0.123159	0.393254	0.019741	-0.038707	-0.219811	-0.176051	-0.085819	0.066862	-0.042779	-0.210081	-0.029724	0.290778	0.000807	0.000759	-0.093454	-0.183165	-0.280343	-0.026145	0.048502	-0.239099	-0.215647	-0.263711	-0.008022	0.012665	-0.130026	-0.045259	-0.226820	-0.022771	0.055667	-0.155777	-0.113261	-0.194521	0.976363	-0.999702	0.216137	0.024423	-0.459077	-0.714291	
1.563057	0.794466	0.524281	-0.751907	0.822739	-0.207589	1.963425	-0.782009	-0.232686	0.333330	1.025802	3.452236	0.000015	1.000000	-0.052647	-0.167757	-0.054640	-0.123159	0.393254	0.019653	-0.039234	-0.207190	-0.139347	-0.052638	0.069667	-0.050276	-0.180568	-0.003513	0.330533	0.001086	-0.000556	-0.093541	-0.146162	-0.266464	-0.006709	0.041835	-0.199497	-0.195294	-0.009419	-0.011885	0.012399	-0.134640	-0.071166	-0.244625	-0.017263	0.056483	-0.162888	-0.128542	-0.193524	0.925866	-0.997877	0.377852	-0.065119	-0.439962	-0.639037	0.000015	1.000000	-0.052647	-0.167757	-0.054640	-0.123159	0.393254	0.019741	-0.038707	-0.219811	-0.176051	-0.085819	0.066862	-0.042779	-0.210081	-0.029724	0.290778	0.000807	0.000759	-0.093454	-0.183165	-0.280343	-0.026145	0.048502	-0.239099	-0.215647	-0.263711	-0.008022	0.012665	-0.130026	-0.045259	-0.226820	-0.022771	0.055667	-0.155777	-0.113261	-0.194521	0.976363	-0.999702	0.216137	0.024423	-0.459077	-0.714291	0.000015	1.000000	-0.052647	-0.167757	-0.054640	-0.123159	0.393254	0.020243	-0.038538	-0.231132	-0.200670	-0.135325	0.061721	-0.037847	-0.256187	-0.054426	0.253310	0.005315	-0.000389	-0.090305	-0.176397	-0.200771	-0.037511	0.053123	-0.195949	-0.183484	-0.291932	-0.000270	0.004508	-0.110040	-0.025053	-0.159696	-0.028118	0.046378	-0.107404	-0.076718	-0.123963	0.998097	-0.995637	0.061671	0.093308	-0.503996	-0.780757	
1.583327	1.159027	0.444134	-0.408870	0.378336	0.157727	1.238840	-0.730428	0.134126	0.233910	1.323272	3.577744	0.000015	1.000000	-0.052647	-0.167757	-0.054640	-0.123159	0.393254	0.019741	-0.038707	-0.219811	-0.176051	-0.085819	0.066862	-0.042779	-0.210081	-0.029724	0.290778	0.000807	0.000759	-0.093454	-0.183165	-0.280343	-0.026145	0.048502	-0.239099	-0.215647	-0.263711	-0.008022	0.012665	-0.130026	-0.045259	-0.226820	-0.022771	0.055667	-0.155777	-0.113261	-0.194521	0.976363	-0.999702	0.216137	0.024423	-0.459077	-0.714291	0.000015	1.000000	-0.052647	-0.167757	-0.054640	-0.123159	0.393254	0.020243	-0.038538	-0.231132	-0.200670	-0.135325	0.061721	-0.037847	-0.256187	-0.054426	0.253310	0.005315	-0.000389	-0.090305	-0.176397	-0.200771	-0.037511	0.053123	-0.195949	-0.183484	-0.291932	-0.000270	0.004508	-0.110040	-0.025053	-0.159696	-0.028118	0.046378	-0.107404	-0.076718	-0.123963	0.998097	-0.995637	0.061671	0.093308	-0.503996	-0.780757	0.000015	1.000000	-0.052647	-0.167757	-0.054640	-0.123159	0.393254	0.023736	-0.039247	-0.249657	-0.219213	-0.160275	0.056137	-0.030939	-0.280821	-0.084351	0.224685	0.022167	-0.004924	-0.079521	-0.134542	-0.143959	-0.035856	0.044978	-0.150805	-0.090235	-0.186925	0.004108	-0.006071	-0.079163	-0.009626	-0.105269	-0.034274	0.035977	-0.077766	-0.031393	-0.043509	0.996327	-0.985857	-0.085628	0.167591	-0.531083	-0.761660	
1.677548	1.373729	0.243053	-0.223516	-0.162734	0.299826	-0.348716	-0.450851	0.498947	0.038657	1.520305	2.771822	0.000015	1.000000	-0.052647	-0.167757	-0.054640	-0.123159	0.393254	0.020243	-0.038538	-0.231132	-0.200670	-0.135325	0.061721	-0.037847	-0.256187	-0.054426	0.253310	0.005315	-0.000389	-0.090305	-0.176397	-0.200771	-0.037511	0.053123	-0.195949	-0.183484	-0.291932	-0.000270	0.004508	-0.110040	-0.025053	-0.159696	-0.028118	0.046378	-0.107404	-0.076718	-0.123963	0.998097	-0.995637	0.061671	0.093308	-0.503996	-0.780757	0.000015	1.000000	-0.052647	-0.167757	-0.054640	-0.123159	0.393254	0.023736	-0.039247	-0.249657	-0.219213	-0.160275	0.056137	-0.030939	-0.280821	-0.084351	0.224685	0.022167	-0.004924	-0.079521	-0.134542	-0.143959	-0.035856	0.044978	-0.150805	-0.090235	-0.186925	0.004108	-0.006071	-0.079163	-0.009626	-0.105269	-0.034274	0.035977	-0.077766	-0.031393	-0.043509	0.996327	-0.985857	-0.085628	0.167591	-0.531083	-0.761660	0.000015	1.000000	-0.052647	-0.167757	-0.054640	-0.123159	0.393254	0.029112	-0.041368	-0.258014	-0.232858	-0.173504	0.052088	-0.024525	-0.295878	-0.093995	0.204686	0.038509	-0.017243	-0.052270	-0.084294	-0.081397	-0.022779	0.034974	-0.102670	-0.022284	-0.140830	0.005391	-0.010080	-0.065133	0.006383	-0.073465	-0.041177	0.031574	-0.059202	-0.001909	0.030131	0.972540	-0.961724	-0.232734	0.274020	-0.525002	-0.652292	
1.786654	1.469133	-0.062686	-0.159118	-0.550230	0.074172	-2.381453	-0.058544	0.832911	-0.395901	1.156927	1.045481	0.000015	1.000000	-0.052647	-0.167757	-0.054640	-0.123159	0.393254	0.023736	-0.039247	-0.249657	-0.219213	-0.160275	0.056137	-0.030939	-0.280821	-0.084351	0.224685	0.022167	-0.004924	-0.079521	-0.134542	-0.143959	-0.035856	0.044978	-0.150805	-0.090235	-0.186925	0.004108	-0.006071	-0.079163	-0.009626	-0.105269	-0.034274	0.035977	-0.077766	-0.031393	-0.043509	0.996327	-0.985857	-0.085628	0.167591	-0.531083	-0.761660	0.000015	1.000000	-0.052647	-0.167757	-0.054640	-0.123159	0.393254	0.029112	-0.041368	-0.258014	-0.232858	-0.173504	0.052088	-0.024525	-0.295878	-0.093995	0.204686	0.038509	-0.017243	-0.052270	-0.084294	-0.081397	-0.022779	0.034974	-0.102670	-0.022284	-0.140830	0.005391	-0.010080	-0.065133	0.006383	-0.073465	-0.041177	0.031574	-0.059202	-0.001909	0.030131	0.972540	-0.961724	-0.232734	0.274020	-0.525002	-0.652292	0.000015	1.000000	-0.052647	-0.167757	-0.054640	-0.123159	0.393254	0.034161	-0.044474	-0.263757	-0.245111	-0.180173	0.048273	-0.018994	-0.306208	-0.094470	0.200783	0.027929	-0.020219	-0.046754	-0.033555	-0.040244	-0.023216	0.030019	-0.077617	0.018011	0.049428	0.003988	-0.010327	-0.061832	0.023134	-0.072029	-0.044126	0.033528	-0.048293	0.021375	0.075619	0.923755	-0.918286	-0.382984	0.395918	-0.496736	-0.587881	
1.863271	1.551967	-0.181001	-0.222558	-0.644023	-0.111253	-3.137922	0.172152	1.001396	-0.446076	0.917001	-0.753465	0.000015	1.000000	-0.052647	-0.167757	-0.054640	-0.123159	0.393254	0.029112	-0.041368	-0.258014	-0.232858	-0.173504	0.052088	-0.024525	-0.295878	-0.093995	0.204686	0.038509	-0.017243	-0.052270	-0.084294	-0.081397	-0.022779	0.034974	-0.102670	-0.022284	-0.140830	0.005391	-0.010080	-0.065133	0.006383	-0.073465	-0.041177	0.031574	-0.059202	-0.001909	0.030131	0.972540	-0.961724	-0.232734	0.274020	-0.525002	-0.652292	0.000015	1.000000	-0.052647	-0.167757	-0.054640	-0.123159	0.393254	0.034161	-0.044474	-0.263757	-0.245111	-0.180173	0.048273	-0.018994	-0.306208	-0.094470	0.200783	0.027929	-0.020219	-0.046754	-0.033555	-0.040244	-0.023216	0.030019	-0.077617	0.018011	0.049428	0.003988	-0.010327	-0.061832	0.023134	-0.072029	-0.044126	0.033528	-0.048293	0.021375	0.075619	0.923755	-0.918286	-0.382984	0.395918	-0.496736	-0.587881	0.000015	1.000000	-0.052647	-0.167757	-0.054640	-0.123159	0.393254	0.039606	-0.046396	-0.268686	-0.248555	-0.187347	0.045063	-0.013864	-0.318767	-0.089961	0.211199	0.026871	-0.018423	-0.035384	-0.003355	-0.034733	-0.041405	0.031035	-0.046846	0.048213	0.111028	-0.002397	-0.010793	-0.065158	0.027691	-0.100586	-0.041794	0.040896	-0.041674	0.034224	0.080890	0.846480	-0.854833	-0.532421	0.518903	-0.464004	-0.559260	
1.908276	1.598909	-0.159946	-0.355387	-0.485386	-0.279221	-3.310516	0.271280	0.982007	-0.145408	0.923190	-2.523772	0.000015	1.000000	-0.052647	-0.167757	-0.054640	-0.123159	0.393254	0.034161	-0.044474	-0.263757	-0.245111	-0.180173	0.048273	-0.018994	-0.306208	-0.094470	0.200783	0.027929	-0.020219	-0.046754	-0.033555	-0.040244	-0.023216	0.030019	-0.077617	0.018011	0.049428	0.003988	-0.010327	-0.061832	0.023134	-0.072029	-0.044126	0.033528	-0.048293	0.021375	0.075619	0.923755	-0.918286	-0.382984	0.395918	-0.496736	-0.587881	0.000015	1.000000	-0.052647	-0.167757	-0.054640	-0.123159	0.393254	0.039606	-0.046396	-0.268686	-0.248555	-0.187347	0.045063	-0.013864	-0.318767	-0.089961	0.211199	0.026871	-0.018423	-0.035384	-0.003355	-0.034733	-0.041405	0.031035	-0.046846	0.048213	0.111028	-0.002397	-0.010793	-0.065158	0.027691	-0.100586	-0.041794	0.040896	-0.041674	0.034224	0.080890	0.846480	-0.854833	-0.532421	0.518903	-0.464004	-0.559260	0.000015	1.000000	-0.052647	-0.167757	-0.054640	-0.123159	0.393254	0.043312	-0.048920	-0.275197	-0.248856	-0.195519	0.038484	-0.008129	-0.325883	-0.077766	0.225326	0.004432	-0.015917	-0.020987	0.001060	-0.076407	-0.051600	0.026251	-0.036091	0.054025	0.121375	-0.008817	-0.011606	-0.068306	0.026324	-0.139474	-0.032633	0.050178	-0.041247	0.035782	0.055463	0.740467	-0.770094	-0.672093	0.637930	-0.441019	-0.534410	
1.924209	1.719176	-0.136107	-0.451983	-0.111342	-0.233768	-2.785660	0.246005	0.750807	0.583496	1.230435	-3.169858	0.000015	1.000000	-0.052647	-0.167757	-0.054640	-0.123159	0.393254	0.039606	-0.046396	-0.268686	-0.248555	-0.187347	0.045063	-0.013864	-0.318767	-0.089961	0.211199	0.026871	-0.018423	-0.035384	-0.003355	-0.034733	-0.041405	0.031035	-0.046846	0.048213	0.111028	-0.002397	-0.010793	-0.065158	0.027691	-0.100586	-0.041794	0.040896	-0.041674	0.034224	0.080890	0.846480	-0.854833	-0.532421	0.518903	-0.464004	-0.559260	0.000015	1.000000	-0.052647	-0.167757	-0.054640	-0.123159	0.393254	0.043312	-0.048920	-0.275197	-0.248856	-0.195519	0.038484	-0.008129	-0.325883	-0.077766	0.225326	0.004432	-0.015917	-0.020987	0.001060	-0.076407	-0.051600	0.026251	-0.036091	0.054025	0.121375	-0.008817	-0.011606	-0.068306	0.026324	-0.139474	-0.032633	0.050178	-0.041247	0.035782	0.055463	0.740467	-0.770094	-0.672093	0.637930	-0.441019	-0.534410	0.000015	1.000000	-0.052647	-0.167757	-0.054640	-0.123159	0.393254	0.043568	-0.051453	-0.279141	-0.248310	-0.209900	0.031836	-0.002014	-0.331741	-0.069196	0.238572	-0.012119	-0.020436	-0.022687	-0.005128	-0.146179	-0.043895	0.035311	-0.043391	0.057747	0.095889	-0.011472	-0.014401	-0.071639	0.021592	-0.174724	-0.021918	0.058786	-0.037569	0.041052	0.004381	0.608373	-0.665658	-0.793651	0.746257	-0.427517	-0.520327	
1.919287	1.757133	-0.120713	-0.425046	0.279698	0.124596	-2.023822	0.191389	0.348825	1.481537	1.886679	-1.935717	0.000015	1.000000	-0.052647	-0.167757	-0.054640	-0.123159	0.393254	0.043312	-0.048920	-0.275197	-0.248856	-0.195519	0.038484	-0.008129	-0.325883	-0.077766	0.225326	0.004432	-0.015917	-0.020987	0.001060	-0.076407	-0.051600	0.026251	-0.036091	0.054025	0.121375	-0.008817	-0.011606	-0.068306	0.026324	-0.139474	-0.032633	0.050178	-0.041247	0.035782	0.055463	0.740467	-0.770094	-0.672093	0.637930	-0.441019	-0.534410	0.000015	1.000000	-0.052647	-0.167757	-0.054640	-0.123159	0.393254	0.043568	-0.051453	-0.279141	-0.248310	-0.209900	0.031836	-0.002014	-0.331741	-0.069196	0.238572	-0.012119	-0.020436	-0.022687	-0.005128	-0.146179	-0.043895	0.035311	-0.043391	0.057747	0.095889	-0.011472	-0.014401	-0.071639	0.021592	-0.174724	-0.021918	0.058786	-0.037569	0.041052	0.004381	0.608373	-0.665658	-0.793651	0.746257	-0.427517	-0.520327	0.000015	1.000000	-0.052647	-0.167757	-0.054640	-0.123159	0.393254	0.042917	-0.054157	-0.282183	-0.248831	-0.231363	0.026872	0.004960	-0.336208	-0.061254	0.248103	-0.005051	-0.018561	-0.020764	-0.001211	-0.200266	-0.032307	0.044476	-0.032256	0.066145	-0.001578	-0.012862	-0.018476	-0.070266	0.018607	-0.195034	-0.013265	0.063070	-0.024352	0.051562	-0.052686	0.455297	-0.536590	-0.890340	0.843843	-0.422737	-0.484247	
1.912511	1.781607	-0.052521	-0.305092	0.403576	0.099213	-1.063768	0.095601	-0.004841	1.756651	1.947989	0.092406	0.000015	1.000000	-0.052647	-0.167757	-0.054640	-0.123159	0.393254	0.043568	-0.051453	-0.279141	-0.248310	-0.209900	0.031836	-0.002014	-0.331741	-0.069196	0.238572	-0.012119	-0.020436	-0.022687	-0.005128	-0.146179	-0.043895	0.035311	-0.043391	0.057747	0.095889	-0.011472	-0.014401	-0.071639	0.021592	-0.174724	-0.021918	0.058786	-0.037569	0.041052	0.004381	0.608373	-0.665658	-0.793651	0.746257	-0.427517	-0.520327	0.000015	1.000000	-0.052647	-0.167757	-0.054640	-0.123159	0.393254	0.042917	-0.054157	-0.282183	-0.248831	-0.231363	0.026872	0.004960	-0.336208	-0.061254	0.248103	-0.005051	-0.018561	-0.020764	-0.001211	-0.200266	-0.032307	0.044476	-0.032256	0.066145	-0.001578	-0.012862	-0.018476	-0.070266	0.018607	-0.195034	-0.013265	0.063070	-0.024352	0.051562	-0.052686	0.455297	-0.536590	-0.890340	0.843843	-0.422737	-0.484247	0.000015	1.000000	-0.052647	-0.167757	-0.054640	-0.123159	0.393254	0.042593	-0.057056	-0.284779	-0.249856	-0.272660	0.024279	0.009522	-0.338144	-0.052565	0.243103	-0.005391	-0.017676	-0.024061	-0.014778	-0.195904	-0.013700	0.045974	0.002358	0.076407	-0.077628	-0.014348	-0.021950	-0.063476	0.021501	-0.184086	-0.007802	0.063740	-0.000199	0.071166	-0.076714	0.287739	-0.390181	-0.957709	0.920738	-0.424214	-0.472860	
1.899713	1.812774	-0.025418	0.077724	0.369201	-0.094576	-0.281551	0.076649	-0.159453	1.871486	2.043887	2.061539	0.000015	1.000000	-0.052647	-0.167757	-0.054640	-0.123159	0.393254	0.042917	-0.054157	-0.282183	-0.248831	-0.231363	0.026872	0.004960	-0.336208	-0.061254	0.248103	-0.005051	-0.018561	-0.020764	-0.001211	-0.200266	-0.032307	0.044476	-0.032256	0.066145	-0.001578	-0.012862	-0.018476	-0.070266	0.018607	-0.195034	-0.013265	0.063070	-0.024352	0.051562	-0.052686	0.455297	-0.536590	-0.890340	0.843843	-0.422737	-0.484247	0.000015	1.000000	-0.052647	-0.167757	-0.054640	-0.123159	0.393254	0.042593	-0.057056	-0.284779	-0.249856	-0.272660	0.024279	0.009522	-0.338144	-0.052565	0.243103	-0.005391	-0.017676	-0.024061	-0.014778	-0.195904	-0.013700	0.045974	0.002358	0.076407	-0.077628	-0.014348	-0.021950	-0.063476	0.021501	-0.184086	-0.007802	0.063740	-0.000199	0.071166	-0.076714	0.287739	-0.390181	-0.957709	0.920738	-0.424214	-0.472860	0.000015	1.000000	-0.052647	-0.167757	-0.054640	-0.123159	0.393254	0.042625	-0.060294	-0.289030	-0.251079	-0.302149	0.022913	0.017260	-0.335017	-0.034155	0.230568	0.004346	-0.022240	-0.027531	-0.019624	-0.220244	-0.004860	0.054964	0.026059	0.106048	-0.114197	-0.015168	-0.023292	-0.053167	0.024213	-0.170566	-0.005001	0.055929	0.023043	0.081996	-0.062791	0.111252	-0.230696	-0.993792	0.973026	-0.426247	-0.465518	
1.886865	1.795330	-0.060006	0.393564	0.431137	-0.308108	0.681167	0.133172	-0.464647	2.222435	1.886271	3.831879	0.000015	1.000000	-0.052647	-0.167757	-0.054640	-0.123159	0.393254	0.042593	-0.057056	-0.284779	-0.249856	-0.272660	0.024279	0.009522	-0.338144	-0.052565	0.243103	-0.005391	-0.017676	-0.024061	-0.014778	-0.195904	-0.013700	0.045974	0.002358	0.076407	-0.077628	-0.014348	-0.021950	-0.063476	0.021501	-0.184086	-0.007802	0.063740	-0.000199	0.071166	-0.076714	0.287739	-0.390181	-0.957709	0.920738	-0.424214	-0.472860	0.000015	1.000000	-0.052647	-0.167757	-0.054640	-0.123159	0.393254	0.042625	-0.060294	-0.289030	-0.251079	-0.302149	0.022913	0.017260	-0.335017	-0.034155	0.230568	0.004346	-0.022240	-0.027531	-0.019624	-0.220244	-0.004860	0.054964	0.026059	0.106048	-0.114197	-0.015168	-0.023292	-0.053167	0.024213	-0.170566	-0.005001	0.055929	0.023043	0.081996	-0.062791	0.111252	-0.230696	-0.993792	0.973026	-0.426247	-0.465518	0.000015	1.000000	-0.052647	-0.167757	-0.054640	-0.123159	0.393254	0.043310	-0.063680	-0.291383	-0.252996	-0.328693	0.022809	0.025173	-0.326588	-0.017047	0.217810	0.003575	-0.021533	-0.020550	-0.020108	-0.209418	0.009634	0.047139	0.074492	0.129601	-0.104593	-0.016234	-0.018742	-0.045284	0.024713	-0.148239	-0.003749	0.045628	0.042650	0.095506	-0.019151	-0.067271	-0.062131	-0.997735	0.998068	-0.430086	-0.456168	
1.884621	1.803676	-0.096725	0.437407	1.013700	-0.251094	1.855441	0.026333	-1.049227	2.781949	1.391884	6.411446	0.000015	1.000000	-0.052647	-0.167757	-0.054640	-0.123159	0.393254	0.042625	-0.060294	-0.289030	-0.251079	-0.302149	0.022913	0.017260	-0.335017	-0.034155	0.230568	0.004346	-0.022240	-0.027531	-0.019624	-0.220244	-0.004860	0.054964	0.026059	0.106048	-0.114197	-0.015168	-0.023292	-0.053167	0.024213	-0.170566	-0.005001	0.055929	0.023043	0.081996	-0.062791	0.111252	-0.230696	-0.993792	0.973026	-0.426247	-0.465518	0.000015	1.000000	-0.052647	-0.167757	-0.054640	-0.123159	0.393254	0.043310	-0.063680	-0.291383	-0.252996	-0.328693	0.022809	0.025173	-0.326588	-0.017047	0.217810	0.003575	-0.021533	-0.020550	-0.020108	-0.209418	0.009634	0.047139	0.074492	0.129601	-0.104593	-0.016234	-0.018742	-0.045284	0.024713	-0.148239	-0.003749	0.045628	0.042650	0.095506	-0.019151	-0.067271	-0.062131	-0.997735	0.998068	-0.430086	-0.456168	0.000015	1.000000	-0.052647	-0.167757	-0.054640	-0.123159	0.393254	0.044053	-0.066320	-0.293235	-0.254591	-0.351983	0.023273	0.032054	-0.313101	0.002272	0.205298	-0.003830	-0.015647	-0.019154	0.000781	-0.174835	0.004802	0.041937	0.107253	0.160572	-0.012902	-0.017876	-0.010203	-0.036970	0.021690	-0.114740	-0.002217	0.031782	0.062472	0.104459	0.050792	-0.242568	0.106696	-0.970134	0.994292	-0.433940	-0.461401	
1.870308	1.814098	-0.109200	0.072809	1.637691	0.115837	2.269564	0.406467	-1.542942	3.282501	1.309763	8.000116	0.000015	1.000000	-0.052647	-0.167757	-0.054640	-0.123159	0.393254	0.043310	-0.063680	-0.291383	-0.252996	-0.328693	0.022809	0.025173	-0.326588	-0.017047	0.217810	0.003575	-0.021533	-0.020550	-0.020108	-0.209418	0.009634	0.047139	0.074492	0.129601	-0.104593	-0.016234	-0.018742	-0.045284	0.024713	-0.148239	-0.003749	0.045628	0.042650	0.095506	-0.019151	-0.067271	-0.062131	-0.997735	0.998068	-0.430086	-0.456168	0.000015	1.000000	-0.052647	-0.167757	-0.054640	-0.123159	0.393254	0.044053	-0.066320	-0.293235	-0.254591	-0.351983	0.023273	0.032054	-0.313101	0.002272	0.205298	-0.003830	-0.015647	-0.019154	0.000781	-0.174835	0.004802	0.041937	0.107253	0.160572	-0.012902	-0.017876	-0.010203	-0.036970	0.021690	-0.114740	-0.002217	0.031782	0.062472	0.104459	0.050792	-0.242568	0.106696	-0.970134	0.994292	-0.433940	-0.461401	0.000015	1.000000	-0.052647	-0.167757	-0.054640	-0.123159	0.393254	0.043935	-0.067510	-0.295059	-0.254304	-0.383492	0.023996	0.037865	-0.285879	0.023923	0.209388	-0.009107	-0.010754	-0.020759	0.012990	-0.115542	0.007459	0.030017	0.129373	0.187747	0.072690	-0.019210	-0.002446	-0.019928	0.017634	-0.055377	-0.002544	0.010220	0.077013	0.103703	0.142952	-0.410293	0.273499	-0.911954	0.961872	-0.434614	-0.458897	
1.867907	1.785954	-0.044781	-0.162037	2.083700	0.834936	1.894216	1.033692	-1.636294	2.984611	2.124219	8.027180	0.000015	1.000000	-0.052647	-0.167757	-0.054640	-0.123159	0.393254	0.044053	-0.066320	-0.293235	-0.254591	-0.351983	0.023273	0.032054	-0.313101	0.002272	0.205298	-0.003830	-0.015647	-0.019154	0.000781	-0.174835	0.004802	0.041937	0.107253	0.160572	-0.012902	-0.017876	-0.010203	-0.036970	0.021690	-0.114740	-0.002217	0.031782	0.062472	0.104459	0.050792	-0.242568	0.106696	-0.970134	0.994292	-0.433940	-0.461401	0.000015	1.000000	-0.052647	-0.167757	-0.054640	-0.123159	0.393254	0.043935	-0.067510	-0.295059	-0.254304	-0.383492	0.023996	0.037865	-0.285879	0.023923	0.209388	-0.009107	-0.010754	-0.020759	0.012990	-0.115542	0.007459	0.030017	0.129373	0.187747	0.072690	-0.019210	-0.002446	-0.019928	0.017634	-0.055377	-0.002544	0.010220	0.077013	0.103703	0.142952	-0.410293	0.273499	-0.911954	0.961872	-0.434614	-0.458897	0.000015	1.000000	-0.052647	-0.167757	-0.054640	-0.123159	0.393254	0.042336	-0.068160	-0.297944	-0.253229	-0.396240	0.024989	0.040522	-0.261750	0.060484	0.229956	-0.016265	-0.002820	-0.010451	0.012117	-0.059013	0.007027	0.009516	0.180440	0.163594	0.231303	-0.019250	-0.000704	0.007534	0.018297	-0.008570	0.002563	-0.015592	0.102145	0.086798	0.242441	-0.563925	0.433238	-0.825826	0.901279	-0.438908	-0.455770	
1.884606	1.830254	-0.081149	-0.260516	2.446957	1.602396	3.036583	1.375413	-1.970901	3.369770	2.803129	7.257648	0.000015	1.000000	-0.052647	-0.167757	-0.054640	-0.123159	0.393254	0.043935	-0.067510	-0.295059	-0.254304	-0.383492	0.023996	0.037865	-0.285879	0.023923	0.209388	-0.009107	-0.010754	-0.020759	0.012990	-0.115542	0.007459	0.030017	0.129373	0.187747	0.072690	-0.019210	-0.002446	-0.019928	0.017634	-0.055377	-0.002544	0.010220	0.077013	0.103703	0.142952	-0.410293	0.273499	-0.911954	0.961872	-0.434614	-0.458897	0.000015	1.000000	-0.052647	-0.167757	-0.054640	-0.123159	0.393254	0.042336	-0.068160	-0.297944	-0.253229	-0.396240	0.024989	0.040522	-0.261750	0.060484	0.229956	-0.016265	-0.002820	-0.010451	0.012117	-0.059013	0.007027	0.009516	0.180440	0.163594	0.231303	-0.019250	-0.000704	0.007534	0.018297	-0.008570	0.002563	-0.015592	0.102145	0.086798	0.242441	-0.563925	0.433238	-0.825826	0.901279	-0.438908	-0.455770	0.000015	1.000000	-0.052647	-0.167757	-0.054640	-0.123159	0.393254	0.039229	-0.068581	-0.296171	-0.250590	-0.399153	0.026908	0.040181	-0.233661	0.084105	0.253481	-0.020819	-0.002376	0.017799	0.032269	-0.000667	0.014312	-0.008936	0.229865	0.176534	0.174929	-0.016815	-0.002713	0.037012	0.028181	0.022753	0.016147	-0.039792	0.118818	0.095035	0.339308	-0.699826	0.578087	-0.714314	0.815975	-0.439628	-0.464214	
1.919923	1.908678	-0.060564	-0.254479	2.634003	1.995167	2.861010	1.611008	-2.192543	3.072443	2.185969	6.654863	0.000015	1.000000	-0.052647	-0.167757	-0.054640	-0.123159	0.393254	0.042336	-0.068160	-0.297944	-0.253229	-0.396240	0.024989	0.040522	-0.261750	0.060484	0.229956	-0.016265	-0.002820	-0.010451	0.012117	-0.059013	0.007027	0.009516	0.180440	0.163594	0.231303	-0.019250	-0.000704	0.007534	0.018297	-0.008570	0.002563	-0.015592	0.102145	0.086798	0.242441	-0.563925	0.433238	-0.825826	0.901279	-0.438908	-0.455770	0.000015	1.000000	-0.052647	-0.167757	-0.054640	-0.123159	0.393254	0.039229	-0.068581	-0.296171	-0.250590	-0.399153	0.026908	0.040181	-0.233661	0.084105	0.253481	-0.020819	-0.002376	0.017799	0.032269	-0.000667	0.014312	-0.008936	0.229865	0.176534	0.174929	-0.016815	-0.002713	0.037012	0.028181	0.022753	0.016147	-0.039792	0.118818	0.095035	0.339308	-0.699826	0.578087	-0.714314	0.815975	-0.439628	-0.464214	0.000015	1.000000	-0.052647	-0.167757	-0.054640	-0.123159	0.393254	0.036136	-0.069166	-0.290266	-0.240975	-0.396440	0.032453	0.037205	-0.202525	0.106690	0.334933	-0.020926	-0.003844	0.045400	0.046149	0.041460	0.033536	-0.018691	0.247719	0.201557	0.442530	-0.014939	-0.006036	0.067812	0.042602	0.065588	0.031233	-0.066379	0.138229	0.114498	0.366720	-0.815026	0.709565	-0.579425	0.704640	-0.434618	-0.450924	
1.943496	1.953403	-0.280572	0.057336	2.360081	1.811839	2.828457	1.739119	-2.246855	2.937128	1.315125	6.464918	0.000015	1.000000	-0.052647	-0.167757	-0.054640	-0.123159	0.393254	0.039229	-0.068581	-0.296171	-0.250590	-0.399153	0.026908	0.040181	-0.233661	0.084105	0.253481	-0.020819	-0.002376	0.017799	0.032269	-0.000667	0.014312	-0.008936	0.229865	0.176534	0.174929	-0.016815	-0.002713	0.037012	0.028181	0.022753	0.016147	-0.039792	0.118818	0.095035	0.339308	-0.699826	0.578087	-0.714314	0.815975	-0.439628	-0.464214	0.000015	1.000000	-0.052647	-0.167757	-0.054640	-0.123159	0.393254	0.036136	-0.069166	-0.290266	-0.240975	-0.396440	0.032453	0.037205	-0.202525	0.106690	0.334933	-0.020926	-0.003844	0.045400	0.046149	0.041460	0.033536	-0.018691	0.247719	0.201557	0.442530	-0.014939	-0.006036	0.067812	0.042602	0.065588	0.031233	-0.066379	0.138229	0.114498	0.366720	-0.815026	0.709565	-0.579425	0.704640	-0.434618	-0.450924	0.000015	1.000000	-0.052647	-0.167757	-0.054640	-0.123159	0.393254	0.034839	-0.070010	-0.278544	-0.229213	-0.387052	0.041341	0.034186	-0.149939	0.131732	0.405798	-0.006629	-0.006782	0.100854	0.144549	0.053350	0.056745	-0.042232	0.254390	0.227789	0.539432	-0.014550	-0.009007	0.095578	0.060751	0.099093	0.046497	-0.096231	0.131705	0.122227	0.395625	-0.905953	0.824135	-0.423378	0.566394	-0.424023	-0.427396	
1.964671	1.984233	-0.822930	0.351610	1.243529	1.127949	0.270156	1.570477	-1.463222	0.885868	-0.174692	4.372292	0.000015	1.000000	-0.052647	-0.167757	-0.054640	-0.123159	0.393254	0.036136	-0.069166	-0.290266	-0.240975	-0.396440	0.032453	0.037205	-0.202525	0.106690	0.334933	-0.020926	-0.003844	0.045400	0.046149	0.041460	0.033536	-0.018691	0.247719	0.201557	0.442530	-0.014939	-0.006036	0.067812	0.042602	0.065588	0.031233	-0.066379	0.138229	0.114498	0.366720	-0.815026	0.709565	-0.579425	0.704640	-0.434618	-0.450924	0.000015	1.000000	-0.052647	-0.167757	-0.054640	-0.123159	0.393254	0.034839	-0.070010	-0.278544	-0.229213	-0.387052	0.041341	0.034186	-0.149939	0.131732	0.405798	-0.006629	-0.006782	0.100854	0.144549	0.053350	0.056745	-0.042232	0.254390	0.227789	0.539432	-0.014550	-0.009007	0.095578	0.060751	0.099093	0.046497	-0.096231	0.131705	0.122227	0.395625	-0.905953	0.824135	-0.423378	0.566394	-0.424023	-0.427396	0.000015	1.000000	-0.052647	-0.167757	-0.054640	-0.123159	0.393254	0.032520	-0.071197	-0.255359	-0.212805	-0.371895	0.053418	0.024616	-0.110632	0.174157	0.480773	-0.025439	-0.008006	0.113030	0.110420	0.157134	0.071978	-0.070875	0.280880	0.173182	0.595534	-0.016441	-0.006960	0.107813	0.071535	0.126385	0.060521	-0.120382	0.136478	0.099539	0.417676	-0.967939	0.913934	-0.251184	0.405862	-0.416951	-0.413979	
1.983156	1.992746	-1.413093	1.026628	-0.509771	-0.333933	-2.751394	1.366042	-0.146304	-1.834945	-2.248643	-1.628331	0.000015	1.000000	-0.052647	-0.167757	-0.054640	-0.123159	0.393254	0.034839	-0.070010	-0.278544	-0.229213	-0.387052	0.041341	0.034186	-0.149939	0.131732	0.405798	-0.006629	-0.006782	0.100854	0.144549	0.053350	0.056745	-0.042232	0.254390	0.227789	0.539432	-0.014550	-0.009007	0.095578	0.060751	0.099093	0.046497	-0.096231	0.131705	0.122227	0.395625	-0.905953	0.824135	-0.423378	0.566394	-0.424023	-0.427396	0.000015	1.000000	-0.052647	-0.167757	-0.054640	-0.123159	0.393254	0.032520	-0.071197	-0.255359	-0.212805	-0.371895	0.053418	0.024616	-0.110632	0.174157	0.480773	-0.025439	-0.008006	0.113030	0.110420	0.157134	0.071978	-0.070875	0.280880	0.173182	0.595534	-0.016441	-0.006960	0.107813	0.071535	0.126385	0.060521	-0.120382	0.136478	0.099539	0.417676	-0.967939	0.913934	-0.251184	0.405862	-0.416951	-0.413979	0.000015	1.000000	-0.052647	-0.167757	-0.054640	-0.123159	0.393254	0.028954	-0.072169	-0.234509	-0.201769	-0.349282	0.067999	0.010310	-0.072818	0.199097	0.547918	-0.027669	-0.006268	0.157519	0.076996	0.187054	0.087110	-0.094677	0.277248	0.164930	0.477262	-0.025220	-0.000713	0.105617	0.077418	0.107825	0.069497	-0.128024	0.111952	0.071979	0.416115	-0.997639	0.973458	-0.068683	0.228865	-0.410599	-0.404730	
1.990386	1.997567	-2.046599	1.338350	-2.325540	-2.312936	-6.909054	1.172192	1.822021	-4.960752	-5.607744	-7.243087	0.000015	1.000000	-0.052647	-0.167757	-0.054640	-0.123159	0.393254	0.032520	-0.071197	-0.255359	-0.212805	-0.371895	0.053418	0.024616	-0.110632	0.174157	0.480773	-0.025439	-0.008006	0.113030	0.110420	0.157134	0.071978	-0.070875	0.280880	0.173182	0.595534	-0.016441	-0.006960	0.107813	0.071535	0.126385	0.060521	-0.120382	0.136478	0.099539	0.417676	-0.967939	0.913934	-0.251184	0.405862	-0.416951	-0.413979	0.000015	1.000000	-0.052647	-0.167757	-0.054640	-0.123159	0.393254	0.028954	-0.072169	-0.234509	-0.201769	-0.349282	0.067999	0.010310	-0.072818	0.199097	0.547918	-0.027669	-0.006268	0.157519	0.076996	0.187054	0.087110	-0.094677	0.277248	0.164930	0.477262	-0.025220	-0.000713	0.105617	0.077418	0.107825	0.069497	-0.128024	0.111952	0.071979	0.416115	-0.997639	0.973458	-0.068683	0.228865	-0.410599	-0.404730	0.000015	1.000000	-0.052647	-0.167757	-0.054640	-0.123159	0.393254	0.023806	-0.072767	-0.211219	-0.180441	-0.327821	0.085116	-0.006073	-0.041143	0.219788	0.669478	-0.034523	-0.002604	0.175926	0.047132	0.158989	0.091066	-0.102059	0.225936	0.173875	0.533483	-0.041247	0.015269	0.074687	0.051087	0.045133	0.072850	-0.113833	0.052781	0.017592	0.270155	-0.993048	0.999063	0.117711	0.043274	-0.405053	-0.402176	
1.994208	1.998469	-2.518466	1.555206	-4.520979	-4.533309	-8.759621	1.267577	4.047987	-7.642745	-7.430677	-9.454661	0.000015	1.000000	-0.052647	-0.167757	-0.054640	-0.123159	0.393254	0.028954	-0.072169	-0.234509	-0.201769	-0.349282	0.067999	0.010310	-0.072818	0.199097	0.547918	-0.027669	-0.006268	0.157519	0.076996	0.187054	0.087110	-0.094677	0.277248	0.164930	0.477262	-0.025220	-0.000713	0.105617	0.077418	0.107825	0.069497	-0.128024	0.111952	0.071979	0.416115	-0.997639	0.973458	-0.068683	0.228865	-0.410599	-0.404730	0.000015	1.000000	-0.052647	-0.167757	-0.054640	-0.123159	0.393254	0.023806	-0.072767	-0.211219	-0.180441	-0.327821	0.085116	-0.006073	-0.041143	0.219788	0.669478	-0.034523	-0.002604	0.175926	0.047132	0.158989	0.091066	-0.102059	0.225936	0.173875	0.533483	-0.041247	0.015269	0.074687	0.051087	0.045133	0.072850	-0.113833	0.052781	0.017592	0.270155	-0.993048	0.999063	0.117711	0.043274	-0.405053	-0.402176	0.000015	1.000000	-0.052647	-0.167757	-0.054640	-0.123159	0.393254	0.016476	-0.072572	-0.190955	-0.174431	-0.303608	0.095713	-0.021289	-0.010477	0.233353	0.735277	-0.039047	0.006603	0.157527	0.015880	0.035092	0.119379	-0.088490	0.079126	0.068336	0.389400	-0.064603	0.035141	0.019554	0.010396	-0.082673	0.079830	-0.071298	-0.052266	-0.080055	0.095752	-0.953697	0.989520	0.300769	-0.144397	-0.402884	-0.400730	
1.992771	1.998445	-2.694482	0.844883	-5.039215	-5.182884	-8.953677	1.138382	4.737297	-8.684523	-8.007137	-9.717342	0.000015	1.000000	-0.052647	-0.167757	-0.054640	-0.123159	0.393254	0.023806	-0.072767	-0.211219	-0.180441	-0.327821	0.085116	-0.006073	-0.041143	0.219788	0.669478	-0.034523	-0.002604	0.175926	0.047132	0.158989	0.091066	-0.102059	0.225936	0.173875	0.533483	-0.041247	0.015269	0.074687	0.051087	0.045133	0.072850	-0.113833	0.052781	0.017592	0.270155	-0.993048	0.999063	0.117711	0.043274	-0.405053	-0.402176	0.000015	1.000000	-0.052647	-0.167757	-0.054640	-0.123159	0.393254	0.016476	-0.072572	-0.190955	-0.174431	-0.303608	0.095713	-0.021289	-0.010477	0.233353	0.735277	-0.039047	0.006603	0.157527	0.015880	0.035092	0.119379	-0.088490	0.079126	0.068336	0.389400	-0.064603	0.035141	0.019554	0.010396	-0.082673	0.079830	-0.071298	-0.052266	-0.080055	0.095752	-0.953697	0.989520	0.300769	-0.144397	-0.402884	-0.400730	0.000015	1.000000	-0.052647	-0.167757	-0.054640	-0.123159	0.393254	0.008370	-0.069520	-0.172701	-0.176234	-0.309114	0.113971	-0.031570	-0.007567	0.226882	0.765788	-0.056598	0.024971	0.030758	-0.052501	-0.116534	0.110346	-0.053749	-0.007093	-0.127168	0.120248	-0.094294	0.055429	-0.066551	-0.055836	-0.208632	0.080595	-0.000265	-0.169879	-0.185104	-0.076654	-0.880657	0.944950	0.473754	-0.327215	-0.401738	-0.400459	
1.990691	1.995464	-2.099525	0.615284	-2.957380	-2.495224	-3.505534	0.300230	3.425779	-8.466843	-7.482708	-9.716379	0.000015	1.000000	-0.052647	-0.167757	-0.054640	-0.123159	0.393254	0.016476	-0.072572	-0.190955	-0.174431	-0.303608	0.095713	-0.021289	-0.010477	0.233353	0.735277	-0.039047	0.006603	0.157527	0.015880	0.035092	0.119379	-0.088490	0.079126	0.068336	0.389400	-0.064603	0.035141	0.019554	0.010396	-0.082673	0.079830	-0.071298	-0.052266	-0.080055	0.095752	-0.953697	0.989520	0.300769	-0.144397	-0.402884	-0.400730	0.000015	1.000000	-0.052647	-0.167757	-0.054640	-0.123159	0.393254	0.008370	-0.069520	-0.172701	-0.176234	-0.309114	0.113971	-0.031570	-0.007567	0.226882	0.765788	-0.056598	0.024971	0.030758	-0.052501	-0.116534	0.110346	-0.053749	-0.007093	-0.127168	0.120248	-0.094294	0.055429	-0.066551	-0.055836	-0.208632	0.080595	-0.000265	-0.169879	-0.185104	-0.076654	-0.880657	0.944950	0.473754	-0.327215	-0.401738	-0.400459	0.000015	1.000000	-0.052647	-0.167757	-0.054640	-0.123159	0.393254	-0.003575	-0.063683	-0.177677	-0.179866	-0.339828	0.127753	-0.033602	-0.026178	0.192533	0.776277	-0.095692	0.034951	-0.073347	-0.039797	-0.327116	0.058843	-0.000024	-0.180076	-0.369357	0.028426	-0.122745	0.062259	-0.137122	-0.129906	-0.312151	0.083880	0.072788	-0.281466	-0.270798	-0.232825	-0.776778	0.867021	0.629774	-0.498271	-0.402169	-0.400466	
1.890228	1.982575	-0.771758	0.332706	1.380407	2.524261	7.658747	-0.658978	0.195648	-4.589911	-3.214575	-7.827735	0.000015	1.000000	-0.052647	-0.167757	-0.054640	-0.123159	0.393254	0.008370	-0.069520	-0.172701	-0.176234	-0.309114	0.113971	-0.031570	-0.007567	0.226882	0.765788	-0.056598	0.024971	0.030758	-0.052501	-0.116534	0.110346	-0.053749	-0.007093	-0.127168	0.120248	-0.094294	0.055429	-0.066551	-0.055836	-0.208632	0.080595	-0.000265	-0.169879	-0.185104	-0.076654	-0.880657	0.944950	0.473754	-0.327215	-0.401738	-0.400459	0.000015	1.000000	-0.052647	-0.167757	-0.054640	-0.123159	0.393254	-0.003575	-0.063683	-0.177677	-0.179866	-0.339828	0.127753	-0.033602	-0.026178	0.192533	0.776277	-0.095692	0.034951	-0.073347	-0.039797	-0.327116	0.058843	-0.000024	-0.180076	-0.369357	0.028426	-0.122745	0.062259	-0.137122	-0.129906	-0.312151	0.083880	0.072788	-0.281466	-0.270798	-0.232825	-0.776778	0.867021	0.629774	-0.498271	-0.402169	-0.400466	0.000015	1.000000	-0.052647	-0.167757	-0.054640	-0.123159	0.393254	-0.025908	-0.056740	-0.198471	-0.216507	-0.392475	0.138555	-0.026100	-0.071194	0.138868	0.734536	-0.174629	0.039787	-0.192983	-0.263608	-0.486713	0.047062	0.055366	-0.400122	-0.507687	-0.338443	-0.131932	0.064553	-0.160727	-0.130727	-0.312133	0.077585	0.116718	-0.363563	-0.329471	-0.336956	-0.645558	0.758470	0.763711	-0.651708	-0.402793	-0.401361	
1.202630	1.959240	0.315285	-0.253816	4.509800	4.079784	9.206005	-0.702657	-2.012760	1.968000	4.147585	0.595263	0.000015	1.000000	-0.052647	-0.167757	-0.054640	-0.123159	0.393254	-0.003575	-0.063683	-0.177677	-0.179866	-0.339828	0.127753	-0.033602	-0.026178	0.192533	0.776277	-0.095692	0.034951	-0.073347	-0.039797	-0.327116	0.058843	-0.000024	-0.180076	-0.369357	0.028426	-0.122745	0.062259	-0.137122	-0.129906	-0.312151	0.083880	0.072788	-0.281466	-0.270798	-0.232825	-0.776778	0.867021	0.629774	-0.498271	-0.402169	-0.400466	0.000015	1.000000	-0.052647	-0.167757	-0.054640	-0.123159	0.393254	-0.025908	-0.056740	-0.198471	-0.216507	-0.392475	0.138555	-0.026100	-0.071194	0.138868	0.734536	-0.174629	0.039787	-0.192983	-0.263608	-0.486713	0.047062	0.055366	-0.400122	-0.507687	-0.338443	-0.131932	0.064553	-0.160727	-0.130727	-0.312133	0.077585	0.116718	-0.363563	-0.329471	-0.336956	-0.645558	0.758470	0.763711	-0.651708	-0.402793	-0.401361	0.000015	1.000000	-0.052647	-0.167757	-0.054640	-0.123159	0.393254	-0.040771	-0.049075	-0.231323	-0.250904	-0.473476	0.152032	-0.018501	-0.169692	0.075718	0.674837	-0.138902	0.047366	-0.285557	-0.291573	-0.298529	0.073801	0.105340	-0.497154	-0.524661	-0.545076	-0.128647	0.061879	-0.107167	-0.058460	-0.116236	0.054222	0.112054	-0.333923	-0.314546	-0.394689	-0.499984	0.624182	0.866035	-0.781279	-0.432931	-0.405227	
1.087509	1.961965	0.945564	0.272350	4.354363	3.449712	9.293907	-0.672764	-2.285291	2.744126	5.317496	3.098753	0.000015	1.000000	-0.052647	-0.167757	-0.054640	-0.123159	0.393254	-0.025908	-0.056740	-0.198471	-0.216507	-0.392475	0.138555	-0.026100	-0.071194	0.138868	0.734536	-0.174629	0.039787	-0.192983	-0.263608	-0.486713	0.047062	0.055366	-0.400122	-0.507687	-0.338443	-0.131932	0.064553	-0.160727	-0.130727	-0.312133	0.077585	0.116718	-0.363563	-0.329471	-0.336956	-0.645558	0.758470	0.763711	-0.651708	-0.402793	-0.401361	0.000015	1.000000	-0.052647	-0.167757	-0.054640	-0.123159	0.393254	-0.040771	-0.049075	-0.231323	-0.250904	-0.473476	0.152032	-0.018501	-0.169692	0.075718	0.674837	-0.138902	0.047366	-0.285557	-0.291573	-0.298529	0.073801	0.105340	-0.497154	-0.524661	-0.545076	-0.128647	0.061879	-0.107167	-0.058460	-0.116236	0.054222	0.112054	-0.333923	-0.314546	-0.394689	-0.499984	0.624182	0.866035	-0.781279	-0.432931	-0.405227	0.000015	1.000000	-0.052647	-0.167757	-0.054640	-0.123159	0.393254	-0.054188	-0.041669	-0.266998	-0.274819	-0.502762	0.158605	-0.004468	-0.241688	-0.035955	0.603210	-0.052974	0.042308	-0.080900	-0.132799	-0.138380	0.005635	0.092657	-0.506508	-0.452029	-0.605172	-0.110506	0.050670	-0.003913	0.026591	0.051003	0.037120	0.067860	-0.232437	-0.140721	-0.314142	-0.398929	0.470286	0.916982	-0.882514	-0.639211	-0.412228	
1.007744	1.971971	1.820937	0.376890	3.805171	3.610506	8.745291	-1.744429	-1.533986	2.399836	3.519629	2.010337	0.000015	1.000000	-0.052647	-0.167757	-0.054640	-0.123159	0.393254	-0.040771	-0.049075	-0.231323	-0.250904	-0.473476	0.152032	-0.018501	-0.169692	0.075718	0.674837	-0.138902	0.047366	-0.285557	-0.291573	-0.298529	0.073801	0.105340	-0.497154	-0.524661	-0.545076	-0.128647	0.061879	-0.107167	-0.058460	-0.116236	0.054222	0.112054	-0.333923	-0.314546	-0.394689	-0.499984	0.624182	0.866035	-0.781279	-0.432931	-0.405227	0.000015	1.000000	-0.052647	-0.167757	-0.054640	-0.123159	0.393254	-0.054188	-0.041669	-0.266998	-0.274819	-0.502762	0.158605	-0.004468	-0.241688	-0.035955	0.603210	-0.052974	0.042308	-0.080900	-0.132799	-0.138380	0.005635	0.092657	-0.506508	-0.452029	-0.605172	-0.110506	0.050670	-0.003913	0.026591	0.051003	0.037120	0.067860	-0.232437	-0.140721	-0.314142	-0.398929	0.470286	0.916982	-0.882514	-0.639211	-0.412228	0.000015	1.000000	-0.052647	-0.167757	-0.054640	-0.123159	0.393254	-0.061694	-0.036287	-0.269140	-0.290507	-0.501543	0.159968	0.006335	-0.294885	-0.086570	0.536564	-0.039147	0.026332	0.024364	-0.072604	0.101320	0.012079	0.058237	-0.381119	-0.231549	-0.491487	-0.088805	0.049376	0.063598	0.094066	0.189304	0.025657	0.022750	-0.138045	-0.010280	-0.200977	-0.302935	0.299869	0.953011	-0.953980	-0.673747	-0.411411	
0.908166	1.986731	2.398671	0.015861	3.501102	4.609802	7.976318	-2.481421	-1.201797	2.399813	1.603204	-0.234124	0.000015	1.000000	-0.052647	-0.167757	-0.054640	-0.123159	0.393254	-0.054188	-0.041669	-0.266998	-0.274819	-0.502762	0.158605	-0.004468	-0.241688	-0.035955	0.603210	-0.052974	0.042308	-0.080900	-0.132799	-0.138380	0.005635	0.092657	-0.506508	-0.452029	-0.605172	-0.110506	0.050670	-0.003913	0.026591	0.051003	0.037120	0.067860	-0.232437	-0.140721	-0.314142	-0.398929	0.470286	0.916982	-0.882514	-0.639211	-0.412228	0.000015	1.000000	-0.052647	-0.167757	-0.054640	-0.123159	0.393254	-0.061694	-0.036287	-0.269140	-0.290507	-0.501543	0.159968	0.006335	-0.294885	-0.086570	0.536564	-0.039147	0.026332	0.024364	-0.072604	0.101320	0.012079	0.058237	-0.381119	-0.231549	-0.491487	-0.088805	0.049376	0.063598	0.094066	0.189304	0.025657	0.022750	-0.138045	-0.010280	-0.200977	-0.302935	0.299869	0.953011	-0.953980	-0.673747	-0.411411	0.000015	1.000000	-0.052647	-0.167757	-0.054640	-0.123159	0.393254	-0.065352	-0.031947	-0.257016	-0.276536	-0.471831	0.162688	0.012010	-0.328958	-0.102969	0.460325	-0.019269	0.023920	0.104683	0.122903	0.323152	0.037500	0.028041	-0.226552	-0.026645	-0.232005	-0.057844	0.050687	0.108528	0.134231	0.290719	-0.003219	-0.005926	-0.067988	0.058893	-0.094595	-0.211228	0.118497	0.977437	-0.992954	-0.697677	-0.408409	
0.912413	1.977967	2.149110	-0.410741	2.757530	4.747944	5.554442	-1.717005	-1.683145	2.249803	1.023303	1.727342	0.000015	1.000000	-0.052647	-0.167757	-0.054640	-0.123159	0.393254	-0.061694	-0.036287	-0.269140	-0.290507	-0.501543	0.159968	0.006335	-0.294885	-0.086570	0.536564	-0.039147	0.026332	0.024364	-0.072604	0.101320	0.012079	0.058237	-0.381119	-0.231549	-0.491487	-0.088805	0.049376	0.063598	0.094066	0.189304	0.025657	0.022750	-0.138045	-0.010280	-0.200977	-0.302935	0.299869	0.953011	-0.953980	-0.673747	-0.411411	0.000015	1.000000	-0.052647	-0.167757	-0.054640	-0.123159	0.393254	-0.065352	-0.031947	-0.257016	-0.276536	-0.471831	0.162688	0.012010	-0.328958	-0.102969	0.460325	-0.019269	0.023920	0.104683	0.122903	0.323152	0.037500	0.028041	-0.226552	-0.026645	-0.232005	-0.057844	0.050687	0.108528	0.134231	0.290719	-0.003219	-0.005926	-0.067988	0.058893	-0.094595	-0.211228	0.118497	0.977437	-0.992954	-0.697677	-0.408409	0.000015	1.000000	-0.052647	-0.167757	-0.054640	-0.123159	0.393254	-0.064969	-0.029431	-0.237070	-0.253677	-0.398641	0.163741	0.014146	-0.361048	-0.098591	0.431797	0.001214	0.026354	0.145168	0.197590	0.425597	-0.003229	0.004898	-0.072208	0.092951	-0.128587	-0.022259	0.048409	0.141081	0.180495	0.337133	-0.041481	-0.026083	0.000087	0.078555	-0.069578	-0.126924	-0.068353	0.991912	-0.997661	-0.727550	-0.403981	
0.514254	1.850557	1.928243	-0.717525	1.154646	3.187327	0.805883	-0.471388	-1.206503	0.919363	1.579509	0.323551	0.000015	1.000000	-0.052647	-0.167757	-0.054640	-0.123159	0.393254	-0.065352	-0.031947	-0.257016	-0.276536	-0.471831	0.162688	0.012010	-0.328958	-0.102969	0.460325	-0.019269	0.023920	0.104683	0.122903	0.323152	0.037500	0.028041	-0.226552	-0.026645	-0.232005	-0.057844	0.050687	0.108528	0.134231	0.290719	-0.003219	-0.005926	-0.067988	0.058893	-0.094595	-0.211228	0.118497	0.977437	-0.992954	-0.697677	-0.408409	0.000015	1.000000	-0.052647	-0.167757	-0.054640	-0.123159	0.393254	-0.064969	-0.029431	-0.237070	-0.253677	-0.398641	0.163741	0.014146	-0.361048	-0.098591	0.431797	0.001214	0.026354	0.145168	0.197590	0.425597	-0.003229	0.004898	-0.072208	0.092951	-0.128587	-0.022259	0.048409	0.141081	0.180495	0.337133	-0.041481	-0.026083	0.000087	0.078555	-0.069578	-0.126924	-0.068353	0.991912	-0.997661	-0.727550	-0.403981	0.000015	1.000000	-0.043497	-0.155520	0.146256	-0.019895	-0.025715	-0.061524	-0.025793	-0.204510	-0.222423	-0.331343	0.160801	0.013217	-0.366836	-0.068514	0.415477	0.007450	0.023573	0.159337	0.264033	0.552395	-0.021959	-0.016493	-0.004429	0.151672	-0.105334	0.006552	0.038607	0.149909	0.220504	0.353202	-0.064312	-0.050416	0.039642	0.063837	-0.027332	-0.041211	-0.252185	0.999150	-0.967679	-0.726276	-0.406610	
0.535562	1.586077	0.862730	-0.426304	0.654540	0.298482	-2.362638	-0.109694	-0.592937	1.061810	0.790153	0.936163	0.000015	1.000000	-0.052647	-0.167757	-0.054640	-0.123159	0.393254	-0.064969	-0.029431	-0.237070	-0.253677	-0.398641	0.163741	0.014146	-0.361048	-0.098591	0.431797	0.001214	0.026354	0.145168	0.197590	0.425597	-0.003229	0.004898	-0.072208	0.092951	-0.128587	-0.022259	0.048409	0.141081	0.180495	0.337133	-0.041481	-0.026083	0.000087	0.078555	-0.069578	-0.126924	-0.068353	0.991912	-0.997661	-0.727550	-0.403981	0.000015	1.000000	-0.043497	-0.155520	0.146256	-0.019895	-0.025715	-0.061524	-0.025793	-0.204510	-0.222423	-0.331343	0.160801	0.013217	-0.366836	-0.068514	0.415477	0.007450	0.023573	0.159337	0.264033	0.552395	-0.021959	-0.016493	-0.004429	0.151672	-0.105334	0.006552	0.038607	0.149909	0.220504	0.353202	-0.064312	-0.050416	0.039642	0.063837	-0.027332	-0.041211	-0.252185	0.999150	-0.967679	-0.726276	-0.406610	0.000015	1.000000	-0.041668	-0.153073	0.166345	-0.009569	-0.067611	-0.059260	-0.022214	-0.176842	-0.192375	-0.262898	0.153864	0.008233	-0.361911	-0.046844	0.402835	0.004235	0.023877	0.217634	0.236828	0.544486	-0.045816	-0.035964	0.056089	0.147075	-0.090795	0.033190	0.024273	0.139548	0.238231	0.296836	-0.064440	-0.063516	0.048498	0.065842	-0.009840	0.007209	-0.416162	0.999974	-0.909290	-0.845724	-0.444833	
0.770851	1.088588	0.436959	-0.514611	0.238695	-1.129006	-2.490478	0.148087	-0.574730	1.059008	0.516992	-0.318660	0.000015	1.000000	-0.043497	-0.155520	0.146256	-0.019895	-0.025715	-0.061524	-0.025793	-0.204510	-0.222423	-0.331343	0.160801	0.013217	-0.366836	-0.068514	0.415477	0.007450	0.023573	0.159337	0.264033	0.552395	-0.021959	-0.016493	-0.004429	0.151672	-0.105334	0.006552	0.038607	0.149909	0.220504	0.353202	-0.064312	-0.050416	0.039642	0.063837	-0.027332	-0.041211	-0.252185	0.999150	-0.967679	-0.726276	-0.406610	0.000015	1.000000	-0.041668	-0.153073	0.166345	-0.009569	-0.067611	-0.059260	-0.022214	-0.176842	-0.192375	-0.262898	0.153864	0.008233	-0.361911	-0.046844	0.402835	0.004235	0.023877	0.217634	0.236828	0.544486	-0.045816	-0.035964	0.056089	0.147075	-0.090795	0.033190	0.024273	0.139548	0.238231	0.296836	-0.064440	-0.063516	0.048498	0.065842	-0.009840	0.007209	-0.416162	0.999974	-0.909290	-0.845724	-0.444833	0.000015	1.000000	-0.041302	-0.152583	0.168354	-0.008536	-0.071801	-0.054857	-0.019011	-0.147850	-0.124546	-0.200620	0.144165	0.000814	-0.353632	-0.027630	0.396695	0.028341	0.020417	0.238121	0.296223	0.450871	-0.063905	-0.048380	0.066329	0.150803	-0.012918	0.041730	0.014674	0.120375	0.174879	0.199115	-0.056386	-0.064992	0.056148	0.058482	0.010343	0.057659	-0.546957	0.998336	-0.837161	-0.839331	-0.524177	
0.827217	0.756077	0.452310	-0.698680	-0.184467	-1.199791	-0.744425	0.527985	-0.696852	0.919213	0.587016	-0.745991	0.000015	1.000000	-0.041668	-0.153073	0.166345	-0.009569	-0.067611	-0.059260	-0.022214	-0.176842	-0.192375	-0.262898	0.153864	0.008233	-0.361911	-0.046844	0.402835	0.004235	0.023877	0.217634	0.236828	0.544486	-0.045816	-0.035964	0.056089	0.147075	-0.090795	0.033190	0.024273	0.139548	0.238231	0.296836	-0.064440	-0.063516	0.048498	0.065842	-0.009840	0.007209	-0.416162	0.999974	-0.909290	-0.845724	-0.444833	0.000015	1.000000	-0.041302	-0.152583	0.168354	-0.008536	-0.071801	-0.054857	-0.019011	-0.147850	-0.124546	-0.200620	0.144165	0.000814	-0.353632	-0.027630	0.396695	0.028341	0.020417	0.238121	0.296223	0.450871	-0.063905	-0.048380	0.066329	0.150803	-0.012918	0.041730	0.014674	0.120375	0.174879	0.199115	-0.056386	-0.064992	0.056148	0.058482	0.010343	0.057659	-0.546957	0.998336	-0.837161	-0.839331	-0.524177	0.000015	1.000000	-0.041228	-0.152485	0.168555	-0.008433	-0.072220	-0.050463	-0.016867	-0.119393	-0.084614	-0.130198	0.132434	-0.004055	-0.340126	-0.010290	0.396291	0.056574	0.011231	0.212252	0.281923	0.242949	-0.071647	-0.055787	0.070144	0.128144	0.005687	0.043891	0.004810	0.095500	0.118009	0.091328	-0.042434	-0.068746	0.058530	0.048898	0.005966	0.129988	-0.629836	0.991516	-0.776728	-0.768745	-0.673424	
0.782794	0.610163	0.631642	-0.872328	-0.498209	-0.861694	0.872334	0.734805	-0.742594	0.924786	0.346990	-0.402037	0.000015	1.000000	-0.041302	-0.152583	0.168354	-0.008536	-0.071801	-0.054857	-0.019011	-0.147850	-0.124546	-0.200620	0.144165	0.000814	-0.353632	-0.027630	0.396695	0.028341	0.020417	0.238121	0.296223	0.450871	-0.063905	-0.048380	0.066329	0.150803	-0.012918	0.041730	0.014674	0.120375	0.174879	0.199115	-0.056386	-0.064992	0.056148	0.058482	0.010343	0.057659	-0.546957	0.998336	-0.837161	-0.839331	-0.524177	0.000015	1.000000	-0.041228	-0.152485	0.168555	-0.008433	-0.072220	-0.050463	-0.016867	-0.119393	-0.084614	-0.130198	0.132434	-0.004055	-0.340126	-0.010290	0.396291	0.056574	0.011231	0.212252	0.281923	0.242949	-0.071647	-0.055787	0.070144	0.128144	0.005687	0.043891	0.004810	0.095500	0.118009	0.091328	-0.042434	-0.068746	0.058530	0.048898	0.005966	0.129988	-0.629836	0.991516	-0.776728	-0.768745	-0.673424	0.000015	1.000000	-0.041214	-0.152466	0.168575	-0.008423	-0.072262	-0.040229	-0.016140	-0.087796	-0.054430	-0.102519	0.122261	-0.012306	-0.327610	0.014068	0.396550	0.068820	-0.000273	0.110211	0.188017	0.111885	-0.054624	-0.053619	0.097745	0.085748	-0.002223	0.040435	-0.006386	0.061139	0.069848	0.052495	-0.024350	-0.070936	0.059787	0.033335	-0.005469	0.206730	-0.683480	0.978398	-0.729969	-0.751835	-0.773177	
0.870831	0.642640	0.716694	-0.901269	-0.852188	-0.222107	1.763300	0.681777	-0.617006	0.616678	-0.205525	0.585434	0.000015	1.000000	-0.041228	-0.152485	0.168555	-0.008433	-0.072220	-0.050463	-0.016867	-0.119393	-0.084614	-0.130198	0.132434	-0.004055	-0.340126	-0.010290	0.396291	0.056574	0.011231	0.212252	0.281923	0.242949	-0.071647	-0.055787	0.070144	0.128144	0.005687	0.043891	0.004810	0.095500	0.118009	0.091328	-0.042434	-0.068746	0.058530	0.048898	0.005966	0.129988	-0.629836	0.991516	-0.776728	-0.768745	-0.673424	0.000015	1.000000	-0.041214	-0.152466	0.168575	-0.008423	-0.072262	-0.040229	-0.016140	-0.087796	-0.054430	-0.102519	0.122261	-0.012306	-0.327610	0.014068	0.396550	0.068820	-0.000273	0.110211	0.188017	0.111885	-0.054624	-0.053619	0.097745	0.085748	-0.002223	0.040435	-0.006386	0.061139	0.069848	0.052495	-0.024350	-0.070936	0.059787	0.033335	-0.005469	0.206730	-0.683480	0.978398	-0.729969	-0.751835	-0.773177	0.000015	1.000000	-0.041211	-0.152462	0.168577	-0.008421	-0.072266	-0.028077	-0.016786	-0.073528	-0.033513	-0.089737	0.115622	-0.021405	-0.314178	0.027736	0.396844	0.077373	-0.005029	0.079767	0.135355	0.063533	-0.031635	-0.056892	0.097364	0.093373	0.003965	0.037759	-0.018827	0.039397	0.036004	0.052800	-0.006687	-0.072978	0.060228	0.024873	-0.011795	0.278295	-0.724311	0.960496	-0.689474	-0.765162	-0.816951	
0.967264	0.665678	0.716497	-0.537056	-1.261558	0.179779	0.565887	0.405902	-0.474680	0.072932	-0.200279	0.527259	0.000015	1.000000	-0.041214	-0.152466	0.168575	-0.008423	-0.072262	-0.040229	-0.016140	-0.087796	-0.054430	-0.102519	0.122261	-0.012306	-0.327610	0.014068	0.396550	0.068820	-0.000273	0.110211	0.188017	0.111885	-0.054624	-0.053619	0.097745	0.085748	-0.002223	0.040435	-0.006386	0.061139	0.069848	0.052495	-0.024350	-0.070936	0.059787	0.033335	-0.005469	0.206730	-0.683480	0.978398	-0.729969	-0.751835	-0.773177	0.000015	1.000000	-0.041211	-0.152462	0.168577	-0.008421	-0.072266	-0.028077	-0.016786	-0.073528	-0.033513	-0.089737	0.115622	-0.021405	-0.314178	0.027736	0.396844	0.077373	-0.005029	0.079767	0.135355	0.063533	-0.031635	-0.056892	0.097364	0.093373	0.003965	0.037759	-0.018827	0.039397	0.036004	0.052800	-0.006687	-0.072978	0.060228	0.024873	-0.011795	0.278295	-0.724311	0.960496	-0.689474	-0.765162	-0.816951	0.000015	1.000000	-0.041210	-0.152461	0.168578	-0.008421	-0.072267	-0.016463	-0.018749	-0.064907	-0.019249	-0.079547	0.114391	-0.030284	-0.300004	0.039509	0.394334	0.072295	-0.012368	0.050899	0.014931	0.068120	0.004863	-0.051520	0.117217	0.081922	-0.011468	0.036902	-0.030392	0.017984	0.018406	0.069077	0.004777	-0.073359	0.055311	0.010015	-0.000497	0.356152	-0.764743	0.934428	-0.644336	-0.738751	-0.807208	
1.209337	0.705242	0.578238	-0.273228	-1.496011	-0.475989	-0.380649	0.030117	-0.150526	-0.193957	-0.710674	-0.191642	0.000015	1.000000	-0.041211	-0.152462	0.168577	-0.008421	-0.072266	-0.028077	-0.016786	-0.073528	-0.033513	-0.089737	0.115622	-0.021405	-0.314178	0.027736	0.396844	0.077373	-0.005029	0.079767	0.135355	0.063533	-0.031635	-0.056892	0.097364	0.093373	0.003965	0.037759	-0.018827	0.039397	0.036004	0.052800	-0.006687	-0.072978	0.060228	0.024873	-0.011795	0.278295	-0.724311	0.960496	-0.689474	-0.765162	-0.816951	0.000015	1.000000	-0.041210	-0.152461	0.168578	-0.008421	-0.072267	-0.016463	-0.018749	-0.064907	-0.019249	-0.079547	0.114391	-0.030284	-0.300004	0.039509	0.394334	0.072295	-0.012368	0.050899	0.014931	0.068120	0.004863	-0.051520	0.117217	0.081922	-0.011468	0.036902	-0.030392	0.017984	0.018406	0.069077	0.004777	-0.073359	0.055311	0.010015	-0.000497	0.356152	-0.764743	0.934428	-0.644336	-0.738751	-0.807208	0.000015	1.000000	-0.041210	-0.152461	0.168578	-0.008421	-0.072267	-0.006579	-0.020329	-0.060348	-0.015281	-0.061903	0.116083	-0.039031	-0.275384	0.047098	0.393808	0.049105	-0.023570	0.031960	0.008472	0.095449	0.031893	-0.051448	0.110478	0.040297	-0.002194	0.037760	-0.036864	-0.005490	0.017134	0.059917	0.009170	-0.071729	0.031784	-0.000577	0.007934	0.439702	-0.803619	0.898144	-0.595144	-0.709821	-0.800297	
1.428916	0.754130	0.320138	-0.083447	-1.704767	-0.829359	-1.065198	-0.084579	0.095112	-0.587748	-1.206104	-0.684218	0.000015	1.000000	-0.041210	-0.152461	0.168578	-0.008421	-0.072267	-0.016463	-0.018749	-0.064907	-0.019249	-0.079547	0.114391	-0.030284	-0.300004	0.039509	0.394334	0.072295	-0.012368	0.050899	0.014931	0.068120	0.004863	-0.051520	0.117217	0.081922	-0.011468	0.036902	-0.030392	0.017984	0.018406	0.069077	0.004777	-0.073359	0.055311	0.010015	-0.000497	0.356152	-0.764743	0.934428	-0.644336	-0.738751	-0.807208	0.000015	1.000000	-0.041210	-0.152461	0.168578	-0.008421	-0.072267	-0.006579	-0.020329	-0.060348	-0.015281	-0.061903	0.116083	-0.039031	-0.275384	0.047098	0.393808	0.049105	-0.023570	0.031960	0.008472	0.095449	0.031893	-0.051448	0.110478	0.040297	-0.002194	0.037760	-0.036864	-0.005490	0.017134	0.059917	0.009170	-0.071729	0.031784	-0.000577	0.007934	0.439702	-0.803619	0.898144	-0.595144	-0.709821	-0.800297	0.000015	1.000000	-0.041210	-0.152461	0.168578	-0.008421	-0.072267	0.001456	-0.024248	-0.057957	-0.015530	-0.049092	0.123450	-0.046742	-0.259143	0.052711	0.394430	0.043645	-0.029925	-0.004481	-0.016950	0.085968	0.044367	-0.043414	0.118180	-0.006439	0.005713	0.038404	-0.037046	-0.030334	0.010239	0.041394	0.002256	-0.066278	0.012632	-0.016857	0.004436	0.539053	-0.841395	0.842272	-0.540421	-0.637199	-0.788427	
1.537416	0.932467	0.182314	-0.055562	-1.745602	-1.129385	-1.114427	-0.233706	0.360814	-0.916073	-1.680479	-0.806498	0.000015	1.000000	-0.041210	-0.152461	0.168578	-0.008421	-0.072267	-0.006579	-0.020329	-0.060348	-0.015281	-0.061903	0.116083	-0.039031	-0.275384	0.047098	0.393808	0.049105	-0.023570	0.031960	0.008472	0.095449	0.031893	-0.051448	0.110478	0.040297	-0.002194	0.037760	-0.036864	-0.005490	0.017134	0.059917	0.009170	-0.071729	0.031784	-0.000577	0.007934	0.439702	-0.803619	0.898144	-0.595144	-0.709821	-0.800297	0.000015	1.000000	-0.041210	-0.152461	0.168578	-0.008421	-0.072267	0.001456	-0.024248	-0.057957	-0.015530	-0.049092	0.123450	-0.046742	-0.259143	0.052711	0.394430	0.043645	-0.029925	-0.004481	-0.016950	0.085968	0.044367	-0.043414	0.118180	-0.006439	0.005713	0.038404	-0.037046	-0.030334	0.010239	0.041394	0.002256	-0.066278	0.012632	-0.016857	0.004436	0.539053	-0.841395	0.842272	-0.540421	-0.637199	-0.788427	0.000015	1.000000	-0.041210	-0.152461	0.168578	-0.008421	-0.072267	0.008565	-0.028998	-0.061866	-0.017615	-0.039236	0.129406	-0.053995	-0.246007	0.051992	0.394893	0.033677	-0.030328	-0.035344	-0.026122	0.068967	0.024328	-0.042611	0.092080	-0.018092	0.008248	0.036093	-0.033546	-0.051973	-0.000105	0.015574	-0.004968	-0.057599	-0.009312	-0.034212	-0.006281	0.647164	-0.877617	0.762350	-0.479363	-0.571325	-0.773761	
1.640184	1.195809	0.139299	0.045133	-1.849428	-1.206615	-1.426590	-0.406010	0.546788	-1.440325	-1.818036	-1.849600	0.000015	1.000000	-0.041210	-0.152461	0.168578	-0.008421	-0.072267	0.001456	-0.024248	-0.057957	-0.015530	-0.049092	0.123450	-0.046742	-0.259143	0.052711	0.394430	0.043645	-0.029925	-0.004481	-0.016950	0.085968	0.044367	-0.043414	0.118180	-0.006439	0.005713	0.038404	-0.037046	-0.030334	0.010239	0.041394	0.002256	-0.066278	0.012632	-0.016857	0.004436	0.539053	-0.841395	0.842272	-0.540421	-0.637199	-0.788427	0.000015	1.000000	-0.041210	-0.152461	0.168578	-0.008421	-0.072267	0.008565	-0.028998	-0.061866	-0.017615	-0.039236	0.129406	-0.053995	-0.246007	0.051992	0.394893	0.033677	-0.030328	-0.035344	-0.026122	0.068967	0.024328	-0.042611	0.092080	-0.018092	0.008248	0.036093	-0.033546	-0.051973	-0.000105	0.015574	-0.004968	-0.057599	-0.009312	-0.034212	-0.006281	0.647164	-0.877617	0.762350	-0.479363	-0.571325	-0.773761	0.000015	1.000000	-0.041210	-0.152461	0.168578	-0.008421	-0.072267	0.015002	-0.033405	-0.069675	-0.025012	-0.033799	0.131446	-0.060422	-0.237443	0.047244	0.394550	0.029191	-0.026181	-0.065999	-0.046582	0.033418	-0.003500	-0.040553	0.050735	-0.064972	-0.007201	0.032391	-0.029973	-0.070357	-0.009655	-0.006585	-0.010514	-0.045758	-0.031622	-0.054680	-0.018039	0.750491	-0.916315	0.660880	-0.400458	-0.538775	-0.720260	
1.728118	1.406681	0.208812	0.252497	-2.093183	-1.152613	-2.525449	-0.768345	0.878230	-2.080831	-1.951698	-3.850833	0.000015	1.000000	-0.041210	-0.152461	0.168578	-0.008421	-0.072267	0.008565	-0.028998	-0.061866	-0.017615	-0.039236	0.129406	-0.053995	-0.246007	0.051992	0.394893	0.033677	-0.030328	-0.035344	-0.026122	0.068967	0.024328	-0.042611	0.092080	-0.018092	0.008248	0.036093	-0.033546	-0.051973	-0.000105	0.015574	-0.004968	-0.057599	-0.009312	-0.034212	-0.006281	0.647164	-0.877617	0.762350	-0.479363	-0.571325	-0.773761	0.000015	1.000000	-0.041210	-0.152461	0.168578	-0.008421	-0.072267	0.015002	-0.033405	-0.069675	-0.025012	-0.033799	0.131446	-0.060422	-0.237443	0.047244	0.394550	0.029191	-0.026181	-0.065999	-0.046582	0.033418	-0.003500	-0.040553	0.050735	-0.064972	-0.007201	0.032391	-0.029973	-0.070357	-0.009655	-0.006585	-0.010514	-0.045758	-0.031622	-0.054680	-0.018039	0.750491	-0.916315	0.660880	-0.400458	-0.538775	-0.720260	0.000015	1.000000	-0.041210	-0.152461	0.168578	-0.008421	-0.072267	0.018665	-0.037784	-0.081463	-0.033809	-0.030628	0.130739	-0.063824	-0.232313	0.037910	0.393076	0.033279	-0.024719	-0.101169	-0.087013	-0.002591	-0.013262	-0.033136	0.000886	-0.085363	-0.014330	0.030819	-0.024916	-0.086323	-0.018965	-0.031165	-0.015900	-0.034151	-0.058367	-0.072628	-0.044322	0.843336	-0.955554	0.537387	-0.294815	-0.507945	-0.641257	
1.792346	1.473934	0.329057	0.478952	-2.142817	-1.161565	-3.113622	-1.005604	1.139708	-2.461692	-1.917224	-5.227905	0.000015	1.000000	-0.041210	-0.152461	0.168578	-0.008421	-0.072267	0.015002	-0.033405	-0.069675	-0.025012	-0.033799	0.131446	-0.060422	-0.237443	0.047244	0.394550	0.029191	-0.026181	-0.065999	-0.046582	0.033418	-0.003500	-0.040553	0.050735	-0.064972	-0.007201	0.032391	-0.029973	-0.070357	-0.009655	-0.006585	-0.010514	-0.045758	-0.031622	-0.054680	-0.018039	0.750491	-0.916315	0.660880	-0.400458	-0.538775	-0.720260	0.000015	1.000000	-0.041210	-0.152461	0.168578	-0.008421	-0.072267	0.018665	-0.037784	-0.081463	-0.033809	-0.030628	0.130739	-0.063824	-0.232313	0.037910	0.393076	0.033279	-0.024719	-0.101169	-0.087013	-0.002591	-0.013262	-0.033136	0.000886	-0.085363	-0.014330	0.030819	-0.024916	-0.086323	-0.018965	-0.031165	-0.015900	-0.034151	-0.058367	-0.072628	-0.044322	0.843336	-0.955554	0.537387	-0.294815	-0.507945	-0.641257	0.000015	1.000000	-0.041210	-0.152461	0.168578	-0.008421	-0.072267	0.022984	-0.041544	-0.107013	-0.043203	-0.032926	0.128222	-0.067218	-0.235673	0.020363	0.387958	0.017286	-0.022712	-0.115504	-0.073609	-0.030968	-0.016332	-0.022274	-0.049813	-0.086006	-0.062153	0.029634	-0.017367	-0.092188	-0.026870	-0.066769	-0.024915	-0.017576	-0.086236	-0.084373	-0.096998	0.919348	-0.986152	0.393446	-0.165845	-0.481565	-0.577996	
1.817406	1.498423	0.388307	0.287283	-1.768080	-1.095289	-2.950075	-0.912057	1.179737	-2.359016	-1.385783	-5.396990	0.000015	1.000000	-0.041210	-0.152461	0.168578	-0.008421	-0.072267	0.018665	-0.037784	-0.081463	-0.033809	-0.030628	0.130739	-0.063824	-0.232313	0.037910	0.393076	0.033279	-0.024719	-0.101169	-0.087013	-0.002591	-0.013262	-0.033136	0.000886	-0.085363	-0.014330	0.030819	-0.024916	-0.086323	-0.018965	-0.031165	-0.015900	-0.034151	-0.058367	-0.072628	-0.044322	0.843336	-0.955554	0.537387	-0.294815	-0.507945	-0.641257	0.000015	1.000000	-0.041210	-0.152461	0.168578	-0.008421	-0.072267	0.022984	-0.041544	-0.107013	-0.043203	-0.032926	0.128222	-0.067218	-0.235673	0.020363	0.387958	0.017286	-0.022712	-0.115504	-0.073609	-0.030968	-0.016332	-0.022274	-0.049813	-0.086006	-0.062153	0.029634	-0.017367	-0.092188	-0.026870	-0.066769	-0.024915	-0.017576	-0.086236	-0.084373	-0.096998	0.919348	-0.986152	0.393446	-0.165845	-0.481565	-0.577996	0.000015	1.000000	-0.041210	-0.152461	0.168578	-0.008421	-0.072267	0.026368	-0.044622	-0.125911	-0.051164	-0.037747	0.124108	-0.069068	-0.247202	0.005683	0.380925	0.014640	-0.020766	-0.115541	-0.064591	-0.018102	-0.026759	-0.008625	-0.110019	-0.121665	-0.059956	0.031177	-0.007117	-0.105378	-0.036303	-0.108574	-0.035860	0.001341	-0.111571	-0.098403	-0.168253	0.972343	-0.999610	0.233557	-0.027928	-0.462296	-0.557820	
1.780132	1.387991	0.289799	-0.304973	-0.868782	-0.932770	-1.820182	-0.738786	0.929680	-1.189526	-0.096070	-2.847644	0.000015	1.000000	-0.041210	-0.152461	0.168578	-0.008421	-0.072267	0.022984	-0.041544	-0.107013	-0.043203	-0.032926	0.128222	-0.067218	-0.235673	0.020363	0.387958	0.017286	-0.022712	-0.115504	-0.073609	-0.030968	-0.016332	-0.022274	-0.049813	-0.086006	-0.062153	0.029634	-0.017367	-0.092188	-0.026870	-0.066769	-0.024915	-0.017576	-0.086236	-0.084373	-0.096998	0.919348	-0.986152	0.393446	-0.165845	-0.481565	-0.577996	0.000015	1.000000	-0.041210	-0.152461	0.168578	-0.008421	-0.072267	0.026368	-0.044622	-0.125911	-0.051164	-0.037747	0.124108	-0.069068	-0.247202	0.005683	0.380925	0.014640	-0.020766	-0.115541	-0.064591	-0.018102	-0.026759	-0.008625	-0.110019	-0.121665	-0.059956	0.031177	-0.007117	-0.105378	-0.036303	-0.108574	-0.035860	0.001341	-0.111571	-0.098403	-0.168253	0.972343	-0.999610	0.233557	-0.027928	-0.462296	-0.557820	0.000015	1.000000	-0.041210	-0.152461	0.168578	-0.008421	-0.072267	0.029711	-0.046910	-0.142050	-0.062377	-0.045618	0.116864	-0.069067	-0.265744	-0.013005	0.344670	0.014376	-0.012894	-0.098097	-0.064387	-0.091145	-0.046645	0.001348	-0.155124	-0.166059	-0.245384	0.033644	-0.000531	-0.115691	-0.041477	-0.144839	-0.042261	0.018990	-0.128322	-0.100448	-0.212742	0.997895	-0.993631	0.064847	0.112684	-0.454778	-0.550473	
1.707343	1.261733	0.430827	-0.686007	-0.208446	-0.340435	-0.346860	-0.791899	0.531764	-0.147572	0.584317	0.675000	0.000015	1.000000	-0.041210	-0.152461	0.168578	-0.008421	-0.072267	0.026368	-0.044622	-0.125911	-0.051164	-0.037747	0.124108	-0.069068	-0.247202	0.005683	0.380925	0.014640	-0.020766	-0.115541	-0.064591	-0.018102	-0.026759	-0.008625	-0.110019	-0.121665	-0.059956	0.031177	-0.007117	-0.105378	-0.036303	-0.108574	-0.035860	0.001341	-0.111571	-0.098403	-0.168253	0.972343	-0.999610	0.233557	-0.027928	-0.462296	-0.557820	0.000015	1.000000	-0.041210	-0.152461	0.168578	-0.008421	-0.072267	0.029711	-0.046910	-0.142050	-0.062377	-0.045618	0.116864	-0.069067	-0.265744	-0.013005	0.344670	0.014376	-0.012894	-0.098097	-0.064387	-0.091145	-0.046645	0.001348	-0.155124	-0.166059	-0.245384	0.033644	-0.000531	-0.115691	-0.041477	-0.144839	-0.042261	0.018990	-0.128322	-0.100448	-0.212742	0.997895	-0.993631	0.064847	0.112684	-0.454778	-0.550473	0.000015	1.000000	-0.041210	-0.152461	0.168578	-0.008421	-0.072267	0.034232	-0.048094	-0.156086	-0.072253	-0.065513	0.111707	-0.067088	-0.298654	-0.033416	0.306207	0.037381	-0.011758	-0.086233	-0.109034	-0.093215	-0.055264	0.016885	-0.141837	-0.165962	-0.325345	0.033484	-0.003936	-0.114729	-0.045638	-0.152336	-0.048222	0.031001	-0.113313	-0.081483	-0.217133	0.994656	-0.970339	-0.103245	0.241748	-0.465960	-0.583603	
1.651641	1.309735	0.421303	-0.761982	0.182629	-0.038836	1.362858	-0.763065	0.562475	0.586123	0.783710	3.050671	0.000015	1.000000	-0.041210	-0.152461	0.168578	-0.008421	-0.072267	0.029711	-0.046910	-0.142050	-0.062377	-0.045618	0.116864	-0.069067	-0.265744	-0.013005	0.344670	0.014376	-0.012894	-0.098097	-0.064387	-0.091145	-0.046645	0.001348	-0.155124	-0.166059	-0.245384	0.033644	-0.000531	-0.115691	-0.041477	-0.144839	-0.042261	0.018990	-0.128322	-0.100448	-0.212742	0.997895	-0.993631	0.064847	0.112684	-0.454778	-0.550473	0.000015	1.000000	-0.041210	-0.152461	0.168578	-0.008421	-0.072267	0.034232	-0.048094	-0.156086	-0.072253	-0.065513	0.111707	-0.067088	-0.298654	-0.033416	0.306207	0.037381	-0.011758	-0.086233	-0.109034	-0.093215	-0.055264	0.016885	-0.141837	-0.165962	-0.325345	0.033484	-0.003936	-0.114729	-0.045638	-0.152336	-0.048222	0.031001	-0.113313	-0.081483	-0.217133	0.994656	-0.970339	-0.103245	0.241748	-0.465960	-0.583603	0.000015	1.000000	-0.041210	-0.152461	0.168578	-0.008421	-0.072267	0.038142	-0.050367	-0.172174	-0.085739	-0.082166	0.102121	-0.063178	-0.319316	-0.063646	0.265096	0.015952	-0.020369	-0.063411	-0.120478	-0.140183	-0.075319	0.023092	-0.139113	-0.125124	-0.342065	0.036032	-0.011946	-0.101766	-0.037255	-0.140882	-0.050506	0.035062	-0.094863	-0.042495	-0.165905	0.965295	-0.934838	-0.261160	0.355075	-0.487797	-0.621480	
1.685079	1.382079	0.313568	-0.596752	0.188273	0.003338	1.617661	-0.625741	0.593132	0.613834	1.014048	2.940759	0.000015	1.000000	-0.041210	-0.152461	0.168578	-0.008421	-0.072267	0.034232	-0.048094	-0.156086	-0.072253	-0.065513	0.111707	-0.067088	-0.298654	-0.033416	0.306207	0.037381	-0.011758	-0.086233	-0.109034	-0.093215	-0.055264	0.016885	-0.141837	-0.165962	-0.325345	0.033484	-0.003936	-0.114729	-0.045638	-0.152336	-0.048222	0.031001	-0.113313	-0.081483	-0.217133	0.994656	-0.970339	-0.103245	0.241748	-0.465960	-0.583603	0.000015	1.000000	-0.041210	-0.152461	0.168578	-0.008421	-0.072267	0.038142	-0.050367	-0.172174	-0.085739	-0.082166	0.102121	-0.063178	-0.319316	-0.063646	0.265096	0.015952	-0.020369	-0.063411	-0.120478	-0.140183	-0.075319	0.023092	-0.139113	-0.125124	-0.342065	0.036032	-0.011946	-0.101766	-0.037255	-0.140882	-0.050506	0.035062	-0.094863	-0.042495	-0.165905	0.965295	-0.934838	-0.261160	0.355075	-0.487797	-0.621480	0.000015	1.000000	-0.041210	-0.152461	0.168578	-0.008421	-0.072267	0.040329	-0.054287	-0.180771	-0.099463	-0.098874	0.090462	-0.058543	-0.335226	-0.078513	0.228496	0.013460	-0.028325	-0.071597	-0.105221	-0.148020	-0.080465	0.033483	-0.119996	-0.078815	-0.272897	0.040164	-0.019456	-0.090430	-0.024114	-0.103731	-0.050293	0.038864	-0.070161	-0.015872	-0.083545	0.913135	-0.884005	-0.407658	0.467477	-0.504508	-0.607080	
1.808759	1.458873	0.206822	-0.238805	-0.376971	0.082893	-0.657525	-0.434240	0.697490	0.143756	1.373009	2.128314	0.000015	1.000000	-0.041210	-0.152461	0.168578	-0.008421	-0.072267	0.038142	-0.050367	-0.172174	-0.085739	-0.082166	0.102121	-0.063178	-0.319316	-0.063646	0.265096	0.015952	-0.020369	-0.063411	-0.120478	-0.140183	-0.075319	0.023092	-0.139113	-0.125124	-0.342065	0.036032	-0.011946	-0.101766	-0.037255	-0.140882	-0.050506	0.035062	-0.094863	-0.042495	-0.165905	0.965295	-0.934838	-0.261160	0.355075	-0.487797	-0.621480	0.000015	1.000000	-0.041210	-0.152461	0.168578	-0.008421	-0.072267	0.040329	-0.054287	-0.180771	-0.099463	-0.098874	0.090462	-0.058543	-0.335226	-0.078513	0.228496	0.013460	-0.028325	-0.071597	-0.105221	-0.148020	-0.080465	0.033483	-0.119996	-0.078815	-0.272897	0.040164	-0.019456	-0.090430	-0.024114	-0.103731	-0.050293	0.038864	-0.070161	-0.015872	-0.083545	0.913135	-0.884005	-0.407658	0.467477	-0.504508	-0.607080	0.000015	1.000000	-0.041210	-0.152461	0.168578	-0.008421	-0.072267	0.049709	-0.059441	-0.190463	-0.122854	-0.111788	0.079552	-0.052955	-0.344587	-0.084976	0.191878	0.075675	-0.035751	-0.089864	-0.086596	-0.083548	-0.063532	0.033127	-0.045151	-0.032658	-0.089754	0.035485	-0.023247	-0.077915	-0.000672	-0.066567	-0.048763	0.042168	-0.051598	0.005792	-0.002842	0.837225	-0.815841	-0.546858	0.578276	-0.494476	-0.585376	
1.886970	1.604785	0.042180	-0.052593	-0.712713	-0.041830	-2.879654	-0.168337	0.908428	-0.176012	1.125526	0.415626	0.000015	1.000000	-0.041210	-0.152461	0.168578	-0.008421	-0.072267	0.040329	-0.054287	-0.180771	-0.099463	-0.098874	0.090462	-0.058543	-0.335226	-0.078513	0.228496	0.013460	-0.028325	-0.071597	-0.105221	-0.148020	-0.080465	0.033483	-0.119996	-0.078815	-0.272897	0.040164	-0.019456	-0.090430	-0.024114	-0.103731	-0.050293	0.038864	-0.070161	-0.015872	-0.083545	0.913135	-0.884005	-0.407658	0.467477	-0.504508	-0.607080	0.000015	1.000000	-0.041210	-0.152461	0.168578	-0.008421	-0.072267	0.049709	-0.059441	-0.190463	-0.122854	-0.111788	0.079552	-0.052955	-0.344587	-0.084976	0.191878	0.075675	-0.035751	-0.089864	-0.086596	-0.083548	-0.063532	0.033127	-0.045151	-0.032658	-0.089754	0.035485	-0.023247	-0.077915	-0.000672	-0.066567	-0.048763	0.042168	-0.051598	0.005792	-0.002842	0.837225	-0.815841	-0.546858	0.578276	-0.494476	-0.585376	0.000015	1.000000	-0.041210	-0.152461	0.168578	-0.008421	-0.072267	0.058152	-0.065488	-0.200132	-0.132088	-0.124718	0.070657	-0.049244	-0.350167	-0.086099	0.184263	0.116444	-0.035912	-0.071451	-0.049139	-0.031735	-0.045088	0.043443	-0.029640	0.014531	-0.002345	0.030140	-0.020777	-0.073892	0.009804	-0.063485	-0.046372	0.048904	-0.043865	0.027479	0.036649	0.732494	-0.729026	-0.680773	0.684487	-0.457372	-0.562338	
1.901818	1.664358	-0.083323	-0.191944	-0.418788	-0.517603	-2.457329	0.074762	0.922998	0.305008	0.778225	-2.157687	0.000015	1.000000	-0.041210	-0.152461	0.168578	-0.008421	-0.072267	0.049709	-0.059441	-0.190463	-0.122854	-0.111788	0.079552	-0.052955	-0.344587	-0.084976	0.191878	0.075675	-0.035751	-0.089864	-0.086596	-0.083548	-0.063532	0.033127	-0.045151	-0.032658	-0.089754	0.035485	-0.023247	-0.077915	-0.000672	-0.066567	-0.048763	0.042168	-0.051598	0.005792	-0.002842	0.837225	-0.815841	-0.546858	0.578276	-0.494476	-0.585376	0.000015	1.000000	-0.041210	-0.152461	0.168578	-0.008421	-0.072267	0.058152	-0.065488	-0.200132	-0.132088	-0.124718	0.070657	-0.049244	-0.350167	-0.086099	0.184263	0.116444	-0.035912	-0.071451	-0.049139	-0.031735	-0.045088	0.043443	-0.029640	0.014531	-0.002345	0.030140	-0.020777	-0.073892	0.009804	-0.063485	-0.046372	0.048904	-0.043865	0.027479	0.036649	0.732494	-0.729026	-0.680773	0.684487	-0.457372	-0.562338	0.000015	1.000000	-0.041210	-0.152461	0.168578	-0.008421	-0.072267	0.067959	-0.070841	-0.208003	-0.138176	-0.129582	0.063595	-0.042339	-0.354240	-0.078738	0.187490	0.036770	-0.034882	-0.024593	-0.048185	-0.027950	-0.041499	0.044359	-0.041350	0.042282	0.063277	0.020969	-0.016217	-0.076779	0.015260	-0.102086	-0.041851	0.055710	-0.042449	0.037107	0.039695	0.599616	-0.616825	-0.800288	0.787100	-0.433909	-0.518565	
1.907789	1.725869	-0.167290	-0.473629	0.101833	-0.444842	-1.398853	0.162005	0.772138	1.280288	1.175133	-3.138784	0.000015	1.000000	-0.041210	-0.152461	0.168578	-0.008421	-0.072267	0.058152	-0.065488	-0.200132	-0.132088	-0.124718	0.070657	-0.049244	-0.350167	-0.086099	0.184263	0.116444	-0.035912	-0.071451	-0.049139	-0.031735	-0.045088	0.043443	-0.029640	0.014531	-0.002345	0.030140	-0.020777	-0.073892	0.009804	-0.063485	-0.046372	0.048904	-0.043865	0.027479	0.036649	0.732494	-0.729026	-0.680773	0.684487	-0.457372	-0.562338	0.000015	1.000000	-0.041210	-0.152461	0.168578	-0.008421	-0.072267	0.067959	-0.070841	-0.208003	-0.138176	-0.129582	0.063595	-0.042339	-0.354240	-0.078738	0.187490	0.036770	-0.034882	-0.024593	-0.048185	-0.027950	-0.041499	0.044359	-0.041350	0.042282	0.063277	0.020969	-0.016217	-0.076779	0.015260	-0.102086	-0.041851	0.055710	-0.042449	0.037107	0.039695	0.599616	-0.616825	-0.800288	0.787100	-0.433909	-0.518565	0.000015	1.000000	-0.041210	-0.152461	0.168578	-0.008421	-0.072267	0.072828	-0.075337	-0.212073	-0.142641	-0.137413	0.057724	-0.034503	-0.359198	-0.070941	0.193443	0.025313	-0.022914	-0.020256	-0.041111	-0.069796	-0.040093	0.045730	-0.049151	0.059713	0.046458	0.014855	-0.014590	-0.078967	0.011990	-0.130977	-0.034862	0.061668	-0.032933	0.040940	0.001498	0.447930	-0.486803	-0.894069	0.873512	-0.429455	-0.500693	
1.922524	1.777751	-0.192871	-0.457175	0.314094	-0.166335	-1.707246	0.252096	0.569163	1.664217	1.654427	-2.427413	0.000015	1.000000	-0.041210	-0.152461	0.168578	-0.008421	-0.072267	0.067959	-0.070841	-0.208003	-0.138176	-0.129582	0.063595	-0.042339	-0.354240	-0.078738	0.187490	0.036770	-0.034882	-0.024593	-0.048185	-0.027950	-0.041499	0.044359	-0.041350	0.042282	0.063277	0.020969	-0.016217	-0.076779	0.015260	-0.102086	-0.041851	0.055710	-0.042449	0.037107	0.039695	0.599616	-0.616825	-0.800288	0.787100	-0.433909	-0.518565	0.000015	1.000000	-0.041210	-0.152461	0.168578	-0.008421	-0.072267	0.072828	-0.075337	-0.212073	-0.142641	-0.137413	0.057724	-0.034503	-0.359198	-0.070941	0.193443	0.025313	-0.022914	-0.020256	-0.041111	-0.069796	-0.040093	0.045730	-0.049151	0.059713	0.046458	0.014855	-0.014590	-0.078967	0.011990	-0.130977	-0.034862	0.061668	-0.032933	0.040940	0.001498	0.447930	-0.486803	-0.894069	0.873512	-0.429455	-0.500693	0.000015	1.000000	-0.041210	-0.152461	0.168578	-0.008421	-0.072267	0.076104	-0.079209	-0.214365	-0.149447	-0.150708	0.052842	-0.026159	-0.363001	-0.062766	0.200110	0.009859	-0.022066	-0.015984	-0.025747	-0.129466	-0.026343	0.047612	-0.024806	0.065993	-0.000240	0.009071	-0.017818	-0.075148	0.012128	-0.138651	-0.027552	0.064898	-0.009938	0.050380	-0.052219	0.280931	-0.339020	-0.959728	0.940779	-0.427663	-0.482239	
1.918381	1.841635	-0.290541	-0.330887	0.295794	-0.036059	-2.143141	0.310541	0.382360	1.533993	1.785025	-0.228214	0.000015	1.000000	-0.041210	-0.152461	0.168578	-0.008421	-0.072267	0.072828	-0.075337	-0.212073	-0.142641	-0.137413	0.057724	-0.034503	-0.359198	-0.070941	0.193443	0.025313	-0.022914	-0.020256	-0.041111	-0.069796	-0.040093	0.045730	-0.049151	0.059713	0.046458	0.014855	-0.014590	-0.078967	0.011990	-0.130977	-0.034862	0.061668	-0.032933	0.040940	0.001498	0.447930	-0.486803	-0.894069	0.873512	-0.429455	-0.500693	0.000015	1.000000	-0.041210	-0.152461	0.168578	-0.008421	-0.072267	0.076104	-0.079209	-0.214365	-0.149447	-0.150708	0.052842	-0.026159	-0.363001	-0.062766	0.200110	0.009859	-0.022066	-0.015984	-0.025747	-0.129466	-0.026343	0.047612	-0.024806	0.065993	-0.000240	0.009071	-0.017818	-0.075148	0.012128	-0.138651	-0.027552	0.064898	-0.009938	0.050380	-0.052219	0.280931	-0.339020	-0.959728	0.940779	-0.427663	-0.482239	0.000015	1.000000	-0.041210	-0.152461	0.168578	-0.008421	-0.072267	0.078844	-0.081623	-0.215163	-0.153474	-0.176292	0.050193	-0.017624	-0.364513	-0.052455	0.194852	0.009710	-0.026867	-0.008229	-0.030841	-0.121125	-0.025666	0.048614	0.001358	0.095236	-0.078541	0.003437	-0.022266	-0.069636	0.013658	-0.138691	-0.021120	0.064905	0.016552	0.064901	-0.083394	0.103277	-0.177283	-0.994653	0.984160	-0.423243	-0.466675	
1.893451	1.850336	-0.359464	0.077438	0.241498	-0.328533	-1.633283	0.274714	0.007837	1.597934	1.642722	1.704837	0.000015	1.000000	-0.041210	-0.152461	0.168578	-0.008421	-0.072267	0.076104	-0.079209	-0.214365	-0.149447	-0.150708	0.052842	-0.026159	-0.363001	-0.062766	0.200110	0.009859	-0.022066	-0.015984	-0.025747	-0.129466	-0.026343	0.047612	-0.024806	0.065993	-0.000240	0.009071	-0.017818	-0.075148	0.012128	-0.138651	-0.027552	0.064898	-0.009938	0.050380	-0.052219	0.280931	-0.339020	-0.959728	0.940779	-0.427663	-0.482239	0.000015	1.000000	-0.041210	-0.152461	0.168578	-0.008421	-0.072267	0.078844	-0.081623	-0.215163	-0.153474	-0.176292	0.050193	-0.017624	-0.364513	-0.052455	0.194852	0.009710	-0.026867	-0.008229	-0.030841	-0.121125	-0.025666	0.048614	0.001358	0.095236	-0.078541	0.003437	-0.022266	-0.069636	0.013658	-0.138691	-0.021120	0.064905	0.016552	0.064901	-0.083394	0.103277	-0.177283	-0.994653	0.984160	-0.423243	-0.466675	0.000015	1.000000	-0.041210	-0.152461	0.168578	-0.008421	-0.072267	0.081597	-0.085426	-0.216098	-0.156896	-0.194447	0.047797	-0.009010	-0.359968	-0.032073	0.180956	0.019117	-0.023624	0.005458	-0.023673	-0.126921	-0.014431	0.047319	0.046548	0.100603	-0.134528	-0.003672	-0.023424	-0.064266	0.016540	-0.152669	-0.014068	0.062024	0.035007	0.071281	-0.072921	-0.077180	-0.004736	-0.997017	0.999989	-0.424486	-0.447510	
1.843748	1.836399	-0.343207	0.397120	0.318403	-0.551098	-0.440709	0.289078	-0.298308	1.625533	1.351286	2.760447	0.000015	1.000000	-0.041210	-0.152461	0.168578	-0.008421	-0.072267	0.078844	-0.081623	-0.215163	-0.153474	-0.176292	0.050193	-0.017624	-0.364513	-0.052455	0.194852	0.009710	-0.026867	-0.008229	-0.030841	-0.121125	-0.025666	0.048614	0.001358	0.095236	-0.078541	0.003437	-0.022266	-0.069636	0.013658	-0.138691	-0.021120	0.064905	0.016552	0.064901	-0.083394	0.103277	-0.177283	-0.994653	0.984160	-0.423243	-0.466675	0.000015	1.000000	-0.041210	-0.152461	0.168578	-0.008421	-0.072267	0.081597	-0.085426	-0.216098	-0.156896	-0.194447	0.047797	-0.009010	-0.359968	-0.032073	0.180956	0.019117	-0.023624	0.005458	-0.023673	-0.126921	-0.014431	0.047319	0.046548	0.100603	-0.134528	-0.003672	-0.023424	-0.064266	0.016540	-0.152669	-0.014068	0.062024	0.035007	0.071281	-0.072921	-0.077180	-0.004736	-0.997017	0.999989	-0.424486	-0.447510	0.000015	1.000000	-0.041210	-0.152461	0.168578	-0.008421	-0.072267	0.084619	-0.089466	-0.215171	-0.158599	-0.212690	0.046543	-0.000640	-0.350675	-0.015492	0.167418	0.016568	-0.027139	0.007525	-0.017373	-0.139366	-0.002839	0.047887	0.082474	0.127312	-0.104183	-0.012086	-0.018222	-0.061572	0.013315	-0.158923	-0.008693	0.053771	0.049680	0.079339	-0.033811	-0.252922	0.168830	-0.967487	0.985645	-0.431965	-0.444899	
1.769257	1.808322	-0.267840	0.638427	0.417871	-0.546304	0.768756	0.366800	-0.548565	1.686794	1.085824	2.161449	0.000015	1.000000	-0.041210	-0.152461	0.168578	-0.008421	-0.072267	0.081597	-0.085426	-0.216098	-0.156896	-0.194447	0.047797	-0.009010	-0.359968	-0.032073	0.180956	0.019117	-0.023624	0.005458	-0.023673	-0.126921	-0.014431	0.047319	0.046548	0.100603	-0.134528	-0.003672	-0.023424	-0.064266	0.016540	-0.152669	-0.014068	0.062024	0.035007	0.071281	-0.072921	-0.077180	-0.004736	-0.997017	0.999989	-0.424486	-0.447510	0.000015	1.000000	-0.041210	-0.152461	0.168578	-0.008421	-0.072267	0.084619	-0.089466	-0.215171	-0.158599	-0.212690	0.046543	-0.000640	-0.350675	-0.015492	0.167418	0.016568	-0.027139	0.007525	-0.017373	-0.139366	-0.002839	0.047887	0.082474	0.127312	-0.104183	-0.012086	-0.018222	-0.061572	0.013315	-0.158923	-0.008693	0.053771	0.049680	0.079339	-0.033811	-0.252922	0.168830	-0.967487	0.985645	-0.431965	-0.444899	0.000015	1.000000	-0.041210	-0.152461	0.168578	-0.008421	-0.072267	0.086290	-0.093134	-0.213143	-0.159376	-0.232503	0.046413	0.007303	-0.337450	0.003504	0.150776	-0.000786	-0.022372	0.009128	0.003846	-0.161199	-0.000284	0.045268	0.103514	0.155108	-0.030309	-0.018906	-0.008597	-0.058823	0.005824	-0.145721	-0.004227	0.041354	0.060840	0.080614	0.024240	-0.416398	0.336060	-0.909183	0.941841	-0.446876	-0.449080	
1.695568	1.773663	-0.263242	0.588776	0.699638	-0.061618	1.590022	0.294996	-1.020678	2.070040	0.978919	2.797028	0.000015	1.000000	-0.041210	-0.152461	0.168578	-0.008421	-0.072267	0.084619	-0.089466	-0.215171	-0.158599	-0.212690	0.046543	-0.000640	-0.350675	-0.015492	0.167418	0.016568	-0.027139	0.007525	-0.017373	-0.139366	-0.002839	0.047887	0.082474	0.127312	-0.104183	-0.012086	-0.018222	-0.061572	0.013315	-0.158923	-0.008693	0.053771	0.049680	0.079339	-0.033811	-0.252922	0.168830	-0.967487	0.985645	-0.431965	-0.444899	0.000015	1.000000	-0.041210	-0.152461	0.168578	-0.008421	-0.072267	0.086290	-0.093134	-0.213143	-0.159376	-0.232503	0.046413	0.007303	-0.337450	0.003504	0.150776	-0.000786	-0.022372	0.009128	0.003846	-0.161199	-0.000284	0.045268	0.103514	0.155108	-0.030309	-0.018906	-0.008597	-0.058823	0.005824	-0.145721	-0.004227	0.041354	0.060840	0.080614	0.024240	-0.416398	0.336060	-0.909183	0.941841	-0.446876	-0.449080	0.000015	1.000000	-0.041210	-0.152461	0.168578	-0.008421	-0.072267	0.086382	-0.095515	-0.211405	-0.159628	-0.264431	0.048229	0.011404	-0.311977	0.022836	0.150379	-0.004615	-0.013753	0.005798	-0.004501	-0.148028	0.022654	0.036864	0.121671	0.145325	0.036751	-0.023012	0.003353	-0.054298	-0.002111	-0.102271	-0.000545	0.029031	0.060649	0.077556	0.057033	-0.561415	0.490814	-0.827535	0.871264	-0.469223	-0.457503	
1.627071	1.729125	-0.224476	0.446978	1.033200	0.452080	2.263383	0.324205	-1.262206	1.964440	1.236672	3.474231	0.000015	1.000000	-0.041210	-0.152461	0.168578	-0.008421	-0.072267	0.086290	-0.093134	-0.213143	-0.159376	-0.232503	0.046413	0.007303	-0.337450	0.003504	0.150776	-0.000786	-0.022372	0.009128	0.003846	-0.161199	-0.000284	0.045268	0.103514	0.155108	-0.030309	-0.018906	-0.008597	-0.058823	0.005824	-0.145721	-0.004227	0.041354	0.060840	0.080614	0.024240	-0.416398	0.336060	-0.909183	0.941841	-0.446876	-0.449080	0.000015	1.000000	-0.041210	-0.152461	0.168578	-0.008421	-0.072267	0.086382	-0.095515	-0.211405	-0.159628	-0.264431	0.048229	0.011404	-0.311977	0.022836	0.150379	-0.004615	-0.013753	0.005798	-0.004501	-0.148028	0.022654	0.036864	0.121671	0.145325	0.036751	-0.023012	0.003353	-0.054298	-0.002111	-0.102271	-0.000545	0.029031	0.060649	0.077556	0.057033	-0.561415	0.490814	-0.827535	0.871264	-0.469223	-0.457503	0.000015	1.000000	-0.041210	-0.152461	0.168578	-0.008421	-0.072267	0.084558	-0.096605	-0.211833	-0.160308	-0.282012	0.052300	0.016174	-0.291761	0.050694	0.157934	-0.025936	-0.006377	-0.009540	-0.010919	-0.109372	0.030880	0.029742	0.148263	0.130039	0.075213	-0.025141	0.013285	-0.043364	-0.002356	-0.060812	-0.000186	0.008933	0.071519	0.064398	0.091481	-0.686074	0.629086	-0.727532	0.777335	-0.491329	-0.467901	
1.593192	1.659979	-0.388843	0.303823	1.478204	1.042441	3.470422	0.511600	-1.502648	1.930375	1.421861	4.749464	0.000015	1.000000	-0.041210	-0.152461	0.168578	-0.008421	-0.072267	0.086382	-0.095515	-0.211405	-0.159628	-0.264431	0.048229	0.011404	-0.311977	0.022836	0.150379	-0.004615	-0.013753	0.005798	-0.004501	-0.148028	0.022654	0.036864	0.121671	0.145325	0.036751	-0.023012	0.003353	-0.054298	-0.002111	-0.102271	-0.000545	0.029031	0.060649	0.077556	0.057033	-0.561415	0.490814	-0.827535	0.871264	-0.469223	-0.457503	0.000015	1.000000	-0.041210	-0.152461	0.168578	-0.008421	-0.072267	0.084558	-0.096605	-0.211833	-0.160308	-0.282012	0.052300	0.016174	-0.291761	0.050694	0.157934	-0.025936	-0.006377	-0.009540	-0.010919	-0.109372	0.030880	0.029742	0.148263	0.130039	0.075213	-0.025141	0.013285	-0.043364	-0.002356	-0.060812	-0.000186	0.008933	0.071519	0.064398	0.091481	-0.686074	0.629086	-0.727532	0.777335	-0.491329	-0.467901	0.000015	1.000000	-0.041210	-0.152461	0.168578	-0.008421	-0.072267	0.081310	-0.096662	-0.212282	-0.160759	-0.291369	0.057258	0.019059	-0.269518	0.067777	0.166788	-0.023182	-0.002034	-0.011074	-0.002139	-0.056651	0.026120	0.012745	0.181282	0.107573	0.069288	-0.025259	0.020043	-0.027423	0.004873	-0.017518	-0.000283	-0.012877	0.078731	0.065859	0.134720	-0.789114	0.746827	-0.614247	0.665018	-0.511879	-0.481262	
1.606680	1.688895	-0.429022	0.107059	2.052008	1.836525	5.357954	0.680857	-1.823925	2.287936	1.275901	5.219280	0.000015	1.000000	-0.041210	-0.152461	0.168578	-0.008421	-0.072267	0.084558	-0.096605	-0.211833	-0.160308	-0.282012	0.052300	0.016174	-0.291761	0.050694	0.157934	-0.025936	-0.006377	-0.009540	-0.010919	-0.109372	0.030880	0.029742	0.148263	0.130039	0.075213	-0.025141	0.013285	-0.043364	-0.002356	-0.060812	-0.000186	0.008933	0.071519	0.064398	0.091481	-0.686074	0.629086	-0.727532	0.777335	-0.491329	-0.467901	0.000015	1.000000	-0.041210	-0.152461	0.168578	-0.008421	-0.072267	0.081310	-0.096662	-0.212282	-0.160759	-0.291369	0.057258	0.019059	-0.269518	0.067777	0.166788	-0.023182	-0.002034	-0.011074	-0.002139	-0.056651	0.026120	0.012745	0.181282	0.107573	0.069288	-0.025259	0.020043	-0.027423	0.004873	-0.017518	-0.000283	-0.012877	0.078731	0.065859	0.134720	-0.789114	0.746827	-0.614247	0.665018	-0.511879	-0.481262	0.000015	1.000000	-0.041210	-0.152461	0.168578	-0.008421	-0.072267	0.076904	-0.096156	-0.211863	-0.159396	-0.293604	0.061957	0.019555	-0.245538	0.082801	0.197978	-0.028839	0.002007	-0.002503	0.013745	0.005502	0.022503	-0.000238	0.178302	0.120332	0.181410	-0.026685	0.024094	-0.005672	0.019144	0.036766	0.002691	-0.035910	0.083702	0.072159	0.174762	-0.872111	0.841313	-0.489308	0.540549	-0.522042	-0.502006	
1.587670	1.740272	-0.257172	0.045441	2.484635	2.388116	6.654242	0.917414	-2.166227	2.739283	1.229052	4.808349	0.000015	1.000000	-0.041210	-0.152461	0.168578	-0.008421	-0.072267	0.081310	-0.096662	-0.212282	-0.160759	-0.291369	0.057258	0.019059	-0.269518	0.067777	0.166788	-0.023182	-0.002034	-0.011074	-0.002139	-0.056651	0.026120	0.012745	0.181282	0.107573	0.069288	-0.025259	0.020043	-0.027423	0.004873	-0.017518	-0.000283	-0.012877	0.078731	0.065859	0.134720	-0.789114	0.746827	-0.614247	0.665018	-0.511879	-0.481262	0.000015	1.000000	-0.041210	-0.152461	0.168578	-0.008421	-0.072267	0.076904	-0.096156	-0.211863	-0.159396	-0.293604	0.061957	0.019555	-0.245538	0.082801	0.197978	-0.028839	0.002007	-0.002503	0.013745	0.005502	0.022503	-0.000238	0.178302	0.120332	0.181410	-0.026685	0.024094	-0.005672	0.019144	0.036766	0.002691	-0.035910	0.083702	0.072159	0.174762	-0.872111	0.841313	-0.489308	0.540549	-0.522042	-0.502006	0.000015	1.000000	-0.041210	-0.152461	0.168578	-0.008421	-0.072267	0.071225	-0.095611	-0.208919	-0.155561	-0.288162	0.064933	0.017433	-0.208269	0.098771	0.230776	-0.043015	0.006482	0.014755	0.042203	0.068947	0.026329	-0.015146	0.170676	0.139754	0.259973	-0.027433	0.025153	0.022128	0.042824	0.111597	0.009916	-0.061114	0.080711	0.075305	0.220160	-0.935879	0.916279	-0.352323	0.400540	-0.517996	-0.493331	
1.530226	1.777129	-0.156905	0.248789	2.365279	2.511023	6.535177	1.133688	-2.175900	2.356496	1.544416	3.397009	0.000015	1.000000	-0.041210	-0.152461	0.168578	-0.008421	-0.072267	0.076904	-0.096156	-0.211863	-0.159396	-0.293604	0.061957	0.019555	-0.245538	0.082801	0.197978	-0.028839	0.002007	-0.002503	0.013745	0.005502	0.022503	-0.000238	0.178302	0.120332	0.181410	-0.026685	0.024094	-0.005672	0.019144	0.036766	0.002691	-0.035910	0.083702	0.072159	0.174762	-0.872111	0.841313	-0.489308	0.540549	-0.522042	-0.502006	0.000015	1.000000	-0.041210	-0.152461	0.168578	-0.008421	-0.072267	0.071225	-0.095611	-0.208919	-0.155561	-0.288162	0.064933	0.017433	-0.208269	0.098771	0.230776	-0.043015	0.006482	0.014755	0.042203	0.068947	0.026329	-0.015146	0.170676	0.139754	0.259973	-0.027433	0.025153	0.022128	0.042824	0.111597	0.009916	-0.061114	0.080711	0.075305	0.220160	-0.935879	0.916279	-0.352323	0.400540	-0.517996	-0.493331	0.000015	1.000000	-0.041210	-0.152461	0.168578	-0.008421	-0.072267	0.064200	-0.094556	-0.201497	-0.147402	-0.270546	0.069744	0.011976	-0.181307	0.125762	0.268815	-0.047573	0.005650	0.035325	0.060403	0.179981	0.021477	-0.041762	0.181429	0.102961	0.331340	-0.024269	0.024781	0.052010	0.070521	0.193888	0.018878	-0.088180	0.094876	0.066767	0.254313	-0.977973	0.969421	-0.208731	0.245404	-0.523699	-0.477918	
1.462998	1.833454	-0.297733	0.444173	2.102003	2.190299	5.375937	1.040597	-2.118354	2.153677	1.347170	2.812300	0.000015	1.000000	-0.041210	-0.152461	0.168578	-0.008421	-0.072267	0.071225	-0.095611	-0.208919	-0.155561	-0.288162	0.064933	0.017433	-0.208269	0.098771	0.230776	-0.043015	0.006482	0.014755	0.042203	0.068947	0.026329	-0.015146	0.170676	0.139754	0.259973	-0.027433	0.025153	0.022128	0.042824	0.111597	0.009916	-0.061114	0.080711	0.075305	0.220160	-0.935879	0.916279	-0.352323	0.400540	-0.517996	-0.493331	0.000015	1.000000	-0.041210	-0.152461	0.168578	-0.008421	-0.072267	0.064200	-0.094556	-0.201497	-0.147402	-0.270546	0.069744	0.011976	-0.181307	0.125762	0.268815	-0.047573	0.005650	0.035325	0.060403	0.179981	0.021477	-0.041762	0.181429	0.102961	0.331340	-0.024269	0.024781	0.052010	0.070521	0.193888	0.018878	-0.088180	0.094876	0.066767	0.254313	-0.977973	0.969421	-0.208731	0.245404	-0.523699	-0.477918	0.000015	1.000000	-0.041210	-0.152461	0.168578	-0.008421	-0.072267	0.057924	-0.093287	-0.190755	-0.137846	-0.239300	0.076329	0.003057	-0.153547	0.142405	0.306884	-0.035117	0.011150	0.073674	0.091187	0.282861	0.042976	-0.061522	0.222984	0.126850	0.268684	-0.020358	0.027261	0.076915	0.098808	0.261133	0.029380	-0.112054	0.102631	0.073400	0.267440	-0.997864	0.996829	-0.065328	0.079569	-0.540932	-0.466861	
1.279357	1.890535	-0.556328	0.426497	2.003895	0.947165	1.729525	0.938454	-1.638602	1.835409	0.415594	5.257554	0.000015	1.000000	-0.041210	-0.152461	0.168578	-0.008421	-0.072267	0.064200	-0.094556	-0.201497	-0.147402	-0.270546	0.069744	0.011976	-0.181307	0.125762	0.268815	-0.047573	0.005650	0.035325	0.060403	0.179981	0.021477	-0.041762	0.181429	0.102961	0.331340	-0.024269	0.024781	0.052010	0.070521	0.193888	0.018878	-0.088180	0.094876	0.066767	0.254313	-0.977973	0.969421	-0.208731	0.245404	-0.523699	-0.477918	0.000015	1.000000	-0.041210	-0.152461	0.168578	-0.008421	-0.072267	0.057924	-0.093287	-0.190755	-0.137846	-0.239300	0.076329	0.003057	-0.153547	0.142405	0.306884	-0.035117	0.011150	0.073674	0.091187	0.282861	0.042976	-0.061522	0.222984	0.126850	0.268684	-0.020358	0.027261	0.076915	0.098808	0.261133	0.029380	-0.112054	0.102631	0.073400	0.267440	-0.997864	0.996829	-0.065328	0.079569	-0.540932	-0.466861	0.000015	1.000000	-0.041210	-0.152461	0.168578	-0.008421	-0.072267	0.053349	-0.091450	-0.177920	-0.102735	-0.195949	0.085449	-0.009107	-0.122986	0.159450	0.380510	-0.023403	0.012166	0.086233	0.182902	0.392255	0.059783	-0.071990	0.224348	0.133775	0.340935	-0.020233	0.032063	0.095496	0.096433	0.298131	0.035812	-0.131552	0.104259	0.076490	0.235847	-0.997408	0.995723	0.071951	-0.092392	-0.561100	-0.449964	
1.147420	1.877958	-0.755528	0.638468	1.528874	-0.097490	-0.761035	0.944881	-1.044904	1.253556	-0.225502	4.923256	0.000015	1.000000	-0.041210	-0.152461	0.168578	-0.008421	-0.072267	0.057924	-0.093287	-0.190755	-0.137846	-0.239300	0.076329	0.003057	-0.153547	0.142405	0.306884	-0.035117	0.011150	0.073674	0.091187	0.282861	0.042976	-0.061522	0.222984	0.126850	0.268684	-0.020358	0.027261	0.076915	0.098808	0.261133	0.029380	-0.112054	0.102631	0.073400	0.267440	-0.997864	0.996829	-0.065328	0.079569	-0.540932	-0.466861	0.000015	1.000000	-0.041210	-0.152461	0.168578	-0.008421	-0.072267	0.053349	-0.091450	-0.177920	-0.102735	-0.195949	0.085449	-0.009107	-0.122986	0.159450	0.380510	-0.023403	0.012166	0.086233	0.182902	0.392255	0.059783	-0.071990	0.224348	0.133775	0.340935	-0.020233	0.032063	0.095496	0.096433	0.298131	0.035812	-0.131552	0.104259	0.076490	0.235847	-0.997408	0.995723	0.071951	-0.092392	-0.561100	-0.449964	0.000015	1.000000	-0.041210	-0.152461	0.168578	-0.008421	-0.072267	0.050762	-0.088716	-0.163066	-0.075793	-0.113900	0.096627	-0.017647	-0.078003	0.176769	0.431465	-0.022580	0.017269	0.125526	0.228715	0.382256	0.069490	-0.097115	0.201104	0.136213	0.337343	-0.025989	0.035725	0.110695	0.083696	0.242020	0.038708	-0.147586	0.086802	0.065404	0.263740	-0.981516	0.963593	0.191378	-0.267374	-0.616193	-0.432840	
1.072976	1.878291	-0.895853	0.715695	0.760230	-0.809836	-2.954288	0.760061	-0.180509	0.128979	-0.717469	1.523302	0.000015	1.000000	-0.041210	-0.152461	0.168578	-0.008421	-0.072267	0.053349	-0.091450	-0.177920	-0.102735	-0.195949	0.085449	-0.009107	-0.122986	0.159450	0.380510	-0.023403	0.012166	0.086233	0.182902	0.392255	0.059783	-0.071990	0.224348	0.133775	0.340935	-0.020233	0.032063	0.095496	0.096433	0.298131	0.035812	-0.131552	0.104259	0.076490	0.235847	-0.997408	0.995723	0.071951	-0.092392	-0.561100	-0.449964	0.000015	1.000000	-0.041210	-0.152461	0.168578	-0.008421	-0.072267	0.050762	-0.088716	-0.163066	-0.075793	-0.113900	0.096627	-0.017647	-0.078003	0.176769	0.431465	-0.022580	0.017269	0.125526	0.228715	0.382256	0.069490	-0.097115	0.201104	0.136213	0.337343	-0.025989	0.035725	0.110695	0.083696	0.242020	0.038708	-0.147586	0.086802	0.065404	0.263740	-0.981516	0.963593	0.191378	-0.267374	-0.616193	-0.432840	0.000015	1.000000	-0.041210	-0.152461	0.168578	-0.008421	-0.072267	0.045931	-0.084567	-0.133778	-0.050581	-0.062787	0.107587	-0.033975	-0.047875	0.201776	0.479314	-0.026336	0.026154	0.130851	0.174671	0.363459	0.042543	-0.112074	0.184472	0.061429	0.374322	-0.032483	0.041145	0.104323	0.057023	0.179500	0.041911	-0.146919	0.075463	0.037016	0.289685	-0.955151	0.901518	0.296120	-0.432741	-0.655774	-0.436613	
1.170709	1.886360	-1.048321	0.840202	-0.187805	-1.528338	-4.075390	0.504422	0.641652	-1.124232	-2.166007	-2.778037	0.000015	1.000000	-0.041210	-0.152461	0.168578	-0.008421	-0.072267	0.050762	-0.088716	-0.163066	-0.075793	-0.113900	0.096627	-0.017647	-0.078003	0.176769	0.431465	-0.022580	0.017269	0.125526	0.228715	0.382256	0.069490	-0.097115	0.201104	0.136213	0.337343	-0.025989	0.035725	0.110695	0.083696	0.242020	0.038708	-0.147586	0.086802	0.065404	0.263740	-0.981516	0.963593	0.191378	-0.267374	-0.616193	-0.432840	0.000015	1.000000	-0.041210	-0.152461	0.168578	-0.008421	-0.072267	0.045931	-0.084567	-0.133778	-0.050581	-0.062787	0.107587	-0.033975	-0.047875	0.201776	0.479314	-0.026336	0.026154	0.130851	0.174671	0.363459	0.042543	-0.112074	0.184472	0.061429	0.374322	-0.032483	0.041145	0.104323	0.057023	0.179500	0.041911	-0.146919	0.075463	0.037016	0.289685	-0.955151	0.901518	0.296120	-0.432741	-0.655774	-0.436613	0.000015	1.000000	-0.041210	-0.152461	0.168578	-0.008421	-0.072267	0.041378	-0.080102	-0.113768	-0.032429	-0.023533	0.117921	-0.051846	-0.025152	0.209274	0.520097	-0.024269	0.025531	0.128243	0.118666	0.277829	0.057646	-0.109964	0.145470	0.038597	0.297410	-0.041361	0.047410	0.095710	0.026729	0.095955	0.042972	-0.131755	0.054674	0.018762	0.271739	-0.920398	0.811278	0.390984	-0.584660	-0.678107	-0.436513	
1.382707	1.922343	-1.168512	0.776931	-1.032079	-2.053725	-5.371485	0.540865	1.345625	-2.616191	-3.502536	-5.709593	0.000015	1.000000	-0.041210	-0.152461	0.168578	-0.008421	-0.072267	0.045931	-0.084567	-0.133778	-0.050581	-0.062787	0.107587	-0.033975	-0.047875	0.201776	0.479314	-0.026336	0.026154	0.130851	0.174671	0.363459	0.042543	-0.112074	0.184472	0.061429	0.374322	-0.032483	0.041145	0.104323	0.057023	0.179500	0.041911	-0.146919	0.075463	0.037016	0.289685	-0.955151	0.901518	0.296120	-0.432741	-0.655774	-0.436613	0.000015	1.000000	-0.041210	-0.152461	0.168578	-0.008421	-0.072267	0.041378	-0.080102	-0.113768	-0.032429	-0.023533	0.117921	-0.051846	-0.025152	0.209274	0.520097	-0.024269	0.025531	0.128243	0.118666	0.277829	0.057646	-0.109964	0.145470	0.038597	0.297410	-0.041361	0.047410	0.095710	0.026729	0.095955	0.042972	-0.131755	0.054674	0.018762	0.271739	-0.920398	0.811278	0.390984	-0.584660	-0.678107	-0.436513	0.000015	1.000000	-0.041210	-0.152461	0.168578	-0.008421	-0.072267	0.036517	-0.075250	-0.097770	-0.021625	0.001087	0.129827	-0.067844	-0.010866	0.212906	0.592836	-0.033485	0.029540	0.112279	0.018846	0.139800	0.079396	-0.094282	0.078058	0.020261	0.335433	-0.052222	0.055159	0.076896	-0.006995	0.010216	0.038631	-0.106134	0.023528	-0.017353	0.157338	-0.871759	0.695119	0.489935	-0.718895	-0.648787	-0.434092	
1.548159	1.926250	-1.082047	0.763673	-1.662735	-2.081915	-5.193942	0.572672	1.680365	-3.719769	-3.760782	-6.590544	0.000015	1.000000	-0.041210	-0.152461	0.168578	-0.008421	-0.072267	0.041378	-0.080102	-0.113768	-0.032429	-0.023533	0.117921	-0.051846	-0.025152	0.209274	0.520097	-0.024269	0.025531	0.128243	0.118666	0.277829	0.057646	-0.109964	0.145470	0.038597	0.297410	-0.041361	0.047410	0.095710	0.026729	0.095955	0.042972	-0.131755	0.054674	0.018762	0.271739	-0.920398	0.811278	0.390984	-0.584660	-0.678107	-0.436513	0.000015	1.000000	-0.041210	-0.152461	0.168578	-0.008421	-0.072267	0.036517	-0.075250	-0.097770	-0.021625	0.001087	0.129827	-0.067844	-0.010866	0.212906	0.592836	-0.033485	0.029540	0.112279	0.018846	0.139800	0.079396	-0.094282	0.078058	0.020261	0.335433	-0.052222	0.055159	0.076896	-0.006995	0.010216	0.038631	-0.106134	0.023528	-0.017353	0.157338	-0.871759	0.695119	0.489935	-0.718895	-0.648787	-0.434092	0.000015	1.000000	-0.041210	-0.152461	0.168578	-0.008421	-0.072267	0.031377	-0.072018	-0.084732	-0.020482	0.018055	0.137418	-0.081488	-0.003380	0.213414	0.631521	-0.039990	0.035291	0.088698	-0.019402	-0.013239	0.077034	-0.085270	0.015483	-0.007745	0.211515	-0.064614	0.063584	0.048373	-0.038952	-0.087346	0.039154	-0.072300	-0.023211	-0.070414	0.032987	-0.800680	0.554166	0.599092	-0.832406	-0.585188	-0.423297	
1.579154	1.913427	-0.684280	0.521036	-1.677134	-0.966907	-2.877603	0.193102	1.476738	-4.052835	-3.344168	-6.063218	0.000015	1.000000	-0.041210	-0.152461	0.168578	-0.008421	-0.072267	0.036517	-0.075250	-0.097770	-0.021625	0.001087	0.129827	-0.067844	-0.010866	0.212906	0.592836	-0.033485	0.029540	0.112279	0.018846	0.139800	0.079396	-0.094282	0.078058	0.020261	0.335433	-0.052222	0.055159	0.076896	-0.006995	0.010216	0.038631	-0.106134	0.023528	-0.017353	0.157338	-0.871759	0.695119	0.489935	-0.718895	-0.648787	-0.434092	0.000015	1.000000	-0.041210	-0.152461	0.168578	-0.008421	-0.072267	0.031377	-0.072018	-0.084732	-0.020482	0.018055	0.137418	-0.081488	-0.003380	0.213414	0.631521	-0.039990	0.035291	0.088698	-0.019402	-0.013239	0.077034	-0.085270	0.015483	-0.007745	0.211515	-0.064614	0.063584	0.048373	-0.038952	-0.087346	0.039154	-0.072300	-0.023211	-0.070414	0.032987	-0.800680	0.554166	0.599092	-0.832406	-0.585188	-0.423297	0.000015	1.000000	-0.041210	-0.152461	0.168578	-0.008421	-0.072267	0.021479	-0.063221	-0.073400	-0.024325	0.009235	0.148848	-0.091850	-0.006972	0.212401	0.645995	-0.075885	0.047150	0.026667	-0.042071	-0.145097	0.067027	-0.060639	-0.046609	-0.015780	0.020802	-0.070948	0.066243	0.012098	-0.066340	-0.156440	0.036315	-0.036731	-0.075420	-0.125816	-0.080352	-0.705061	0.394757	0.709147	-0.918785	-0.535552	-0.422125	
1.545001	1.915900	-0.267205	0.219410	-1.295417	0.656740	0.171729	-0.252985	0.734240	-3.464541	-2.648833	-4.185654	0.000015	1.000000	-0.041210	-0.152461	0.168578	-0.008421	-0.072267	0.031377	-0.072018	-0.084732	-0.020482	0.018055	0.137418	-0.081488	-0.003380	0.213414	0.631521	-0.039990	0.035291	0.088698	-0.019402	-0.013239	0.077034	-0.085270	0.015483	-0.007745	0.211515	-0.064614	0.063584	0.048373	-0.038952	-0.087346	0.039154	-0.072300	-0.023211	-0.070414	0.032987	-0.800680	0.554166	0.599092	-0.832406	-0.585188	-0.423297	0.000015	1.000000	-0.041210	-0.152461	0.168578	-0.008421	-0.072267	0.021479	-0.063221	-0.073400	-0.024325	0.009235	0.148848	-0.091850	-0.006972	0.212401	0.645995	-0.075885	0.047150	0.026667	-0.042071	-0.145097	0.067027	-0.060639	-0.046609	-0.015780	0.020802	-0.070948	0.066243	0.012098	-0.066340	-0.156440	0.036315	-0.036731	-0.075420	-0.125816	-0.080352	-0.705061	0.394757	0.709147	-0.918785	-0.535552	-0.422125	0.000015	1.000000	-0.041210	-0.152461	0.168578	-0.008421	-0.072267	0.007722	-0.058465	-0.073363	-0.030328	-0.015769	0.157726	-0.098745	-0.019637	0.189637	0.649495	-0.088199	0.049033	-0.017922	-0.065276	-0.261227	0.036365	-0.035493	-0.101673	-0.167685	0.006966	-0.067449	0.069298	-0.013081	-0.074832	-0.174574	0.030333	-0.007698	-0.123510	-0.153184	-0.174746	-0.592184	0.223668	0.805803	-0.974665	-0.526254	-0.425972	
1.264840	1.907301	0.043345	0.015493	-0.475863	1.396866	2.434805	-0.492624	0.213287	-1.982773	-1.609003	-1.763366	0.000015	1.000000	-0.041210	-0.152461	0.168578	-0.008421	-0.072267	0.021479	-0.063221	-0.073400	-0.024325	0.009235	0.148848	-0.091850	-0.006972	0.212401	0.645995	-0.075885	0.047150	0.026667	-0.042071	-0.145097	0.067027	-0.060639	-0.046609	-0.015780	0.020802	-0.070948	0.066243	0.012098	-0.066340	-0.156440	0.036315	-0.036731	-0.075420	-0.125816	-0.080352	-0.705061	0.394757	0.709147	-0.918785	-0.535552	-0.422125	0.000015	1.000000	-0.041210	-0.152461	0.168578	-0.008421	-0.072267	0.007722	-0.058465	-0.073363	-0.030328	-0.015769	0.157726	-0.098745	-0.019637	0.189637	0.649495	-0.088199	0.049033	-0.017922	-0.065276	-0.261227	0.036365	-0.035493	-0.101673	-0.167685	0.006966	-0.067449	0.069298	-0.013081	-0.074832	-0.174574	0.030333	-0.007698	-0.123510	-0.153184	-0.174746	-0.592184	0.223668	0.805803	-0.974665	-0.526254	-0.425972	0.000015	1.000000	-0.041210	-0.152461	0.168578	-0.008421	-0.072267	-0.006734	-0.051448	-0.078251	-0.054308	-0.049195	0.163185	-0.101425	-0.038261	0.159033	0.615444	-0.088384	0.046314	-0.044017	-0.100748	-0.247365	0.018991	-0.007853	-0.135445	-0.282330	-0.252302	-0.057002	0.065572	-0.027631	-0.040997	-0.138571	0.021078	0.005999	-0.156872	-0.162326	-0.203501	-0.468953	0.044931	0.883223	-0.998990	-0.536500	-0.425230	
0.932046	1.885908	0.428694	-0.166528	0.557791	1.360116	3.385670	-0.623960	-0.308970	-0.126671	-0.502097	1.489191	0.000015	1.000000	-0.041210	-0.152461	0.168578	-0.008421	-0.072267	0.007722	-0.058465	-0.073363	-0.030328	-0.015769	0.157726	-0.098745	-0.019637	0.189637	0.649495	-0.088199	0.049033	-0.017922	-0.065276	-0.261227	0.036365	-0.035493	-0.101673	-0.167685	0.006966	-0.067449	0.069298	-0.013081	-0.074832	-0.174574	0.030333	-0.007698	-0.123510	-0.153184	-0.174746	-0.592184	0.223668	0.805803	-0.974665	-0.526254	-0.425972	0.000015	1.000000	-0.041210	-0.152461	0.168578	-0.008421	-0.072267	-0.006734	-0.051448	-0.078251	-0.054308	-0.049195	0.163185	-0.101425	-0.038261	0.159033	0.615444	-0.088384	0.046314	-0.044017	-0.100748	-0.247365	0.018991	-0.007853	-0.135445	-0.282330	-0.252302	-0.057002	0.065572	-0.027631	-0.040997	-0.138571	0.021078	0.005999	-0.156872	-0.162326	-0.203501	-0.468953	0.044931	0.883223	-0.998990	-0.536500	-0.425230	0.000015	1.000000	-0.041210	-0.152461	0.168578	-0.008421	-0.072267	-0.013599	-0.043776	-0.083639	-0.068361	-0.093443	0.162968	-0.101371	-0.054127	0.123614	0.578294	-0.062230	0.040691	-0.043486	-0.115811	-0.162926	-0.000195	0.003984	-0.131494	-0.299028	-0.305448	-0.049486	0.058133	-0.029387	-0.005972	-0.057767	0.013898	0.009147	-0.170775	-0.151065	-0.192826	-0.360483	-0.134571	0.932766	-0.990904	-0.620548	-0.427810	
0.795371	1.799533	0.824833	-0.383018	1.073874	1.062572	3.225728	-0.833055	-0.778477	1.076182	0.496248	3.181782	0.000015	1.000000	-0.041210	-0.152461	0.168578	-0.008421	-0.072267	-0.006734	-0.051448	-0.078251	-0.054308	-0.049195	0.163185	-0.101425	-0.038261	0.159033	0.615444	-0.088384	0.046314	-0.044017	-0.100748	-0.247365	0.018991	-0.007853	-0.135445	-0.282330	-0.252302	-0.057002	0.065572	-0.027631	-0.040997	-0.138571	0.021078	0.005999	-0.156872	-0.162326	-0.203501	-0.468953	0.044931	0.883223	-0.998990	-0.536500	-0.425230	0.000015	1.000000	-0.041210	-0.152461	0.168578	-0.008421	-0.072267	-0.013599	-0.043776	-0.083639	-0.068361	-0.093443	0.162968	-0.101371	-0.054127	0.123614	0.578294	-0.062230	0.040691	-0.043486	-0.115811	-0.162926	-0.000195	0.003984	-0.131494	-0.299028	-0.305448	-0.049486	0.058133	-0.029387	-0.005972	-0.057767	0.013898	0.009147	-0.170775	-0.151065	-0.192826	-0.360483	-0.134571	0.932766	-0.990904	-0.620548	-0.427810	0.000015	1.000000	-0.041210	-0.152461	0.168578	-0.008421	-0.072267	-0.020086	-0.037241	-0.088449	-0.079169	-0.109514	0.162949	-0.100674	-0.099321	0.069275	0.541008	-0.041817	0.033149	-0.026682	-0.082072	-0.048397	0.011845	0.007610	-0.205428	-0.186936	-0.286684	-0.036576	0.049103	-0.016220	0.025216	0.009035	0.004568	0.003820	-0.127479	-0.104249	-0.133226	-0.277351	-0.307470	0.960769	-0.951558	-0.720386	-0.434228	
0.866306	1.686669	0.879892	-0.540828	0.588108	1.158792	1.564753	-0.897116	-0.898270	0.717308	0.868460	1.817265	0.000015	1.000000	-0.041210	-0.152461	0.168578	-0.008421	-0.072267	-0.013599	-0.043776	-0.083639	-0.068361	-0.093443	0.162968	-0.101371	-0.054127	0.123614	0.578294	-0.062230	0.040691	-0.043486	-0.115811	-0.162926	-0.000195	0.003984	-0.131494	-0.299028	-0.305448	-0.049486	0.058133	-0.029387	-0.005972	-0.057767	0.013898	0.009147	-0.170775	-0.151065	-0.192826	-0.360483	-0.134571	0.932766	-0.990904	-0.620548	-0.427810	0.000015	1.000000	-0.041210	-0.152461	0.168578	-0.008421	-0.072267	-0.020086	-0.037241	-0.088449	-0.079169	-0.109514	0.162949	-0.100674	-0.099321	0.069275	0.541008	-0.041817	0.033149	-0.026682	-0.082072	-0.048397	0.011845	0.007610	-0.205428	-0.186936	-0.286684	-0.036576	0.049103	-0.016220	0.025216	0.009035	0.004568	0.003820	-0.127479	-0.104249	-0.133226	-0.277351	-0.307470	0.960769	-0.951558	-0.720386	-0.434228	0.000015	1.000000	-0.041210	-0.152461	0.168578	-0.008421	-0.072267	-0.022789	-0.032638	-0.089677	-0.088819	-0.109578	0.164132	-0.099113	-0.124500	0.045660	0.514188	-0.005578	0.026347	0.000472	-0.066484	0.030406	0.015841	0.006228	-0.175483	-0.120940	-0.205942	-0.021506	0.038758	0.001110	0.050797	0.057462	-0.009106	-0.009413	-0.086165	-0.073194	-0.058702	-0.204653	-0.463602	0.978835	-0.886044	-0.761389	-0.460140	
1.022573	1.454778	0.885170	-0.369674	0.054266	0.806917	-0.015137	-0.766881	-0.649569	0.098433	0.764218	-0.386072	0.000015	1.000000	-0.041210	-0.152461	0.168578	-0.008421	-0.072267	-0.020086	-0.037241	-0.088449	-0.079169	-0.109514	0.162949	-0.100674	-0.099321	0.069275	0.541008	-0.041817	0.033149	-0.026682	-0.082072	-0.048397	0.011845	0.007610	-0.205428	-0.186936	-0.286684	-0.036576	0.049103	-0.016220	0.025216	0.009035	0.004568	0.003820	-0.127479	-0.104249	-0.133226	-0.277351	-0.307470	0.960769	-0.951558	-0.720386	-0.434228	0.000015	1.000000	-0.041210	-0.152461	0.168578	-0.008421	-0.072267	-0.022789	-0.032638	-0.089677	-0.088819	-0.109578	0.164132	-0.099113	-0.124500	0.045660	0.514188	-0.005578	0.026347	0.000472	-0.066484	0.030406	0.015841	0.006228	-0.175483	-0.120940	-0.205942	-0.021506	0.038758	0.001110	0.050797	0.057462	-0.009106	-0.009413	-0.086165	-0.073194	-0.058702	-0.204653	-0.463602	0.978835	-0.886044	-0.761389	-0.460140	0.000015	1.000000	-0.041210	-0.152461	0.168578	-0.008421	-0.072267	-0.023232	-0.029367	-0.086433	-0.088786	-0.099025	0.165290	-0.098720	-0.142331	0.030783	0.484591	-0.010678	0.017640	0.031105	0.034180	0.108427	0.002631	-0.000308	-0.127123	-0.102127	-0.045720	-0.007866	0.027375	0.006686	0.068143	0.070377	-0.023718	-0.023278	-0.057576	-0.045292	-0.001849	-0.124152	-0.597997	0.992263	-0.801498	-0.740108	-0.493999	
1.179449	1.002622	0.766281	-0.136026	-0.521662	0.075911	-0.566850	-0.686446	-0.311437	-0.332957	-0.327662	-1.673941	0.000015	1.000000	-0.041210	-0.152461	0.168578	-0.008421	-0.072267	-0.022789	-0.032638	-0.089677	-0.088819	-0.109578	0.164132	-0.099113	-0.124500	0.045660	0.514188	-0.005578	0.026347	0.000472	-0.066484	0.030406	0.015841	0.006228	-0.175483	-0.120940	-0.205942	-0.021506	0.038758	0.001110	0.050797	0.057462	-0.009106	-0.009413	-0.086165	-0.073194	-0.058702	-0.204653	-0.463602	0.978835	-0.886044	-0.761389	-0.460140	0.000015	1.000000	-0.041210	-0.152461	0.168578	-0.008421	-0.072267	-0.023232	-0.029367	-0.086433	-0.088786	-0.099025	0.165290	-0.098720	-0.142331	0.030783	0.484591	-0.010678	0.017640	0.031105	0.034180	0.108427	0.002631	-0.000308	-0.127123	-0.102127	-0.045720	-0.007866	0.027375	0.006686	0.068143	0.070377	-0.023718	-0.023278	-0.057576	-0.045292	-0.001849	-0.124152	-0.597997	0.992263	-0.801498	-0.740108	-0.493999	0.000015	1.000000	-0.041210	-0.152461	0.168578	-0.008421	-0.072267	-0.024363	-0.027243	-0.081447	-0.083278	-0.088699	0.165449	-0.099546	-0.157602	0.021967	0.479059	-0.017469	0.010255	0.028236	0.061346	0.073307	-0.002878	-0.005498	-0.134849	-0.038479	-0.000384	0.006554	0.019701	0.002514	0.074750	0.059824	-0.035390	-0.032204	-0.040828	-0.025003	-0.002113	-0.028010	-0.702019	0.999608	-0.712159	-0.693228	-0.563567	
1.248115	0.752402	0.689150	-0.237685	-1.085414	-0.634392	-0.986382	-0.505686	0.213007	-0.860086	-1.062254	-2.495058	0.000015	1.000000	-0.041210	-0.152461	0.168578	-0.008421	-0.072267	-0.023232	-0.029367	-0.086433	-0.088786	-0.099025	0.165290	-0.098720	-0.142331	0.030783	0.484591	-0.010678	0.017640	0.031105	0.034180	0.108427	0.002631	-0.000308	-0.127123	-0.102127	-0.045720	-0.007866	0.027375	0.006686	0.068143	0.070377	-0.023718	-0.023278	-0.057576	-0.045292	-0.001849	-0.124152	-0.597997	0.992263	-0.801498	-0.740108	-0.493999	0.000015	1.000000	-0.041210	-0.152461	0.168578	-0.008421	-0.072267	-0.024363	-0.027243	-0.081447	-0.083278	-0.088699	0.165449	-0.099546	-0.157602	0.021967	0.479059	-0.017469	0.010255	0.028236	0.061346	0.073307	-0.002878	-0.005498	-0.134849	-0.038479	-0.000384	0.006554	0.019701	0.002514	0.074750	0.059824	-0.035390	-0.032204	-0.040828	-0.025003	-0.002113	-0.028010	-0.702019	0.999608	-0.712159	-0.693228	-0.563567	0.000015	1.000000	-0.041210	-0.152461	0.168578	-0.008421	-0.072267	-0.024541	-0.025994	-0.078341	-0.076724	-0.064557	0.164245	-0.101585	-0.177426	0.018459	0.477952	0.002441	0.005097	0.019923	0.055338	0.087941	-0.000637	-0.015672	-0.059897	-0.007686	-0.000038	0.018218	0.016413	-0.008411	0.069334	0.027185	-0.044476	-0.034833	-0.025995	-0.026407	-0.026099	0.082977	-0.766041	0.996551	-0.642791	-0.646165	-0.699213	
1.368253	0.758758	0.349924	-0.517183	-1.596694	-1.707202	-3.435039	-0.084241	0.772185	-1.317416	-1.420380	0.751595	0.000015	1.000000	-0.041210	-0.152461	0.168578	-0.008421	-0.072267	-0.024363	-0.027243	-0.081447	-0.083278	-0.088699	0.165449	-0.099546	-0.157602	0.021967	0.479059	-0.017469	0.010255	0.028236	0.061346	0.073307	-0.002878	-0.005498	-0.134849	-0.038479	-0.000384	0.006554	0.019701	0.002514	0.074750	0.059824	-0.035390	-0.032204	-0.040828	-0.025003	-0.002113	-0.028010	-0.702019	0.999608	-0.712159	-0.693228	-0.563567	0.000015	1.000000	-0.041210	-0.152461	0.168578	-0.008421	-0.072267	-0.024541	-0.025994	-0.078341	-0.076724	-0.064557	0.164245	-0.101585	-0.177426	0.018459	0.477952	0.002441	0.005097	0.019923	0.055338	0.087941	-0.000637	-0.015672	-0.059897	-0.007686	-0.000038	0.018218	0.016413	-0.008411	0.069334	0.027185	-0.044476	-0.034833	-0.025995	-0.026407	-0.026099	0.082977	-0.766041	0.996551	-0.642791	-0.646165	-0.699213	0.000015	1.000000	-0.001835	0.006512	-0.083371	-0.386763	-0.243841	-0.023292	-0.025631	-0.075297	-0.069379	-0.055512	0.163447	-0.104408	-0.186237	0.019503	0.474920	0.007223	0.002138	0.003388	0.059623	0.027638	-0.002506	-0.019132	-0.040537	-0.010540	-0.035947	0.027297	0.012488	-0.027722	0.052482	0.003358	-0.051256	-0.028818	-0.030073	-0.043369	-0.060458	0.199252	-0.809621	0.979948	-0.586953	-0.625565	-0.774279	
1.478912	0.697877	0.576368	0.226406	-1.562165	-0.765560	-1.394503	-0.390659	0.583096	-1.815022	-1.063336	-3.266181	0.000015	1.000000	-0.041210	-0.152461	0.168578	-0.008421	-0.072267	-0.024541	-0.025994	-0.078341	-0.076724	-0.064557	0.164245	-0.101585	-0.177426	0.018459	0.477952	0.002441	0.005097	0.019923	0.055338	0.087941	-0.000637	-0.015672	-0.059897	-0.007686	-0.000038	0.018218	0.016413	-0.008411	0.069334	0.027185	-0.044476	-0.034833	-0.025995	-0.026407	-0.026099	0.082977	-0.766041	0.996551	-0.642791	-0.646165	-0.699213	0.000015	1.000000	-0.001835	0.006512	-0.083371	-0.386763	-0.243841	-0.023292	-0.025631	-0.075297	-0.069379	-0.055512	0.163447	-0.104408	-0.186237	0.019503	0.474920	0.007223	0.002138	0.003388	0.059623	0.027638	-0.002506	-0.019132	-0.040537	-0.010540	-0.035947	0.027297	0.012488	-0.027722	0.052482	0.003358	-0.051256	-0.028818	-0.030073	-0.043369	-0.060458	0.199252	-0.809621	0.979948	-0.586953	-0.625565	-0.774279	0.000015	1.000000	0.006040	0.038306	-0.108566	-0.424598	-0.260998	-0.021855	-0.025567	-0.076360	-0.061561	-0.051352	0.160379	-0.106936	-0.192434	0.017845	0.464669	-0.006955	-0.000135	-0.006989	0.009801	0.024400	-0.030261	-0.013196	-0.049070	-0.031763	-0.082111	0.031111	0.004662	-0.050623	0.019040	-0.052358	-0.049453	-0.014700	-0.043649	-0.063030	-0.038926	0.323690	-0.849512	0.946163	-0.527569	-0.589524	-0.772373	
1.631853	0.694699	0.960965	0.569171	-1.618239	0.150107	1.713963	-1.084707	0.311752	-1.803517	-1.369532	-7.355435	0.000015	1.000000	-0.001835	0.006512	-0.083371	-0.386763	-0.243841	-0.023292	-0.025631	-0.075297	-0.069379	-0.055512	0.163447	-0.104408	-0.186237	0.019503	0.474920	0.007223	0.002138	0.003388	0.059623	0.027638	-0.002506	-0.019132	-0.040537	-0.010540	-0.035947	0.027297	0.012488	-0.027722	0.052482	0.003358	-0.051256	-0.028818	-0.030073	-0.043369	-0.060458	0.199252	-0.809621	0.979948	-0.586953	-0.625565	-0.774279	0.000015	1.000000	0.006040	0.038306	-0.108566	-0.424598	-0.260998	-0.021855	-0.025567	-0.076360	-0.061561	-0.051352	0.160379	-0.106936	-0.192434	0.017845	0.464669	-0.006955	-0.000135	-0.006989	0.009801	0.024400	-0.030261	-0.013196	-0.049070	-0.031763	-0.082111	0.031111	0.004662	-0.050623	0.019040	-0.052358	-0.049453	-0.014700	-0.043649	-0.063030	-0.038926	0.323690	-0.849512	0.946163	-0.527569	-0.589524	-0.772373	0.000015	1.000000	0.007615	0.044665	-0.111085	-0.428381	-0.262714	-0.021640	-0.025917	-0.080765	-0.061621	-0.048291	0.156445	-0.107999	-0.203246	0.012207	0.455978	0.001747	-0.003271	-0.045715	-0.028333	0.021284	-0.016985	-0.007601	-0.063882	-0.053427	-0.058462	0.039546	0.008410	-0.069660	0.007612	-0.076345	-0.051381	-0.004887	-0.060073	-0.073348	-0.079248	0.452054	-0.882363	0.891991	-0.470570	-0.556326	-0.790637	
1.680754	0.760605	1.021269	0.538174	-1.301340	-0.239612	2.389257	-1.451865	0.305397	-1.443724	-1.120357	-7.214705	0.000015	1.000000	0.006040	0.038306	-0.108566	-0.424598	-0.260998	-0.021855	-0.025567	-0.076360	-0.061561	-0.051352	0.160379	-0.106936	-0.192434	0.017845	0.464669	-0.006955	-0.000135	-0.006989	0.009801	0.024400	-0.030261	-0.013196	-0.049070	-0.031763	-0.082111	0.031111	0.004662	-0.050623	0.019040	-0.052358	-0.049453	-0.014700	-0.043649	-0.063030	-0.038926	0.323690	-0.849512	0.946163	-0.527569	-0.589524	-0.772373	0.000015	1.000000	0.007615	0.044665	-0.111085	-0.428381	-0.262714	-0.021640	-0.025917	-0.080765	-0.061621	-0.048291	0.156445	-0.107999	-0.203246	0.012207	0.455978	0.001747	-0.003271	-0.045715	-0.028333	0.021284	-0.016985	-0.007601	-0.063882	-0.053427	-0.058462	0.039546	0.008410	-0.069660	0.007612	-0.076345	-0.051381	-0.004887	-0.060073	-0.073348	-0.079248	0.452054	-0.882363	0.891991	-0.470570	-0.556326	-0.790637	0.000015	1.000000	0.007930	0.045937	-0.111337	-0.428759	-0.262886	-0.020361	-0.025995	-0.084748	-0.064517	-0.060086	0.153599	-0.108502	-0.215586	-0.000723	0.445104	0.012388	-0.001258	-0.025858	-0.020281	-0.065570	-0.029267	0.002032	-0.089790	-0.077927	-0.136009	0.052673	0.017020	-0.089936	0.012758	-0.038856	-0.064796	0.000289	-0.074769	-0.080949	-0.178639	0.583290	-0.911244	0.812264	-0.411867	-0.510444	-0.791590	
1.671279	0.791924	0.934392	0.103911	-0.910791	-0.595805	1.095758	-1.395474	-0.007781	-0.730263	-0.149127	-5.213616	0.000015	1.000000	0.007615	0.044665	-0.111085	-0.428381	-0.262714	-0.021640	-0.025917	-0.080765	-0.061621	-0.048291	0.156445	-0.107999	-0.203246	0.012207	0.455978	0.001747	-0.003271	-0.045715	-0.028333	0.021284	-0.016985	-0.007601	-0.063882	-0.053427	-0.058462	0.039546	0.008410	-0.069660	0.007612	-0.076345	-0.051381	-0.004887	-0.060073	-0.073348	-0.079248	0.452054	-0.882363	0.891991	-0.470570	-0.556326	-0.790637	0.000015	1.000000	0.007930	0.045937	-0.111337	-0.428759	-0.262886	-0.020361	-0.025995	-0.084748	-0.064517	-0.060086	0.153599	-0.108502	-0.215586	-0.000723	0.445104	0.012388	-0.001258	-0.025858	-0.020281	-0.065570	-0.029267	0.002032	-0.089790	-0.077927	-0.136009	0.052673	0.017020	-0.089936	0.012758	-0.038856	-0.064796	0.000289	-0.074769	-0.080949	-0.178639	0.583290	-0.911244	0.812264	-0.411867	-0.510444	-0.791590	0.000015	1.000000	0.007993	0.046191	-0.111362	-0.428797	-0.262903	-0.014677	-0.025486	-0.097419	-0.067737	-0.064505	0.146559	-0.108433	-0.230123	-0.012735	0.431297	0.032646	0.001852	-0.060514	-0.024711	-0.014234	-0.052479	0.000668	-0.118554	-0.120159	-0.094909	0.062309	0.024584	-0.096786	0.012385	0.001404	-0.079535	0.004802	-0.081890	-0.085743	-0.273060	0.704126	-0.938405	0.710075	-0.345538	-0.495774	-0.771819	
1.612726	0.856092	0.650729	-0.398602	-0.594035	-1.022578	-0.221036	-1.057566	-0.205291	0.161952	0.953175	-1.271719	0.000015	1.000000	0.007930	0.045937	-0.111337	-0.428759	-0.262886	-0.020361	-0.025995	-0.084748	-0.064517	-0.060086	0.153599	-0.108502	-0.215586	-0.000723	0.445104	0.012388	-0.001258	-0.025858	-0.020281	-0.065570	-0.029267	0.002032	-0.089790	-0.077927	-0.136009	0.052673	0.017020	-0.089936	0.012758	-0.038856	-0.064796	0.000289	-0.074769	-0.080949	-0.178639	0.583290	-0.911244	0.812264	-0.411867	-0.510444	-0.791590	0.000015	1.000000	0.007993	0.046191	-0.111362	-0.428797	-0.262903	-0.014677	-0.025486	-0.097419	-0.067737	-0.064505	0.146559	-0.108433	-0.230123	-0.012735	0.431297	0.032646	0.001852	-0.060514	-0.024711	-0.014234	-0.052479	0.000668	-0.118554	-0.120159	-0.094909	0.062309	0.024584	-0.096786	0.012385	0.001404	-0.079535	0.004802	-0.081890	-0.085743	-0.273060	0.704126	-0.938405	0.710075	-0.345538	-0.495774	-0.771819	0.000015	1.000000	0.008006	0.046242	-0.111365	-0.428801	-0.262904	-0.007603	-0.024140	-0.107562	-0.075894	-0.062505	0.137009	-0.107434	-0.247085	-0.027667	0.367661	0.044442	0.007164	-0.082125	-0.034576	0.034869	-0.068061	0.008442	-0.129805	-0.119846	-0.377647	0.069254	0.024797	-0.100308	0.011602	0.015845	-0.090923	0.003686	-0.075884	-0.073049	-0.287649	0.806819	-0.961564	0.590799	-0.274582	-0.498616	-0.762423	
1.521007	0.911544	0.185850	-0.800303	-0.412676	-1.240936	-0.699106	-0.436671	0.108732	0.022766	0.767956	2.051088	0.000015	1.000000	0.007993	0.046191	-0.111362	-0.428797	-0.262903	-0.014677	-0.025486	-0.097419	-0.067737	-0.064505	0.146559	-0.108433	-0.230123	-0.012735	0.431297	0.032646	0.001852	-0.060514	-0.024711	-0.014234	-0.052479	0.000668	-0.118554	-0.120159	-0.094909	0.062309	0.024584	-0.096786	0.012385	0.001404	-0.079535	0.004802	-0.081890	-0.085743	-0.273060	0.704126	-0.938405	0.710075	-0.345538	-0.495774	-0.771819	0.000015	1.000000	0.008006	0.046242	-0.111365	-0.428801	-0.262904	-0.007603	-0.024140	-0.107562	-0.075894	-0.062505	0.137009	-0.107434	-0.247085	-0.027667	0.367661	0.044442	0.007164	-0.082125	-0.034576	0.034869	-0.068061	0.008442	-0.129805	-0.119846	-0.377647	0.069254	0.024797	-0.100308	0.011602	0.015845	-0.090923	0.003686	-0.075884	-0.073049	-0.287649	0.806819	-0.961564	0.590799	-0.274582	-0.498616	-0.762423	0.000015	1.000000	0.008008	0.046253	-0.111365	-0.428801	-0.262905	0.001227	-0.023192	-0.118679	-0.081766	-0.057089	0.129549	-0.105844	-0.269526	-0.040419	0.314658	0.055393	0.009673	-0.088474	-0.045333	0.054784	-0.079390	0.010615	-0.097430	-0.115627	-0.434187	0.070178	0.017874	-0.098097	0.002146	0.007115	-0.099316	-0.000981	-0.051017	-0.046009	-0.253708	0.886924	-0.980555	0.461916	-0.196242	-0.516182	-0.743172	
1.451077	1.066897	0.103806	-0.555611	-0.453873	-0.823839	0.407154	-0.390613	0.764231	-0.025910	0.408305	2.234404	0.000015	1.000000	0.008006	0.046242	-0.111365	-0.428801	-0.262904	-0.007603	-0.024140	-0.107562	-0.075894	-0.062505	0.137009	-0.107434	-0.247085	-0.027667	0.367661	0.044442	0.007164	-0.082125	-0.034576	0.034869	-0.068061	0.008442	-0.129805	-0.119846	-0.377647	0.069254	0.024797	-0.100308	0.011602	0.015845	-0.090923	0.003686	-0.075884	-0.073049	-0.287649	0.806819	-0.961564	0.590799	-0.274582	-0.498616	-0.762423	0.000015	1.000000	0.008008	0.046253	-0.111365	-0.428801	-0.262905	0.001227	-0.023192	-0.118679	-0.081766	-0.057089	0.129549	-0.105844	-0.269526	-0.040419	0.314658	0.055393	0.009673	-0.088474	-0.045333	0.054784	-0.079390	0.010615	-0.097430	-0.115627	-0.434187	0.070178	0.017874	-0.098097	0.002146	0.007115	-0.099316	-0.000981	-0.051017	-0.046009	-0.253708	0.886924	-0.980555	0.461916	-0.196242	-0.516182	-0.743172	0.000015	1.000000	0.008009	0.046255	-0.111365	-0.428801	-0.262905	0.010288	-0.022429	-0.135684	-0.087884	-0.043671	0.117201	-0.104299	-0.281696	-0.054311	0.260364	0.050207	0.003992	-0.080734	-0.045711	0.044911	-0.086456	0.007692	-0.065577	-0.023078	-0.376330	0.063905	0.005111	-0.087279	-0.010344	-0.016786	-0.093515	-0.000896	-0.038505	-0.020601	-0.168658	0.943800	-0.993775	0.330516	-0.111410	-0.543698	-0.726537	
1.448429	1.040667	0.096053	-0.288797	-0.555986	-0.517825	1.433920	-0.364525	1.064217	-0.030280	0.146557	1.328250	0.000015	1.000000	0.008008	0.046253	-0.111365	-0.428801	-0.262905	0.001227	-0.023192	-0.118679	-0.081766	-0.057089	0.129549	-0.105844	-0.269526	-0.040419	0.314658	0.055393	0.009673	-0.088474	-0.045333	0.054784	-0.079390	0.010615	-0.097430	-0.115627	-0.434187	0.070178	0.017874	-0.098097	0.002146	0.007115	-0.099316	-0.000981	-0.051017	-0.046009	-0.253708	0.886924	-0.980555	0.461916	-0.196242	-0.516182	-0.743172	0.000015	1.000000	0.008009	0.046255	-0.111365	-0.428801	-0.262905	0.010288	-0.022429	-0.135684	-0.087884	-0.043671	0.117201	-0.104299	-0.281696	-0.054311	0.260364	0.050207	0.003992	-0.080734	-0.045711	0.044911	-0.086456	0.007692	-0.065577	-0.023078	-0.376330	0.063905	0.005111	-0.087279	-0.010344	-0.016786	-0.093515	-0.000896	-0.038505	-0.020601	-0.168658	0.943800	-0.993775	0.330516	-0.111410	-0.543698	-0.726537	0.000015	1.000000	0.008009	0.046255	-0.111365	-0.428801	-0.262905	0.019661	-0.022777	-0.147325	-0.093615	-0.038321	0.103511	-0.103368	-0.288952	-0.056726	0.217032	0.057714	-0.004486	-0.077866	-0.047145	0.028221	-0.080183	0.007981	-0.048433	0.012000	-0.321689	0.056089	-0.002876	-0.082447	-0.016972	-0.016028	-0.085685	0.009637	-0.031637	-0.012061	-0.091808	0.980051	-0.999939	0.198749	-0.011082	-0.564677	-0.679931	
1.506678	0.965050	0.106415	0.034153	-0.680362	-0.216333	1.316004	-0.364315	1.276487	-0.117796	-0.004283	0.676510	0.000015	1.000000	0.008009	0.046255	-0.111365	-0.428801	-0.262905	0.010288	-0.022429	-0.135684	-0.087884	-0.043671	0.117201	-0.104299	-0.281696	-0.054311	0.260364	0.050207	0.003992	-0.080734	-0.045711	0.044911	-0.086456	0.007692	-0.065577	-0.023078	-0.376330	0.063905	0.005111	-0.087279	-0.010344	-0.016786	-0.093515	-0.000896	-0.038505	-0.020601	-0.168658	0.943800	-0.993775	0.330516	-0.111410	-0.543698	-0.726537	0.000015	1.000000	0.008009	0.046255	-0.111365	-0.428801	-0.262905	0.019661	-0.022777	-0.147325	-0.093615	-0.038321	0.103511	-0.103368	-0.288952	-0.056726	0.217032	0.057714	-0.004486	-0.077866	-0.047145	0.028221	-0.080183	0.007981	-0.048433	0.012000	-0.321689	0.056089	-0.002876	-0.082447	-0.016972	-0.016028	-0.085685	0.009637	-0.031637	-0.012061	-0.091808	0.980051	-0.999939	0.198749	-0.011082	-0.564677	-0.679931	0.000015	1.000000	0.008009	0.046255	-0.111365	-0.428801	-0.262905	0.028248	-0.024180	-0.156778	-0.099850	-0.034925	0.089528	-0.102083	-0.294232	-0.055900	0.177177	0.054975	-0.010569	-0.077230	-0.019022	0.024458	-0.085139	0.012663	-0.039740	0.010622	-0.104055	0.048942	-0.005803	-0.081330	-0.018500	0.002075	-0.077168	0.024308	-0.026811	-0.010690	-0.032039	0.997976	-0.996222	0.063590	0.086843	-0.565471	-0.687800	
1.611633	0.950794	0.131756	0.251692	-0.846478	0.078384	-0.009817	-0.442186	1.330162	-0.238754	0.066397	0.174788	0.000015	1.000000	0.008009	0.046255	-0.111365	-0.428801	-0.262905	0.019661	-0.022777	-0.147325	-0.093615	-0.038321	0.103511	-0.103368	-0.288952	-0.056726	0.217032	0.057714	-0.004486	-0.077866	-0.047145	0.028221	-0.080183	0.007981	-0.048433	0.012000	-0.321689	0.056089	-0.002876	-0.082447	-0.016972	-0.016028	-0.085685	0.009637	-0.031637	-0.012061	-0.091808	0.980051	-0.999939	0.198749	-0.011082	-0.564677	-0.679931	0.000015	1.000000	0.008009	0.046255	-0.111365	-0.428801	-0.262905	0.028248	-0.024180	-0.156778	-0.099850	-0.034925	0.089528	-0.102083	-0.294232	-0.055900	0.177177	0.054975	-0.010569	-0.077230	-0.019022	0.024458	-0.085139	0.012663	-0.039740	0.010622	-0.104055	0.048942	-0.005803	-0.081330	-0.018500	0.002075	-0.077168	0.024308	-0.026811	-0.010690	-0.032039	0.997976	-0.996222	0.063590	0.086843	-0.565471	-0.687800	0.000015	1.000000	0.008009	0.046255	-0.111365	-0.428801	-0.262905	0.038593	-0.025995	-0.165381	-0.103448	-0.028211	0.075294	-0.099241	-0.298584	-0.054451	0.164190	0.081920	-0.012224	-0.082052	-0.030866	0.041879	-0.095755	0.015457	-0.033287	0.016068	-0.041114	0.040195	-0.003475	-0.082941	-0.018150	0.015117	-0.068402	0.040629	-0.024227	-0.012203	-0.008896	0.996922	-0.984204	-0.078401	0.177041	-0.547997	-0.710485	
1.683487	1.017742	0.144812	0.009480	-0.830633	-0.126920	-1.495201	-0.358353	1.153334	-0.332734	0.165705	0.177713	0.000015	1.000000	0.008009	0.046255	-0.111365	-0.428801	-0.262905	0.028248	-0.024180	-0.156778	-0.099850	-0.034925	0.089528	-0.102083	-0.294232	-0.055900	0.177177	0.054975	-0.010569	-0.077230	-0.019022	0.024458	-0.085139	0.012663	-0.039740	0.010622	-0.104055	0.048942	-0.005803	-0.081330	-0.018500	0.002075	-0.077168	0.024308	-0.026811	-0.010690	-0.032039	0.997976	-0.996222	0.063590	0.086843	-0.565471	-0.687800	0.000015	1.000000	0.008009	0.046255	-0.111365	-0.428801	-0.262905	0.038593	-0.025995	-0.165381	-0.103448	-0.028211	0.075294	-0.099241	-0.298584	-0.054451	0.164190	0.081920	-0.012224	-0.082052	-0.030866	0.041879	-0.095755	0.015457	-0.033287	0.016068	-0.041114	0.040195	-0.003475	-0.082941	-0.018150	0.015117	-0.068402	0.040629	-0.024227	-0.012203	-0.008896	0.996922	-0.984204	-0.078401	0.177041	-0.547997	-0.710485	0.000015	1.000000	0.008009	0.046255	-0.111365	-0.428801	-0.262905	0.050161	-0.027828	-0.184598	-0.107706	-0.020835	0.060960	-0.094811	-0.303768	-0.052949	0.160429	0.066469	-0.012622	-0.077300	-0.034144	0.053741	-0.099608	0.030044	-0.016938	0.007888	-0.012138	0.030601	0.002130	-0.076410	-0.012717	0.007593	-0.060696	0.056136	-0.022622	-0.012710	-0.002516	0.973609	-0.964430	-0.228224	0.264338	-0.516510	-0.714762	
1.711412	1.113211	0.139514	-0.212423	-0.678662	-0.310902	-2.017965	-0.263737	0.984200	-0.243179	0.415292	0.310078	0.000015	1.000000	0.008009	0.046255	-0.111365	-0.428801	-0.262905	0.038593	-0.025995	-0.165381	-0.103448	-0.028211	0.075294	-0.099241	-0.298584	-0.054451	0.164190	0.081920	-0.012224	-0.082052	-0.030866	0.041879	-0.095755	0.015457	-0.033287	0.016068	-0.041114	0.040195	-0.003475	-0.082941	-0.018150	0.015117	-0.068402	0.040629	-0.024227	-0.012203	-0.008896	0.996922	-0.984204	-0.078401	0.177041	-0.547997	-0.710485	0.000015	1.000000	0.008009	0.046255	-0.111365	-0.428801	-0.262905	0.050161	-0.027828	-0.184598	-0.107706	-0.020835	0.060960	-0.094811	-0.303768	-0.052949	0.160429	0.066469	-0.012622	-0.077300	-0.034144	0.053741	-0.099608	0.030044	-0.016938	0.007888	-0.012138	0.030601	0.002130	-0.076410	-0.012717	0.007593	-0.060696	0.056136	-0.022622	-0.012710	-0.002516	0.973609	-0.964430	-0.228224	0.264338	-0.516510	-0.714762	0.000015	1.000000	0.008009	0.046255	-0.111365	-0.428801	-0.262905	0.058388	-0.028639	-0.196536	-0.111562	-0.013664	0.047285	-0.087811	-0.306792	-0.052431	0.159459	0.040147	-0.004403	-0.076127	-0.024003	0.044458	-0.097551	0.041856	-0.021934	-0.005493	-0.004703	0.024547	0.003084	-0.076934	-0.010765	-0.022008	-0.052397	0.066437	-0.024590	-0.010742	0.001121	0.925312	-0.934676	-0.379207	0.355501	-0.494954	-0.694677	
1.746225	1.191703	0.062588	-0.366600	-0.461300	-0.389647	-2.028634	-0.161115	0.810776	-0.059185	0.657926	0.383162	0.000015	1.000000	0.008009	0.046255	-0.111365	-0.428801	-0.262905	0.050161	-0.027828	-0.184598	-0.107706	-0.020835	0.060960	-0.094811	-0.303768	-0.052949	0.160429	0.066469	-0.012622	-0.077300	-0.034144	0.053741	-0.099608	0.030044	-0.016938	0.007888	-0.012138	0.030601	0.002130	-0.076410	-0.012717	0.007593	-0.060696	0.056136	-0.022622	-0.012710	-0.002516	0.973609	-0.964430	-0.228224	0.264338	-0.516510	-0.714762	0.000015	1.000000	0.008009	0.046255	-0.111365	-0.428801	-0.262905	0.058388	-0.028639	-0.196536	-0.111562	-0.013664	0.047285	-0.087811	-0.306792	-0.052431	0.159459	0.040147	-0.004403	-0.076127	-0.024003	0.044458	-0.097551	0.041856	-0.021934	-0.005493	-0.004703	0.024547	0.003084	-0.076934	-0.010765	-0.022008	-0.052397	0.066437	-0.024590	-0.010742	0.001121	0.925312	-0.934676	-0.379207	0.355501	-0.494954	-0.694677	0.000015	1.000000	0.008009	0.046255	-0.111365	-0.428801	-0.262905	0.064662	-0.029254	-0.206896	-0.115726	-0.010364	0.033039	-0.079536	-0.309505	-0.052424	0.159289	0.034026	-0.004046	-0.073916	-0.019500	0.007935	-0.092110	0.051528	-0.020688	0.000149	0.001274	0.020365	0.000512	-0.076752	-0.011264	-0.055573	-0.042107	0.072924	-0.025524	-0.004521	0.005941	0.852413	-0.892313	-0.522870	0.451418	-0.486576	-0.666037	
1.794341	1.341858	0.008279	-0.354212	-0.374557	-0.319682	-2.381861	-0.023563	0.784822	0.024186	0.904531	0.360416	0.000015	1.000000	0.008009	0.046255	-0.111365	-0.428801	-0.262905	0.058388	-0.028639	-0.196536	-0.111562	-0.013664	0.047285	-0.087811	-0.306792	-0.052431	0.159459	0.040147	-0.004403	-0.076127	-0.024003	0.044458	-0.097551	0.041856	-0.021934	-0.005493	-0.004703	0.024547	0.003084	-0.076934	-0.010765	-0.022008	-0.052397	0.066437	-0.024590	-0.010742	0.001121	0.925312	-0.934676	-0.379207	0.355501	-0.494954	-0.694677	0.000015	1.000000	0.008009	0.046255	-0.111365	-0.428801	-0.262905	0.064662	-0.029254	-0.206896	-0.115726	-0.010364	0.033039	-0.079536	-0.309505	-0.052424	0.159289	0.034026	-0.004046	-0.073916	-0.019500	0.007935	-0.092110	0.051528	-0.020688	0.000149	0.001274	0.020365	0.000512	-0.076752	-0.011264	-0.055573	-0.042107	0.072924	-0.025524	-0.004521	0.005941	0.852413	-0.892313	-0.522870	0.451418	-0.486576	-0.666037	0.000015	1.000000	0.008009	0.046255	-0.111365	-0.428801	-0.262905	0.069455	-0.030201	-0.215269	-0.118667	-0.010068	0.021708	-0.073640	-0.310363	-0.052180	0.159982	0.020851	-0.006570	-0.068460	-0.022888	-0.025030	-0.065045	0.064709	-0.003116	0.001760	0.004664	0.016512	-0.004041	-0.075301	-0.014169	-0.086308	-0.033193	0.079193	-0.025554	0.005107	0.010997	0.755201	-0.836079	-0.655493	0.548608	-0.476133	-0.642489	
1.831554	1.483459	-0.043288	-0.308607	-0.315681	-0.277008	-3.061647	0.159154	0.822368	0.202358	1.075493	0.007841	0.000015	1.000000	0.008009	0.046255	-0.111365	-0.428801	-0.262905	0.064662	-0.029254	-0.206896	-0.115726	-0.010364	0.033039	-0.079536	-0.309505	-0.052424	0.159289	0.034026	-0.004046	-0.073916	-0.019500	0.007935	-0.092110	0.051528	-0.020688	0.000149	0.001274	0.020365	0.000512	-0.076752	-0.011264	-0.055573	-0.042107	0.072924	-0.025524	-0.004521	0.005941	0.852413	-0.892313	-0.522870	0.451418	-0.486576	-0.666037	0.000015	1.000000	0.008009	0.046255	-0.111365	-0.428801	-0.262905	0.069455	-0.030201	-0.215269	-0.118667	-0.010068	0.021708	-0.073640	-0.310363	-0.052180	0.159982	0.020851	-0.006570	-0.068460	-0.022888	-0.025030	-0.065045	0.064709	-0.003116	0.001760	0.004664	0.016512	-0.004041	-0.075301	-0.014169	-0.086308	-0.033193	0.079193	-0.025554	0.005107	0.010997	0.755201	-0.836079	-0.655493	0.548608	-0.476133	-0.642489	0.000015	1.000000	0.008009	0.046255	-0.111365	-0.428801	-0.262905	0.073127	-0.031691	-0.227146	-0.121243	-0.015340	0.013263	-0.064084	-0.310171	-0.051986	0.161357	0.020580	-0.011591	-0.040346	-0.015898	-0.064618	-0.060594	0.062770	0.004574	-0.003314	0.006050	0.012963	-0.007866	-0.069043	-0.016390	-0.116771	-0.025101	0.081412	-0.025383	0.018484	0.015030	0.634077	-0.760190	-0.773270	0.649701	-0.461698	-0.597443	
1.862386	1.615390	-0.088572	-0.415698	-0.196992	-0.414438	-3.360715	0.294313	0.738445	0.429235	1.120604	-0.736931	0.000015	1.000000	0.008009	0.046255	-0.111365	-0.428801	-0.262905	0.069455	-0.030201	-0.215269	-0.118667	-0.010068	0.021708	-0.073640	-0.310363	-0.052180	0.159982	0.020851	-0.006570	-0.068460	-0.022888	-0.025030	-0.065045	0.064709	-0.003116	0.001760	0.004664	0.016512	-0.004041	-0.075301	-0.014169	-0.086308	-0.033193	0.079193	-0.025554	0.005107	0.010997	0.755201	-0.836079	-0.655493	0.548608	-0.476133	-0.642489	0.000015	1.000000	0.008009	0.046255	-0.111365	-0.428801	-0.262905	0.073127	-0.031691	-0.227146	-0.121243	-0.015340	0.013263	-0.064084	-0.310171	-0.051986	0.161357	0.020580	-0.011591	-0.040346	-0.015898	-0.064618	-0.060594	0.062770	0.004574	-0.003314	0.006050	0.012963	-0.007866	-0.069043	-0.016390	-0.116771	-0.025101	0.081412	-0.025383	0.018484	0.015030	0.634077	-0.760190	-0.773270	0.649701	-0.461698	-0.597443	0.000015	1.000000	0.008009	0.046255	-0.111365	-0.428801	-0.262905	0.075413	-0.032869	-0.233253	-0.124811	-0.025143	0.005418	-0.052932	-0.308533	-0.052214	0.163086	0.019506	-0.016397	-0.035790	-0.018340	-0.101729	-0.042352	0.061879	0.006739	-0.005566	0.017704	0.010029	-0.011312	-0.067667	-0.016973	-0.152853	-0.014871	0.082584	-0.023988	0.034830	0.013419	0.491964	-0.662322	-0.870616	0.749219	-0.450534	-0.554962	
1.872598	1.746701	-0.105616	-0.496583	-0.093890	-0.584573	-3.637537	0.366219	0.711473	0.610169	1.135094	-1.069018	0.000015	1.000000	0.008009	0.046255	-0.111365	-0.428801	-0.262905	0.073127	-0.031691	-0.227146	-0.121243	-0.015340	0.013263	-0.064084	-0.310171	-0.051986	0.161357	0.020580	-0.011591	-0.040346	-0.015898	-0.064618	-0.060594	0.062770	0.004574	-0.003314	0.006050	0.012963	-0.007866	-0.069043	-0.016390	-0.116771	-0.025101	0.081412	-0.025383	0.018484	0.015030	0.634077	-0.760190	-0.773270	0.649701	-0.461698	-0.597443	0.000015	1.000000	0.008009	0.046255	-0.111365	-0.428801	-0.262905	0.075413	-0.032869	-0.233253	-0.124811	-0.025143	0.005418	-0.052932	-0.308533	-0.052214	0.163086	0.019506	-0.016397	-0.035790	-0.018340	-0.101729	-0.042352	0.061879	0.006739	-0.005566	0.017704	0.010029	-0.011312	-0.067667	-0.016973	-0.152853	-0.014871	0.082584	-0.023988	0.034830	0.013419	0.491964	-0.662322	-0.870616	0.749219	-0.450534	-0.554962	0.000015	1.000000	0.008009	0.046255	-0.111365	-0.428801	-0.262905	0.078536	-0.036691	-0.238861	-0.127972	-0.049204	-0.000295	-0.041655	-0.306558	-0.048188	0.164861	0.019399	-0.022461	-0.047199	-0.025215	-0.145222	-0.031454	0.066907	0.011492	0.025267	0.011890	0.005576	-0.013731	-0.065017	-0.020034	-0.179246	-0.004740	0.082393	-0.019520	0.047628	0.000579	0.332229	-0.540923	-0.943199	0.841072	-0.441284	-0.515383	
1.879889	1.825209	-0.094158	-0.526163	-0.022696	-0.495489	-3.666868	0.409164	0.720534	0.750179	0.958912	-1.162390	0.000015	1.000000	0.008009	0.046255	-0.111365	-0.428801	-0.262905	0.075413	-0.032869	-0.233253	-0.124811	-0.025143	0.005418	-0.052932	-0.308533	-0.052214	0.163086	0.019506	-0.016397	-0.035790	-0.018340	-0.101729	-0.042352	0.061879	0.006739	-0.005566	0.017704	0.010029	-0.011312	-0.067667	-0.016973	-0.152853	-0.014871	0.082584	-0.023988	0.034830	0.013419	0.491964	-0.662322	-0.870616	0.749219	-0.450534	-0.554962	0.000015	1.000000	0.008009	0.046255	-0.111365	-0.428801	-0.262905	0.078536	-0.036691	-0.238861	-0.127972	-0.049204	-0.000295	-0.041655	-0.306558	-0.048188	0.164861	0.019399	-0.022461	-0.047199	-0.025215	-0.145222	-0.031454	0.066907	0.011492	0.025267	0.011890	0.005576	-0.013731	-0.065017	-0.020034	-0.179246	-0.004740	0.082393	-0.019520	0.047628	0.000579	0.332229	-0.540923	-0.943199	0.841072	-0.441284	-0.515383	0.000015	1.000000	0.008009	0.046255	-0.111365	-0.428801	-0.262905	0.081850	-0.038966	-0.245604	-0.131077	-0.069356	-0.002576	-0.028849	-0.302964	-0.042052	0.166574	0.023925	-0.020741	-0.035778	-0.040209	-0.197728	-0.003145	0.070900	0.027670	0.054522	0.009564	0.000677	-0.018907	-0.059682	-0.025700	-0.213671	0.003036	0.080263	-0.013959	0.058522	-0.017172	0.161422	-0.395735	-0.986886	0.918365	-0.438221	-0.475990	
1.878500	1.871986	-0.138966	-0.495294	0.138704	-0.435752	-3.172482	0.417943	0.742244	0.925430	1.039885	-0.968891	0.000015	1.000000	0.008009	0.046255	-0.111365	-0.428801	-0.262905	0.078536	-0.036691	-0.238861	-0.127972	-0.049204	-0.000295	-0.041655	-0.306558	-0.048188	0.164861	0.019399	-0.022461	-0.047199	-0.025215	-0.145222	-0.031454	0.066907	0.011492	0.025267	0.011890	0.005576	-0.013731	-0.065017	-0.020034	-0.179246	-0.004740	0.082393	-0.019520	0.047628	0.000579	0.332229	-0.540923	-0.943199	0.841072	-0.441284	-0.515383	0.000015	1.000000	0.008009	0.046255	-0.111365	-0.428801	-0.262905	0.081850	-0.038966	-0.245604	-0.131077	-0.069356	-0.002576	-0.028849	-0.302964	-0.042052	0.166574	0.023925	-0.020741	-0.035778	-0.040209	-0.197728	-0.003145	0.070900	0.027670	0.054522	0.009564	0.000677	-0.018907	-0.059682	-0.025700	-0.213671	0.003036	0.080263	-0.013959	0.058522	-0.017172	0.161422	-0.395735	-0.986886	0.918365	-0.438221	-0.475990	0.000015	1.000000	0.008009	0.046255	-0.111365	-0.428801	-0.262905	0.085106	-0.042895	-0.249134	-0.138483	-0.095682	-0.002936	-0.017225	-0.298440	-0.032318	0.164347	0.021934	-0.026851	-0.020677	-0.039266	-0.266490	-0.002757	0.062575	0.029288	0.073500	-0.027310	-0.003991	-0.022870	-0.056492	-0.025725	-0.242341	0.009532	0.079445	-0.007231	0.063171	-0.032379	-0.015020	-0.232715	-0.999887	0.972545	-0.436033	-0.452437	
1.838239	1.908514	-0.057603	-0.267794	0.210662	-0.426858	-2.710380	0.433310	0.360996	0.996887	1.256306	-0.246117	0.000015	1.000000	0.008009	0.046255	-0.111365	-0.428801	-0.262905	0.081850	-0.038966	-0.245604	-0.131077	-0.069356	-0.002576	-0.028849	-0.302964	-0.042052	0.166574	0.023925	-0.020741	-0.035778	-0.040209	-0.197728	-0.003145	0.070900	0.027670	0.054522	0.009564	0.000677	-0.018907	-0.059682	-0.025700	-0.213671	0.003036	0.080263	-0.013959	0.058522	-0.017172	0.161422	-0.395735	-0.986886	0.918365	-0.438221	-0.475990	0.000015	1.000000	0.008009	0.046255	-0.111365	-0.428801	-0.262905	0.085106	-0.042895	-0.249134	-0.138483	-0.095682	-0.002936	-0.017225	-0.298440	-0.032318	0.164347	0.021934	-0.026851	-0.020677	-0.039266	-0.266490	-0.002757	0.062575	0.029288	0.073500	-0.027310	-0.003991	-0.022870	-0.056492	-0.025725	-0.242341	0.009532	0.079445	-0.007231	0.063171	-0.032379	-0.015020	-0.232715	-0.999887	0.972545	-0.436033	-0.452437	0.000015	1.000000	0.008009	0.046255	-0.111365	-0.428801	-0.262905	0.088132	-0.047663	-0.252336	-0.144350	-0.147427	-0.002911	-0.010320	-0.293682	-0.021551	0.159395	0.027319	-0.027345	-0.033474	-0.053479	-0.269178	-0.003765	0.070932	0.027705	0.080632	-0.055773	-0.009099	-0.025521	-0.051213	-0.026385	-0.238117	0.015768	0.083658	0.001873	0.067979	-0.041940	-0.190643	-0.058651	-0.981659	0.998278	-0.436450	-0.438404	
1.778622	1.903250	-0.053524	-0.010825	0.247707	-0.638329	-1.750802	0.479626	0.015247	1.226487	1.204343	0.603825	0.000015	1.000000	0.008009	0.046255	-0.111365	-0.428801	-0.262905	0.085106	-0.042895	-0.249134	-0.138483	-0.095682	-0.002936	-0.017225	-0.298440	-0.032318	0.164347	0.021934	-0.026851	-0.020677	-0.039266	-0.266490	-0.002757	0.062575	0.029288	0.073500	-0.027310	-0.003991	-0.022870	-0.056492	-0.025725	-0.242341	0.009532	0.079445	-0.007231	0.063171	-0.032379	-0.015020	-0.232715	-0.999887	0.972545	-0.436033	-0.452437	0.000015	1.000000	0.008009	0.046255	-0.111365	-0.428801	-0.262905	0.088132	-0.047663	-0.252336	-0.144350	-0.147427	-0.002911	-0.010320	-0.293682	-0.021551	0.159395	0.027319	-0.027345	-0.033474	-0.053479	-0.269178	-0.003765	0.070932	0.027705	0.080632	-0.055773	-0.009099	-0.025521	-0.051213	-0.026385	-0.238117	0.015768	0.083658	0.001873	0.067979	-0.041940	-0.190643	-0.058651	-0.981659	0.998278	-0.436450	-0.438404	0.000015	1.000000	0.008009	0.046255	-0.111365	-0.428801	-0.262905	0.092057	-0.052712	-0.256442	-0.149789	-0.185160	-0.002397	0.001926	-0.282383	-0.011158	0.152588	0.022274	-0.029372	-0.009978	-0.044432	-0.295271	0.003811	0.068045	0.042203	0.091814	-0.061063	-0.013888	-0.024491	-0.043945	-0.027353	-0.241061	0.021757	0.076830	0.005535	0.076441	-0.038827	-0.357098	0.120987	-0.934067	0.992654	-0.448528	-0.427446	
1.645857	1.891457	-0.003764	0.165489	0.385642	-0.653284	-0.168115	0.494131	-0.308111	1.301350	1.243863	0.851149	0.000015	1.000000	0.008009	0.046255	-0.111365	-0.428801	-0.262905	0.088132	-0.047663	-0.252336	-0.144350	-0.147427	-0.002911	-0.010320	-0.293682	-0.021551	0.159395	0.027319	-0.027345	-0.033474	-0.053479	-0.269178	-0.003765	0.070932	0.027705	0.080632	-0.055773	-0.009099	-0.025521	-0.051213	-0.026385	-0.238117	0.015768	0.083658	0.001873	0.067979	-0.041940	-0.190643	-0.058651	-0.981659	0.998278	-0.436450	-0.438404	0.000015	1.000000	0.008009	0.046255	-0.111365	-0.428801	-0.262905	0.092057	-0.052712	-0.256442	-0.149789	-0.185160	-0.002397	0.001926	-0.282383	-0.011158	0.152588	0.022274	-0.029372	-0.009978	-0.044432	-0.295271	0.003811	0.068045	0.042203	0.091814	-0.061063	-0.013888	-0.024491	-0.043945	-0.027353	-0.241061	0.021757	0.076830	0.005535	0.076441	-0.038827	-0.357098	0.120987	-0.934067	0.992654	-0.448528	-0.427446	0.000015	1.000000	0.008009	0.046255	-0.111365	-0.428801	-0.262905	0.095387	-0.055774	-0.257287	-0.154778	-0.223410	-0.001131	0.013293	-0.273216	0.010090	0.145507	0.013394	-0.028528	-0.005883	-0.038991	-0.316724	0.013991	0.061126	0.057961	0.095026	-0.054612	-0.018021	-0.021591	-0.039382	-0.031944	-0.229087	0.027689	0.065692	0.014776	0.073269	-0.022684	-0.508016	0.296243	-0.861347	0.955113	-0.466413	-0.429025	
1.474957	1.866667	0.011869	0.316023	0.492372	-0.367939	1.225156	0.468488	-0.604445	1.318399	1.077957	0.784641	0.000015	1.000000	0.008009	0.046255	-0.111365	-0.428801	-0.262905	0.092057	-0.052712	-0.256442	-0.149789	-0.185160	-0.002397	0.001926	-0.282383	-0.011158	0.152588	0.022274	-0.029372	-0.009978	-0.044432	-0.295271	0.003811	0.068045	0.042203	0.091814	-0.061063	-0.013888	-0.024491	-0.043945	-0.027353	-0.241061	0.021757	0.076830	0.005535	0.076441	-0.038827	-0.357098	0.120987	-0.934067	0.992654	-0.448528	-0.427446	0.000015	1.000000	0.008009	0.046255	-0.111365	-0.428801	-0.262905	0.095387	-0.055774	-0.257287	-0.154778	-0.223410	-0.001131	0.013293	-0.273216	0.010090	0.145507	0.013394	-0.028528	-0.005883	-0.038991	-0.316724	0.013991	0.061126	0.057961	0.095026	-0.054612	-0.018021	-0.021591	-0.039382	-0.031944	-0.229087	0.027689	0.065692	0.014776	0.073269	-0.022684	-0.508016	0.296243	-0.861347	0.955113	-0.466413	-0.429025	0.000015	1.000000	0.008009	0.046255	-0.111365	-0.428801	-0.262905	0.097483	-0.059585	-0.257432	-0.165300	-0.265060	0.002224	0.022853	-0.263071	0.025680	0.139850	0.008668	-0.025652	-0.000937	-0.051707	-0.301421	0.019894	0.055665	0.075589	0.107212	-0.040707	-0.020173	-0.015299	-0.033456	-0.031215	-0.189957	0.031741	0.051513	0.024139	0.076325	-0.004268	-0.634920	0.460817	-0.772578	0.887495	-0.506243	-0.432563	
1.380874	1.824766	-0.131970	0.492511	0.550661	0.164217	2.653315	0.546242	-0.838919	1.165421	0.791922	0.832849	0.000015	1.000000	0.008009	0.046255	-0.111365	-0.428801	-0.262905	0.095387	-0.055774	-0.257287	-0.154778	-0.223410	-0.001131	0.013293	-0.273216	0.010090	0.145507	0.013394	-0.028528	-0.005883	-0.038991	-0.316724	0.013991	0.061126	0.057961	0.095026	-0.054612	-0.018021	-0.021591	-0.039382	-0.031944	-0.229087	0.027689	0.065692	0.014776	0.073269	-0.022684	-0.508016	0.296243	-0.861347	0.955113	-0.466413	-0.429025	0.000015	1.000000	0.008009	0.046255	-0.111365	-0.428801	-0.262905	0.097483	-0.059585	-0.257432	-0.165300	-0.265060	0.002224	0.022853	-0.263071	0.025680	0.139850	0.008668	-0.025652	-0.000937	-0.051707	-0.301421	0.019894	0.055665	0.075589	0.107212	-0.040707	-0.020173	-0.015299	-0.033456	-0.031215	-0.189957	0.031741	0.051513	0.024139	0.076325	-0.004268	-0.634920	0.460817	-0.772578	0.887495	-0.506243	-0.432563	0.000015	1.000000	0.008009	0.046255	-0.111365	-0.428801	-0.262905	0.097853	-0.063384	-0.257485	-0.172493	-0.318513	0.005391	0.028157	-0.255105	0.039170	0.135860	-0.001925	-0.020479	0.000255	-0.058213	-0.219280	0.038980	0.045348	0.060601	0.116108	-0.007560	-0.020366	-0.006759	-0.026016	-0.029542	-0.118125	0.035603	0.037141	0.035951	0.079006	0.011494	-0.735860	0.609055	-0.677134	0.793128	-0.557513	-0.440000	
1.408274	1.753435	-0.316531	0.490050	0.843676	0.916101	4.096066	0.593276	-0.940391	1.216639	0.532764	1.965457	0.000015	1.000000	0.008009	0.046255	-0.111365	-0.428801	-0.262905	0.097483	-0.059585	-0.257432	-0.165300	-0.265060	0.002224	0.022853	-0.263071	0.025680	0.139850	0.008668	-0.025652	-0.000937	-0.051707	-0.301421	0.019894	0.055665	0.075589	0.107212	-0.040707	-0.020173	-0.015299	-0.033456	-0.031215	-0.189957	0.031741	0.051513	0.024139	0.076325	-0.004268	-0.634920	0.460817	-0.772578	0.887495	-0.506243	-0.432563	0.000015	1.000000	0.008009	0.046255	-0.111365	-0.428801	-0.262905	0.097853	-0.063384	-0.257485	-0.172493	-0.318513	0.005391	0.028157	-0.255105	0.039170	0.135860	-0.001925	-0.020479	0.000255	-0.058213	-0.219280	0.038980	0.045348	0.060601	0.116108	-0.007560	-0.020366	-0.006759	-0.026016	-0.029542	-0.118125	0.035603	0.037141	0.035951	0.079006	0.011494	-0.735860	0.609055	-0.677134	0.793128	-0.557513	-0.440000	0.000015	1.000000	0.008009	0.046255	-0.111365	-0.428801	-0.262905	0.096958	-0.065857	-0.258102	-0.178100	-0.343913	0.012035	0.034671	-0.236257	0.053476	0.136346	-0.015547	-0.013447	-0.004860	-0.036530	-0.155232	0.048216	0.033964	0.093650	0.125722	0.014598	-0.021449	0.003098	-0.017144	-0.021473	-0.052943	0.037149	0.018049	0.034577	0.076573	0.023495	-0.817478	0.735746	-0.575959	0.677257	-0.585738	-0.452570	
1.384882	1.642945	-0.189863	0.621887	1.149656	1.621170	5.532980	0.637035	-1.040710	1.119308	0.672615	1.580294	0.000015	1.000000	0.008009	0.046255	-0.111365	-0.428801	-0.262905	0.097853	-0.063384	-0.257485	-0.172493	-0.318513	0.005391	0.028157	-0.255105	0.039170	0.135860	-0.001925	-0.020479	0.000255	-0.058213	-0.219280	0.038980	0.045348	0.060601	0.116108	-0.007560	-0.020366	-0.006759	-0.026016	-0.029542	-0.118125	0.035603	0.037141	0.035951	0.079006	0.011494	-0.735860	0.609055	-0.677134	0.793128	-0.557513	-0.440000	0.000015	1.000000	0.008009	0.046255	-0.111365	-0.428801	-0.262905	0.096958	-0.065857	-0.258102	-0.178100	-0.343913	0.012035	0.034671	-0.236257	0.053476	0.136346	-0.015547	-0.013447	-0.004860	-0.036530	-0.155232	0.048216	0.033964	0.093650	0.125722	0.014598	-0.021449	0.003098	-0.017144	-0.021473	-0.052943	0.037149	0.018049	0.034577	0.076573	0.023495	-0.817478	0.735746	-0.575959	0.677257	-0.585738	-0.452570	0.000015	1.000000	0.008009	0.046255	-0.111365	-0.428801	-0.262905	0.094864	-0.066852	-0.258346	-0.181136	-0.356724	0.019567	0.038615	-0.220056	0.079893	0.137679	-0.022841	-0.004020	-0.012700	-0.018309	-0.063331	0.058562	0.018169	0.098002	0.114120	0.007043	-0.024104	0.011445	-0.004243	-0.004694	0.021316	0.038517	-0.000003	0.036628	0.058150	0.051648	-0.886518	0.837148	-0.462695	0.546977	-0.577518	-0.473969	
1.336329	1.652817	-0.100426	0.666455	1.398911	2.098311	6.218849	0.643973	-1.090363	1.034510	0.559726	1.182487	0.000015	1.000000	0.008009	0.046255	-0.111365	-0.428801	-0.262905	0.096958	-0.065857	-0.258102	-0.178100	-0.343913	0.012035	0.034671	-0.236257	0.053476	0.136346	-0.015547	-0.013447	-0.004860	-0.036530	-0.155232	0.048216	0.033964	0.093650	0.125722	0.014598	-0.021449	0.003098	-0.017144	-0.021473	-0.052943	0.037149	0.018049	0.034577	0.076573	0.023495	-0.817478	0.735746	-0.575959	0.677257	-0.585738	-0.452570	0.000015	1.000000	0.008009	0.046255	-0.111365	-0.428801	-0.262905	0.094864	-0.066852	-0.258346	-0.181136	-0.356724	0.019567	0.038615	-0.220056	0.079893	0.137679	-0.022841	-0.004020	-0.012700	-0.018309	-0.063331	0.058562	0.018169	0.098002	0.114120	0.007043	-0.024104	0.011445	-0.004243	-0.004694	0.021316	0.038517	-0.000003	0.036628	0.058150	0.051648	-0.886518	0.837148	-0.462695	0.546977	-0.577518	-0.473969	0.000015	1.000000	0.008009	0.046255	-0.111365	-0.428801	-0.262905	0.091247	-0.066873	-0.258250	-0.180459	-0.356354	0.029168	0.039807	-0.205353	0.095499	0.147930	-0.031946	0.000645	-0.011739	0.006195	0.040428	0.066576	0.002631	0.109255	0.101096	0.076778	-0.023335	0.020796	0.012908	0.018950	0.103952	0.038473	-0.016808	0.038717	0.052633	0.065105	-0.939203	0.911498	-0.343361	0.411304	-0.584535	-0.507116	
1.340444	1.646338	-0.145379	0.718081	1.495535	2.272114	6.267157	0.670816	-1.233618	1.127832	0.306888	1.256908	0.000015	1.000000	0.008009	0.046255	-0.111365	-0.428801	-0.262905	0.094864	-0.066852	-0.258346	-0.181136	-0.356724	0.019567	0.038615	-0.220056	0.079893	0.137679	-0.022841	-0.004020	-0.012700	-0.018309	-0.063331	0.058562	0.018169	0.098002	0.114120	0.007043	-0.024104	0.011445	-0.004243	-0.004694	0.021316	0.038517	-0.000003	0.036628	0.058150	0.051648	-0.886518	0.837148	-0.462695	0.546977	-0.577518	-0.473969	0.000015	1.000000	0.008009	0.046255	-0.111365	-0.428801	-0.262905	0.091247	-0.066873	-0.258250	-0.180459	-0.356354	0.029168	0.039807	-0.205353	0.095499	0.147930	-0.031946	0.000645	-0.011739	0.006195	0.040428	0.066576	0.002631	0.109255	0.101096	0.076778	-0.023335	0.020796	0.012908	0.018950	0.103952	0.038473	-0.016808	0.038717	0.052633	0.065105	-0.939203	0.911498	-0.343361	0.411304	-0.584535	-0.507116	0.000015	1.000000	0.008009	0.046255	-0.111365	-0.428801	-0.262905	0.088100	-0.066482	-0.255929	-0.175404	-0.351651	0.042550	0.039392	-0.183438	0.107005	0.157953	-0.040883	0.007393	0.017670	0.075298	0.029168	0.072263	-0.002761	0.108286	0.087928	0.091778	-0.021695	0.030402	0.031573	0.045374	0.192545	0.034752	-0.032750	0.032321	0.049524	0.072821	-0.974899	0.964279	-0.222649	0.264889	-0.599101	-0.504155	
1.297162	1.646734	-0.088528	0.800628	1.271787	2.187492	5.303011	0.874102	-1.262432	0.673747	0.460062	0.815582	0.000015	1.000000	0.008009	0.046255	-0.111365	-0.428801	-0.262905	0.091247	-0.066873	-0.258250	-0.180459	-0.356354	0.029168	0.039807	-0.205353	0.095499	0.147930	-0.031946	0.000645	-0.011739	0.006195	0.040428	0.066576	0.002631	0.109255	0.101096	0.076778	-0.023335	0.020796	0.012908	0.018950	0.103952	0.038473	-0.016808	0.038717	0.052633	0.065105	-0.939203	0.911498	-0.343361	0.411304	-0.584535	-0.507116	0.000015	1.000000	0.008009	0.046255	-0.111365	-0.428801	-0.262905	0.088100	-0.066482	-0.255929	-0.175404	-0.351651	0.042550	0.039392	-0.183438	0.107005	0.157953	-0.040883	0.007393	0.017670	0.075298	0.029168	0.072263	-0.002761	0.108286	0.087928	0.091778	-0.021695	0.030402	0.031573	0.045374	0.192545	0.034752	-0.032750	0.032321	0.049524	0.072821	-0.974899	0.964279	-0.222649	0.264889	-0.599101	-0.504155	0.000015	1.000000	0.008009	0.046255	-0.111365	-0.428801	-0.262905	0.082164	-0.064408	-0.249648	-0.162009	-0.313827	0.054799	0.037410	-0.168368	0.124477	0.170475	-0.035146	0.014930	0.054112	0.131761	0.252077	0.061665	-0.014584	0.090043	0.071257	0.104445	-0.017938	0.039094	0.047714	0.066043	0.248678	0.032560	-0.049263	0.034159	0.036654	0.079143	-0.995176	0.993621	-0.098106	0.112768	-0.597867	-0.506098	
1.311337	1.646787	-0.123360	0.588255	1.195972	1.778880	4.150974	0.916422	-1.182579	0.609040	0.508485	0.652427	0.000015	1.000000	0.008009	0.046255	-0.111365	-0.428801	-0.262905	0.088100	-0.066482	-0.255929	-0.175404	-0.351651	0.042550	0.039392	-0.183438	0.107005	0.157953	-0.040883	0.007393	0.017670	0.075298	0.029168	0.072263	-0.002761	0.108286	0.087928	0.091778	-0.021695	0.030402	0.031573	0.045374	0.192545	0.034752	-0.032750	0.032321	0.049524	0.072821	-0.974899	0.964279	-0.222649	0.264889	-0.599101	-0.504155	0.000015	1.000000	0.008009	0.046255	-0.111365	-0.428801	-0.262905	0.082164	-0.064408	-0.249648	-0.162009	-0.313827	0.054799	0.037410	-0.168368	0.124477	0.170475	-0.035146	0.014930	0.054112	0.131761	0.252077	0.061665	-0.014584	0.090043	0.071257	0.104445	-0.017938	0.039094	0.047714	0.066043	0.248678	0.032560	-0.049263	0.034159	0.036654	0.079143	-0.995176	0.993621	-0.098106	0.112768	-0.597867	-0.506098	0.000015	1.000000	0.008009	0.046255	-0.111365	-0.428801	-0.262905	0.079304	-0.060714	-0.240783	-0.145857	-0.269694	0.063525	0.035035	-0.154206	0.134272	0.182382	-0.028989	0.024874	0.042750	0.145084	0.380103	0.052230	-0.030771	0.099735	0.072382	0.089310	-0.016408	0.047422	0.057945	0.082738	0.284175	0.036959	-0.065844	0.030115	0.033767	0.079482	-0.999709	0.999103	0.024118	-0.042346	-0.610851	-0.505980	
1.243454	1.727839	-0.162891	0.458990	1.133114	1.184328	2.294350	0.888832	-0.925080	0.379814	0.239855	0.888172	0.000015	1.000000	0.008009	0.046255	-0.111365	-0.428801	-0.262905	0.082164	-0.064408	-0.249648	-0.162009	-0.313827	0.054799	0.037410	-0.168368	0.124477	0.170475	-0.035146	0.014930	0.054112	0.131761	0.252077	0.061665	-0.014584	0.090043	0.071257	0.104445	-0.017938	0.039094	0.047714	0.066043	0.248678	0.032560	-0.049263	0.034159	0.036654	0.079143	-0.995176	0.993621	-0.098106	0.112768	-0.597867	-0.506098	0.000015	1.000000	0.008009	0.046255	-0.111365	-0.428801	-0.262905	0.079304	-0.060714	-0.240783	-0.145857	-0.269694	0.063525	0.035035	-0.154206	0.134272	0.182382	-0.028989	0.024874	0.042750	0.145084	0.380103	0.052230	-0.030771	0.099735	0.072382	0.089310	-0.016408	0.047422	0.057945	0.082738	0.284175	0.036959	-0.065844	0.030115	0.033767	0.079482	-0.999709	0.999103	0.024118	-0.042346	-0.610851	-0.505980	0.000015	1.000000	0.008009	0.046255	-0.111365	-0.428801	-0.262905	0.074588	-0.056074	-0.232927	-0.111874	-0.216665	0.072298	0.028445	-0.141608	0.143041	0.205434	-0.021743	0.030521	0.048244	0.150604	0.421521	0.048145	-0.047744	0.083605	0.066911	0.091286	-0.013541	0.051599	0.068016	0.075419	0.293365	0.041922	-0.076980	0.026645	0.032620	0.066209	-0.989124	0.980570	0.147085	-0.196170	-0.606599	-0.505964	
1.108814	1.749259	-0.084899	0.454117	0.935312	0.689029	0.744770	0.900494	-0.711967	0.030881	0.177647	0.215088	0.000015	1.000000	0.008009	0.046255	-0.111365	-0.428801	-0.262905	0.079304	-0.060714	-0.240783	-0.145857	-0.269694	0.063525	0.035035	-0.154206	0.134272	0.182382	-0.028989	0.024874	0.042750	0.145084	0.380103	0.052230	-0.030771	0.099735	0.072382	0.089310	-0.016408	0.047422	0.057945	0.082738	0.284175	0.036959	-0.065844	0.030115	0.033767	0.079482	-0.999709	0.999103	0.024118	-0.042346	-0.610851	-0.505980	0.000015	1.000000	0.008009	0.046255	-0.111365	-0.428801	-0.262905	0.074588	-0.056074	-0.232927	-0.111874	-0.216665	0.072298	0.028445	-0.141608	0.143041	0.205434	-0.021743	0.030521	0.048244	0.150604	0.421521	0.048145	-0.047744	0.083605	0.066911	0.091286	-0.013541	0.051599	0.068016	0.075419	0.293365	0.041922	-0.076980	0.026645	0.032620	0.066209	-0.989124	0.980570	0.147085	-0.196170	-0.606599	-0.505964	0.000015	1.000000	0.008009	0.046255	-0.111365	-0.428801	-0.262905	0.072749	-0.050686	-0.223068	-0.091579	-0.167988	0.082147	0.019768	-0.131648	0.151774	0.218866	-0.013690	0.037948	0.085086	0.118354	0.352729	0.051925	-0.056886	0.067335	0.063921	0.083458	-0.014144	0.053095	0.075149	0.072884	0.279094	0.045402	-0.082176	0.022382	0.027484	0.066097	-0.965150	0.935808	0.261699	-0.352510	-0.626964	-0.481648	
0.986467	1.730729	-0.034389	0.428509	0.687447	0.178606	-0.439137	0.897099	-0.402252	-0.423978	-0.065026	-1.564657	0.000015	1.000000	0.008009	0.046255	-0.111365	-0.428801	-0.262905	0.074588	-0.056074	-0.232927	-0.111874	-0.216665	0.072298	0.028445	-0.141608	0.143041	0.205434	-0.021743	0.030521	0.048244	0.150604	0.421521	0.048145	-0.047744	0.083605	0.066911	0.091286	-0.013541	0.051599	0.068016	0.075419	0.293365	0.041922	-0.076980	0.026645	0.032620	0.066209	-0.989124	0.980570	0.147085	-0.196170	-0.606599	-0.505964	0.000015	1.000000	0.008009	0.046255	-0.111365	-0.428801	-0.262905	0.072749	-0.050686	-0.223068	-0.091579	-0.167988	0.082147	0.019768	-0.131648	0.151774	0.218866	-0.013690	0.037948	0.085086	0.118354	0.352729	0.051925	-0.056886	0.067335	0.063921	0.083458	-0.014144	0.053095	0.075149	0.072884	0.279094	0.045402	-0.082176	0.022382	0.027484	0.066097	-0.965150	0.935808	0.261699	-0.352510	-0.626964	-0.481648	0.000015	1.000000	0.008009	0.046255	-0.111365	-0.428801	-0.262905	0.070103	-0.044746	-0.208834	-0.075452	-0.084292	0.091726	0.009244	-0.119745	0.158609	0.231464	-0.024052	0.038342	0.119828	0.099076	0.370627	0.061376	-0.062453	0.021390	0.044080	0.096982	-0.012772	0.053966	0.074945	0.067092	0.206570	0.049331	-0.082331	0.010941	0.023313	0.056725	-0.932586	0.865266	0.360949	-0.501313	-0.667356	-0.475222	
0.965468	1.728019	-0.179358	0.100726	0.713842	-0.037366	-0.777649	0.757126	-0.347460	-0.543173	-0.218974	-2.323676	0.000015	1.000000	0.008009	0.046255	-0.111365	-0.428801	-0.262905	0.072749	-0.050686	-0.223068	-0.091579	-0.167988	0.082147	0.019768	-0.131648	0.151774	0.218866	-0.013690	0.037948	0.085086	0.118354	0.352729	0.051925	-0.056886	0.067335	0.063921	0.083458	-0.014144	0.053095	0.075149	0.072884	0.279094	0.045402	-0.082176	0.022382	0.027484	0.066097	-0.965150	0.935808	0.261699	-0.352510	-0.626964	-0.481648	0.000015	1.000000	0.008009	0.046255	-0.111365	-0.428801	-0.262905	0.070103	-0.044746	-0.208834	-0.075452	-0.084292	0.091726	0.009244	-0.119745	0.158609	0.231464	-0.024052	0.038342	0.119828	0.099076	0.370627	0.061376	-0.062453	0.021390	0.044080	0.096982	-0.012772	0.053966	0.074945	0.067092	0.206570	0.049331	-0.082331	0.010941	0.023313	0.056725	-0.932586	0.865266	0.360949	-0.501313	-0.667356	-0.475222	0.000015	1.000000	0.008009	0.046255	-0.111365	-0.428801	-0.262905	0.067683	-0.041111	-0.182723	-0.065635	-0.036389	0.103505	-0.000874	-0.115935	0.172360	0.242611	-0.005546	0.039777	0.112833	0.038523	0.311348	0.069300	-0.058939	0.013306	0.050820	0.069022	-0.010868	0.056757	0.059143	0.059954	0.152081	0.051005	-0.078245	0.000773	0.008587	0.022115	-0.895059	0.772397	0.445948	-0.635140	-0.704060	-0.480781	
0.914646	1.720294	-0.226093	-0.045566	0.619894	-0.055706	-1.133258	0.676399	-0.291563	-0.667115	-0.406117	-1.413367	0.000015	1.000000	0.008009	0.046255	-0.111365	-0.428801	-0.262905	0.070103	-0.044746	-0.208834	-0.075452	-0.084292	0.091726	0.009244	-0.119745	0.158609	0.231464	-0.024052	0.038342	0.119828	0.099076	0.370627	0.061376	-0.062453	0.021390	0.044080	0.096982	-0.012772	0.053966	0.074945	0.067092	0.206570	0.049331	-0.082331	0.010941	0.023313	0.056725	-0.932586	0.865266	0.360949	-0.501313	-0.667356	-0.475222	0.000015	1.000000	0.008009	0.046255	-0.111365	-0.428801	-0.262905	0.067683	-0.041111	-0.182723	-0.065635	-0.036389	0.103505	-0.000874	-0.115935	0.172360	0.242611	-0.005546	0.039777	0.112833	0.038523	0.311348	0.069300	-0.058939	0.013306	0.050820	0.069022	-0.010868	0.056757	0.059143	0.059954	0.152081	0.051005	-0.078245	0.000773	0.008587	0.022115	-0.895059	0.772397	0.445948	-0.635140	-0.704060	-0.480781	0.000015	1.000000	0.008009	0.046255	-0.111365	-0.428801	-0.262905	0.067054	-0.035327	-0.168777	-0.058122	-0.003374	0.115554	-0.010814	-0.113234	0.176927	0.253200	-0.000555	0.036315	0.074446	0.055150	0.251331	0.051946	-0.057889	0.018779	0.000197	0.017720	-0.012930	0.052484	0.055907	0.051880	0.107398	0.050316	-0.073518	-0.010078	0.000734	-0.023340	-0.850821	0.659160	0.525455	-0.752003	-0.710360	-0.481594	
0.794168	1.708787	-0.203569	-0.180792	0.339519	0.512293	-1.342343	0.565744	-0.380158	-0.696180	-0.345083	0.361326	0.000015	1.000000	0.008009	0.046255	-0.111365	-0.428801	-0.262905	0.067683	-0.041111	-0.182723	-0.065635	-0.036389	0.103505	-0.000874	-0.115935	0.172360	0.242611	-0.005546	0.039777	0.112833	0.038523	0.311348	0.069300	-0.058939	0.013306	0.050820	0.069022	-0.010868	0.056757	0.059143	0.059954	0.152081	0.051005	-0.078245	0.000773	0.008587	0.022115	-0.895059	0.772397	0.445948	-0.635140	-0.704060	-0.480781	0.000015	1.000000	0.008009	0.046255	-0.111365	-0.428801	-0.262905	0.067054	-0.035327	-0.168777	-0.058122	-0.003374	0.115554	-0.010814	-0.113234	0.176927	0.253200	-0.000555	0.036315	0.074446	0.055150	0.251331	0.051946	-0.057889	0.018779	0.000197	0.017720	-0.012930	0.052484	0.055907	0.051880	0.107398	0.050316	-0.073518	-0.010078	0.000734	-0.023340	-0.850821	0.659160	0.525455	-0.752003	-0.710360	-0.481594	0.000015	1.000000	0.008009	0.046255	-0.111365	-0.428801	-0.262905	0.068067	-0.029493	-0.159590	-0.049616	0.022834	0.121841	-0.020290	-0.109616	0.175708	0.252822	0.010413	0.033410	0.052112	0.073563	0.190193	0.059982	-0.056389	0.045498	-0.017429	-0.038359	-0.017332	0.045967	0.056012	0.042539	0.064204	0.054167	-0.068412	-0.023695	-0.004134	-0.044147	-0.802460	0.529224	0.596706	-0.848482	-0.725606	-0.483912	
0.716249	1.673459	-0.024556	-0.188284	0.209126	0.672916	-0.622419	0.308500	-0.380783	-0.530232	-0.502847	1.184564	0.000015	1.000000	0.008009	0.046255	-0.111365	-0.428801	-0.262905	0.067054	-0.035327	-0.168777	-0.058122	-0.003374	0.115554	-0.010814	-0.113234	0.176927	0.253200	-0.000555	0.036315	0.074446	0.055150	0.251331	0.051946	-0.057889	0.018779	0.000197	0.017720	-0.012930	0.052484	0.055907	0.051880	0.107398	0.050316	-0.073518	-0.010078	0.000734	-0.023340	-0.850821	0.659160	0.525455	-0.752003	-0.710360	-0.481594	0.000015	1.000000	0.008009	0.046255	-0.111365	-0.428801	-0.262905	0.068067	-0.029493	-0.159590	-0.049616	0.022834	0.121841	-0.020290	-0.109616	0.175708	0.252822	0.010413	0.033410	0.052112	0.073563	0.190193	0.059982	-0.056389	0.045498	-0.017429	-0.038359	-0.017332	0.045967	0.056012	0.042539	0.064204	0.054167	-0.068412	-0.023695	-0.004134	-0.044147	-0.802460	0.529224	0.596706	-0.848482	-0.725606	-0.483912	0.000015	1.000000	0.008009	0.046255	-0.111365	-0.428801	-0.262905	0.068948	-0.024529	-0.152251	-0.040548	0.048722	0.131072	-0.028906	-0.102252	0.173429	0.246640	-0.001401	0.029048	0.053368	0.064935	0.072411	0.051363	-0.049259	0.035957	-0.022332	-0.062811	-0.021265	0.038293	0.053764	0.041152	0.018190	0.053419	-0.065496	-0.041496	-0.007028	-0.032547	-0.755615	0.386388	0.655016	-0.922336	-0.761750	-0.487364	
0.754429	1.595035	0.133933	-0.175789	0.216517	0.734382	0.685038	0.060030	-0.347074	-0.258524	-0.508613	0.265574	0.000015	1.000000	0.008009	0.046255	-0.111365	-0.428801	-0.262905	0.068067	-0.029493	-0.159590	-0.049616	0.022834	0.121841	-0.020290	-0.109616	0.175708	0.252822	0.010413	0.033410	0.052112	0.073563	0.190193	0.059982	-0.056389	0.045498	-0.017429	-0.038359	-0.017332	0.045967	0.056012	0.042539	0.064204	0.054167	-0.068412	-0.023695	-0.004134	-0.044147	-0.802460	0.529224	0.596706	-0.848482	-0.725606	-0.483912	0.000015	1.000000	0.008009	0.046255	-0.111365	-0.428801	-0.262905	0.068948	-0.024529	-0.152251	-0.040548	0.048722	0.131072	-0.028906	-0.102252	0.173429	0.246640	-0.001401	0.029048	0.053368	0.064935	0.072411	0.051363	-0.049259	0.035957	-0.022332	-0.062811	-0.021265	0.038293	0.053764	0.041152	0.018190	0.053419	-0.065496	-0.041496	-0.007028	-0.032547	-0.755615	0.386388	0.655016	-0.922336	-0.761750	-0.487364	0.000015	1.000000	0.008009	0.046255	-0.111365	-0.428801	-0.262905	0.068567	-0.019797	-0.141987	-0.032894	0.056323	0.139412	-0.034273	-0.099592	0.169483	0.241041	-0.016890	0.023028	0.046863	0.053953	0.019106	0.037241	-0.052036	0.011622	-0.006421	-0.040479	-0.021253	0.030733	0.046641	0.043604	0.001241	0.049712	-0.065849	-0.052120	-0.010635	-0.009157	-0.709651	0.236529	0.704553	-0.971624	-0.785125	-0.497962	
0.771977	1.506052	0.284033	-0.246435	0.110474	0.896999	1.262785	-0.037559	-0.319316	-0.290262	-0.435778	-0.760081	0.000015	1.000000	0.008009	0.046255	-0.111365	-0.428801	-0.262905	0.068948	-0.024529	-0.152251	-0.040548	0.048722	0.131072	-0.028906	-0.102252	0.173429	0.246640	-0.001401	0.029048	0.053368	0.064935	0.072411	0.051363	-0.049259	0.035957	-0.022332	-0.062811	-0.021265	0.038293	0.053764	0.041152	0.018190	0.053419	-0.065496	-0.041496	-0.007028	-0.032547	-0.755615	0.386388	0.655016	-0.922336	-0.761750	-0.487364	0.000015	1.000000	0.008009	0.046255	-0.111365	-0.428801	-0.262905	0.068567	-0.019797	-0.141987	-0.032894	0.056323	0.139412	-0.034273	-0.099592	0.169483	0.241041	-0.016890	0.023028	0.046863	0.053953	0.019106	0.037241	-0.052036	0.011622	-0.006421	-0.040479	-0.021253	0.030733	0.046641	0.043604	0.001241	0.049712	-0.065849	-0.052120	-0.010635	-0.009157	-0.709651	0.236529	0.704553	-0.971624	-0.785125	-0.497962	0.000015	1.000000	0.008009	0.046255	-0.111365	-0.428801	-0.262905	0.065801	-0.016403	-0.134845	-0.027219	0.057771	0.147478	-0.040847	-0.099157	0.166537	0.236165	-0.021580	0.021845	0.051796	0.040641	-0.000532	0.047345	-0.042310	-0.009656	-0.022627	-0.006491	-0.016480	0.024705	0.042742	0.048932	0.010056	0.042545	-0.064474	-0.056428	-0.015309	-0.000303	-0.657868	0.088528	0.753133	-0.996074	-0.773671	-0.521489	
0.717636	1.427732	0.381055	-0.142315	-0.140127	0.714435	0.757180	-0.118428	-0.157047	-0.369407	-0.277802	-1.631856	0.000015	1.000000	0.008009	0.046255	-0.111365	-0.428801	-0.262905	0.068567	-0.019797	-0.141987	-0.032894	0.056323	0.139412	-0.034273	-0.099592	0.169483	0.241041	-0.016890	0.023028	0.046863	0.053953	0.019106	0.037241	-0.052036	0.011622	-0.006421	-0.040479	-0.021253	0.030733	0.046641	0.043604	0.001241	0.049712	-0.065849	-0.052120	-0.010635	-0.009157	-0.709651	0.236529	0.704553	-0.971624	-0.785125	-0.497962	0.000015	1.000000	0.008009	0.046255	-0.111365	-0.428801	-0.262905	0.065801	-0.016403	-0.134845	-0.027219	0.057771	0.147478	-0.040847	-0.099157	0.166537	0.236165	-0.021580	0.021845	0.051796	0.040641	-0.000532	0.047345	-0.042310	-0.009656	-0.022627	-0.006491	-0.016480	0.024705	0.042742	0.048932	0.010056	0.042545	-0.064474	-0.056428	-0.015309	-0.000303	-0.657868	0.088528	0.753133	-0.996074	-0.773671	-0.521489	0.000015	1.000000	0.008009	0.046255	-0.111365	-0.428801	-0.262905	0.063697	-0.013559	-0.127164	-0.016536	0.058133	0.152387	-0.047550	-0.101154	0.163646	0.235384	-0.012976	0.020214	0.055430	0.048731	-0.000053	0.055334	-0.040640	-0.026440	-0.034018	0.000747	-0.010116	0.018165	0.036719	0.051702	0.028632	0.037073	-0.062560	-0.058784	-0.018953	-0.010920	-0.601392	-0.053244	0.798954	-0.998582	-0.768407	-0.548185	
0.698421	1.328046	0.314646	-0.057465	-0.355183	0.168703	0.009669	-0.169791	-0.084392	-0.344910	-0.195805	-1.810283	0.000015	1.000000	0.008009	0.046255	-0.111365	-0.428801	-0.262905	0.065801	-0.016403	-0.134845	-0.027219	0.057771	0.147478	-0.040847	-0.099157	0.166537	0.236165	-0.021580	0.021845	0.051796	0.040641	-0.000532	0.047345	-0.042310	-0.009656	-0.022627	-0.006491	-0.016480	0.024705	0.042742	0.048932	0.010056	0.042545	-0.064474	-0.056428	-0.015309	-0.000303	-0.657868	0.088528	0.753133	-0.996074	-0.773671	-0.521489	0.000015	1.000000	0.008009	0.046255	-0.111365	-0.428801	-0.262905	0.063697	-0.013559	-0.127164	-0.016536	0.058133	0.152387	-0.047550	-0.101154	0.163646	0.235384	-0.012976	0.020214	0.055430	0.048731	-0.000053	0.055334	-0.040640	-0.026440	-0.034018	0.000747	-0.010116	0.018165	0.036719	0.051702	0.028632	0.037073	-0.062560	-0.058784	-0.018953	-0.010920	-0.601392	-0.053244	0.798954	-0.998582	-0.768407	-0.548185	0.000015	1.000000	0.008009	0.046255	-0.111365	-0.428801	-0.262905	0.062185	-0.011173	-0.119933	-0.009383	0.063076	0.161342	-0.054117	-0.105358	0.156404	0.234840	-0.018746	0.011676	0.046372	0.055822	0.040125	0.048107	-0.039542	-0.043822	-0.028527	-0.007951	-0.002887	0.013644	0.027385	0.055268	0.035049	0.026341	-0.058350	-0.060123	-0.015879	-0.034861	-0.546005	-0.186763	0.837782	-0.982405	-0.784709	-0.571680	
0.670388	1.244157	0.283245	-0.113821	-0.579509	-0.326597	-0.623570	-0.193715	0.000352	-0.418153	-0.192602	-1.951694	0.000015	1.000000	0.008009	0.046255	-0.111365	-0.428801	-0.262905	0.063697	-0.013559	-0.127164	-0.016536	0.058133	0.152387	-0.047550	-0.101154	0.163646	0.235384	-0.012976	0.020214	0.055430	0.048731	-0.000053	0.055334	-0.040640	-0.026440	-0.034018	0.000747	-0.010116	0.018165	0.036719	0.051702	0.028632	0.037073	-0.062560	-0.058784	-0.018953	-0.010920	-0.601392	-0.053244	0.798954	-0.998582	-0.768407	-0.548185	0.000015	1.000000	0.008009	0.046255	-0.111365	-0.428801	-0.262905	0.062185	-0.011173	-0.119933	-0.009383	0.063076	0.161342	-0.054117	-0.105358	0.156404	0.234840	-0.018746	0.011676	0.046372	0.055822	0.040125	0.048107	-0.039542	-0.043822	-0.028527	-0.007951	-0.002887	0.013644	0.027385	0.055268	0.035049	0.026341	-0.058350	-0.060123	-0.015879	-0.034861	-0.546005	-0.186763	0.837782	-0.982405	-0.784709	-0.571680	0.000015	1.000000	0.008009	0.046255	-0.111365	-0.428801	-0.262905	0.061253	-0.009613	-0.114076	-0.002355	0.069590	0.167737	-0.060487	-0.111603	0.153210	0.230418	-0.003619	0.006286	0.039882	0.047458	0.049727	0.030983	-0.042689	-0.050096	-0.019254	-0.052093	0.002771	0.011221	0.016194	0.050773	0.028681	0.017396	-0.053247	-0.059058	-0.015626	-0.057627	-0.489644	-0.308095	0.871923	-0.951356	-0.790474	-0.601586	
0.671643	1.093832	0.332973	-0.061170	-0.660007	-0.917928	-0.918302	-0.153217	0.174868	-0.427131	-0.076238	-2.156922	0.000015	1.000000	0.008009	0.046255	-0.111365	-0.428801	-0.262905	0.062185	-0.011173	-0.119933	-0.009383	0.063076	0.161342	-0.054117	-0.105358	0.156404	0.234840	-0.018746	0.011676	0.046372	0.055822	0.040125	0.048107	-0.039542	-0.043822	-0.028527	-0.007951	-0.002887	0.013644	0.027385	0.055268	0.035049	0.026341	-0.058350	-0.060123	-0.015879	-0.034861	-0.546005	-0.186763	0.837782	-0.982405	-0.784709	-0.571680	0.000015	1.000000	0.008009	0.046255	-0.111365	-0.428801	-0.262905	0.061253	-0.009613	-0.114076	-0.002355	0.069590	0.167737	-0.060487	-0.111603	0.153210	0.230418	-0.003619	0.006286	0.039882	0.047458	0.049727	0.030983	-0.042689	-0.050096	-0.019254	-0.052093	0.002771	0.011221	0.016194	0.050773	0.028681	0.017396	-0.053247	-0.059058	-0.015626	-0.057627	-0.489644	-0.308095	0.871923	-0.951356	-0.790474	-0.601586	0.000015	1.000000	0.008009	0.046255	-0.111365	-0.428801	-0.262905	0.060897	-0.008695	-0.107283	0.004261	0.075183	0.171488	-0.066414	-0.123200	0.151190	0.221633	-0.003503	0.002722	0.015853	0.043481	0.041614	0.010078	-0.036490	-0.056656	-0.020769	-0.086867	0.007370	0.008598	0.000719	0.039265	0.013747	0.010743	-0.047315	-0.053725	-0.016492	-0.078079	-0.433689	-0.417137	0.901063	-0.908844	-0.798884	-0.626753	
0.696501	0.963849	0.465245	-0.043956	-0.756763	-0.911302	-0.520571	-0.188693	0.173742	-0.387357	0.104218	-3.328041	0.000015	1.000000	0.008009	0.046255	-0.111365	-0.428801	-0.262905	0.061253	-0.009613	-0.114076	-0.002355	0.069590	0.167737	-0.060487	-0.111603	0.153210	0.230418	-0.003619	0.006286	0.039882	0.047458	0.049727	0.030983	-0.042689	-0.050096	-0.019254	-0.052093	0.002771	0.011221	0.016194	0.050773	0.028681	0.017396	-0.053247	-0.059058	-0.015626	-0.057627	-0.489644	-0.308095	0.871923	-0.951356	-0.790474	-0.601586	0.000015	1.000000	0.008009	0.046255	-0.111365	-0.428801	-0.262905	0.060897	-0.008695	-0.107283	0.004261	0.075183	0.171488	-0.066414	-0.123200	0.151190	0.221633	-0.003503	0.002722	0.015853	0.043481	0.041614	0.010078	-0.036490	-0.056656	-0.020769	-0.086867	0.007370	0.008598	0.000719	0.039265	0.013747	0.010743	-0.047315	-0.053725	-0.016492	-0.078079	-0.433689	-0.417137	0.901063	-0.908844	-0.798884	-0.626753	0.000015	1.000000	0.008009	0.046255	-0.111365	-0.428801	-0.262905	0.060826	-0.008447	-0.105003	0.010916	0.078579	0.173183	-0.072058	-0.132668	0.149478	0.207953	-0.000350	0.000505	0.011356	0.008187	0.017073	0.013919	-0.028076	-0.078599	-0.012546	-0.124542	0.012436	0.007433	-0.011461	0.018841	-0.003424	0.006750	-0.039048	-0.050664	-0.015923	-0.096755	-0.375816	-0.508456	0.926694	-0.861088	-0.798507	-0.671850	
0.758933	0.866756	0.592227	0.083031	-0.783658	-0.995143	-0.087253	-0.229210	0.263309	-0.289539	0.267628	-4.379688	0.000015	1.000000	0.008009	0.046255	-0.111365	-0.428801	-0.262905	0.060897	-0.008695	-0.107283	0.004261	0.075183	0.171488	-0.066414	-0.123200	0.151190	0.221633	-0.003503	0.002722	0.015853	0.043481	0.041614	0.010078	-0.036490	-0.056656	-0.020769	-0.086867	0.007370	0.008598	0.000719	0.039265	0.013747	0.010743	-0.047315	-0.053725	-0.016492	-0.078079	-0.433689	-0.417137	0.901063	-0.908844	-0.798884	-0.626753	0.000015	1.000000	0.008009	0.046255	-0.111365	-0.428801	-0.262905	0.060826	-0.008447	-0.105003	0.010916	0.078579	0.173183	-0.072058	-0.132668	0.149478	0.207953	-0.000350	0.000505	0.011356	0.008187	0.017073	0.013919	-0.028076	-0.078599	-0.012546	-0.124542	0.012436	0.007433	-0.011461	0.018841	-0.003424	0.006750	-0.039048	-0.050664	-0.015923	-0.096755	-0.375816	-0.508456	0.926694	-0.861088	-0.798507	-0.671850	0.000015	1.000000	0.008009	0.046255	-0.111365	-0.428801	-0.262905	0.061005	-0.008438	-0.104959	0.011083	0.080203	0.175606	-0.076208	-0.142486	0.148578	0.190192	-0.000733	0.000050	-0.008286	-0.015932	-0.009111	0.014304	-0.026305	-0.083585	0.003631	-0.156925	0.019239	0.006764	-0.022863	0.004996	-0.012861	0.001495	-0.032290	-0.046660	-0.013459	-0.128941	-0.314186	-0.584513	0.949362	-0.811384	-0.791050	-0.710845	
0.894975	0.801063	0.616726	0.149693	-0.844782	-0.988073	0.051521	-0.245366	0.296092	-0.224298	0.449518	-5.035732	0.000015	1.000000	0.008009	0.046255	-0.111365	-0.428801	-0.262905	0.060826	-0.008447	-0.105003	0.010916	0.078579	0.173183	-0.072058	-0.132668	0.149478	0.207953	-0.000350	0.000505	0.011356	0.008187	0.017073	0.013919	-0.028076	-0.078599	-0.012546	-0.124542	0.012436	0.007433	-0.011461	0.018841	-0.003424	0.006750	-0.039048	-0.050664	-0.015923	-0.096755	-0.375816	-0.508456	0.926694	-0.861088	-0.798507	-0.671850	0.000015	1.000000	0.008009	0.046255	-0.111365	-0.428801	-0.262905	0.061005	-0.008438	-0.104959	0.011083	0.080203	0.175606	-0.076208	-0.142486	0.148578	0.190192	-0.000733	0.000050	-0.008286	-0.015932	-0.009111	0.014304	-0.026305	-0.083585	0.003631	-0.156925	0.019239	0.006764	-0.022863	0.004996	-0.012861	0.001495	-0.032290	-0.046660	-0.013459	-0.128941	-0.314186	-0.584513	0.949362	-0.811384	-0.791050	-0.710845	0.000015	1.000000	0.008009	0.046255	-0.111365	-0.428801	-0.262905	0.061768	-0.008549	-0.105508	0.008669	0.079317	0.178005	-0.079607	-0.152302	0.149052	0.157439	-0.003563	-0.001042	-0.004318	-0.034396	-0.011031	0.027952	-0.019032	-0.072917	-0.002080	-0.184242	0.027359	0.008120	-0.034069	-0.007517	-0.013284	-0.004343	-0.024942	-0.041188	-0.009919	-0.161883	-0.245534	-0.648772	0.969388	-0.760983	-0.772320	-0.739973	
0.957068	0.695029	0.575808	0.270262	-0.950798	-1.089526	-0.454832	-0.171288	0.374260	-0.254999	0.478187	-4.533455	0.000015	1.000000	0.008009	0.046255	-0.111365	-0.428801	-0.262905	0.061005	-0.008438	-0.104959	0.011083	0.080203	0.175606	-0.076208	-0.142486	0.148578	0.190192	-0.000733	0.000050	-0.008286	-0.015932	-0.009111	0.014304	-0.026305	-0.083585	0.003631	-0.156925	0.019239	0.006764	-0.022863	0.004996	-0.012861	0.001495	-0.032290	-0.046660	-0.013459	-0.128941	-0.314186	-0.584513	0.949362	-0.811384	-0.791050	-0.710845	0.000015	1.000000	0.008009	0.046255	-0.111365	-0.428801	-0.262905	0.061768	-0.008549	-0.105508	0.008669	0.079317	0.178005	-0.079607	-0.152302	0.149052	0.157439	-0.003563	-0.001042	-0.004318	-0.034396	-0.011031	0.027952	-0.019032	-0.072917	-0.002080	-0.184242	0.027359	0.008120	-0.034069	-0.007517	-0.013284	-0.004343	-0.024942	-0.041188	-0.009919	-0.161883	-0.245534	-0.648772	0.969388	-0.760983	-0.772320	-0.739973	0.000015	1.000000	0.008009	0.046255	-0.111365	-0.428801	-0.262905	0.062333	-0.008684	-0.116402	0.003316	0.078073	0.180351	-0.081950	-0.164370	0.149922	0.127212	0.001737	0.000361	-0.072667	-0.059274	0.005178	0.008728	-0.011790	-0.052657	-0.002651	-0.256766	0.036036	0.010499	-0.035834	-0.016970	-0.011268	-0.010365	-0.018161	-0.032480	-0.004053	-0.207116	-0.163074	-0.704269	0.986614	-0.709933	-0.731508	-0.759681	
1.099633	0.672275	0.409809	0.218940	-0.977984	-1.388037	-0.948043	-0.244969	0.340901	-0.073160	0.073877	-3.409451	0.000015	1.000000	0.008009	0.046255	-0.111365	-0.428801	-0.262905	0.061768	-0.008549	-0.105508	0.008669	0.079317	0.178005	-0.079607	-0.152302	0.149052	0.157439	-0.003563	-0.001042	-0.004318	-0.034396	-0.011031	0.027952	-0.019032	-0.072917	-0.002080	-0.184242	0.027359	0.008120	-0.034069	-0.007517	-0.013284	-0.004343	-0.024942	-0.041188	-0.009919	-0.161883	-0.245534	-0.648772	0.969388	-0.760983	-0.772320	-0.739973	0.000015	1.000000	0.008009	0.046255	-0.111365	-0.428801	-0.262905	0.062333	-0.008684	-0.116402	0.003316	0.078073	0.180351	-0.081950	-0.164370	0.149922	0.127212	0.001737	0.000361	-0.072667	-0.059274	0.005178	0.008728	-0.011790	-0.052657	-0.002651	-0.256766	0.036036	0.010499	-0.035834	-0.016970	-0.011268	-0.010365	-0.018161	-0.032480	-0.004053	-0.207116	-0.163074	-0.704269	0.986614	-0.709933	-0.731508	-0.759681	0.000015	1.000000	0.008009	0.046255	-0.111365	-0.428801	-0.262905	0.063415	-0.008695	-0.126553	-0.004759	0.077994	0.181450	-0.082912	-0.170491	0.149200	0.089808	-0.003316	-0.001243	-0.073919	-0.044313	-0.002274	0.006456	-0.007926	-0.022365	-0.006546	-0.321946	0.043592	0.014564	-0.039947	-0.025240	-0.018012	-0.014034	-0.011585	-0.030184	0.003843	-0.237724	-0.073526	-0.749235	0.997293	-0.662304	-0.712880	-0.791491	
1.200754	0.633505	0.267454	0.150355	-0.920089	-1.387405	-1.271341	-0.291531	0.433370	-0.190055	-0.713968	-2.493659	0.000015	1.000000	0.008009	0.046255	-0.111365	-0.428801	-0.262905	0.062333	-0.008684	-0.116402	0.003316	0.078073	0.180351	-0.081950	-0.164370	0.149922	0.127212	0.001737	0.000361	-0.072667	-0.059274	0.005178	0.008728	-0.011790	-0.052657	-0.002651	-0.256766	0.036036	0.010499	-0.035834	-0.016970	-0.011268	-0.010365	-0.018161	-0.032480	-0.004053	-0.207116	-0.163074	-0.704269	0.986614	-0.709933	-0.731508	-0.759681	0.000015	1.000000	0.008009	0.046255	-0.111365	-0.428801	-0.262905	0.063415	-0.008695	-0.126553	-0.004759	0.077994	0.181450	-0.082912	-0.170491	0.149200	0.089808	-0.003316	-0.001243	-0.073919	-0.044313	-0.002274	0.006456	-0.007926	-0.022365	-0.006546	-0.321946	0.043592	0.014564	-0.039947	-0.025240	-0.018012	-0.014034	-0.011585	-0.030184	0.003843	-0.237724	-0.073526	-0.749235	0.997293	-0.662304	-0.712880	-0.791491	0.000015	1.000000	0.008009	0.046255	-0.111365	-0.428801	-0.262905	0.066152	-0.008560	-0.136314	-0.012262	0.075530	0.182155	-0.083379	-0.174042	0.150461	0.044039	0.025841	-0.000822	-0.081372	-0.060614	-0.023608	-0.001448	-0.004631	-0.024570	0.009814	-0.378715	0.047001	0.017712	-0.044851	-0.038550	-0.029765	-0.018412	-0.006006	-0.027731	0.003690	-0.243079	0.030007	-0.789655	0.999550	-0.613552	-0.670110	-0.798317	
1.312113	0.659094	0.146420	0.013662	-0.758802	-1.297014	-0.913585	-0.323045	0.516207	-0.357640	-1.679187	-2.475662	0.000015	1.000000	0.008009	0.046255	-0.111365	-0.428801	-0.262905	0.063415	-0.008695	-0.126553	-0.004759	0.077994	0.181450	-0.082912	-0.170491	0.149200	0.089808	-0.003316	-0.001243	-0.073919	-0.044313	-0.002274	0.006456	-0.007926	-0.022365	-0.006546	-0.321946	0.043592	0.014564	-0.039947	-0.025240	-0.018012	-0.014034	-0.011585	-0.030184	0.003843	-0.237724	-0.073526	-0.749235	0.997293	-0.662304	-0.712880	-0.791491	0.000015	1.000000	0.008009	0.046255	-0.111365	-0.428801	-0.262905	0.066152	-0.008560	-0.136314	-0.012262	0.075530	0.182155	-0.083379	-0.174042	0.150461	0.044039	0.025841	-0.000822	-0.081372	-0.060614	-0.023608	-0.001448	-0.004631	-0.024570	0.009814	-0.378715	0.047001	0.017712	-0.044851	-0.038550	-0.029765	-0.018412	-0.006006	-0.027731	0.003690	-0.243079	0.030007	-0.789655	0.999550	-0.613552	-0.670110	-0.798317	0.000015	1.000000	0.008009	0.046255	-0.111365	-0.428801	-0.262905	0.070892	-0.008291	-0.144228	-0.021203	0.070894	0.181326	-0.083359	-0.176206	0.151270	-0.027711	0.031897	0.000616	-0.073044	-0.099235	-0.048075	-0.008869	-0.000347	-0.017113	0.002377	-0.328558	0.046275	0.019699	-0.050746	-0.050432	-0.044209	-0.021959	0.000478	-0.028419	-0.007835	-0.208754	0.142751	-0.824877	0.989759	-0.565313	-0.639774	-0.809948	
1.431034	0.638358	0.039764	-0.108890	-0.564936	-1.153787	-0.343069	-0.342530	0.587014	-0.519685	-2.636549	-2.022639	0.000015	1.000000	0.008009	0.046255	-0.111365	-0.428801	-0.262905	0.066152	-0.008560	-0.136314	-0.012262	0.075530	0.182155	-0.083379	-0.174042	0.150461	0.044039	0.025841	-0.000822	-0.081372	-0.060614	-0.023608	-0.001448	-0.004631	-0.024570	0.009814	-0.378715	0.047001	0.017712	-0.044851	-0.038550	-0.029765	-0.018412	-0.006006	-0.027731	0.003690	-0.243079	0.030007	-0.789655	0.999550	-0.613552	-0.670110	-0.798317	0.000015	1.000000	0.008009	0.046255	-0.111365	-0.428801	-0.262905	0.070892	-0.008291	-0.144228	-0.021203	0.070894	0.181326	-0.083359	-0.176206	0.151270	-0.027711	0.031897	0.000616	-0.073044	-0.099235	-0.048075	-0.008869	-0.000347	-0.017113	0.002377	-0.328558	0.046275	0.019699	-0.050746	-0.050432	-0.044209	-0.021959	0.000478	-0.028419	-0.007835	-0.208754	0.142751	-0.824877	0.989759	-0.565313	-0.639774	-0.809948	0.000015	1.000000	0.008009	0.046255	-0.111365	-0.428801	-0.262905	0.076468	-0.007437	-0.166385	-0.033314	0.064078	0.179173	-0.082911	-0.177075	0.150512	-0.074388	0.031805	0.005761	-0.103618	-0.096815	-0.062735	-0.014845	0.002757	-0.003805	-0.018955	-0.305047	0.042893	0.019050	-0.039966	-0.057767	-0.051090	-0.024649	0.007770	-0.032912	-0.032252	-0.199194	0.263691	-0.858364	0.964607	-0.513041	-0.606366	-0.802272	
1.596549	0.648721	-0.102273	-0.174829	-0.259554	-1.074093	-0.036151	-0.476593	0.489917	-0.786597	-3.893686	-0.793472	0.000015	1.000000	0.008009	0.046255	-0.111365	-0.428801	-0.262905	0.070892	-0.008291	-0.144228	-0.021203	0.070894	0.181326	-0.083359	-0.176206	0.151270	-0.027711	0.031897	0.000616	-0.073044	-0.099235	-0.048075	-0.008869	-0.000347	-0.017113	0.002377	-0.328558	0.046275	0.019699	-0.050746	-0.050432	-0.044209	-0.021959	0.000478	-0.028419	-0.007835	-0.208754	0.142751	-0.824877	0.989759	-0.565313	-0.639774	-0.809948	0.000015	1.000000	0.008009	0.046255	-0.111365	-0.428801	-0.262905	0.076468	-0.007437	-0.166385	-0.033314	0.064078	0.179173	-0.082911	-0.177075	0.150512	-0.074388	0.031805	0.005761	-0.103618	-0.096815	-0.062735	-0.014845	0.002757	-0.003805	-0.018955	-0.305047	0.042893	0.019050	-0.039966	-0.057767	-0.051090	-0.024649	0.007770	-0.032912	-0.032252	-0.199194	0.263691	-0.858364	0.964607	-0.513041	-0.606366	-0.802272	0.000015	1.000000	0.008009	0.046255	-0.111365	-0.428801	-0.262905	0.079740	-0.006733	-0.180728	-0.050592	0.055348	0.177992	-0.081642	-0.178388	0.149366	-0.113022	0.030749	0.010114	-0.089925	-0.094131	-0.080603	-0.004974	0.008651	-0.014339	-0.002593	-0.320842	0.040218	0.016714	-0.034094	-0.057791	-0.047504	-0.028604	0.015303	-0.039392	-0.070644	-0.190892	0.390967	-0.887652	0.920405	-0.460515	-0.570690	-0.808492	
1.694657	0.636179	-0.245195	-0.260827	-0.012276	-0.991374	-0.140809	-0.531415	0.446917	-1.194189	-4.943631	0.779424	0.000015	1.000000	0.008009	0.046255	-0.111365	-0.428801	-0.262905	0.076468	-0.007437	-0.166385	-0.033314	0.064078	0.179173	-0.082911	-0.177075	0.150512	-0.074388	0.031805	0.005761	-0.103618	-0.096815	-0.062735	-0.014845	0.002757	-0.003805	-0.018955	-0.305047	0.042893	0.019050	-0.039966	-0.057767	-0.051090	-0.024649	0.007770	-0.032912	-0.032252	-0.199194	0.263691	-0.858364	0.964607	-0.513041	-0.606366	-0.802272	0.000015	1.000000	0.008009	0.046255	-0.111365	-0.428801	-0.262905	0.079740	-0.006733	-0.180728	-0.050592	0.055348	0.177992	-0.081642	-0.178388	0.149366	-0.113022	0.030749	0.010114	-0.089925	-0.094131	-0.080603	-0.004974	0.008651	-0.014339	-0.002593	-0.320842	0.040218	0.016714	-0.034094	-0.057791	-0.047504	-0.028604	0.015303	-0.039392	-0.070644	-0.190892	0.390967	-0.887652	0.920405	-0.460515	-0.570690	-0.808492	0.000015	1.000000	0.008009	0.046255	-0.111365	-0.428801	-0.262905	0.083642	-0.005445	-0.191448	-0.064928	0.042066	0.177876	-0.079401	-0.180807	0.142739	-0.152034	0.018429	0.010084	-0.077040	-0.108868	-0.053774	-0.001195	0.014824	-0.029351	-0.080870	-0.302880	0.034782	0.012804	-0.027267	-0.059564	-0.034765	-0.035637	0.020410	-0.048771	-0.122415	-0.163780	0.524504	-0.914128	0.851408	-0.405425	-0.521035	-0.805384	
1.701635	0.622405	-0.317877	-0.183374	0.145869	-0.782990	-0.418717	-0.498219	0.335093	-1.354781	-5.541420	2.259250	0.000015	1.000000	0.008009	0.046255	-0.111365	-0.428801	-0.262905	0.079740	-0.006733	-0.180728	-0.050592	0.055348	0.177992	-0.081642	-0.178388	0.149366	-0.113022	0.030749	0.010114	-0.089925	-0.094131	-0.080603	-0.004974	0.008651	-0.014339	-0.002593	-0.320842	0.040218	0.016714	-0.034094	-0.057791	-0.047504	-0.028604	0.015303	-0.039392	-0.070644	-0.190892	0.390967	-0.887652	0.920405	-0.460515	-0.570690	-0.808492	0.000015	1.000000	0.008009	0.046255	-0.111365	-0.428801	-0.262905	0.083642	-0.005445	-0.191448	-0.064928	0.042066	0.177876	-0.079401	-0.180807	0.142739	-0.152034	0.018429	0.010084	-0.077040	-0.108868	-0.053774	-0.001195	0.014824	-0.029351	-0.080870	-0.302880	0.034782	0.012804	-0.027267	-0.059564	-0.034765	-0.035637	0.020410	-0.048771	-0.122415	-0.163780	0.524504	-0.914128	0.851408	-0.405425	-0.521035	-0.805384	0.000015	1.000000	0.008009	0.046255	-0.111365	-0.428801	-0.262905	0.086628	-0.003742	-0.198511	-0.078676	0.034442	0.177708	-0.076408	-0.187689	0.123215	-0.201446	0.010218	0.010896	-0.046090	-0.122206	-0.048649	0.008256	0.020094	-0.078660	-0.185360	-0.227103	0.028114	0.007183	-0.020388	-0.060706	-0.029256	-0.043450	0.024130	-0.059826	-0.177143	-0.102662	0.653397	-0.936808	0.757015	-0.349844	-0.491603	-0.809146	
1.702523	0.545506	-0.405354	-0.054992	0.271393	-0.660297	-0.416327	-0.402003	0.288812	-1.366890	-5.218873	2.948254	0.000015	1.000000	0.008009	0.046255	-0.111365	-0.428801	-0.262905	0.083642	-0.005445	-0.191448	-0.064928	0.042066	0.177876	-0.079401	-0.180807	0.142739	-0.152034	0.018429	0.010084	-0.077040	-0.108868	-0.053774	-0.001195	0.014824	-0.029351	-0.080870	-0.302880	0.034782	0.012804	-0.027267	-0.059564	-0.034765	-0.035637	0.020410	-0.048771	-0.122415	-0.163780	0.524504	-0.914128	0.851408	-0.405425	-0.521035	-0.805384	0.000015	1.000000	0.008009	0.046255	-0.111365	-0.428801	-0.262905	0.086628	-0.003742	-0.198511	-0.078676	0.034442	0.177708	-0.076408	-0.187689	0.123215	-0.201446	0.010218	0.010896	-0.046090	-0.122206	-0.048649	0.008256	0.020094	-0.078660	-0.185360	-0.227103	0.028114	0.007183	-0.020388	-0.060706	-0.029256	-0.043450	0.024130	-0.059826	-0.177143	-0.102662	0.653397	-0.936808	0.757015	-0.349844	-0.491603	-0.809146	0.000015	1.000000	0.008009	0.046255	-0.111365	-0.428801	-0.262905	0.088558	-0.002254	-0.206806	-0.092743	0.028798	0.175639	-0.072643	-0.206610	0.096457	-0.227637	0.014631	0.006906	-0.036016	-0.106092	-0.041855	-0.035118	0.022249	-0.093711	-0.238034	-0.142754	0.021420	0.002947	-0.009907	-0.058373	-0.029886	-0.048847	0.025387	-0.061206	-0.233425	-0.042616	0.765796	-0.955689	0.643083	-0.294377	-0.489510	-0.813279	
1.666504	0.508033	-0.349327	-0.076465	0.279922	-0.873680	0.332769	-0.388568	0.132600	-1.376389	-4.680860	2.871950	0.000015	1.000000	0.008009	0.046255	-0.111365	-0.428801	-0.262905	0.086628	-0.003742	-0.198511	-0.078676	0.034442	0.177708	-0.076408	-0.187689	0.123215	-0.201446	0.010218	0.010896	-0.046090	-0.122206	-0.048649	0.008256	0.020094	-0.078660	-0.185360	-0.227103	0.028114	0.007183	-0.020388	-0.060706	-0.029256	-0.043450	0.024130	-0.059826	-0.177143	-0.102662	0.653397	-0.936808	0.757015	-0.349844	-0.491603	-0.809146	0.000015	1.000000	0.008009	0.046255	-0.111365	-0.428801	-0.262905	0.088558	-0.002254	-0.206806	-0.092743	0.028798	0.175639	-0.072643	-0.206610	0.096457	-0.227637	0.014631	0.006906	-0.036016	-0.106092	-0.041855	-0.035118	0.022249	-0.093711	-0.238034	-0.142754	0.021420	0.002947	-0.009907	-0.058373	-0.029886	-0.048847	0.025387	-0.061206	-0.233425	-0.042616	0.765796	-0.955689	0.643083	-0.294377	-0.489510	-0.813279	0.000015	1.000000	0.008009	0.046255	-0.111365	-0.428801	-0.262905	0.090470	-0.001553	-0.211204	-0.113513	0.023840	0.172777	-0.070380	-0.221372	0.069441	-0.239418	0.011234	0.003482	-0.034310	-0.085287	-0.050249	-0.034569	0.023046	-0.104987	-0.195493	-0.056151	0.013429	0.001421	-0.001440	-0.047504	-0.031171	-0.052014	0.027454	-0.066941	-0.284670	0.013378	0.858683	-0.969551	0.512507	-0.244888	-0.489243	-0.836348	
1.612379	0.586878	-0.343678	-0.349578	0.402885	-0.702113	0.863668	-0.533062	-0.097623	-1.044916	-3.125260	2.719827	0.000015	1.000000	0.008009	0.046255	-0.111365	-0.428801	-0.262905	0.088558	-0.002254	-0.206806	-0.092743	0.028798	0.175639	-0.072643	-0.206610	0.096457	-0.227637	0.014631	0.006906	-0.036016	-0.106092	-0.041855	-0.035118	0.022249	-0.093711	-0.238034	-0.142754	0.021420	0.002947	-0.009907	-0.058373	-0.029886	-0.048847	0.025387	-0.061206	-0.233425	-0.042616	0.765796	-0.955689	0.643083	-0.294377	-0.489510	-0.813279	0.000015	1.000000	0.008009	0.046255	-0.111365	-0.428801	-0.262905	0.090470	-0.001553	-0.211204	-0.113513	0.023840	0.172777	-0.070380	-0.221372	0.069441	-0.239418	0.011234	0.003482	-0.034310	-0.085287	-0.050249	-0.034569	0.023046	-0.104987	-0.195493	-0.056151	0.013429	0.001421	-0.001440	-0.047504	-0.031171	-0.052014	0.027454	-0.066941	-0.284670	0.013378	0.858683	-0.969551	0.512507	-0.244888	-0.489243	-0.836348	0.000015	1.000000	-0.017111	-0.147653	0.078865	-0.081219	0.158621	0.091725	-0.001259	-0.213974	-0.125519	0.016136	0.168328	-0.066203	-0.235521	0.007525	-0.240515	-0.004111	-0.000582	-0.018436	-0.081811	-0.040619	-0.027186	0.029407	-0.123214	-0.355601	0.019510	0.006934	-0.000020	0.005529	-0.048604	-0.018475	-0.053393	0.025266	-0.073440	-0.292972	0.057556	0.928283	-0.980162	0.371874	-0.198199	-0.500049	-0.847590	
1.460862	0.726022	-0.272702	-0.475252	-0.808729	1.094914	-2.573375	-0.199443	-0.025480	-0.594679	2.441920	1.622830	0.000015	1.000000	0.008009	0.046255	-0.111365	-0.428801	-0.262905	0.090470	-0.001553	-0.211204	-0.113513	0.023840	0.172777	-0.070380	-0.221372	0.069441	-0.239418	0.011234	0.003482	-0.034310	-0.085287	-0.050249	-0.034569	0.023046	-0.104987	-0.195493	-0.056151	0.013429	0.001421	-0.001440	-0.047504	-0.031171	-0.052014	0.027454	-0.066941	-0.284670	0.013378	0.858683	-0.969551	0.512507	-0.244888	-0.489243	-0.836348	0.000015	1.000000	-0.017111	-0.147653	0.078865	-0.081219	0.158621	0.091725	-0.001259	-0.213974	-0.125519	0.016136	0.168328	-0.066203	-0.235521	0.007525	-0.240515	-0.004111	-0.000582	-0.018436	-0.081811	-0.040619	-0.027186	0.029407	-0.123214	-0.355601	0.019510	0.006934	-0.000020	0.005529	-0.048604	-0.018475	-0.053393	0.025266	-0.073440	-0.292972	0.057556	0.928283	-0.980162	0.371874	-0.198199	-0.500049	-0.847590	0.000015	1.000000	-0.022135	-0.186435	0.097888	-0.046461	0.200773	0.091952	-0.001241	-0.215763	-0.135651	0.013383	0.163221	-0.062128	-0.253060	-0.045061	-0.231646	0.001334	-0.001221	-0.012662	-0.070646	-0.012088	-0.044594	0.023879	-0.132016	-0.391852	0.083608	0.001545	-0.005289	0.013370	-0.049019	-0.002750	-0.056293	0.019726	-0.071596	-0.287327	0.089539	0.973925	-0.989631	0.226868	-0.143636	-0.516286	-0.823936	
